t,x_pos,y_pos,phi1,phi2,grad_sq,potential,temperature,energy_density,vorticity,attractor_id
0.0000,0.0,0.0,0.003471,0.006647,0.001367,0.000493,2.500000,0.001177,0,10
0.0000,0.0,1.0,0.013129,-0.011265,0.001830,0.002623,2.500000,0.003538,0,9
0.0000,0.0,2.0,-0.033211,-0.010770,0.003546,0.010631,2.500000,0.012404,1,5
0.0000,0.0,3.0,0.009696,0.073821,0.011964,0.047136,2.500000,0.053118,-1,10
0.0000,0.0,4.0,-0.065502,-0.120544,0.019822,0.153801,2.500000,0.163712,0,5
0.0000,0.0,5.0,0.091342,0.001804,0.005615,0.069739,2.500000,0.072547,0,10
0.0000,0.0,6.0,-0.020449,-0.031697,0.002288,0.012423,2.500000,0.013567,1,5
0.0000,0.0,7.0,0.000864,-0.040164,0.002742,0.014026,2.500000,0.015397,0,9
0.0000,0.0,8.0,-0.049680,0.001125,0.000744,0.021354,2.500000,0.021726,0,6
0.0000,0.0,9.0,-0.035196,0.035309,0.001697,0.021649,2.500000,0.022498,-1,6
0.0000,0.0,10.0,0.038159,-0.000493,0.003042,0.012669,2.500000,0.014190,0,9
0.0000,0.0,11.0,0.000642,-0.102619,0.005354,0.086866,2.500000,0.089543,0,9
0.0000,0.0,12.0,-0.028104,-0.009807,0.001737,0.007741,2.500000,0.008609,0,5
0.0000,0.0,13.0,0.027310,-0.031602,0.005318,0.015226,2.500000,0.017885,0,9
0.0000,0.0,14.0,-0.005908,0.014611,0.000207,0.002177,2.500000,0.002280,0,6
0.0000,0.0,15.0,-0.006190,0.026719,0.003775,0.006573,2.500000,0.008460,0,6
0.0000,0.0,16.0,0.053148,0.100919,0.009827,0.108569,2.500000,0.113483,-1,10
0.0000,0.0,17.0,0.014071,-0.060196,0.001272,0.032860,2.500000,0.033496,0,9
0.0000,0.0,18.0,0.009004,-0.010756,0.002367,0.001725,2.500000,0.002909,0,9
0.0000,0.0,19.0,-0.074084,-0.013300,0.011418,0.048182,2.500000,0.053892,0,5
0.0000,0.0,20.0,0.056537,0.028279,0.008120,0.034509,2.500000,0.038569,0,10
0.0000,0.0,21.0,-0.006606,-0.088606,0.005515,0.066171,2.500000,0.068928,0,5
0.0000,0.0,22.0,-0.073811,-0.020593,0.003222,0.050012,2.500000,0.051623,1,5
0.0000,0.0,23.0,-0.001255,0.040485,0.002350,0.014257,2.500000,0.015431,0,6
0.0000,0.0,24.0,0.081181,0.005923,0.005148,0.055941,2.500000,0.058515,0,10
0.0000,0.0,25.0,0.031617,0.037433,0.002112,0.020912,2.500000,0.021968,0,10
0.0000,0.0,26.0,0.019727,-0.041428,0.002019,0.018314,2.500000,0.019324,1,9
0.0000,0.0,27.0,-0.008614,-0.017783,0.005728,0.003420,2.500000,0.006284,0,5
0.0000,0.0,28.0,-0.046530,-0.061705,0.007983,0.051429,2.500000,0.055420,-1,5
0.0000,0.0,29.0,0.020371,-0.004080,0.002749,0.003778,2.500000,0.005152,0,9
0.0000,0.0,30.0,0.054921,-0.066216,0.006584,0.063502,2.500000,0.066794,0,9
0.0000,0.0,31.0,-0.007999,0.003756,0.000056,0.000685,2.500000,0.000713,0,6
0.0000,1.0,0.0,-0.047404,-0.043025,0.001754,0.035526,2.500000,0.036403,1,5
0.0000,1.0,1.0,-0.056779,0.005636,0.004122,0.028035,2.500000,0.030096,0,6
0.0000,1.0,2.0,0.028654,-0.047640,0.002138,0.026819,2.500000,0.027888,0,9
0.0000,1.0,3.0,-0.003424,0.008611,0.006023,0.000753,2.500000,0.003764,0,6
0.0000,1.0,4.0,0.081866,0.013618,0.008633,0.058165,2.500000,0.062482,0,10
0.0000,1.0,5.0,-0.002374,-0.005749,0.003594,0.000339,2.500000,0.002136,0,5
0.0000,1.0,6.0,0.069548,-0.054665,0.008401,0.067024,2.500000,0.071224,1,9
0.0000,1.0,7.0,-0.001269,0.041706,0.003216,0.015120,2.500000,0.016728,0,6
0.0000,1.0,8.0,-0.026517,-0.031462,0.002713,0.014778,2.500000,0.016134,0,5
0.0000,1.0,9.0,-0.032311,0.046158,0.003450,0.027565,2.500000,0.029290,1,6
0.0000,1.0,10.0,0.054157,0.008124,0.004379,0.025873,2.500000,0.028063,1,10
0.0000,1.0,11.0,-0.068605,-0.017880,0.003785,0.042972,2.500000,0.044865,1,5
0.0000,1.0,12.0,0.020163,0.022942,0.002342,0.008161,2.500000,0.009332,-1,10
0.0000,1.0,13.0,-0.019111,0.094402,0.004258,0.077410,2.500000,0.079539,0,6
0.0000,1.0,14.0,0.017240,0.026714,0.002483,0.008838,2.500000,0.010079,0,10
0.0000,1.0,15.0,0.046878,-0.030344,0.010770,0.027070,2.500000,0.032455,1,9
0.0000,1.0,16.0,-0.054367,0.084647,0.008411,0.085779,2.500000,0.089985,0,6
0.0000,1.0,17.0,0.049310,-0.023109,0.006276,0.025702,2.500000,0.028840,0,9
0.0000,1.0,18.0,-0.020212,-0.052041,0.006549,0.026963,2.500000,0.030237,0,5
0.0000,1.0,19.0,0.076003,0.052706,0.007476,0.072984,2.500000,0.076722,0,10
0.0000,1.0,20.0,-0.008729,-0.074542,0.004021,0.047860,2.500000,0.049871,0,5
0.0000,1.0,21.0,0.103991,-0.062396,0.008590,0.122459,2.500000,0.126754,0,9
0.0000,1.0,22.0,-0.012730,-0.007903,0.000557,0.001968,2.500000,0.002247,1,5
0.0000,1.0,23.0,0.026888,0.015634,0.001873,0.008457,2.500000,0.009394,0,10
0.0000,1.0,24.0,-0.049230,0.017546,0.002523,0.023660,2.500000,0.024922,0,6
0.0000,1.0,25.0,-0.009159,0.058092,0.000214,0.029765,2.500000,0.029872,0,6
0.0000,1.0,26.0,0.004538,0.039094,0.003341,0.013470,2.500000,0.015140,0,10
0.0000,1.0,27.0,-0.081330,0.101619,0.011073,0.141143,2.500000,0.146680,0,6
0.0000,1.0,28.0,-0.053151,0.093509,0.020616,0.097278,2.500000,0.107586,0,6
0.0000,1.0,29.0,0.075443,-0.058009,0.004206,0.077257,2.500000,0.079360,0,9
0.0000,1.0,30.0,0.112678,0.052715,0.007530,0.127400,2.500000,0.131165,1,10
0.0000,1.0,31.0,-0.014562,-0.002496,0.001591,0.001913,2.500000,0.002708,0,5
0.0000,2.0,0.0,-0.056144,0.023929,0.005462,0.032157,2.500000,0.034888,-1,6
0.0000,2.0,1.0,0.009226,-0.039028,0.001759,0.013991,2.500000,0.014870,0,9
0.0000,2.0,2.0,-0.020831,-0.003942,0.006269,0.003934,2.500000,0.007068,0,5
0.0000,2.0,3.0,0.097224,-0.073004,0.009958,0.123815,2.500000,0.128794,1,9
0.0000,2.0,4.0,-0.028520,-0.108352,0.003163,0.103257,2.500000,0.104839,0,5
0.0000,2.0,5.0,0.001974,-0.088160,0.008092,0.065191,2.500000,0.069238,-1,9
0.0000,2.0,6.0,-0.038287,0.032925,0.003049,0.022202,2.500000,0.023726,0,6
0.0000,2.0,7.0,-0.029893,-0.036090,0.002642,0.019140,2.500000,0.020461,0,5
0.0000,2.0,8.0,-0.060702,0.028746,0.002560,0.038855,2.500000,0.040134,-1,6
0.0000,2.0,9.0,-0.007950,-0.019302,0.000519,0.003816,2.500000,0.004075,0,5
0.0000,2.0,10.0,0.012758,0.015461,0.001959,0.003521,2.500000,0.004501,0,10
0.0000,2.0,11.0,-0.011918,0.030931,0.001826,0.009592,2.500000,0.010505,-1,6
0.0000,2.0,12.0,-0.001299,-0.024571,0.004103,0.005293,2.500000,0.007344,0,5
0.0000,2.0,13.0,-0.088576,0.015000,0.006459,0.067717,2.500000,0.070947,0,6
0.0000,2.0,14.0,-0.055506,0.004246,0.006391,0.026706,2.500000,0.029901,0,6
0.0000,2.0,15.0,0.034850,0.109161,0.010338,0.108077,2.500000,0.113246,0,10
0.0000,2.0,16.0,-0.004895,-0.009350,0.002646,0.000977,2.500000,0.002300,-1,5
0.0000,2.0,17.0,-0.077446,0.034924,0.008221,0.061437,2.500000,0.065547,0,6
0.0000,2.0,18.0,-0.034333,-0.127973,0.009314,0.140779,2.500000,0.145436,0,5
0.0000,2.0,19.0,0.049656,-0.023702,0.003984,0.026236,2.500000,0.028229,0,9
0.0000,2.0,20.0,-0.057928,-0.046059,0.007924,0.047255,2.500000,0.051217,1,5
0.0000,2.0,21.0,0.063664,0.064642,0.004418,0.070511,2.500000,0.072720,0,10
0.0000,2.0,22.0,-0.005088,-0.014812,0.003293,0.002149,2.500000,0.003796,-1,5
0.0000,2.0,23.0,0.068059,0.016174,0.003256,0.041845,2.500000,0.043473,1,10
0.0000,2.0,24.0,0.000014,-0.048925,0.003642,0.020708,2.500000,0.022529,-1,9
0.0000,2.0,25.0,-0.000516,0.042792,0.002355,0.015897,2.500000,0.017074,0,6
0.0000,2.0,26.0,0.034616,0.004792,0.001405,0.010641,2.500000,0.011343,0,10
0.0000,2.0,27.0,0.050047,-0.060157,0.005413,0.052745,2.500000,0.055452,0,9
0.0000,2.0,28.0,-0.075803,-0.112539,0.005346,0.151943,2.500000,0.154616,0,5
0.0000,2.0,29.0,0.026475,-0.030106,0.001440,0.014034,2.500000,0.014754,0,9
0.0000,2.0,30.0,0.037454,-0.019571,0.003263,0.015559,2.500000,0.017191,0,9
0.0000,2.0,31.0,0.024059,0.043903,0.003830,0.021783,2.500000,0.023698,1,10
0.0000,3.0,0.0,0.060449,0.019882,0.001009,0.034842,2.500000,0.035347,0,10
0.0000,3.0,1.0,0.049767,0.018037,0.006649,0.024266,2.500000,0.027591,1,10
0.0000,3.0,2.0,-0.045096,-0.079982,0.010479,0.071701,2.500000,0.076940,0,5
0.0000,3.0,3.0,0.023315,0.058554,0.004539,0.034238,2.500000,0.036507,-1,10
0.0000,3.0,4.0,-0.052510,-0.004719,0.007733,0.023999,2.500000,0.027866,0,5
0.0000,3.0,5.0,-0.005144,0.038469,0.001939,0.013104,2.500000,0.014073,0,6
0.0000,3.0,6.0,0.023558,-0.026549,0.003904,0.011012,2.500000,0.012963,0,9
0.0000,3.0,7.0,-0.023914,-0.109437,0.013982,0.102952,2.500000,0.109943,0,5
0.0000,3.0,8.0,0.009574,0.043178,0.005019,0.016983,2.500000,0.019493,0,10
0.0000,3.0,9.0,0.010780,-0.028588,0.003918,0.008155,2.500000,0.010114,0,9
0.0000,3.0,10.0,0.089433,0.048788,0.005062,0.087566,2.500000,0.090098,1,10
0.0000,3.0,11.0,0.029696,-0.017849,0.004560,0.010487,2.500000,0.012767,0,9
0.0000,3.0,12.0,-0.070118,-0.074489,0.015114,0.089053,2.500000,0.096610,0,5
0.0000,3.0,13.0,0.065083,0.046839,0.001947,0.055261,2.500000,0.056234,0,10
0.0000,3.0,14.0,0.015680,0.040643,0.008216,0.016507,2.500000,0.020615,-1,10
0.0000,3.0,15.0,0.088216,-0.042101,0.007804,0.080632,2.500000,0.084534,-1,9
0.0000,3.0,16.0,0.006158,0.047568,0.002116,0.019923,2.500000,0.020982,0,10
0.0000,3.0,17.0,-0.032109,-0.014420,0.007274,0.010813,2.500000,0.014450,1,5
0.0000,3.0,18.0,-0.022522,0.010551,0.001144,0.005413,2.500000,0.005985,0,6
0.0000,3.0,19.0,-0.011892,-0.032351,0.004886,0.010366,2.500000,0.012809,0,5
0.0000,3.0,20.0,0.003196,-0.076421,0.003953,0.049608,2.500000,0.051584,-1,9
0.0000,3.0,21.0,0.004593,0.008595,0.001314,0.000833,2.500000,0.001490,0,10
0.0000,3.0,22.0,-0.018785,0.066886,0.002627,0.041327,2.500000,0.042641,0,6
0.0000,3.0,23.0,0.005032,0.029683,0.000112,0.007912,2.500000,0.007969,0,10
0.0000,3.0,24.0,-0.005759,0.029309,0.002456,0.007790,2.500000,0.009018,-1,6
0.0000,3.0,25.0,0.062950,-0.009299,0.001315,0.034729,2.500000,0.035387,0,9
0.0000,3.0,26.0,0.009771,0.028158,0.007171,0.007761,2.500000,0.011347,-1,10
0.0000,3.0,27.0,0.105123,-0.066118,0.010315,0.128284,2.500000,0.133441,0,9
0.0000,3.0,28.0,-0.055742,-0.051489,0.005469,0.049676,2.500000,0.052410,1,5
0.0000,3.0,29.0,-0.028461,0.020002,0.004725,0.010575,2.500000,0.012937,0,6
0.0000,3.0,30.0,0.051022,0.073477,0.007809,0.068395,2.500000,0.072300,0,10
0.0000,3.0,31.0,-0.030977,-0.029973,0.004944,0.016212,2.500000,0.018684,0,5
0.0000,4.0,0.0,-0.001965,0.015117,0.001040,0.002036,2.500000,0.002556,0,6
0.0000,4.0,1.0,-0.033323,0.050963,0.001864,0.032124,2.500000,0.033056,0,6
0.0000,4.0,2.0,-0.101022,0.042155,0.006358,0.099779,2.500000,0.102958,-1,6
0.0000,4.0,3.0,-0.005757,-0.028375,0.007734,0.007321,2.500000,0.011188,0,5
0.0000,4.0,4.0,0.094084,0.068312,0.005087,0.113599,2.500000,0.116142,0,10
0.0000,4.0,5.0,-0.046954,0.069418,0.005088,0.060204,2.500000,0.062747,0,6
0.0000,4.0,6.0,-0.056790,-0.032389,0.004453,0.036916,2.500000,0.039142,1,5
0.0000,4.0,7.0,0.034543,0.058183,0.007252,0.039516,2.500000,0.043142,-1,10
0.0000,4.0,8.0,-0.079373,-0.040554,0.003001,0.067569,2.500000,0.069069,1,5
0.0000,4.0,9.0,-0.002090,0.029130,0.007080,0.007446,2.500000,0.010986,-1,6
0.0000,4.0,10.0,0.023225,-0.039851,0.002832,0.018521,2.500000,0.019937,-1,9
0.0000,4.0,11.0,0.005411,0.049079,0.002476,0.021094,2.500000,0.022332,1,10
0.0000,4.0,12.0,0.052107,0.037392,0.001790,0.035614,2.500000,0.036510,0,10
0.0000,4.0,13.0,0.067505,-0.025996,0.007074,0.044836,2.500000,0.048373,0,9
0.0000,4.0,14.0,0.040259,-0.101319,0.004552,0.098901,2.500000,0.101177,0,9
0.0000,4.0,15.0,-0.037786,-0.018340,0.000690,0.015367,2.500000,0.015713,1,5
0.0000,4.0,16.0,-0.047492,0.030812,0.017556,0.027813,2.500000,0.036591,-1,6
0.0000,4.0,17.0,0.076579,-0.143138,0.011435,0.209094,2.500000,0.214811,-1,9
0.0000,4.0,18.0,0.023323,0.033390,0.002289,0.014475,2.500000,0.015620,0,10
0.0000,4.0,19.0,-0.009941,0.099452,0.003759,0.082758,2.500000,0.084638,0,6
0.0000,4.0,20.0,-0.038867,0.006123,0.001434,0.013466,2.500000,0.014183,0,6
0.0000,4.0,21.0,0.029807,0.034560,0.002530,0.018161,2.500000,0.019426,0,10
0.0000,4.0,22.0,0.006062,-0.022209,0.003657,0.004637,2.500000,0.006466,-1,9
0.0000,4.0,23.0,-0.005721,0.014927,0.002524,0.002239,2.500000,0.003501,1,6
0.0000,4.0,24.0,0.047008,0.000531,0.001774,0.019140,2.500000,0.020027,0,10
0.0000,4.0,25.0,0.052566,-0.039672,0.001625,0.037538,2.500000,0.038350,0,9
0.0000,4.0,26.0,0.110577,0.004890,0.003905,0.100062,2.500000,0.102015,1,10
0.0000,4.0,27.0,-0.007246,-0.015697,0.001219,0.002619,2.500000,0.003228,-1,5
0.0000,4.0,28.0,0.050312,0.017595,0.010470,0.024594,2.500000,0.029829,0,10
0.0000,4.0,29.0,-0.126433,0.008816,0.005726,0.128354,2.500000,0.131218,0,6
0.0000,4.0,30.0,-0.031469,-0.010224,0.004347,0.009554,2.500000,0.011728,-1,5
0.0000,4.0,31.0,-0.071363,-0.115416,0.013162,0.151487,2.500000,0.158067,-1,5
0.0000,5.0,0.0,-0.033761,-0.014568,0.004189,0.011793,2.500000,0.013887,1,5
0.0000,5.0,1.0,-0.007302,0.004942,0.002165,0.000682,2.500000,0.001764,0,6
0.0000,5.0,2.0,0.000549,0.009493,0.003876,0.000793,2.500000,0.002731,0,10
0.0000,5.0,3.0,0.084717,0.030213,0.002793,0.068346,2.500000,0.069743,0,10
0.0000,5.0,4.0,0.073563,0.062319,0.004748,0.079317,2.500000,0.081691,0,10
0.0000,5.0,5.0,0.052442,0.066402,0.011116,0.061450,2.500000,0.067008,0,10
0.0000,5.0,6.0,-0.090394,-0.044073,0.010838,0.085197,2.500000,0.090617,0,5
0.0000,5.0,7.0,0.087291,-0.000967,0.007825,0.063943,2.500000,0.067856,0,9
0.0000,5.0,8.0,-0.087507,-0.007248,0.015647,0.064700,2.500000,0.072523,0,5
0.0000,5.0,9.0,0.015950,-0.121192,0.007123,0.120441,2.500000,0.124003,0,9
0.0000,5.0,10.0,-0.028988,-0.020458,0.000598,0.010999,2.500000,0.011298,0,5
0.0000,5.0,11.0,-0.054891,-0.013790,0.008883,0.027640,2.500000,0.032081,0,5
0.0000,5.0,12.0,0.063760,-0.015249,0.005740,0.036867,2.500000,0.039737,0,9
0.0000,5.0,13.0,-0.074893,0.014063,0.005899,0.049355,2.500000,0.052305,0,6
0.0000,5.0,14.0,-0.007637,-0.047112,0.005490,0.019733,2.500000,0.022478,-1,5
0.0000,5.0,15.0,-0.053514,-0.016356,0.009715,0.027051,2.500000,0.031909,-1,5
0.0000,5.0,16.0,0.098762,-0.025595,0.002987,0.086552,2.500000,0.088046,0,9
0.0000,5.0,17.0,0.056802,-0.036591,0.004695,0.039435,2.500000,0.041783,0,9
0.0000,5.0,18.0,-0.036543,0.023243,0.005571,0.016349,2.500000,0.019135,0,6
0.0000,5.0,19.0,-0.077302,0.130303,0.022254,0.185487,2.500000,0.196613,0,6
0.0000,5.0,20.0,-0.052034,-0.000070,0.003294,0.023381,2.500000,0.025028,0,5
0.0000,5.0,21.0,-0.035435,-0.011011,0.006283,0.011998,2.500000,0.015140,0,5
0.0000,5.0,22.0,0.110681,-0.068739,0.014421,0.140380,2.500000,0.147590,0,9
0.0000,5.0,23.0,-0.060115,-0.049482,0.005264,0.052223,2.500000,0.054855,1,5
0.0000,5.0,24.0,0.064095,-0.071284,0.006648,0.078474,2.500000,0.081798,0,9
0.0000,5.0,25.0,0.032678,-0.012230,0.000911,0.010621,2.500000,0.011077,0,9
0.0000,5.0,26.0,0.078258,0.021316,0.007319,0.055818,2.500000,0.059478,0,10
0.0000,5.0,27.0,-0.019436,0.001744,0.000333,0.003333,2.500000,0.003500,0,6
0.0000,5.0,28.0,-0.047874,-0.012816,0.004150,0.021280,2.500000,0.023355,0,5
0.0000,5.0,29.0,-0.111362,-0.106498,0.014419,0.194347,2.500000,0.201556,0,5
0.0000,5.0,30.0,0.003854,0.048787,0.001898,0.020724,2.500000,0.021673,0,10
0.0000,5.0,31.0,0.056503,0.004759,0.007374,0.027690,2.500000,0.031377,0,10
0.0000,6.0,0.0,0.091038,-0.024510,0.009728,0.074525,2.500000,0.079389,-1,9
0.0000,6.0,1.0,-0.050734,0.086748,0.003312,0.085433,2.500000,0.087089,1,6
0.0000,6.0,2.0,-0.088088,0.021100,0.005700,0.068952,2.500000,0.071802,0,6
0.0000,6.0,3.0,-0.007249,0.069723,0.002353,0.041916,2.500000,0.043093,1,6
0.0000,6.0,4.0,-0.052348,0.010607,0.003131,0.024646,2.500000,0.026212,0,6
0.0000,6.0,5.0,-0.019164,-0.015632,0.002824,0.005356,2.500000,0.006768,0,5
0.0000,6.0,6.0,-0.001772,-0.089563,0.005522,0.067176,2.500000,0.069937,0,5
0.0000,6.0,7.0,0.067232,0.016423,0.003833,0.040986,2.500000,0.042902,0,10
0.0000,6.0,8.0,0.102574,-0.059884,0.008855,0.117617,2.500000,0.122045,-1,9
0.0000,6.0,9.0,0.029852,0.005820,0.001102,0.008075,2.500000,0.008626,1,10
0.0000,6.0,10.0,0.011167,-0.028564,0.003756,0.008217,2.500000,0.010096,0,9
0.0000,6.0,11.0,0.091378,-0.021331,0.003475,0.073747,2.500000,0.075484,0,9
0.0000,6.0,12.0,0.011586,-0.002764,0.001704,0.001244,2.500000,0.002096,1,9
0.0000,6.0,13.0,0.004097,-0.081286,0.018639,0.055919,2.500000,0.065238,0,9
0.0000,6.0,14.0,-0.015531,0.090175,0.011609,0.070140,2.500000,0.075945,0,6
0.0000,6.0,15.0,0.064187,0.025295,0.008743,0.040880,2.500000,0.045251,1,10
0.0000,6.0,16.0,0.120250,-0.123607,0.016562,0.239189,2.500000,0.247470,0,9
0.0000,6.0,17.0,-0.023548,-0.042012,0.007377,0.020175,2.500000,0.023864,-1,5
0.0000,6.0,18.0,0.057332,0.004611,0.005657,0.028476,2.500000,0.031304,0,10
0.0000,6.0,19.0,-0.011030,-0.128515,0.008685,0.132565,2.500000,0.136907,0,5
0.0000,6.0,20.0,0.060991,0.002029,0.004088,0.031970,2.500000,0.034014,-1,10
0.0000,6.0,21.0,-0.031043,0.009732,0.001372,0.009238,2.500000,0.009923,1,6
0.0000,6.0,22.0,-0.036245,0.012214,0.003667,0.012745,2.500000,0.014579,0,6
0.0000,6.0,23.0,0.007219,-0.024593,0.002788,0.005744,2.500000,0.007139,-1,9
0.0000,6.0,24.0,0.030505,0.073593,0.002119,0.054157,2.500000,0.055216,0,10
0.0000,6.0,25.0,0.012144,-0.007657,0.002521,0.001807,2.500000,0.003068,1,9
0.0000,6.0,26.0,-0.039786,-0.052266,0.004227,0.037349,2.500000,0.039462,-1,5
0.0000,6.0,27.0,-0.010224,-0.013354,0.002048,0.002479,2.500000,0.003503,0,5
0.0000,6.0,28.0,-0.042472,-0.074161,0.005083,0.062390,2.500000,0.064931,1,5
0.0000,6.0,29.0,0.025460,-0.066881,0.010471,0.043898,2.500000,0.049134,-1,9
0.0000,6.0,30.0,-0.045504,0.027638,0.004658,0.024620,2.500000,0.026949,0,6
0.0000,6.0,31.0,-0.035561,0.116559,0.009887,0.121082,2.500000,0.126026,-1,6
0.0000,7.0,0.0,0.036244,-0.083100,0.007773,0.069628,2.500000,0.073515,0,9
0.0000,7.0,1.0,-0.021956,0.004797,0.002361,0.004419,2.500000,0.005600,-1,6
0.0000,7.0,2.0,-0.005301,-0.062848,0.003267,0.034109,2.500000,0.035743,0,5
0.0000,7.0,3.0,-0.046302,0.021142,0.003085,0.022486,2.500000,0.024029,0,6
0.0000,7.0,4.0,0.006798,-0.074456,0.008674,0.047491,2.500000,0.051828,-1,9
0.0000,7.0,5.0,-0.089254,0.009202,0.005102,0.067450,2.500000,0.070001,0,6
0.0000,7.0,6.0,-0.011695,-0.012133,0.004155,0.002489,2.500000,0.004567,-1,5
0.0000,7.0,7.0,0.093100,-0.070699,0.009364,0.114895,2.500000,0.119577,1,9
0.0000,7.0,8.0,-0.049433,-0.007826,0.006134,0.021672,2.500000,0.024739,0,5
0.0000,7.0,9.0,0.054742,0.053349,0.012138,0.050397,2.500000,0.056466,0,10
0.0000,7.0,10.0,-0.078273,-0.051793,0.003038,0.075038,2.500000,0.076557,0,5
0.0000,7.0,11.0,0.008323,-0.038384,0.000446,0.013423,2.500000,0.013646,0,9
0.0000,7.0,12.0,0.034623,-0.010606,0.006197,0.011430,2.500000,0.014528,-1,9
0.0000,7.0,13.0,0.094128,0.110197,0.018682,0.173073,2.500000,0.182414,0,10
0.0000,7.0,14.0,0.064528,-0.081474,0.012783,0.091687,2.500000,0.098078,0,9
0.0000,7.0,15.0,-0.031227,0.048811,0.001140,0.029121,2.500000,0.029691,0,6
0.0000,7.0,16.0,-0.029921,0.004310,0.003109,0.007976,2.500000,0.009531,0,6
0.0000,7.0,17.0,0.022520,0.094633,0.005382,0.078994,2.500000,0.081685,0,10
0.0000,7.0,18.0,0.044088,-0.002783,0.009967,0.016928,2.500000,0.021912,0,9
0.0000,7.0,19.0,-0.000906,-0.017123,0.001315,0.002575,2.500000,0.003232,1,5
0.0000,7.0,20.0,-0.007644,-0.053743,0.005329,0.025428,2.500000,0.028093,-1,5
0.0000,7.0,21.0,-0.002452,0.077823,0.009630,0.051340,2.500000,0.056155,0,6
0.0000,7.0,22.0,-0.035712,-0.094675,0.008263,0.085729,2.500000,0.089861,0,5
0.0000,7.0,23.0,-0.008928,0.002052,0.001789,0.000736,2.500000,0.001630,0,6
0.0000,7.0,24.0,-0.007231,0.084197,0.006930,0.060128,2.500000,0.063593,0,6
0.0000,7.0,25.0,-0.001106,-0.079923,0.006005,0.053998,2.500000,0.057000,-1,5
0.0000,7.0,26.0,0.032194,0.044369,0.001101,0.026113,2.500000,0.026663,0,10
0.0000,7.0,27.0,0.048251,-0.007462,0.003129,0.020638,2.500000,0.022202,1,9
0.0000,7.0,28.0,0.067218,-0.013883,0.008726,0.040296,2.500000,0.044659,-1,9
0.0000,7.0,29.0,-0.073730,0.067565,0.006929,0.085210,2.500000,0.088674,0,6
0.0000,7.0,30.0,0.050163,-0.010771,0.005998,0.022772,2.500000,0.025771,-1,9
0.0000,7.0,31.0,-0.015256,0.059936,0.006334,0.032902,2.500000,0.036069,0,6
0.0000,8.0,0.0,-0.014559,0.048800,0.003888,0.022462,2.500000,0.024406,0,6
0.0000,8.0,1.0,-0.059862,0.060953,0.004197,0.062689,2.500000,0.064787,-1,6
0.0000,8.0,2.0,0.005591,0.002082,0.001620,0.000312,2.500000,0.001122,-1,10
0.0000,8.0,3.0,-0.059443,0.006682,0.006854,0.030759,2.500000,0.034186,0,6
0.0000,8.0,4.0,-0.046297,0.050657,0.001968,0.040752,2.500000,0.041736,0,6
0.0000,8.0,5.0,-0.009545,0.096279,0.003558,0.077829,2.500000,0.079608,0,6
0.0000,8.0,6.0,0.005134,0.031750,0.000261,0.009023,2.500000,0.009153,0,10
0.0000,8.0,7.0,0.008825,0.007307,0.001737,0.001151,2.500000,0.002020,0,10
0.0000,8.0,8.0,0.013988,0.069113,0.006142,0.042468,2.500000,0.045539,-1,10
0.0000,8.0,9.0,0.005742,-0.078578,0.001775,0.052539,2.500000,0.053427,0,9
0.0000,8.0,10.0,-0.021886,-0.015839,0.002556,0.006388,2.500000,0.007666,0,5
0.0000,8.0,11.0,0.002471,-0.021441,0.001201,0.004076,2.500000,0.004676,0,9
0.0000,8.0,12.0,-0.045570,0.004266,0.004001,0.018159,2.500000,0.020159,0,6
0.0000,8.0,13.0,-0.042347,-0.025775,0.006813,0.021375,2.500000,0.024782,0,5
0.0000,8.0,14.0,0.049579,0.075893,0.004234,0.070124,2.500000,0.072241,0,10
0.0000,8.0,15.0,-0.007600,0.003872,0.000237,0.000638,2.500000,0.000757,1,6
0.0000,8.0,16.0,0.005669,0.020453,0.003484,0.003943,2.500000,0.005685,-1,10
0.0000,8.0,17.0,-0.060978,0.026809,0.002463,0.038201,2.500000,0.039432,-1,6
0.0000,8.0,18.0,-0.149786,-0.009843,0.019798,0.173296,2.500000,0.183195,0,5
0.0000,8.0,19.0,0.057847,0.003369,0.005028,0.028889,2.500000,0.031403,1,10
0.0000,8.0,20.0,-0.004376,0.009241,0.001531,0.000917,2.500000,0.001682,0,6
0.0000,8.0,21.0,0.068303,0.026324,0.003664,0.045885,2.500000,0.047717,0,10
0.0000,8.0,22.0,0.005907,0.051081,0.001641,0.022852,2.500000,0.023672,0,10
0.0000,8.0,23.0,-0.012477,-0.017775,0.002838,0.004132,2.500000,0.005551,0,5
0.0000,8.0,24.0,0.012622,0.065365,0.003453,0.037957,2.500000,0.039683,0,10
0.0000,8.0,25.0,-0.010876,0.005919,0.002443,0.001344,2.500000,0.002566,0,6
0.0000,8.0,26.0,0.057392,0.015682,0.003852,0.030502,2.500000,0.032428,0,10
0.0000,8.0,27.0,0.005232,0.093859,0.007613,0.073644,2.500000,0.077450,0,10
0.0000,8.0,28.0,-0.020363,-0.040966,0.001893,0.018209,2.500000,0.019156,0,5
0.0000,8.0,29.0,-0.038872,-0.003246,0.002593,0.013233,2.500000,0.014529,0,5
0.0000,8.0,30.0,-0.070976,-0.016779,0.001619,0.045381,2.500000,0.046191,0,5
0.0000,8.0,31.0,-0.061659,0.051538,0.003403,0.055571,2.500000,0.057273,0,6
0.0000,9.0,0.0,0.090289,0.000243,0.005373,0.068190,2.500000,0.070877,0,10
0.0000,9.0,1.0,0.018286,0.006830,0.001881,0.003337,2.500000,0.004278,0,10
0.0000,9.0,2.0,-0.034872,-0.022262,0.006796,0.014929,2.500000,0.018327,1,5
0.0000,9.0,3.0,0.089984,0.061274,0.008739,0.099992,2.500000,0.104361,0,10
0.0000,9.0,4.0,-0.027208,-0.013199,0.001192,0.007993,2.500000,0.008590,0,5
0.0000,9.0,5.0,-0.069833,0.017433,0.003006,0.044245,2.500000,0.045748,0,6
0.0000,9.0,6.0,0.025846,0.033308,0.000974,0.015509,2.500000,0.015995,0,10
0.0000,9.0,7.0,0.005219,0.062873,0.000967,0.034128,2.500000,0.034612,0,10
0.0000,9.0,8.0,0.065140,0.060718,0.002651,0.067979,2.500000,0.069304,1,10
0.0000,9.0,9.0,0.027285,-0.034553,0.003891,0.016905,2.500000,0.018850,0,9
0.0000,9.0,10.0,0.021343,-0.103767,0.003411,0.092680,2.500000,0.094386,0,9
0.0000,9.0,11.0,-0.014968,-0.060559,0.004122,0.033456,2.500000,0.035517,0,5
0.0000,9.0,12.0,0.075474,0.025186,0.001049,0.053885,2.500000,0.054409,0,10
0.0000,9.0,13.0,0.027479,0.034142,0.007296,0.016753,2.500000,0.020401,0,10
0.0000,9.0,14.0,0.094596,-0.004437,0.007676,0.074673,2.500000,0.078511,0,9
0.0000,9.0,15.0,-0.029686,0.007023,0.003862,0.008124,2.500000,0.010055,0,6
0.0000,9.0,16.0,0.046568,-0.067763,0.007692,0.058010,2.500000,0.061856,-1,9
0.0000,9.0,17.0,-0.045602,0.007149,0.006412,0.018472,2.500000,0.021678,0,6
0.0000,9.0,18.0,0.036975,0.022206,0.003489,0.016212,2.500000,0.017957,0,10
0.0000,9.0,19.0,-0.063069,0.043183,0.004517,0.050282,2.500000,0.052540,-1,6
0.0000,9.0,20.0,0.000417,-0.013676,0.001820,0.001640,2.500000,0.002551,0,9
0.0000,9.0,21.0,-0.029257,0.001194,0.006957,0.007485,2.500000,0.010963,0,6
0.0000,9.0,22.0,-0.024121,0.026893,0.003420,0.011406,2.500000,0.013116,0,6
0.0000,9.0,23.0,-0.026456,-0.077903,0.001634,0.057506,2.500000,0.058323,1,5
0.0000,9.0,24.0,0.027385,-0.032151,0.003365,0.015565,2.500000,0.017247,0,9
0.0000,9.0,25.0,0.022202,0.068538,0.002707,0.044409,2.500000,0.045763,0,10
0.0000,9.0,26.0,-0.023144,0.006231,0.003031,0.005025,2.500000,0.006541,0,6
0.0000,9.0,27.0,-0.019192,-0.011126,0.001352,0.004310,2.500000,0.004986,0,5
0.0000,9.0,28.0,0.045429,-0.002509,0.003395,0.017944,2.500000,0.019642,0,9
0.0000,9.0,29.0,0.052594,-0.031379,0.002570,0.032470,2.500000,0.033754,1,9
0.0000,9.0,30.0,-0.029465,-0.016929,0.003337,0.010088,2.500000,0.011757,0,5
0.0000,9.0,31.0,0.044930,0.056598,0.003649,0.045090,2.500000,0.046914,0,10
0.0000,10.0,0.0,-0.035621,0.020541,0.004034,0.014743,2.500000,0.016760,0,6
0.0000,10.0,1.0,0.056897,0.055417,0.002171,0.054338,2.500000,0.055423,0,10
0.0000,10.0,2.0,0.032692,-0.029489,0.002461,0.016909,2.500000,0.018139,0,9
0.0000,10.0,3.0,0.002618,-0.028416,0.000073,0.007111,2.500000,0.007147,0,9
0.0000,10.0,4.0,0.014289,-0.030276,0.000999,0.009788,2.500000,0.010287,1,9
0.0000,10.0,5.0,-0.024929,-0.007050,0.000979,0.005868,2.500000,0.006357,0,5
0.0000,10.0,6.0,-0.021690,0.014991,0.001918,0.006085,2.500000,0.007044,0,6
0.0000,10.0,7.0,0.007704,0.046599,0.001257,0.019331,2.500000,0.019960,0,10
0.0000,10.0,8.0,0.059789,0.052678,0.007315,0.054673,2.500000,0.058330,0,10
0.0000,10.0,9.0,-0.074880,-0.017282,0.011476,0.050223,2.500000,0.055961,-1,5
0.0000,10.0,10.0,0.085738,-0.024311,0.003670,0.066948,2.500000,0.068783,0,9
0.0000,10.0,11.0,0.004072,-0.084942,0.004446,0.060830,2.500000,0.063053,0,9
0.0000,10.0,12.0,0.033755,0.016684,0.009560,0.012368,2.500000,0.017148,0,10
0.0000,10.0,13.0,-0.123940,0.017917,0.005875,0.125955,2.500000,0.128893,0,6
0.0000,10.0,14.0,-0.025502,-0.030992,0.000615,0.014064,2.500000,0.014371,0,5
0.0000,10.0,15.0,-0.003493,-0.050877,0.005162,0.022476,2.500000,0.025057,-1,5
0.0000,10.0,16.0,-0.041072,0.026996,0.007559,0.021022,2.500000,0.024801,0,6
0.0000,10.0,17.0,-0.121452,-0.106209,0.025683,0.211394,2.500000,0.224235,0,5
0.0000,10.0,18.0,0.060129,0.076725,0.003153,0.080967,2.500000,0.082543,0,10
0.0000,10.0,19.0,0.035933,0.011530,0.002271,0.012408,2.500000,0.013544,0,10
0.0000,10.0,20.0,0.036563,-0.083485,0.007478,0.070347,2.500000,0.074086,0,9
0.0000,10.0,21.0,0.130652,0.040803,0.012467,0.149939,2.500000,0.156173,0,10
0.0000,10.0,22.0,-0.024253,-0.024991,0.002317,0.010602,2.500000,0.011761,0,5
0.0000,10.0,23.0,0.012615,-0.073921,0.003465,0.047828,2.500000,0.049561,0,9
0.0000,10.0,24.0,0.003376,0.019993,0.002429,0.003598,2.500000,0.004813,-1,10
0.0000,10.0,25.0,0.032358,-0.000643,0.010468,0.009133,2.500000,0.014368,0,9
0.0000,10.0,26.0,0.079758,0.041155,0.003387,0.068490,2.500000,0.070184,0,10
0.0000,10.0,27.0,-0.033665,0.019640,0.001732,0.013254,2.500000,0.014120,0,6
0.0000,10.0,28.0,-0.037569,0.073683,0.004936,0.058429,2.500000,0.060897,0,6
0.0000,10.0,29.0,0.005860,0.002565,0.001163,0.000359,2.500000,0.000940,0,10
0.0000,10.0,30.0,-0.048989,0.028094,0.003711,0.027655,2.500000,0.029510,1,6
0.0000,10.0,31.0,-0.051738,0.060627,0.002591,0.054687,2.500000,0.055983,0,6
0.0000,11.0,0.0,0.044129,0.021107,0.004195,0.020790,2.500000,0.022888,0,10
0.0000,11.0,1.0,0.040410,0.030573,0.010241,0.022347,2.500000,0.027467,1,10
0.0000,11.0,2.0,-0.019957,-0.108013,0.002991,0.099079,2.500000,0.100575,0,5
0.0000,11.0,3.0,-0.006835,-0.020447,0.002054,0.004069,2.500000,0.005096,1,5
0.0000,11.0,4.0,0.046660,-0.000792,0.004886,0.018864,2.500000,0.021307,0,9
0.0000,11.0,5.0,-0.041733,0.048955,0.002015,0.035861,2.500000,0.036868,1,6
0.0000,11.0,6.0,0.046908,0.048214,0.003570,0.039180,2.500000,0.040965,-1,10
0.0000,11.0,7.0,-0.038016,0.032940,0.000797,0.022033,2.500000,0.022431,0,6
0.0000,11.0,8.0,-0.017722,0.067599,0.003304,0.041786,2.500000,0.043438,0,6
0.0000,11.0,9.0,0.056082,0.036619,0.005307,0.038766,2.500000,0.041420,1,10
0.0000,11.0,10.0,0.019960,-0.021512,0.002998,0.007536,2.500000,0.009035,1,9
0.0000,11.0,11.0,0.000586,-0.003941,0.001577,0.000139,2.500000,0.000928,0,9
0.0000,11.0,12.0,-0.040769,-0.071721,0.001484,0.058237,2.500000,0.058979,0,5
0.0000,11.0,13.0,-0.045508,-0.054649,0.002656,0.043702,2.500000,0.045030,0,5
0.0000,11.0,14.0,0.014227,-0.029610,0.005206,0.009426,2.500000,0.012029,0,9
0.0000,11.0,15.0,-0.038356,0.058471,0.004583,0.042201,2.500000,0.044493,-1,6
0.0000,11.0,16.0,0.031036,0.055866,0.003646,0.035291,2.500000,0.037114,0,10
0.0000,11.0,17.0,-0.019436,0.054684,0.002403,0.029088,2.500000,0.030289,-1,6
0.0000,11.0,18.0,0.031548,-0.006687,0.000457,0.009073,2.500000,0.009302,-1,9
0.0000,11.0,19.0,0.037953,0.004329,0.010576,0.012695,2.500000,0.017984,1,10
0.0000,11.0,20.0,0.000646,-0.017750,0.000544,0.002763,2.500000,0.003035,0,9
0.0000,11.0,21.0,0.014631,-0.049107,0.001669,0.022736,2.500000,0.023571,1,9
0.0000,11.0,22.0,0.049984,-0.022790,0.001462,0.026145,2.500000,0.026876,1,9
0.0000,11.0,23.0,0.062519,-0.024265,0.003486,0.038666,2.500000,0.040409,1,9
0.0000,11.0,24.0,0.038109,-0.065107,0.015007,0.048916,2.500000,0.056419,-1,9
0.0000,11.0,25.0,-0.129922,0.106800,0.015047,0.227800,2.500000,0.235323,1,6
0.0000,11.0,26.0,0.069543,0.051900,0.003550,0.064517,2.500000,0.066292,-1,10
0.0000,11.0,27.0,0.017496,0.056723,0.008629,0.030384,2.500000,0.034698,0,10
0.0000,11.0,28.0,-0.079589,-0.031371,0.006109,0.062141,2.500000,0.065196,1,5
0.0000,11.0,29.0,0.033636,0.017364,0.002614,0.012501,2.500000,0.013808,0,10
0.0000,11.0,30.0,0.042726,-0.045150,0.003312,0.033521,2.500000,0.035176,0,9
0.0000,11.0,31.0,0.035829,0.031825,0.004244,0.020012,2.500000,0.022134,0,10
0.0000,12.0,0.0,-0.075385,-0.027808,0.003923,0.054985,2.500000,0.056946,-1,5
0.0000,12.0,1.0,-0.079044,-0.031428,0.002412,0.061468,2.500000,0.062674,0,5
0.0000,12.0,2.0,-0.002584,-0.046183,0.002362,0.018539,2.500000,0.019720,1,5
0.0000,12.0,3.0,0.060757,-0.000512,0.005763,0.031698,2.500000,0.034579,1,9
0.0000,12.0,4.0,-0.044930,0.028626,0.001093,0.024659,2.500000,0.025205,1,6
0.0000,12.0,5.0,-0.036614,0.035747,0.002347,0.022798,2.500000,0.023971,-1,6
0.0000,12.0,6.0,0.013296,-0.027311,0.001290,0.008065,2.500000,0.008710,0,9
0.0000,12.0,7.0,-0.038487,-0.006731,0.001752,0.013280,2.500000,0.014156,0,5
0.0000,12.0,8.0,-0.045366,-0.010142,0.000682,0.018742,2.500000,0.019083,1,5
0.0000,12.0,9.0,-0.071062,0.017151,0.005150,0.045592,2.500000,0.048167,1,6
0.0000,12.0,10.0,-0.013511,0.079429,0.005844,0.054947,2.500000,0.057869,-1,6
0.0000,12.0,11.0,-0.001684,-0.003339,0.007050,0.000123,2.500000,0.003648,0,5
0.0000,12.0,12.0,-0.040263,0.003260,0.000734,0.014181,2.500000,0.014548,0,6
0.0000,12.0,13.0,-0.011562,0.017978,0.003625,0.004002,2.500000,0.005815,0,6
0.0000,12.0,14.0,-0.080155,0.007704,0.005778,0.054809,2.500000,0.057698,0,6
0.0000,12.0,15.0,0.026505,-0.037981,0.009280,0.018688,2.500000,0.023329,0,9
0.0000,12.0,16.0,-0.070095,0.098398,0.013368,0.122173,2.500000,0.128857,0,6
0.0000,12.0,17.0,0.032427,0.031081,0.003455,0.017596,2.500000,0.019324,0,10
0.0000,12.0,18.0,0.035227,-0.047353,0.012252,0.030227,2.500000,0.036353,0,9
0.0000,12.0,19.0,-0.160266,0.038018,0.015913,0.206212,2.500000,0.214168,-1,6
0.0000,12.0,20.0,0.012367,-0.047062,0.007057,0.020522,2.500000,0.024051,0,9
0.0000,12.0,21.0,-0.004554,0.016971,0.003247,0.002704,2.500000,0.004328,0,6
0.0000,12.0,22.0,-0.007845,0.025625,0.000217,0.006278,2.500000,0.006387,1,6
0.0000,12.0,23.0,-0.032938,0.026396,0.007757,0.015546,2.500000,0.019425,0,6
0.0000,12.0,24.0,0.008366,-0.101917,0.006443,0.086364,2.500000,0.089586,0,9
0.0000,12.0,25.0,-0.026922,0.024457,0.002571,0.011561,2.500000,0.012847,0,6
0.0000,12.0,26.0,-0.003179,-0.026711,0.004943,0.006322,2.500000,0.008794,0,5
0.0000,12.0,27.0,-0.054461,-0.053507,0.006610,0.050281,2.500000,0.053586,1,5
0.0000,12.0,28.0,-0.051481,0.060551,0.003118,0.054384,2.500000,0.055943,-1,6
0.0000,12.0,29.0,-0.029562,-0.032368,0.005446,0.016764,2.500000,0.019487,0,5
0.0000,12.0,30.0,0.015328,0.035614,0.005766,0.013104,2.500000,0.015987,0,10
0.0000,12.0,31.0,-0.086972,0.073210,0.006239,0.109082,2.500000,0.112202,-1,6
0.0000,13.0,0.0,0.039848,0.021052,0.002861,0.017681,2.500000,0.019111,0,10
0.0000,13.0,1.0,-0.019185,-0.032645,0.000970,0.012514,2.500000,0.012999,-1,5
0.0000,13.0,2.0,0.018150,0.007840,0.002178,0.003424,2.500000,0.004513,-1,10
0.0000,13.0,3.0,-0.022968,0.062915,0.002628,0.038549,2.500000,0.039862,0,6
0.0000,13.0,4.0,-0.007810,-0.024973,0.001450,0.005987,2.500000,0.006712,-1,5
0.0000,13.0,5.0,0.013039,0.014422,0.002172,0.003313,2.500000,0.004399,0,10
0.0000,13.0,6.0,0.035169,-0.067008,0.003622,0.049148,2.500000,0.050959,1,9
0.0000,13.0,7.0,0.044869,-0.007572,0.003204,0.017959,2.500000,0.019561,0,9
0.0000,13.0,8.0,-0.029348,-0.042785,0.001941,0.023409,2.500000,0.024379,0,5
0.0000,13.0,9.0,0.033970,-0.031613,0.002073,0.018773,2.500000,0.019809,-1,9
0.0000,13.0,10.0,0.102280,0.024852,0.027087,0.091727,2.500000,0.105270,0,10
0.0000,13.0,11.0,-0.097778,-0.135375,0.022360,0.223750,2.500000,0.234930,0,5
0.0000,13.0,12.0,0.003204,0.000449,0.004293,0.000092,2.500000,0.002238,0,10
0.0000,13.0,13.0,0.036979,0.103620,0.001188,0.100366,2.500000,0.100960,0,10
0.0000,13.0,14.0,-0.007387,0.073692,0.007892,0.046634,2.500000,0.050580,0,6
0.0000,13.0,15.0,-0.067464,-0.056928,0.004341,0.066789,2.500000,0.068960,0,5
0.0000,13.0,16.0,-0.017980,-0.090586,0.011838,0.071450,2.500000,0.077369,0,5
0.0000,13.0,17.0,-0.000471,0.112189,0.010459,0.102568,2.500000,0.107797,0,6
0.0000,13.0,18.0,0.051298,0.009603,0.001581,0.023544,2.500000,0.024334,0,10
0.0000,13.0,19.0,0.000202,0.008653,0.004133,0.000657,2.500000,0.002723,1,10
0.0000,13.0,20.0,0.089982,0.086426,0.011959,0.130508,2.500000,0.136487,0,10
0.0000,13.0,21.0,0.100877,-0.025274,0.006070,0.089699,2.500000,0.092734,0,9
0.0000,13.0,22.0,-0.023174,0.023681,0.003073,0.009601,2.500000,0.011137,0,6
0.0000,13.0,23.0,0.039327,-0.060987,0.005287,0.045380,2.500000,0.048023,0,9
0.0000,13.0,24.0,0.036010,-0.013648,0.005675,0.012923,2.500000,0.015761,0,9
0.0000,13.0,25.0,-0.049892,-0.056639,0.015459,0.049149,2.500000,0.056878,0,5
0.0000,13.0,26.0,0.112189,0.029110,0.011240,0.109970,2.500000,0.115590,0,10
0.0000,13.0,27.0,0.035100,-0.127001,0.011690,0.139453,2.500000,0.145298,0,9
0.0000,13.0,28.0,0.005581,0.050546,0.008134,0.022356,2.500000,0.026423,-1,10
0.0000,13.0,29.0,0.091578,-0.054104,0.016639,0.095312,2.500000,0.103632,0,9
0.0000,13.0,30.0,-0.088886,0.053641,0.007054,0.091018,2.500000,0.094545,0,6
0.0000,13.0,31.0,0.033919,0.071688,0.005546,0.053783,2.500000,0.056555,0,10
0.0000,14.0,0.0,0.050799,-0.049341,0.011004,0.043361,2.500000,0.048863,0,9
0.0000,14.0,1.0,-0.046656,-0.023105,0.001845,0.023525,2.500000,0.024448,0,5
0.0000,14.0,2.0,-0.032778,-0.029512,0.002721,0.016970,2.500000,0.018330,1,5
0.0000,14.0,3.0,0.016236,0.030996,0.001197,0.010691,2.500000,0.011289,1,10
0.0000,14.0,4.0,-0.029037,0.033013,0.003144,0.016862,2.500000,0.018434,-1,6
0.0000,14.0,5.0,0.049522,-0.000973,0.003169,0.021218,2.500000,0.022803,-1,9
0.0000,14.0,6.0,0.000610,0.031314,0.001564,0.008557,2.500000,0.009339,0,10
0.0000,14.0,7.0,-0.027085,-0.037387,0.001593,0.018572,2.500000,0.019369,0,5
0.0000,14.0,8.0,-0.018555,0.016506,0.005710,0.005401,2.500000,0.008256,0,6
0.0000,14.0,9.0,0.018458,-0.017640,0.007450,0.005708,2.500000,0.009433,0,9
0.0000,14.0,10.0,-0.096734,0.080041,0.020211,0.131890,2.500000,0.141995,1,6
0.0000,14.0,11.0,0.091155,0.023045,0.008437,0.074086,2.500000,0.078305,-1,10
0.0000,14.0,12.0,-0.063199,0.031699,0.002551,0.042999,2.500000,0.044275,0,6
0.0000,14.0,13.0,0.014787,0.066253,0.004015,0.039452,2.500000,0.041459,0,10
0.0000,14.0,14.0,-0.043018,-0.024437,0.002891,0.021282,2.500000,0.022728,0,5
0.0000,14.0,15.0,0.049378,-0.045545,0.001598,0.039070,2.500000,0.039869,0,9
0.0000,14.0,16.0,0.024049,-0.026088,0.000947,0.011004,2.500000,0.011478,0,9
0.0000,14.0,17.0,0.042429,-0.051492,0.003321,0.038535,2.500000,0.040195,0,9
0.0000,14.0,18.0,-0.009399,0.014817,0.001314,0.002698,2.500000,0.003355,0,6
0.0000,14.0,19.0,-0.047664,-0.002828,0.008311,0.019739,2.500000,0.023895,0,5
0.0000,14.0,20.0,0.100279,-0.101012,0.015768,0.167553,2.500000,0.175437,0,9
0.0000,14.0,21.0,0.047299,0.034925,0.003699,0.029999,2.500000,0.031848,0,10
0.0000,14.0,22.0,-0.046379,-0.002382,0.006216,0.018685,2.500000,0.021793,1,5
0.0000,14.0,23.0,0.052763,0.075825,0.011300,0.072812,2.500000,0.078462,0,10
0.0000,14.0,24.0,0.041281,-0.129594,0.023960,0.148311,2.500000,0.160291,0,9
0.0000,14.0,25.0,0.115649,-0.028154,0.008657,0.115411,2.500000,0.119740,0,9
0.0000,14.0,26.0,-0.008346,0.018305,0.001592,0.003545,2.500000,0.004341,0,6
0.0000,14.0,27.0,0.011629,-0.009465,0.003670,0.001971,2.500000,0.003806,1,9
0.0000,14.0,28.0,0.003316,-0.068555,0.006768,0.040212,2.500000,0.043596,-1,9
0.0000,14.0,29.0,-0.015335,0.050529,0.000545,0.024129,2.500000,0.024401,0,6
0.0000,14.0,30.0,0.024084,0.046890,0.006462,0.024116,2.500000,0.027346,0,10
0.0000,14.0,31.0,0.109980,-0.045780,0.005761,0.117030,2.500000,0.119911,1,9
0.0000,15.0,0.0,-0.084758,0.074974,0.010057,0.108175,2.500000,0.113204,0,6
0.0000,15.0,1.0,0.027975,-0.062803,0.002551,0.040652,2.500000,0.041928,0,9
0.0000,15.0,2.0,0.028992,0.002202,0.000767,0.007381,2.500000,0.007764,0,10
0.0000,15.0,3.0,-0.025559,-0.000452,0.004734,0.005711,2.500000,0.008078,0,5
0.0000,15.0,4.0,0.032114,-0.005820,0.003558,0.009291,2.500000,0.011070,0,9
0.0000,15.0,5.0,-0.043645,-0.024672,0.002443,0.021849,2.500000,0.023071,0,5
0.0000,15.0,6.0,-0.018884,0.011542,0.001738,0.004290,2.500000,0.005159,0,6
0.0000,15.0,7.0,0.030422,-0.046759,0.004293,0.027016,2.500000,0.029162,-1,9
0.0000,15.0,8.0,0.123651,0.025529,0.014081,0.128320,2.500000,0.135361,0,10
0.0000,15.0,9.0,-0.056629,0.019141,0.006990,0.030821,2.500000,0.034316,-1,6
0.0000,15.0,10.0,0.060204,-0.052855,0.002106,0.055251,2.500000,0.056304,0,9
0.0000,15.0,11.0,0.003253,-0.023019,0.001982,0.004727,2.500000,0.005718,0,9
0.0000,15.0,12.0,-0.028989,-0.010212,0.000404,0.008251,2.500000,0.008453,1,5
0.0000,15.0,13.0,-0.021086,0.009635,0.002507,0.004705,2.500000,0.005958,-1,6
0.0000,15.0,14.0,-0.090545,-0.042436,0.006057,0.084199,2.500000,0.087228,-1,5
0.0000,15.0,15.0,-0.023470,-0.037483,0.003818,0.017043,2.500000,0.018952,-1,5
0.0000,15.0,16.0,-0.021662,0.000639,0.000656,0.004109,2.500000,0.004437,-1,6
0.0000,15.0,17.0,-0.032443,-0.027109,0.003012,0.015597,2.500000,0.017103,0,5
0.0000,15.0,18.0,0.037785,-0.020568,0.002130,0.016124,2.500000,0.017189,-1,9
0.0000,15.0,19.0,-0.029122,0.034235,0.001273,0.017617,2.500000,0.018253,0,6
0.0000,15.0,20.0,-0.036755,0.050674,0.001179,0.033954,2.500000,0.034543,0,6
0.0000,15.0,21.0,-0.006047,0.077153,0.004231,0.050759,2.500000,0.052875,0,6
0.0000,15.0,22.0,0.046235,-0.020883,0.003553,0.022338,2.500000,0.024115,0,9
0.0000,15.0,23.0,0.047846,0.022463,0.009800,0.024232,2.500000,0.029132,0,10
0.0000,15.0,24.0,-0.103663,0.113323,0.014115,0.193087,2.500000,0.200145,0,6
0.0000,15.0,25.0,0.019557,0.060512,0.003061,0.034794,2.500000,0.036324,0,10
0.0000,15.0,26.0,-0.079289,0.031175,0.003438,0.061647,2.500000,0.063366,1,6
0.0000,15.0,27.0,-0.030832,0.087049,0.006404,0.071894,2.500000,0.075096,1,6
0.0000,15.0,28.0,-0.068991,0.016976,0.001615,0.043139,2.500000,0.043946,0,6
0.0000,15.0,29.0,-0.031081,0.031422,0.000823,0.017040,2.500000,0.017451,0,6
0.0000,15.0,30.0,-0.048686,-0.020828,0.001986,0.024306,2.500000,0.025299,1,5
0.0000,15.0,31.0,-0.004350,0.034580,0.002864,0.010584,2.500000,0.012016,0,6
0.0000,16.0,0.0,-0.053289,-0.011902,0.003413,0.025745,2.500000,0.027452,-1,5
0.0000,16.0,1.0,-0.039421,-0.024905,0.001812,0.018933,2.500000,0.019839,0,5
0.0000,16.0,2.0,0.037774,-0.000826,0.004144,0.012420,2.500000,0.014492,0,9
0.0000,16.0,3.0,0.012899,-0.119199,0.003546,0.116139,2.500000,0.117912,0,9
0.0000,16.0,4.0,-0.055427,-0.027539,0.004533,0.033099,2.500000,0.035366,0,5
0.0000,16.0,5.0,0.043951,-0.011391,0.005198,0.017894,2.500000,0.020493,0,9
0.0000,16.0,6.0,-0.029433,-0.020242,0.003512,0.011148,2.500000,0.012904,0,5
0.0000,16.0,7.0,-0.022590,-0.067881,0.003447,0.043816,2.500000,0.045540,-1,5
0.0000,16.0,8.0,-0.029611,0.042703,0.001133,0.023483,2.500000,0.024049,0,6
0.0000,16.0,9.0,0.026106,0.066915,0.005853,0.044225,2.500000,0.047152,0,10
0.0000,16.0,10.0,-0.004215,-0.064646,0.004985,0.035936,2.500000,0.038428,0,5
0.0000,16.0,11.0,0.049945,0.044389,0.002201,0.038660,2.500000,0.039761,0,10
0.0000,16.0,12.0,0.004202,-0.002487,0.000336,0.000209,2.500000,0.000377,0,9
0.0000,16.0,13.0,0.028081,0.018376,0.000482,0.009843,2.500000,0.010084,0,10
0.0000,16.0,14.0,0.033732,0.022826,0.003341,0.014474,2.500000,0.016144,1,10
0.0000,16.0,15.0,0.092185,-0.058442,0.013933,0.100326,2.500000,0.107293,0,9
0.0000,16.0,16.0,-0.062373,0.009575,0.002669,0.034169,2.500000,0.035503,0,6
0.0000,16.0,17.0,0.037691,0.019288,0.003922,0.015617,2.500000,0.017578,1,10
0.0000,16.0,18.0,0.006865,-0.029807,0.003010,0.008168,2.500000,0.009673,0,9
0.0000,16.0,19.0,-0.064247,-0.025175,0.007245,0.040891,2.500000,0.044514,0,5
0.0000,16.0,20.0,0.003920,0.013002,0.000593,0.001616,2.500000,0.001913,0,10
0.0000,16.0,21.0,0.007079,0.010779,0.002785,0.001458,2.500000,0.002850,0,10
0.0000,16.0,22.0,0.007260,0.083103,0.006416,0.058653,2.500000,0.061861,0,10
0.0000,16.0,23.0,-0.003250,-0.050887,0.003751,0.022470,2.500000,0.024346,0,5
0.0000,16.0,24.0,-0.037550,-0.071389,0.007009,0.055673,2.500000,0.059177,-1,5
0.0000,16.0,25.0,-0.013375,0.037553,0.005633,0.013838,2.500000,0.016655,-1,6
0.0000,16.0,26.0,0.005095,-0.002889,0.004447,0.000301,2.500000,0.002524,0,9
0.0000,16.0,27.0,0.014261,-0.044169,0.000386,0.018704,2.500000,0.018897,0,9
0.0000,16.0,28.0,-0.009784,-0.019212,0.001206,0.004071,2.500000,0.004674,-1,5
0.0000,16.0,29.0,-0.046898,0.031919,0.002721,0.027936,2.500000,0.029297,0,6
0.0000,16.0,30.0,-0.003735,-0.050623,0.008086,0.022272,2.500000,0.026314,0,5
0.0000,16.0,31.0,0.000253,-0.023190,0.001054,0.004704,2.500000,0.005231,0,9
0.0000,17.0,0.0,0.054876,0.027961,0.005698,0.032788,2.500000,0.035637,1,10
0.0000,17.0,1.0,-0.012760,-0.024490,0.001346,0.006670,2.500000,0.007343,0,5
0.0000,17.0,2.0,-0.000709,0.020705,0.004706,0.003756,2.500000,0.006109,0,6
0.0000,17.0,3.0,0.004104,-0.086990,0.007051,0.063664,2.500000,0.067189,-1,9
0.0000,17.0,4.0,-0.075618,0.059578,0.001020,0.079029,2.500000,0.079539,0,6
0.0000,17.0,5.0,-0.079196,0.001393,0.008054,0.053062,2.500000,0.057089,0,6
0.0000,17.0,6.0,0.020416,0.075925,0.006990,0.052548,2.500000,0.056043,0,10
0.0000,17.0,7.0,-0.035100,-0.031072,0.006864,0.019154,2.500000,0.022586,0,5
0.0000,17.0,8.0,-0.045579,0.018484,0.004638,0.020998,2.500000,0.023317,0,6
0.0000,17.0,9.0,-0.044760,0.079657,0.004665,0.071020,2.500000,0.073352,0,6
0.0000,17.0,10.0,0.003897,0.006448,0.001312,0.000498,2.500000,0.001154,0,10
0.0000,17.0,11.0,0.021946,-0.016693,0.002434,0.006654,2.500000,0.007871,-1,9
0.0000,17.0,12.0,-0.011184,0.007506,0.002567,0.001591,2.500000,0.002874,0,6
0.0000,17.0,13.0,0.056204,0.051336,0.008499,0.049979,2.500000,0.054228,1,10
0.0000,17.0,14.0,0.028582,-0.034765,0.004374,0.017662,2.500000,0.019849,1,9
0.0000,17.0,15.0,-0.022641,0.060013,0.004427,0.035424,2.500000,0.037637,0,6
0.0000,17.0,16.0,-0.078786,-0.007747,0.010699,0.053043,2.500000,0.058393,0,5
0.0000,17.0,17.0,-0.072041,0.002323,0.008242,0.044219,2.500000,0.048340,0,6
0.0000,17.0,18.0,0.073574,-0.079911,0.002730,0.100000,2.500000,0.101365,-1,9
0.0000,17.0,19.0,0.084797,0.000587,0.009801,0.060489,2.500000,0.065390,1,10
0.0000,17.0,20.0,-0.026518,-0.024837,0.003645,0.011537,2.500000,0.013359,0,5
0.0000,17.0,21.0,0.010295,0.087580,0.006470,0.065270,2.500000,0.068505,0,10
0.0000,17.0,22.0,0.079546,0.034368,0.006237,0.063793,2.500000,0.066912,0,10
0.0000,17.0,23.0,-0.075513,0.039593,0.005226,0.062019,2.500000,0.064632,1,6
0.0000,17.0,24.0,0.001333,0.047230,0.008089,0.019332,2.500000,0.023377,-1,10
0.0000,17.0,25.0,0.080230,-0.071040,0.003719,0.097392,2.500000,0.099251,0,9
0.0000,17.0,26.0,0.119950,-0.055863,0.013844,0.142914,2.500000,0.149836,1,9
0.0000,17.0,27.0,0.015609,-0.025690,0.000820,0.007902,2.500000,0.008312,0,9
0.0000,17.0,28.0,-0.016912,-0.047185,0.005284,0.021786,2.500000,0.024428,0,5
0.0000,17.0,29.0,-0.021531,0.071496,0.003527,0.047583,2.500000,0.049347,0,6
0.0000,17.0,30.0,-0.002458,0.127064,0.007188,0.128879,2.500000,0.132473,-1,6
0.0000,17.0,31.0,0.002176,0.011726,0.001994,0.001247,2.500000,0.002244,0,10
0.0000,18.0,0.0,-0.066696,0.001763,0.005608,0.038053,2.500000,0.040857,0,6
0.0000,18.0,1.0,-0.015161,-0.080973,0.002189,0.057375,2.500000,0.058470,0,5
0.0000,18.0,2.0,-0.024337,-0.060811,0.000325,0.036929,2.500000,0.037091,0,5
0.0000,18.0,3.0,-0.013473,-0.094617,0.010725,0.076123,2.500000,0.081486,0,5
0.0000,18.0,4.0,-0.050472,0.052622,0.006322,0.045927,2.500000,0.049087,1,6
0.0000,18.0,5.0,-0.103281,0.128504,0.015098,0.219478,2.500000,0.227028,0,6
0.0000,18.0,6.0,-0.033481,-0.026661,0.007994,0.015981,2.500000,0.019978,1,5
0.0000,18.0,7.0,0.009613,0.120228,0.003516,0.117310,2.500000,0.119068,0,10
0.0000,18.0,8.0,-0.021305,0.137736,0.015544,0.152834,2.500000,0.160606,1,6
0.0000,18.0,9.0,0.025579,0.002294,0.002395,0.005764,2.500000,0.006962,0,10
0.0000,18.0,10.0,-0.043265,0.052969,0.003335,0.040461,2.500000,0.042129,-1,6
0.0000,18.0,11.0,-0.066134,0.000430,0.000084,0.037405,2.500000,0.037447,-1,6
0.0000,18.0,12.0,-0.071600,-0.004921,0.005680,0.043862,2.500000,0.046702,0,5
0.0000,18.0,13.0,-0.079110,-0.035318,0.007339,0.063802,2.500000,0.067471,0,5
0.0000,18.0,14.0,0.011185,0.039980,0.004781,0.014989,2.500000,0.017380,-1,10
0.0000,18.0,15.0,-0.020103,-0.039770,0.011954,0.017286,2.500000,0.023263,0,5
0.0000,18.0,16.0,0.121850,0.041183,0.006674,0.134132,2.500000,0.137469,0,10
0.0000,18.0,17.0,-0.001666,0.009375,0.005250,0.000795,2.500000,0.003420,0,6
0.0000,18.0,18.0,0.010866,-0.099504,0.014975,0.083007,2.500000,0.090494,-1,9
0.0000,18.0,19.0,-0.063357,0.065528,0.003155,0.071148,2.500000,0.072725,-1,6
0.0000,18.0,20.0,-0.041880,-0.043532,0.002431,0.031675,2.500000,0.032890,1,5
0.0000,18.0,21.0,-0.084267,-0.008921,0.010429,0.060462,2.500000,0.065677,1,5
0.0000,18.0,22.0,0.106413,0.046851,0.006842,0.111992,2.500000,0.115413,0,10
0.0000,18.0,23.0,0.021126,-0.035237,0.003953,0.014720,2.500000,0.016696,0,9
0.0000,18.0,24.0,0.049852,-0.051721,0.003432,0.044598,2.500000,0.046314,0,9
0.0000,18.0,25.0,-0.032864,-0.054359,0.003547,0.034898,2.500000,0.036672,-1,5
0.0000,18.0,26.0,-0.060567,0.048977,0.005339,0.052258,2.500000,0.054927,0,6
0.0000,18.0,27.0,-0.018354,-0.050336,0.003219,0.024853,2.500000,0.026462,0,5
0.0000,18.0,28.0,0.063401,-0.071271,0.005411,0.077719,2.500000,0.080424,0,9
0.0000,18.0,29.0,0.071538,0.026838,0.002787,0.049870,2.500000,0.051264,0,10
0.0000,18.0,30.0,0.046511,0.012918,0.007832,0.020203,2.500000,0.024120,1,10
0.0000,18.0,31.0,-0.058067,-0.024431,0.000553,0.034224,2.500000,0.034500,0,5
0.0000,19.0,0.0,0.018616,0.076958,0.001739,0.053228,2.500000,0.054097,0,10
0.0000,19.0,1.0,0.001519,0.008407,0.002793,0.000640,2.500000,0.002037,0,10
0.0000,19.0,2.0,-0.030261,-0.059364,0.005721,0.038280,2.500000,0.041141,-1,5
0.0000,19.0,3.0,0.083555,0.007542,0.002542,0.059299,2.500000,0.060570,0,10
0.0000,19.0,4.0,0.036253,-0.043390,0.002144,0.027780,2.500000,0.028852,0,9
0.0000,19.0,5.0,0.007757,-0.009757,0.001413,0.001362,2.500000,0.002069,-1,9
0.0000,19.0,6.0,0.049622,0.013786,0.004049,0.022960,2.500000,0.024985,0,10
0.0000,19.0,7.0,0.037316,0.010533,0.007055,0.013090,2.500000,0.016617,0,10
0.0000,19.0,8.0,-0.062108,-0.062181,0.000962,0.066260,2.500000,0.066741,0,5
0.0000,19.0,9.0,-0.013590,-0.024903,0.002746,0.007040,2.500000,0.008413,0,5
0.0000,19.0,10.0,0.032720,-0.012471,0.002524,0.010697,2.500000,0.011959,1,9
0.0000,19.0,11.0,-0.049544,-0.001361,0.005558,0.021244,2.500000,0.024023,0,5
0.0000,19.0,12.0,0.075354,0.007069,0.005291,0.048629,2.500000,0.051275,0,10
0.0000,19.0,13.0,0.027610,0.029050,0.004174,0.014025,2.500000,0.016112,0,10
0.0000,19.0,14.0,-0.097370,0.040267,0.016142,0.092786,2.500000,0.100857,0,6
0.0000,19.0,15.0,0.082467,0.063146,0.007825,0.091530,2.500000,0.095442,0,10
0.0000,19.0,16.0,0.047586,-0.028898,0.001633,0.026897,2.500000,0.027713,1,9
0.0000,19.0,17.0,0.007350,-0.084999,0.009953,0.061237,2.500000,0.066214,-1,9
0.0000,19.0,18.0,-0.037000,0.058176,0.001631,0.041029,2.500000,0.041845,0,6
0.0000,19.0,19.0,-0.072783,0.052317,0.009566,0.068698,2.500000,0.073481,0,6
0.0000,19.0,20.0,0.018151,0.012362,0.001493,0.004224,2.500000,0.004971,1,10
0.0000,19.0,21.0,-0.038622,-0.021697,0.019146,0.017092,2.500000,0.026665,0,5
0.0000,19.0,22.0,0.031283,-0.040973,0.006281,0.023122,2.500000,0.026263,0,9
0.0000,19.0,23.0,-0.066566,0.048578,0.003028,0.058306,2.500000,0.059820,0,6
0.0000,19.0,24.0,-0.017130,-0.002810,0.000497,0.002639,2.500000,0.002888,0,5
0.0000,19.0,25.0,-0.007231,-0.008710,0.002299,0.001124,2.500000,0.002273,-1,5
0.0000,19.0,26.0,0.034269,0.075748,0.008452,0.058914,2.500000,0.063140,0,10
0.0000,19.0,27.0,-0.063836,0.010363,0.002845,0.035852,2.500000,0.037274,0,6
0.0000,19.0,28.0,0.021616,0.029749,0.002152,0.011812,2.500000,0.012888,0,10
0.0000,19.0,29.0,-0.027243,0.050733,0.001717,0.028729,2.500000,0.029587,0,6
0.0000,19.0,30.0,-0.086854,0.047727,0.002894,0.083055,2.500000,0.084501,0,6
0.0000,19.0,31.0,-0.091198,-0.005572,0.006085,0.069774,2.500000,0.072817,0,5
0.0000,20.0,0.0,0.007648,0.033993,0.005372,0.010582,2.500000,0.013268,1,10
0.0000,20.0,1.0,0.010165,0.082540,0.004263,0.058343,2.500000,0.060475,0,10
0.0000,20.0,2.0,-0.003743,0.009565,0.002421,0.000925,2.500000,0.002136,0,6
0.0000,20.0,3.0,0.010794,0.000991,0.005719,0.001030,2.500000,0.003889,1,10
0.0000,20.0,4.0,0.117086,-0.033492,0.012838,0.120763,2.500000,0.127182,0,9
0.0000,20.0,5.0,0.065554,-0.007439,0.005405,0.037253,2.500000,0.039955,0,9
0.0000,20.0,6.0,-0.076545,0.003088,0.001427,0.049757,2.500000,0.050471,0,6
0.0000,20.0,7.0,-0.057222,-0.053576,0.000203,0.052951,2.500000,0.053053,0,5
0.0000,20.0,8.0,-0.058796,-0.071814,0.011603,0.073635,2.500000,0.079436,0,5
0.0000,20.0,9.0,0.076386,-0.000630,0.001459,0.049478,2.500000,0.050208,0,9
0.0000,20.0,10.0,0.051288,0.041007,0.000655,0.037336,2.500000,0.037664,0,10
0.0000,20.0,11.0,0.023668,0.033284,0.003408,0.014555,2.500000,0.016259,0,10
0.0000,20.0,12.0,-0.060035,-0.001407,0.002058,0.030979,2.500000,0.032008,0,5
0.0000,20.0,13.0,0.011286,0.002929,0.001258,0.001192,2.500000,0.001821,0,10
0.0000,20.0,14.0,0.079513,0.019842,0.004711,0.056901,2.500000,0.059257,-1,10
0.0000,20.0,15.0,-0.054741,0.010366,0.002024,0.026776,2.500000,0.027788,0,6
0.0000,20.0,16.0,0.026532,0.007485,0.003775,0.006642,2.500000,0.008529,0,10
0.0000,20.0,17.0,-0.083237,0.010609,0.003142,0.059358,2.500000,0.060929,0,6
0.0000,20.0,18.0,0.015783,0.008947,0.004818,0.002884,2.500000,0.005293,0,10
0.0000,20.0,19.0,0.094537,0.032222,0.000878,0.083471,2.500000,0.083910,0,10
0.0000,20.0,20.0,0.049798,0.036615,0.008152,0.033115,2.500000,0.037191,0,10
0.0000,20.0,21.0,0.130574,0.184938,0.026570,0.380533,2.500000,0.393818,-1,10
0.0000,20.0,22.0,0.021246,0.045212,0.006880,0.021671,2.500000,0.025111,0,10
0.0000,20.0,23.0,-0.036362,-0.029618,0.000283,0.019168,2.500000,0.019310,1,5
0.0000,20.0,24.0,-0.029158,-0.044177,0.003884,0.024351,2.500000,0.026293,0,5
0.0000,20.0,25.0,-0.010825,0.009374,0.003116,0.001798,2.500000,0.003356,0,6
0.0000,20.0,26.0,-0.106034,0.060801,0.004876,0.124111,2.500000,0.126549,0,6
0.0000,20.0,27.0,-0.028184,0.059687,0.001521,0.037550,2.500000,0.038310,0,6
0.0000,20.0,28.0,-0.042968,-0.010367,0.001715,0.016967,2.500000,0.017824,0,5
0.0000,20.0,29.0,-0.084726,0.050435,0.002318,0.082386,2.500000,0.083545,0,6
0.0000,20.0,30.0,-0.007095,-0.000780,0.000545,0.000447,2.500000,0.000719,1,5
0.0000,20.0,31.0,-0.027467,0.031973,0.002886,0.015506,2.500000,0.016949,0,6
0.0000,21.0,0.0,-0.130574,0.038423,0.006479,0.148169,2.500000,0.151408,0,6
0.0000,21.0,1.0,0.004555,-0.024707,0.001464,0.005518,2.500000,0.006251,0,9
0.0000,21.0,2.0,0.054625,-0.067836,0.008785,0.065034,2.500000,0.069427,0,9
0.0000,21.0,3.0,0.038274,0.099141,0.004559,0.094158,2.500000,0.096438,0,10
0.0000,21.0,4.0,-0.050556,0.107627,0.006868,0.117061,2.500000,0.120495,0,6
0.0000,21.0,5.0,0.029459,-0.011391,0.002008,0.008713,2.500000,0.009717,0,9
0.0000,21.0,6.0,-0.042502,0.034144,0.006542,0.025842,2.500000,0.029113,0,6
0.0000,21.0,7.0,-0.056694,-0.031754,0.007425,0.036471,2.500000,0.040183,0,5
0.0000,21.0,8.0,0.067439,0.012659,0.005664,0.040260,2.500000,0.043092,-1,10
0.0000,21.0,9.0,0.017594,0.003359,0.001983,0.002810,2.500000,0.003801,0,10
0.0000,21.0,10.0,0.091041,0.026253,0.004953,0.075299,2.500000,0.077775,0,10
0.0000,21.0,11.0,0.033928,0.106206,0.007835,0.102668,2.500000,0.106586,1,10
0.0000,21.0,12.0,-0.005237,0.009725,0.000925,0.001070,2.500000,0.001532,-1,6
0.0000,21.0,13.0,0.020152,-0.000375,0.004485,0.003556,2.500000,0.005798,-1,9
0.0000,21.0,14.0,0.106527,0.020719,0.011026,0.096913,2.500000,0.102426,1,10
0.0000,21.0,15.0,-0.039679,-0.025078,0.006418,0.019184,2.500000,0.022394,0,5
0.0000,21.0,16.0,0.025433,0.062613,0.003761,0.039270,2.500000,0.041151,0,10
0.0000,21.0,17.0,-0.033812,-0.007182,0.002167,0.010416,2.500000,0.011499,0,5
0.0000,21.0,18.0,-0.070241,-0.062664,0.010366,0.075735,2.500000,0.080918,0,5
0.0000,21.0,19.0,0.056461,0.025787,0.002587,0.033265,2.500000,0.034558,1,10
0.0000,21.0,20.0,-0.008002,0.063836,0.008702,0.035472,2.500000,0.039823,0,6
0.0000,21.0,21.0,0.052756,-0.077263,0.010135,0.074609,2.500000,0.079676,1,9
0.0000,21.0,22.0,-0.105926,-0.004071,0.004114,0.092319,2.500000,0.094376,0,5
0.0000,21.0,23.0,-0.008043,-0.037855,0.002643,0.013035,2.500000,0.014356,0,5
0.0000,21.0,24.0,0.035588,0.046051,0.003499,0.029407,2.500000,0.031156,0,10
0.0000,21.0,25.0,0.006178,0.030982,0.001913,0.008709,2.500000,0.009666,0,10
0.0000,21.0,26.0,-0.012294,-0.007421,0.003090,0.001808,2.500000,0.003353,0,5
0.0000,21.0,27.0,-0.046415,0.084677,0.005375,0.078995,2.500000,0.081683,0,6
0.0000,21.0,28.0,-0.006602,-0.020254,0.006516,0.003972,2.500000,0.007230,0,5
0.0000,21.0,29.0,-0.091359,0.074474,0.008073,0.116866,2.500000,0.120903,0,6
0.0000,21.0,30.0,-0.030056,0.012014,0.002622,0.009149,2.500000,0.010460,-1,6
0.0000,21.0,31.0,0.010168,-0.062317,0.008940,0.034213,2.500000,0.038683,0,9
0.0000,22.0,0.0,-0.087986,-0.004674,0.004488,0.065103,2.500000,0.067347,1,5
0.0000,22.0,1.0,-0.010641,-0.060203,0.008540,0.032124,2.500000,0.036395,-1,5
0.0000,22.0,2.0,0.083906,0.010492,0.004597,0.060240,2.500000,0.062538,1,10
0.0000,22.0,3.0,0.048493,-0.001694,0.006683,0.020375,2.500000,0.023716,0,9
0.0000,22.0,4.0,-0.095575,0.037775,0.009905,0.088390,2.500000,0.093342,0,6
0.0000,22.0,5.0,0.002085,-0.005947,0.002175,0.000348,2.500000,0.001436,0,9
0.0000,22.0,6.0,0.087308,-0.034951,0.003937,0.074605,2.500000,0.076573,-1,9
0.0000,22.0,7.0,0.021074,0.047441,0.006388,0.023374,2.500000,0.026568,-1,10
0.0000,22.0,8.0,-0.024008,-0.095606,0.007834,0.081056,2.500000,0.084973,0,5
0.0000,22.0,9.0,-0.002198,0.043618,0.000428,0.016549,2.500000,0.016763,0,6
0.0000,22.0,10.0,-0.009709,0.028794,0.001230,0.008065,2.500000,0.008680,0,6
0.0000,22.0,11.0,-0.068107,0.005775,0.004512,0.039900,2.500000,0.042155,0,6
0.0000,22.0,12.0,0.047068,-0.004973,0.003739,0.019403,2.500000,0.021273,0,9
0.0000,22.0,13.0,-0.062909,-0.056361,0.002624,0.061289,2.500000,0.062602,0,5
0.0000,22.0,14.0,-0.037033,0.025212,0.003691,0.017492,2.500000,0.019338,0,6
0.0000,22.0,15.0,-0.117270,0.062808,0.020510,0.145147,2.500000,0.155401,0,6
0.0000,22.0,16.0,0.070545,-0.005426,0.007068,0.042668,2.500000,0.046201,0,9
0.0000,22.0,17.0,-0.093832,0.018505,0.006448,0.076364,2.500000,0.079588,1,6
0.0000,22.0,18.0,0.022565,0.032076,0.002005,0.013426,2.500000,0.014429,0,10
0.0000,22.0,19.0,-0.008855,0.003892,0.002903,0.000820,2.500000,0.002272,0,6
0.0000,22.0,20.0,0.003743,-0.041374,0.003482,0.014992,2.500000,0.016733,0,9
0.0000,22.0,21.0,0.040933,0.022044,0.004570,0.018808,2.500000,0.021093,0,10
0.0000,22.0,22.0,-0.047204,0.043740,0.004013,0.035896,2.500000,0.037903,-1,6
0.0000,22.0,23.0,-0.046597,-0.025964,0.000749,0.024701,2.500000,0.025075,0,5
0.0000,22.0,24.0,-0.006709,-0.059370,0.008645,0.030689,2.500000,0.035011,0,5
0.0000,22.0,25.0,0.033898,0.102179,0.010974,0.096184,2.500000,0.101671,1,10
0.0000,22.0,26.0,0.014085,0.037507,0.010441,0.013980,2.500000,0.019200,0,10
0.0000,22.0,27.0,0.036773,0.040115,0.008321,0.025757,2.500000,0.029918,0,10
0.0000,22.0,28.0,-0.081326,-0.085993,0.015559,0.117980,2.500000,0.125759,-1,5
0.0000,22.0,29.0,0.064860,0.059369,0.005221,0.066312,2.500000,0.068922,1,10
0.0000,22.0,30.0,0.021838,0.037529,0.001461,0.016428,2.500000,0.017158,0,10
0.0000,22.0,31.0,0.040489,0.007567,0.005209,0.014748,2.500000,0.017352,0,10
0.0000,23.0,0.0,0.006176,-0.008912,0.004132,0.001031,2.500000,0.003097,1,9
0.0000,23.0,1.0,-0.028159,0.080927,0.008855,0.062226,2.500000,0.066653,0,6
0.0000,23.0,2.0,-0.045773,-0.002518,0.001238,0.018214,2.500000,0.018832,0,5
0.0000,23.0,3.0,0.002766,0.046544,0.004575,0.018834,2.500000,0.021121,0,10
0.0000,23.0,4.0,0.044114,-0.055265,0.006365,0.043205,2.500000,0.046388,1,9
0.0000,23.0,5.0,-0.021686,-0.000296,0.000716,0.004115,2.500000,0.004474,-1,5
0.0000,23.0,6.0,0.021458,-0.019580,0.002007,0.007385,2.500000,0.008388,0,9
0.0000,23.0,7.0,-0.027726,0.021457,0.002903,0.010742,2.500000,0.012194,0,6
0.0000,23.0,8.0,0.055675,-0.024002,0.003128,0.031745,2.500000,0.033309,0,9
0.0000,23.0,9.0,0.033795,0.055456,0.004405,0.036456,2.500000,0.038658,1,10
0.0000,23.0,10.0,0.006648,0.055464,0.012470,0.026896,2.500000,0.033131,-1,10
0.0000,23.0,11.0,-0.135419,-0.005821,0.018847,0.144731,2.500000,0.154154,0,5
0.0000,23.0,12.0,0.039182,-0.017539,0.003250,0.016043,2.500000,0.017668,0,9
0.0000,23.0,13.0,-0.066925,-0.000177,0.006021,0.038280,2.500000,0.041291,1,5
0.0000,23.0,14.0,0.040487,0.055283,0.008947,0.040585,2.500000,0.045059,-1,10
0.0000,23.0,15.0,0.041352,-0.067373,0.003463,0.053637,2.500000,0.055368,1,9
0.0000,23.0,16.0,0.044706,-0.008730,0.005576,0.017999,2.500000,0.020787,0,9
0.0000,23.0,17.0,0.003068,-0.033162,0.005155,0.009669,2.500000,0.012247,0,9
0.0000,23.0,18.0,0.094033,-0.001556,0.012883,0.073684,2.500000,0.080126,0,9
0.0000,23.0,19.0,-0.105473,0.012181,0.007505,0.092741,2.500000,0.096494,1,6
0.0000,23.0,20.0,0.034849,0.045556,0.008938,0.028569,2.500000,0.033038,0,10
0.0000,23.0,21.0,-0.058254,0.036255,0.012399,0.040634,2.500000,0.046833,0,6
0.0000,23.0,22.0,0.039528,-0.016843,0.002368,0.016068,2.500000,0.017252,1,9
0.0000,23.0,23.0,-0.031522,-0.018115,0.001910,0.011540,2.500000,0.012495,0,5
0.0000,23.0,24.0,-0.055845,0.007107,0.003017,0.027310,2.500000,0.028818,0,6
0.0000,23.0,25.0,-0.049094,-0.077916,0.003121,0.072263,2.500000,0.073823,0,5
0.0000,23.0,26.0,-0.041457,-0.157829,0.011112,0.203599,2.500000,0.209156,0,5
0.0000,23.0,27.0,0.055728,-0.015338,0.004213,0.028818,2.500000,0.030924,-1,9
0.0000,23.0,28.0,-0.001076,0.029308,0.001515,0.007508,2.500000,0.008266,-1,6
0.0000,23.0,29.0,-0.056842,-0.001810,0.009849,0.027845,2.500000,0.032770,-1,5
0.0000,23.0,30.0,0.045253,-0.026103,0.001757,0.023707,2.500000,0.024586,0,9
0.0000,23.0,31.0,0.011897,-0.050408,0.003310,0.023205,2.500000,0.024860,1,9
0.0000,24.0,0.0,0.011767,0.076208,0.008755,0.050466,2.500000,0.054844,-1,10
0.0000,24.0,1.0,-0.071205,-0.081224,0.005016,0.098890,2.500000,0.101398,0,5
0.0000,24.0,2.0,-0.033332,-0.008270,0.000172,0.010284,2.500000,0.010370,-1,5
0.0000,24.0,3.0,-0.051996,-0.010262,0.003605,0.024271,2.500000,0.026073,0,5
0.0000,24.0,4.0,-0.022939,0.061403,0.006481,0.036961,2.500000,0.040202,0,6
0.0000,24.0,5.0,-0.042681,-0.014145,0.004307,0.017566,2.500000,0.019720,0,5
0.0000,24.0,6.0,0.043940,0.038911,0.000387,0.029916,2.500000,0.030110,0,10
0.0000,24.0,7.0,0.023070,0.018612,0.000818,0.007688,2.500000,0.008097,0,10
0.0000,24.0,8.0,0.016882,0.040920,0.003565,0.017044,2.500000,0.018827,1,10
0.0000,24.0,9.0,-0.087871,0.009845,0.010728,0.065599,2.500000,0.070964,0,6
0.0000,24.0,10.0,0.048359,-0.100111,0.005857,0.103165,2.500000,0.106094,0,9
0.0000,24.0,11.0,0.076013,-0.013667,0.006749,0.050646,2.500000,0.054021,0,9
0.0000,24.0,12.0,0.002579,-0.027534,0.001030,0.006680,2.500000,0.007195,0,9
0.0000,24.0,13.0,0.013626,-0.054784,0.002978,0.027501,2.500000,0.028990,0,9
0.0000,24.0,14.0,0.120266,-0.064618,0.018450,0.152347,2.500000,0.161572,-1,9
0.0000,24.0,15.0,0.038894,0.034580,0.006005,0.023573,2.500000,0.026576,1,10
0.0000,24.0,16.0,-0.091316,-0.047085,0.002869,0.088882,2.500000,0.090317,1,5
0.0000,24.0,17.0,-0.090309,0.018100,0.012848,0.071088,2.500000,0.077512,0,6
0.0000,24.0,18.0,0.025107,0.080830,0.006593,0.060684,2.500000,0.063980,1,10
0.0000,24.0,19.0,-0.009516,0.015125,0.009319,0.002798,2.500000,0.007458,0,6
0.0000,24.0,20.0,0.030990,-0.118710,0.008453,0.122206,2.500000,0.126432,1,9
0.0000,24.0,21.0,0.081616,-0.096597,0.012505,0.133751,2.500000,0.140004,1,9
0.0000,24.0,22.0,0.026108,-0.081979,0.005470,0.062648,2.500000,0.065383,0,9
0.0000,24.0,23.0,0.031101,0.031784,0.004624,0.017249,2.500000,0.019561,0,10
0.0000,24.0,24.0,-0.053639,-0.062091,0.003251,0.057898,2.500000,0.059523,0,5
0.0000,24.0,25.0,-0.032672,-0.001944,0.001789,0.009340,2.500000,0.010234,0,5
0.0000,24.0,26.0,0.027168,-0.057875,0.005119,0.035265,2.500000,0.037825,0,9
0.0000,24.0,27.0,-0.033722,-0.075587,0.007029,0.058393,2.500000,0.061908,0,5
0.0000,24.0,28.0,-0.041166,0.048660,0.006297,0.035211,2.500000,0.038359,0,6
0.0000,24.0,29.0,0.108794,0.028968,0.007895,0.104212,2.500000,0.108159,0,10
0.0000,24.0,30.0,-0.027457,-0.020101,0.002523,0.010121,2.500000,0.011383,0,5
0.0000,24.0,31.0,0.035823,0.054064,0.000933,0.036386,2.500000,0.036852,0,10
0.0000,25.0,0.0,0.043420,0.027733,0.004033,0.023077,2.500000,0.025093,0,10
0.0000,25.0,1.0,0.035315,-0.036957,0.003219,0.022750,2.500000,0.024360,0,9
0.0000,25.0,2.0,-0.051417,-0.005483,0.004540,0.023102,2.500000,0.025372,1,5
0.0000,25.0,3.0,0.032436,0.025934,0.002633,0.015052,2.500000,0.016368,0,10
0.0000,25.0,4.0,0.048473,-0.059956,0.004103,0.051220,2.500000,0.053271,-1,9
0.0000,25.0,5.0,-0.000308,0.057379,0.000631,0.028336,2.500000,0.028651,0,6
0.0000,25.0,6.0,0.023477,0.055687,0.001340,0.031539,2.500000,0.032209,0,10
0.0000,25.0,7.0,0.069950,0.041828,0.003914,0.056915,2.500000,0.058872,0,10
0.0000,25.0,8.0,-0.031031,0.046047,0.006896,0.026774,2.500000,0.030222,0,6
0.0000,25.0,9.0,-0.026991,-0.082667,0.009329,0.063973,2.500000,0.068638,0,5
0.0000,25.0,10.0,0.054302,0.022999,0.006575,0.030055,2.500000,0.033342,1,10
0.0000,25.0,11.0,-0.052234,-0.084113,0.005202,0.083123,2.500000,0.085725,0,5
0.0000,25.0,12.0,-0.035864,-0.069686,0.003786,0.052615,2.500000,0.054508,-1,5
0.0000,25.0,13.0,0.034108,-0.049751,0.007359,0.031542,2.500000,0.035222,0,9
0.0000,25.0,14.0,-0.113815,-0.014176,0.013589,0.107095,2.500000,0.113889,1,5
0.0000,25.0,15.0,0.058040,0.028996,0.002590,0.036320,2.500000,0.037614,-1,10
0.0000,25.0,16.0,-0.028159,0.009808,0.005084,0.007768,2.500000,0.010310,0,6
0.0000,25.0,17.0,0.041215,-0.111661,0.013030,0.116441,2.500000,0.122956,0,9
0.0000,25.0,18.0,-0.051944,-0.041312,0.012250,0.038128,2.500000,0.044253,1,5
0.0000,25.0,19.0,0.118125,0.052958,0.005393,0.137018,2.500000,0.139714,0,10
0.0000,25.0,20.0,0.018714,0.056246,0.001179,0.030314,2.500000,0.030903,1,10
0.0000,25.0,21.0,0.001148,0.104031,0.028943,0.089126,2.500000,0.103597,0,10
0.0000,25.0,22.0,-0.059854,-0.121024,0.009992,0.148717,2.500000,0.153714,0,5
0.0000,25.0,23.0,0.057188,-0.010901,0.007187,0.029191,2.500000,0.032785,0,9
0.0000,25.0,24.0,-0.012876,0.023268,0.001212,0.006188,2.500000,0.006794,1,6
0.0000,25.0,25.0,-0.039088,0.018195,0.002917,0.016184,2.500000,0.017643,1,6
0.0000,25.0,26.0,0.040212,0.069731,0.002782,0.055522,2.500000,0.056912,0,10
0.0000,25.0,27.0,0.056865,-0.009119,0.002556,0.028568,2.500000,0.029846,0,9
0.0000,25.0,28.0,-0.006735,0.015098,0.000466,0.002395,2.500000,0.002628,0,6
0.0000,25.0,29.0,0.011701,-0.005405,0.002324,0.001456,2.500000,0.002618,0,9
0.0000,25.0,30.0,-0.044035,-0.037814,0.011615,0.029262,2.500000,0.035069,0,5
0.0000,25.0,31.0,-0.014494,0.042687,0.006427,0.017658,2.500000,0.020871,0,6
0.0000,26.0,0.0,-0.047660,-0.032140,0.006339,0.028675,2.500000,0.031844,1,5
0.0000,26.0,1.0,0.073905,0.016653,0.002442,0.048843,2.500000,0.050064,0,10
0.0000,26.0,2.0,0.043700,-0.038547,0.001815,0.029493,2.500000,0.030400,-1,9
0.0000,26.0,3.0,0.085744,0.018372,0.004340,0.064743,2.500000,0.066913,1,10
0.0000,26.0,4.0,0.043862,-0.044294,0.002890,0.033708,2.500000,0.035153,0,9
0.0000,26.0,5.0,-0.025215,0.020829,0.001763,0.009354,2.500000,0.010235,0,6
0.0000,26.0,6.0,0.049337,0.007324,0.001731,0.021524,2.500000,0.022390,0,10
0.0000,26.0,7.0,-0.003805,0.042596,0.002570,0.015877,2.500000,0.017162,1,6
0.0000,26.0,8.0,0.025544,-0.042259,0.003633,0.021208,2.500000,0.023024,0,9
0.0000,26.0,9.0,0.051334,0.033126,0.004605,0.032333,2.500000,0.034635,1,10
0.0000,26.0,10.0,0.017651,-0.023180,0.003309,0.007428,2.500000,0.009082,0,9
0.0000,26.0,11.0,-0.012997,0.052976,0.003864,0.025702,2.500000,0.027634,-1,6
0.0000,26.0,12.0,-0.003283,0.024063,0.004434,0.005157,2.500000,0.007374,0,6
0.0000,26.0,13.0,0.110596,-0.028776,0.007791,0.107120,2.500000,0.111015,0,9
0.0000,26.0,14.0,0.009528,-0.102186,0.004300,0.086971,2.500000,0.089121,0,9
0.0000,26.0,15.0,0.091897,-0.008611,0.008200,0.071168,2.500000,0.075268,0,9
0.0000,26.0,16.0,-0.023847,-0.017562,0.003005,0.007674,2.500000,0.009176,1,5
0.0000,26.0,17.0,-0.013976,0.076612,0.002837,0.051469,2.500000,0.052888,0,6
0.0000,26.0,18.0,0.046507,-0.002621,0.001554,0.018798,2.500000,0.019575,0,9
0.0000,26.0,19.0,0.011764,0.033816,0.000546,0.011179,2.500000,0.011452,0,10
0.0000,26.0,20.0,-0.008624,0.019159,0.009949,0.003866,2.500000,0.008840,-1,6
0.0000,26.0,21.0,-0.049053,-0.138628,0.010342,0.171409,2.500000,0.176580,0,5
0.0000,26.0,22.0,-0.077509,-0.003417,0.005817,0.050990,2.500000,0.053899,1,5
0.0000,26.0,23.0,-0.039615,0.104421,0.009738,0.103392,2.500000,0.108261,0,6
0.0000,26.0,24.0,0.010988,0.082984,0.004835,0.059090,2.500000,0.061507,0,10
0.0000,26.0,25.0,-0.003600,-0.020075,0.001087,0.003641,2.500000,0.004185,-1,5
0.0000,26.0,26.0,0.019536,0.004891,0.002926,0.003551,2.500000,0.005014,1,10
0.0000,26.0,27.0,-0.005887,0.031550,0.001797,0.008986,2.500000,0.009885,-1,6
0.0000,26.0,28.0,-0.022318,-0.014267,0.004732,0.006141,2.500000,0.008506,1,5
0.0000,26.0,29.0,-0.003100,0.064733,0.007425,0.035959,2.500000,0.039671,0,6
0.0000,26.0,30.0,0.101040,0.096567,0.023425,0.161883,2.500000,0.173595,1,10
0.0000,26.0,31.0,-0.077247,-0.092187,0.003474,0.121524,2.500000,0.123261,-1,5
0.0000,27.0,0.0,0.028758,0.016421,0.001813,0.009583,2.500000,0.010489,0,10
0.0000,27.0,1.0,0.028235,-0.044373,0.000776,0.024039,2.500000,0.024427,0,9
0.0000,27.0,2.0,0.006155,-0.067609,0.003941,0.039378,2.500000,0.041348,-1,9
0.0000,27.0,3.0,-0.018965,0.045140,0.004830,0.020814,2.500000,0.023229,0,6
0.0000,27.0,4.0,0.014593,-0.085399,0.005058,0.063178,2.500000,0.065707,0,9
0.0000,27.0,5.0,-0.012528,-0.013084,0.004678,0.002876,2.500000,0.005215,0,5
0.0000,27.0,6.0,0.039554,0.059877,0.001590,0.044406,2.500000,0.045201,0,10
0.0000,27.0,7.0,-0.001667,-0.004440,0.001798,0.000197,2.500000,0.001097,-1,5
0.0000,27.0,8.0,0.041059,0.046860,0.005143,0.033666,2.500000,0.036238,1,10
0.0000,27.0,9.0,-0.065791,0.013231,0.005526,0.038562,2.500000,0.041325,0,6
0.0000,27.0,10.0,0.004466,0.056341,0.005546,0.027513,2.500000,0.030286,-1,10
0.0000,27.0,11.0,0.036899,-0.056730,0.005133,0.039562,2.500000,0.042128,0,9
0.0000,27.0,12.0,-0.046997,0.016060,0.001360,0.021389,2.500000,0.022069,0,6
0.0000,27.0,13.0,0.001769,0.032203,0.002823,0.009070,2.500000,0.010482,0,10
0.0000,27.0,14.0,0.026610,-0.065189,0.004501,0.042556,2.500000,0.044807,0,9
0.0000,27.0,15.0,-0.045328,-0.030797,0.002151,0.026087,2.500000,0.027162,0,5
0.0000,27.0,16.0,0.031200,-0.012657,0.002257,0.009896,2.500000,0.011024,0,9
0.0000,27.0,17.0,-0.014707,0.039046,0.001436,0.015152,2.500000,0.015870,-1,6
0.0000,27.0,18.0,-0.007442,0.025123,0.000692,0.006002,2.500000,0.006349,0,6
0.0000,27.0,19.0,-0.023443,0.051544,0.005671,0.027757,2.500000,0.030592,0,6
0.0000,27.0,20.0,0.080633,-0.053617,0.011934,0.079724,2.500000,0.085691,0,9
0.0000,27.0,21.0,-0.069715,0.009185,0.005821,0.042186,2.500000,0.045096,0,6
0.0000,27.0,22.0,0.023261,-0.010278,0.003988,0.005658,2.500000,0.007652,0,9
0.0000,27.0,23.0,0.014776,-0.077170,0.009145,0.052373,2.500000,0.056945,-1,9
0.0000,27.0,24.0,-0.055463,0.019016,0.007468,0.029673,2.500000,0.033408,1,6
0.0000,27.0,25.0,0.040796,-0.054986,0.016803,0.040525,2.500000,0.048926,1,9
0.0000,27.0,26.0,-0.071453,0.050386,0.006131,0.065427,2.500000,0.068492,0,6
0.0000,27.0,27.0,0.030311,-0.027686,0.003519,0.014712,2.500000,0.016472,0,9
0.0000,27.0,28.0,0.072837,0.042848,0.006525,0.061064,2.500000,0.064326,0,10
0.0000,27.0,29.0,-0.004139,-0.068834,0.003577,0.040584,2.500000,0.042373,-1,5
0.0000,27.0,30.0,-0.050778,0.039693,0.002842,0.035981,2.500000,0.037402,0,6
0.0000,27.0,31.0,-0.105429,0.000672,0.007991,0.091371,2.500000,0.095367,0,6
0.0000,28.0,0.0,0.045506,0.073638,0.007510,0.064044,2.500000,0.067799,-1,10
0.0000,28.0,1.0,-0.012077,-0.065629,0.004163,0.038128,2.500000,0.040210,0,5
0.0000,28.0,2.0,-0.010512,-0.021327,0.003038,0.004949,2.500000,0.006468,-1,5
0.0000,28.0,3.0,-0.028119,0.012413,0.003597,0.008255,2.500000,0.010054,1,6
0.0000,28.0,4.0,0.025598,0.033534,0.009669,0.015528,2.500000,0.020363,-1,10
0.0000,28.0,5.0,-0.072642,-0.097127,0.010868,0.123231,2.500000,0.128665,-1,5
0.0000,28.0,6.0,0.056516,0.044507,0.003457,0.044686,2.500000,0.046415,1,10
0.0000,28.0,7.0,0.016433,0.044642,0.002921,0.019648,2.500000,0.021108,1,10
0.0000,28.0,8.0,-0.034964,-0.000526,0.006391,0.010651,2.500000,0.013847,-1,5
0.0000,28.0,9.0,-0.028714,-0.104821,0.004469,0.097588,2.500000,0.099823,0,5
0.0000,28.0,10.0,-0.069959,0.003354,0.008294,0.041827,2.500000,0.045974,0,6
0.0000,28.0,11.0,0.045545,0.033384,0.003097,0.027695,2.500000,0.029244,1,10
0.0000,28.0,12.0,-0.003257,0.045846,0.001802,0.018308,2.500000,0.019209,0,6
0.0000,28.0,13.0,-0.032753,0.032263,0.001890,0.018430,2.500000,0.019375,0,6
0.0000,28.0,14.0,-0.038081,0.021195,0.002832,0.016546,2.500000,0.017962,-1,6
0.0000,28.0,15.0,-0.014471,-0.069096,0.004873,0.042568,2.500000,0.045005,0,5
0.0000,28.0,16.0,-0.033923,-0.010220,0.001800,0.010944,2.500000,0.011844,0,5
0.0000,28.0,17.0,0.020823,-0.026028,0.002223,0.009714,2.500000,0.010825,-1,9
0.0000,28.0,18.0,-0.048262,0.037326,0.002190,0.032284,2.500000,0.033379,0,6
0.0000,28.0,19.0,0.003706,0.059004,0.007034,0.030050,2.500000,0.033567,0,10
0.0000,28.0,20.0,-0.064653,-0.044754,0.005387,0.053160,2.500000,0.055853,0,5
0.0000,28.0,21.0,0.039528,-0.039031,0.004081,0.026831,2.500000,0.028872,1,9
0.0000,28.0,22.0,-0.081610,-0.030490,0.005696,0.064314,2.500000,0.067163,0,5
0.0000,28.0,23.0,-0.022031,0.067877,0.010273,0.043595,2.500000,0.048731,0,6
0.0000,28.0,24.0,0.039681,-0.058952,0.013708,0.043568,2.500000,0.050422,-1,9
0.0000,28.0,25.0,-0.028382,0.141794,0.012572,0.163739,2.500000,0.170025,-1,6
0.0000,28.0,26.0,-0.004893,-0.009975,0.001737,0.001082,2.500000,0.001951,0,5
0.0000,28.0,27.0,-0.034797,0.027575,0.001634,0.017190,2.500000,0.018007,0,6
0.0000,28.0,28.0,0.004438,-0.012119,0.000780,0.001460,2.500000,0.001850,0,9
0.0000,28.0,29.0,0.004432,-0.052109,0.000849,0.023620,2.500000,0.024044,1,9
0.0000,28.0,30.0,-0.046354,-0.043014,0.004078,0.034675,2.500000,0.036714,1,5
0.0000,28.0,31.0,0.008431,0.027953,0.005156,0.007447,2.500000,0.010025,1,10
0.0000,29.0,0.0,0.005055,-0.001805,0.002663,0.000253,2.500000,0.001584,0,9
0.0000,29.0,1.0,0.101420,-0.023139,0.011005,0.089651,2.500000,0.095154,0,9
0.0000,29.0,2.0,-0.081522,-0.096581,0.009985,0.133601,2.500000,0.138594,-1,5
0.0000,29.0,3.0,-0.117742,0.067421,0.009033,0.150988,2.500000,0.155505,0,6
0.0000,29.0,4.0,-0.010552,-0.069652,0.003525,0.042350,2.500000,0.044112,0,5
0.0000,29.0,5.0,-0.070568,-0.015109,0.002372,0.044437,2.500000,0.045623,-1,5
0.0000,29.0,6.0,-0.042843,-0.003946,0.001402,0.016068,2.500000,0.016769,0,5
0.0000,29.0,7.0,-0.014528,-0.033107,0.005776,0.011404,2.500000,0.014293,-1,5
0.0000,29.0,8.0,0.065831,0.066464,0.008040,0.074849,2.500000,0.078869,-1,10
0.0000,29.0,9.0,-0.001814,-0.043578,0.002753,0.016505,2.500000,0.017882,0,5
0.0000,29.0,10.0,0.064402,0.033049,0.004222,0.045040,2.500000,0.047151,0,10
0.0000,29.0,11.0,-0.042573,-0.012303,0.004035,0.017061,2.500000,0.019078,0,5
0.0000,29.0,12.0,0.007801,-0.031805,0.002005,0.009356,2.500000,0.010359,0,9
0.0000,29.0,13.0,0.047645,0.001488,0.000801,0.019672,2.500000,0.020073,0,10
0.0000,29.0,14.0,0.012976,0.024526,0.001074,0.006734,2.500000,0.007271,1,10
0.0000,29.0,15.0,0.052053,0.036837,0.002063,0.035211,2.500000,0.036243,0,10
0.0000,29.0,16.0,0.028283,-0.019284,0.000020,0.010240,2.500000,0.010250,0,9
0.0000,29.0,17.0,0.026377,-0.017494,0.004660,0.008759,2.500000,0.011089,0,9
0.0000,29.0,18.0,-0.104718,-0.011673,0.004076,0.091415,2.500000,0.093453,0,5
0.0000,29.0,19.0,-0.051549,-0.039203,0.002621,0.036319,2.500000,0.037630,0,5
0.0000,29.0,20.0,0.030588,-0.004869,0.000707,0.008372,2.500000,0.008725,0,9
0.0000,29.0,21.0,0.023647,-0.002617,0.000312,0.004950,2.500000,0.005106,0,9
0.0000,29.0,22.0,0.003389,0.017825,0.002676,0.002883,2.500000,0.004221,-1,10
0.0000,29.0,23.0,0.095485,-0.018071,0.004299,0.078693,2.500000,0.080843,0,9
0.0000,29.0,24.0,-0.021783,0.019288,0.004498,0.007408,2.500000,0.009657,0,6
0.0000,29.0,25.0,0.090739,0.029926,0.008826,0.076657,2.500000,0.081070,1,10
0.0000,29.0,26.0,-0.024953,-0.075086,0.001202,0.053304,2.500000,0.053905,0,5
0.0000,29.0,27.0,-0.025897,-0.030238,0.000699,0.013840,2.500000,0.014189,-1,5
0.0000,29.0,28.0,-0.022005,0.016567,0.002157,0.006640,2.500000,0.007719,-1,6
0.0000,29.0,29.0,0.030565,-0.059299,0.003712,0.038376,2.500000,0.040232,0,9
0.0000,29.0,30.0,-0.000238,0.035392,0.006442,0.010909,2.500000,0.014130,-1,6
0.0000,29.0,31.0,-0.071473,-0.075855,0.010251,0.092326,2.500000,0.097451,-1,5
0.0000,30.0,0.0,0.034565,0.004475,0.000766,0.010584,2.500000,0.010967,0,10
0.0000,30.0,1.0,0.029750,-0.027981,0.002832,0.014562,2.500000,0.015979,1,9
0.0000,30.0,2.0,0.008671,-0.036599,0.006807,0.012319,2.500000,0.015723,0,9
0.0000,30.0,3.0,-0.137181,-0.006570,0.003394,0.148173,2.500000,0.149870,0,5
0.0000,30.0,4.0,-0.085622,-0.026198,0.008387,0.067618,2.500000,0.071811,0,5
0.0000,30.0,5.0,0.010096,0.030574,0.001735,0.009050,2.500000,0.009917,0,10
0.0000,30.0,6.0,0.006112,-0.043421,0.004338,0.016688,2.500000,0.018856,0,9
0.0000,30.0,7.0,-0.030277,0.047419,0.011816,0.027470,2.500000,0.033379,0,6
0.0000,30.0,8.0,0.090019,-0.055553,0.007666,0.094406,2.500000,0.098239,0,9
0.0000,30.0,9.0,-0.024046,-0.059700,0.004391,0.035681,2.500000,0.037877,1,5
0.0000,30.0,10.0,0.023148,-0.008003,0.003055,0.005248,2.500000,0.006775,0,9
0.0000,30.0,11.0,0.035756,-0.096496,0.007253,0.088497,2.500000,0.092123,0,9
0.0000,30.0,12.0,0.042554,0.032363,0.002601,0.024853,2.500000,0.026154,-1,10
0.0000,30.0,13.0,0.071609,0.031436,0.006796,0.052283,2.500000,0.055680,-1,10
0.0000,30.0,14.0,-0.037956,0.029417,0.001460,0.020088,2.500000,0.020818,0,6
0.0000,30.0,15.0,0.000754,-0.006818,0.001920,0.000413,2.500000,0.001373,0,9
0.0000,30.0,16.0,0.019956,-0.017797,0.003377,0.006259,2.500000,0.007948,0,9
0.0000,30.0,17.0,0.004376,-0.048076,0.000291,0.020173,2.500000,0.020319,0,9
0.0000,30.0,18.0,0.005822,-0.034053,0.003361,0.010402,2.500000,0.012083,1,9
0.0000,30.0,19.0,-0.055305,-0.089665,0.008226,0.093666,2.500000,0.097779,-1,5
0.0000,30.0,20.0,0.078175,-0.027480,0.001391,0.058333,2.500000,0.059028,0,9
0.0000,30.0,21.0,0.043687,0.001719,0.001587,0.016585,2.500000,0.017378,0,10
0.0000,30.0,22.0,0.032566,0.026819,0.001143,0.015531,2.500000,0.016102,0,10
0.0000,30.0,23.0,0.055253,0.002685,0.005177,0.026373,2.500000,0.028962,0,10
0.0000,30.0,24.0,-0.040977,0.088924,0.005381,0.080832,2.500000,0.083523,0,6
0.0000,30.0,25.0,0.021269,0.107809,0.007711,0.099215,2.500000,0.103070,0,10
0.0000,30.0,26.0,-0.054195,-0.031032,0.002869,0.033732,2.500000,0.035167,0,5
0.0000,30.0,27.0,-0.050133,-0.031458,0.000595,0.030362,2.500000,0.030659,1,5
0.0000,30.0,28.0,-0.028954,0.008707,0.002305,0.007983,2.500000,0.009136,0,6
0.0000,30.0,29.0,0.051032,0.007872,0.003712,0.023047,2.500000,0.024903,0,10
0.0000,30.0,30.0,0.011004,-0.055120,0.009980,0.027248,2.500000,0.032238,0,9
0.0000,30.0,31.0,-0.078579,0.096225,0.014294,0.129228,2.500000,0.136375,0,6
0.0000,31.0,0.0,-0.006447,-0.013058,0.002483,0.001859,2.500000,0.003100,0,5
0.0000,31.0,1.0,0.032540,0.075957,0.008631,0.058174,2.500000,0.062490,-1,10
0.0000,31.0,2.0,-0.058804,-0.058939,0.002257,0.059601,2.500000,0.060730,-1,5
0.0000,31.0,3.0,-0.037004,0.015737,0.003087,0.014087,2.500000,0.015631,1,6
0.0000,31.0,4.0,0.009926,0.083493,0.013727,0.059580,2.500000,0.066444,0,10
0.0000,31.0,5.0,0.031462,-0.000901,0.002396,0.008641,2.500000,0.009839,0,9
0.0000,31.0,6.0,-0.038228,0.032788,0.006294,0.022086,2.500000,0.025233,0,6
0.0000,31.0,7.0,0.066735,-0.065628,0.006177,0.074926,2.500000,0.078014,-1,9
0.0000,31.0,8.0,0.064546,0.074778,0.005207,0.083165,2.500000,0.085768,0,10
0.0000,31.0,9.0,0.036736,0.035013,0.002311,0.022426,2.500000,0.023582,0,10
0.0000,31.0,10.0,-0.027043,0.033347,0.002974,0.016081,2.500000,0.017569,0,6
0.0000,31.0,11.0,0.051129,0.013614,0.006002,0.024212,2.500000,0.027213,0,10
0.0000,31.0,12.0,-0.013719,-0.047576,0.000639,0.021247,2.500000,0.021567,0,5
0.0000,31.0,13.0,-0.036551,-0.027516,0.001043,0.018243,2.500000,0.018764,1,5
0.0000,31.0,14.0,-0.028327,-0.024772,0.001575,0.012372,2.500000,0.013159,0,5
0.0000,31.0,15.0,-0.019032,-0.089270,0.007878,0.069904,2.500000,0.073843,-1,5
0.0000,31.0,16.0,-0.080612,0.029481,0.010687,0.062476,2.500000,0.067819,-1,6
0.0000,31.0,17.0,0.035422,-0.049832,0.001177,0.032401,2.500000,0.032990,0,9
0.0000,31.0,18.0,0.081900,-0.005296,0.007416,0.056830,2.500000,0.060538,-1,9
0.0000,31.0,19.0,-0.072752,0.014809,0.002788,0.046943,2.500000,0.048337,0,6
0.0000,31.0,20.0,0.028562,0.005076,0.001704,0.007349,2.500000,0.008201,0,10
0.0000,31.0,21.0,0.016973,-0.068139,0.000846,0.042167,2.500000,0.042590,0,9
0.0000,31.0,22.0,-0.000232,-0.022160,0.003175,0.004296,2.500000,0.005884,0,5
0.0000,31.0,23.0,0.077920,-0.056458,0.004971,0.078868,2.500000,0.081354,0,9
0.0000,31.0,24.0,0.019662,-0.027755,0.002537,0.010112,2.500000,0.011380,0,9
0.0000,31.0,25.0,-0.010377,0.038025,0.000767,0.013523,2.500000,0.013907,0,6
0.0000,31.0,26.0,0.025697,0.040208,0.005379,0.019821,2.500000,0.022510,-1,10
0.0000,31.0,27.0,-0.065736,-0.040136,0.002326,0.050970,2.500000,0.052133,0,5
0.0000,31.0,28.0,0.007940,-0.029494,0.003578,0.008146,2.500000,0.009935,0,9
0.0000,31.0,29.0,-0.025479,0.066385,0.009401,0.043356,2.500000,0.048056,-1,6
0.0000,31.0,30.0,0.105637,-0.049133,0.001907,0.112601,2.500000,0.113554,-1,9
0.0000,31.0,31.0,0.094610,0.019013,0.005501,0.077687,2.500000,0.080438,1,10
1.0000,0.0,0.0,-0.299237,0.076901,0.314159,0.503700,1.851852,0.660780,0,6
1.0000,0.0,1.0,-0.084243,-0.104600,0.105892,0.149799,1.851852,0.202745,0,5
1.0000,0.0,2.0,0.277391,-0.221720,0.625361,0.745638,1.851852,1.058318,-1,9
1.0000,0.0,3.0,-0.117539,0.796587,0.728782,0.235615,1.851852,0.600006,0,7
1.0000,0.0,4.0,-0.022808,-0.409907,0.491488,0.501038,1.851852,0.746782,0,5
1.0000,0.0,5.0,-0.992721,-0.643151,0.696887,0.944615,1.851852,1.293059,1,1
1.0000,0.0,6.0,-0.406715,0.169167,0.227887,0.712394,1.851852,0.826338,0,6
1.0000,0.0,7.0,-0.216484,-0.359614,0.754104,0.815797,1.851852,1.192849,-1,5
1.0000,0.0,8.0,-1.046448,0.461541,0.866693,1.312681,1.851852,1.746027,-1,2
1.0000,0.0,9.0,-0.638148,-0.053659,0.929831,0.168843,1.851852,0.633759,-1,5
1.0000,0.0,10.0,0.845645,-0.380217,0.872061,0.760576,1.851852,1.196606,0,13
1.0000,0.0,11.0,0.359614,0.535386,0.159404,0.847482,1.851852,0.927184,0,10
1.0000,0.0,12.0,-0.316647,0.406570,0.135871,0.979656,1.851852,1.047592,0,6
1.0000,0.0,13.0,0.114710,-0.118305,0.307862,0.220068,1.851852,0.373999,0,9
1.0000,0.0,14.0,0.717557,0.771176,0.638983,0.320905,1.851852,0.640396,-1,11
1.0000,0.0,15.0,0.719045,-0.139675,0.351269,0.232822,1.851852,0.408456,0,9
1.0000,0.0,16.0,0.134743,-0.984753,0.999890,0.733452,1.851852,1.233397,0,8
1.0000,0.0,17.0,-0.372057,0.609018,0.213275,0.719799,1.851852,0.826437,0,6
1.0000,0.0,18.0,-0.168643,0.023112,0.585805,0.215551,1.851852,0.508454,0,6
1.0000,0.0,19.0,0.126113,-1.224581,0.890445,1.119146,1.851852,1.564369,1,8
1.0000,0.0,20.0,-0.303396,-0.257565,0.309740,0.851086,1.851852,1.005956,0,5
1.0000,0.0,21.0,0.295074,0.529426,0.298622,0.798145,1.851852,0.947456,0,10
1.0000,0.0,22.0,-0.054360,0.363397,0.439571,0.528857,1.851852,0.748642,0,6
1.0000,0.0,23.0,0.008946,-0.848078,0.313737,0.209804,1.851852,0.366672,0,8
1.0000,0.0,24.0,-0.049684,0.219367,0.199025,0.337937,1.851852,0.437450,0,6
1.0000,0.0,25.0,-0.324462,-0.189295,0.212644,0.736663,1.851852,0.842985,0,5
1.0000,0.0,26.0,0.494948,-0.308228,0.139271,0.874841,1.851852,0.944477,0,9
1.0000,0.0,27.0,-0.015736,0.180290,0.276603,0.237346,1.851852,0.375647,0,6
1.0000,0.0,28.0,-0.107810,0.465737,0.282955,0.539463,1.851852,0.680940,0,6
1.0000,0.0,29.0,-0.549509,-0.007306,0.396999,0.300425,1.851852,0.498925,0,5
1.0000,0.0,30.0,0.175552,0.724032,0.700990,0.307928,1.851852,0.658423,-1,10
1.0000,0.0,31.0,-0.138761,-0.878538,0.601390,0.438659,1.851852,0.739354,0,4
1.0000,1.0,0.0,0.365156,-0.781035,0.672864,0.645696,1.851852,0.982128,-1,8
1.0000,1.0,1.0,-0.359183,0.346486,0.234254,1.006218,1.851852,1.123344,0,6
1.0000,1.0,2.0,-0.865114,-0.165053,0.398845,0.461195,1.851852,0.660617,0,1
1.0000,1.0,3.0,-1.316801,0.907484,0.953893,2.063980,1.851852,2.540927,0,3
1.0000,1.0,4.0,-0.905166,0.028573,0.587807,0.358392,1.851852,0.652296,-1,2
1.0000,1.0,5.0,0.293784,-0.283718,0.433558,0.881681,1.851852,1.098460,-1,9
1.0000,1.0,6.0,-0.203464,0.913774,0.271935,0.675980,1.851852,0.811947,0,7
1.0000,1.0,7.0,-0.622897,0.860268,0.816146,0.546262,1.851852,0.954335,0,7
1.0000,1.0,8.0,0.681052,0.237100,0.131655,0.459088,1.851852,0.524916,0,10
1.0000,1.0,9.0,0.544313,0.059605,0.546929,0.340945,1.851852,0.614409,0,10
1.0000,1.0,10.0,-0.701789,-0.241891,0.646184,0.456036,1.851852,0.779128,0,5
1.0000,1.0,11.0,0.518746,0.163404,0.244659,0.561348,1.851852,0.683678,1,10
1.0000,1.0,12.0,-0.257110,0.126610,0.208304,0.517284,1.851852,0.621436,0,6
1.0000,1.0,13.0,0.328809,-0.294395,0.590041,0.936133,1.851852,1.231153,0,9
1.0000,1.0,14.0,-0.594542,0.839550,1.255718,0.530820,1.851852,1.158679,0,7
1.0000,1.0,15.0,0.141479,-0.013474,0.090125,0.157676,1.851852,0.202739,0,9
1.0000,1.0,16.0,0.539006,0.034650,0.143327,0.330625,1.851852,0.402288,0,10
1.0000,1.0,17.0,0.075152,0.090903,0.102154,0.117039,1.851852,0.168116,0,10
1.0000,1.0,18.0,0.661855,0.122474,0.381516,0.236881,1.851852,0.427639,0,10
1.0000,1.0,19.0,0.052304,0.336424,0.120297,0.514036,1.851852,0.574184,0,10
1.0000,1.0,20.0,-0.334246,0.252811,0.044219,0.873346,1.851852,0.895455,0,6
1.0000,1.0,21.0,-0.519583,-0.087949,0.084690,0.422085,1.851852,0.464430,0,5
1.0000,1.0,22.0,-0.370734,-0.068473,0.096533,0.544908,1.851852,0.593174,0,5
1.0000,1.0,23.0,-0.282514,-0.683383,0.711715,0.541327,1.851852,0.897185,-1,5
1.0000,1.0,24.0,0.674110,0.391747,1.125473,0.638773,1.851852,1.201510,1,10
1.0000,1.0,25.0,-0.667592,0.028096,0.561021,0.113976,1.851852,0.394486,0,6
1.0000,1.0,26.0,0.326787,-0.136883,0.107982,0.630958,1.851852,0.684949,0,9
1.0000,1.0,27.0,0.486938,-0.693650,0.170546,0.554215,1.851852,0.639488,0,9
1.0000,1.0,28.0,0.067779,-0.360170,0.928128,0.541816,1.851852,1.005880,0,9
1.0000,1.0,29.0,-1.266125,-0.125157,0.504854,1.125064,1.851852,1.377491,0,1
1.0000,1.0,30.0,-0.086661,0.462910,0.242655,0.510551,1.851852,0.631879,0,6
1.0000,1.0,31.0,0.738090,-0.043030,0.438693,0.092013,1.851852,0.311359,1,9
1.0000,2.0,0.0,-0.139886,0.019226,0.452658,0.156237,1.851852,0.382566,0,6
1.0000,2.0,1.0,-0.762264,0.853341,0.353070,0.517827,1.851852,0.694362,0,3
1.0000,2.0,2.0,-0.494938,0.157430,0.104483,0.589942,1.851852,0.642184,1,6
1.0000,2.0,3.0,0.139347,0.039567,0.075530,0.165582,1.851852,0.203347,0,10
1.0000,2.0,4.0,-0.001764,0.019311,0.063748,0.003292,1.851852,0.035166,-1,6
1.0000,2.0,5.0,0.285763,-0.053666,0.233720,0.459963,1.851852,0.576824,1,9
1.0000,2.0,6.0,-0.230680,-0.039227,0.269143,0.352605,1.851852,0.487176,0,5
1.0000,2.0,7.0,-0.357360,-0.191135,0.814461,0.761631,1.851852,1.168862,0,5
1.0000,2.0,8.0,0.805868,0.915952,0.889631,0.785829,1.851852,1.230644,1,15
1.0000,2.0,9.0,0.617496,0.793561,0.900573,0.410864,1.851852,0.861150,-1,11
1.0000,2.0,10.0,0.234824,-0.473240,0.189480,0.786016,1.851852,0.880756,-1,9
1.0000,2.0,11.0,-0.089746,0.092212,0.060616,0.138422,1.851852,0.168730,0,6
1.0000,2.0,12.0,-0.026980,-0.383006,0.190479,0.511230,1.851852,0.606470,-1,5
1.0000,2.0,13.0,-0.003448,-0.628102,0.373050,0.158433,1.851852,0.344958,1,5
1.0000,2.0,14.0,0.378209,-0.835935,0.597698,0.739117,1.851852,1.037965,-1,8
1.0000,2.0,15.0,-0.221715,0.247769,0.093737,0.694670,1.851852,0.741538,0,6
1.0000,2.0,16.0,-0.052709,-0.035029,0.056333,0.034672,1.851852,0.062838,0,5
1.0000,2.0,17.0,0.326240,0.109710,0.203439,0.581306,1.851852,0.683025,1,10
1.0000,2.0,18.0,-0.013634,-0.685271,0.245745,0.092669,1.851852,0.215541,-1,5
1.0000,2.0,19.0,-0.036562,-0.226497,0.178969,0.342558,1.851852,0.432043,-1,5
1.0000,2.0,20.0,-0.189830,0.178304,0.172789,0.486790,1.851852,0.573185,-1,6
1.0000,2.0,21.0,-0.117309,-0.480889,0.612403,0.534245,1.851852,0.840446,1,5
1.0000,2.0,22.0,-0.386004,-0.068479,0.133400,0.544867,1.851852,0.611567,-1,5
1.0000,2.0,23.0,-0.967858,-0.130092,0.327488,0.674618,1.851852,0.838362,0,1
1.0000,2.0,24.0,-0.814476,-0.202896,0.548432,0.441843,1.851852,0.716059,0,1
1.0000,2.0,25.0,0.085629,-0.784760,0.257340,0.169229,1.851852,0.297899,0,8
1.0000,2.0,26.0,0.034056,-0.239836,0.116706,0.367101,1.851852,0.425454,0,9
1.0000,2.0,27.0,-0.140218,-0.737885,0.723687,0.234391,1.851852,0.596235,-1,5
1.0000,2.0,28.0,-0.437927,0.913502,0.335285,0.929439,1.851852,1.097081,0,7
1.0000,2.0,29.0,-0.759846,0.036517,0.489165,0.096181,1.851852,0.340764,0,2
1.0000,2.0,30.0,-0.127132,0.281820,0.161150,0.558789,1.851852,0.639365,1,6
1.0000,2.0,31.0,-0.120098,0.535376,0.309902,0.445194,1.851852,0.600145,0,6
1.0000,3.0,0.0,0.616469,-0.375053,0.637684,0.708561,1.851852,1.027403,0,9
1.0000,3.0,1.0,-0.822969,-0.070152,0.119972,0.203571,1.851852,0.263556,1,1
1.0000,3.0,2.0,-0.534995,0.168331,0.655154,0.541860,1.851852,0.869437,0,6
1.0000,3.0,3.0,0.601344,-0.221883,0.144448,0.533293,1.851852,0.605517,-1,9
1.0000,3.0,4.0,0.158275,0.395317,0.776984,0.694009,1.851852,1.082500,1,10
1.0000,3.0,5.0,0.698479,0.651759,0.434002,0.311164,1.851852,0.528165,0,10
1.0000,3.0,6.0,-0.129727,0.974310,0.378466,0.692889,1.851852,0.882122,0,7
1.0000,3.0,7.0,-0.581225,0.601953,0.204466,0.502369,1.851852,0.604602,-1,6
1.0000,3.0,8.0,-0.764967,-0.104116,0.447512,0.179993,1.851852,0.403749,0,1
1.0000,3.0,9.0,0.064118,-0.449355,0.239902,0.498866,1.851852,0.618817,0,9
1.0000,3.0,10.0,-0.277672,-0.208310,0.067260,0.718393,1.851852,0.752023,1,5
1.0000,3.0,11.0,-0.023585,0.001014,0.295005,0.004873,1.851852,0.152376,1,6
1.0000,3.0,12.0,-0.693973,0.123364,1.600221,0.210789,1.851852,1.010899,0,6
1.0000,3.0,13.0,0.644477,0.311864,0.169940,0.623019,1.851852,0.707989,0,10
1.0000,3.0,14.0,-0.083810,-0.034061,0.310004,0.069258,1.851852,0.224260,1,5
1.0000,3.0,15.0,0.293867,0.223572,0.047034,0.773491,1.851852,0.797008,0,10
1.0000,3.0,16.0,-0.120258,0.202075,0.269951,0.397715,1.851852,0.532690,-1,6
1.0000,3.0,17.0,0.069540,0.090969,0.022169,0.110435,1.851852,0.121519,0,10
1.0000,3.0,18.0,-0.131339,0.185434,0.299424,0.383008,1.851852,0.532720,0,6
1.0000,3.0,19.0,0.602478,-0.573124,0.670954,0.515131,1.851852,0.850609,0,9
1.0000,3.0,20.0,-0.561169,0.515156,0.710731,0.683552,1.851852,1.038918,0,6
1.0000,3.0,21.0,0.762918,0.715995,0.429160,0.311127,1.851852,0.525707,1,14
1.0000,3.0,22.0,0.037877,0.039100,0.143404,0.025776,1.851852,0.097478,-1,10
1.0000,3.0,23.0,0.097891,-0.511279,0.559556,0.451834,1.851852,0.731612,0,9
1.0000,3.0,24.0,-0.845509,-1.224665,0.896230,1.719862,1.851852,2.167977,-1,0
1.0000,3.0,25.0,0.009941,0.066140,0.035743,0.038277,1.851852,0.056148,1,10
1.0000,3.0,26.0,0.182788,0.167938,0.770252,0.450295,1.851852,0.835421,0,10
1.0000,3.0,27.0,-0.415378,-0.680203,0.256482,0.628242,1.851852,0.756483,0,5
1.0000,3.0,28.0,-0.524852,0.234643,0.580001,0.701050,1.851852,0.991050,1,6
1.0000,3.0,29.0,-0.736789,1.259475,0.866912,1.492273,1.851852,1.925729,0,7
1.0000,3.0,30.0,-0.845023,0.536563,0.611878,0.629998,1.851852,0.935937,0,2
1.0000,3.0,31.0,0.387962,-0.310013,0.210156,0.977588,1.851852,1.082666,0,9
1.0000,4.0,0.0,-0.000159,-0.300517,0.341053,0.454929,1.851852,0.625455,1,5
1.0000,4.0,1.0,-1.091575,-0.587776,1.390461,1.278324,1.851852,1.973555,-1,1
1.0000,4.0,2.0,0.341692,-0.470810,0.201789,0.942662,1.851852,1.043556,0,9
1.0000,4.0,3.0,0.590827,-0.242772,1.334782,0.594514,1.851852,1.261905,0,9
1.0000,4.0,4.0,-0.963266,-0.826361,0.891333,1.001612,1.851852,1.447278,0,0
1.0000,4.0,5.0,0.148067,-0.150169,0.026761,0.342483,1.851852,0.355863,0,9
1.0000,4.0,6.0,0.335921,-0.002694,0.334158,0.489969,1.851852,0.657048,0,9
1.0000,4.0,7.0,-0.175174,0.949360,0.340486,0.716172,1.851852,0.886415,0,7
1.0000,4.0,8.0,0.194280,0.147519,0.252039,0.432899,1.851852,0.558918,0,10
1.0000,4.0,9.0,-0.616257,0.117896,0.399867,0.292268,1.851852,0.492201,0,6
1.0000,4.0,10.0,-0.677256,-0.239889,0.570864,0.467860,1.851852,0.753292,0,5
1.0000,4.0,11.0,0.714184,-0.412903,1.270877,0.614458,1.851852,1.249896,-1,9
1.0000,4.0,12.0,1.405439,0.531247,1.002875,1.663196,1.851852,2.164633,0,14
1.0000,4.0,13.0,0.651374,0.484045,0.337088,0.591763,1.851852,0.760307,0,10
1.0000,4.0,14.0,0.923874,-0.158861,0.196082,0.605180,1.851852,0.703221,0,13
1.0000,4.0,15.0,0.257871,0.345557,0.239677,0.890067,1.851852,1.009906,0,10
1.0000,4.0,16.0,0.797239,0.637543,0.361847,0.393771,1.851852,0.574695,1,14
1.0000,4.0,17.0,-0.066699,-0.053384,0.028817,0.062625,1.851852,0.077033,-1,5
1.0000,4.0,18.0,-0.299770,-0.049999,0.788387,0.475716,1.851852,0.869909,0,5
1.0000,4.0,19.0,0.929836,-0.768644,0.243850,0.766557,1.851852,0.888482,1,12
1.0000,4.0,20.0,0.292699,-0.050789,0.206622,0.467131,1.851852,0.570442,0,9
1.0000,4.0,21.0,-0.054816,0.462860,0.319513,0.472981,1.851852,0.632737,-1,6
1.0000,4.0,22.0,-0.050058,-0.470177,0.276811,0.458810,1.851852,0.597215,-1,5
1.0000,4.0,23.0,0.833083,0.035340,0.589026,0.189882,1.851852,0.484395,0,14
1.0000,4.0,24.0,-0.245180,-0.315513,0.216510,0.842124,1.851852,0.950378,0,5
1.0000,4.0,25.0,-0.275792,-0.079087,0.375974,0.473101,1.851852,0.661088,0,5
1.0000,4.0,26.0,-0.202758,-1.194125,0.176978,1.279164,1.851852,1.367653,0,4
1.0000,4.0,27.0,-0.573041,-1.070259,0.187006,1.245165,1.851852,1.338668,0,4
1.0000,4.0,28.0,-0.382041,-0.862813,0.296310,0.801354,1.851852,0.949509,0,4
1.0000,4.0,29.0,-0.018182,-0.295175,0.408917,0.450957,1.851852,0.655415,0,5
1.0000,4.0,30.0,-0.991868,0.101814,1.125616,0.692624,1.851852,1.255432,1,2
1.0000,4.0,31.0,0.156177,0.544654,0.621218,0.498152,1.851852,0.808761,-1,10
1.0000,5.0,0.0,0.046852,-0.597662,0.702417,0.228720,1.851852,0.579928,-1,9
1.0000,5.0,1.0,0.177612,0.784474,0.222073,0.344304,1.851852,0.455340,0,11
1.0000,5.0,2.0,0.882198,0.162389,1.174114,0.497932,1.851852,1.084990,0,14
1.0000,5.0,3.0,-0.973556,-0.611621,0.933271,0.911223,1.851852,1.377859,1,1
1.0000,5.0,4.0,-0.087585,0.225408,0.178528,0.393256,1.851852,0.482520,0,6
1.0000,5.0,5.0,-0.007144,0.010809,0.371982,0.001472,1.851852,0.187463,0,6
1.0000,5.0,6.0,0.732514,0.105567,0.749236,0.169239,1.851852,0.543857,-1,10
1.0000,5.0,7.0,0.586089,1.003898,0.491294,1.039430,1.851852,1.285077,1,11
1.0000,5.0,8.0,-0.145193,0.632355,0.816202,0.319442,1.851852,0.727543,0,6
1.0000,5.0,9.0,0.436669,-0.481338,0.180962,0.919156,1.851852,1.009638,0,9
1.0000,5.0,10.0,-0.151693,-0.442874,0.566190,0.648794,1.851852,0.931889,-1,5
1.0000,5.0,11.0,-1.145412,0.093217,0.611338,1.004824,1.851852,1.310493,0,2
1.0000,5.0,12.0,-0.324564,-0.137890,0.148365,0.630943,1.851852,0.705125,0,5
1.0000,5.0,13.0,0.374349,-0.401406,0.229805,1.016594,1.851852,1.131497,0,9
1.0000,5.0,14.0,1.217691,-0.160071,1.020313,1.190208,1.851852,1.700364,0,13
1.0000,5.0,15.0,-0.066051,-0.345535,0.339373,0.533558,1.851852,0.703245,0,5
1.0000,5.0,16.0,0.685322,0.178094,0.243071,0.328978,1.851852,0.450513,-1,10
1.0000,5.0,17.0,-0.071277,0.193423,0.200874,0.306113,1.851852,0.406550,0,6
1.0000,5.0,18.0,0.760347,-0.013668,0.514646,0.086188,1.851852,0.343511,0,13
1.0000,5.0,19.0,0.698160,-0.790200,1.273326,0.346301,1.851852,0.982964,-1,8
1.0000,5.0,20.0,0.069122,0.575230,0.190019,0.292316,1.851852,0.387325,-1,10
1.0000,5.0,21.0,0.104894,-0.155173,0.036640,0.273899,1.851852,0.292219,0,9
1.0000,5.0,22.0,0.198729,-0.370864,0.083007,0.781167,1.851852,0.822671,0,9
1.0000,5.0,23.0,-0.199756,-0.024633,0.188966,0.281339,1.851852,0.375821,1,5
1.0000,5.0,24.0,-0.188188,0.582238,0.965357,0.495337,1.851852,0.978016,-1,6
1.0000,5.0,25.0,0.034815,-0.477553,0.299230,0.436971,1.851852,0.586586,0,9
1.0000,5.0,26.0,-0.889025,-0.903443,0.996993,0.976148,1.851852,1.474644,0,0
1.0000,5.0,27.0,-0.153564,-0.368441,0.164381,0.685847,1.851852,0.768038,0,5
1.0000,5.0,28.0,-0.832456,-0.136344,0.745057,0.330007,1.851852,0.702535,-1,1
1.0000,5.0,29.0,0.699370,-0.172202,0.258106,0.307482,1.851852,0.436535,0,9
1.0000,5.0,30.0,0.717228,-0.157687,0.304624,0.270277,1.851852,0.422589,0,9
1.0000,5.0,31.0,0.073528,-0.774166,0.253646,0.142483,1.851852,0.269306,0,8
1.0000,6.0,0.0,-0.747007,-0.095611,0.999642,0.156497,1.851852,0.656318,0,5
1.0000,6.0,1.0,0.128406,0.833876,0.278996,0.317128,1.851852,0.456626,0,11
1.0000,6.0,2.0,0.085610,0.300190,0.084967,0.516450,1.851852,0.558934,0,10
1.0000,6.0,3.0,0.333744,0.122196,0.146855,0.609154,1.851852,0.682582,0,10
1.0000,6.0,4.0,0.705743,0.404907,1.323964,0.618750,1.851852,1.280732,0,10
1.0000,6.0,5.0,-0.962014,0.152507,0.192179,0.703758,1.851852,0.799847,0,2
1.0000,6.0,6.0,-0.644582,-0.416079,0.490200,0.663275,1.851852,0.908375,0,5
1.0000,6.0,7.0,-0.016798,0.040111,0.240311,0.016455,1.851852,0.136611,0,6
1.0000,6.0,8.0,0.118628,-0.638996,0.068597,0.258760,1.851852,0.293058,0,9
1.0000,6.0,9.0,-0.135196,-0.259596,0.423432,0.537745,1.851852,0.749461,0,5
1.0000,6.0,10.0,-0.300854,0.540814,0.396523,0.785142,1.851852,0.983403,-1,6
1.0000,6.0,11.0,0.158166,-0.044017,0.133748,0.206167,1.851852,0.273041,1,9
1.0000,6.0,12.0,-0.192820,-0.272737,0.080339,0.677981,1.851852,0.718150,-1,5
1.0000,6.0,13.0,0.147766,-0.087699,0.302192,0.233020,1.851852,0.384116,0,9
1.0000,6.0,14.0,0.001067,-1.118553,0.893468,0.890998,1.851852,1.337731,0,8
1.0000,6.0,15.0,-0.565827,0.173083,2.242496,0.493557,1.851852,1.614805,0,6
1.0000,6.0,16.0,0.928373,-0.405457,0.697994,0.986119,1.851852,1.335116,0,13
1.0000,6.0,17.0,-0.236184,-0.011066,0.558673,0.351015,1.851852,0.630352,0,5
1.0000,6.0,18.0,-0.444517,-0.018036,0.231039,0.471430,1.851852,0.586950,1,5
1.0000,6.0,19.0,-0.849542,-0.128506,0.789504,0.349665,1.851852,0.744417,0,1
1.0000,6.0,20.0,0.200428,0.119086,0.424896,0.392193,1.851852,0.604641,0,10
1.0000,6.0,21.0,-0.196439,-0.175940,0.461638,0.495741,1.851852,0.726559,0,5
1.0000,6.0,22.0,0.190368,-0.601719,0.064534,0.464996,1.851852,0.497263,1,9
1.0000,6.0,23.0,-0.034708,-0.624797,0.411328,0.174196,1.851852,0.379860,1,5
1.0000,6.0,24.0,0.825701,-0.706393,0.841751,0.413666,1.851852,0.834542,0,13
1.0000,6.0,25.0,0.389478,-0.287105,0.160564,0.947098,1.851852,1.027380,0,9
1.0000,6.0,26.0,0.833343,-0.462660,1.035710,0.700413,1.851852,1.218268,0,13
1.0000,6.0,27.0,-0.385519,-0.070184,0.061280,0.546908,1.851852,0.577548,0,5
1.0000,6.0,28.0,-0.097880,0.168363,0.344968,0.289894,1.851852,0.462378,1,6
1.0000,6.0,29.0,0.852130,0.832069,0.988597,0.645867,1.851852,1.140166,0,15
1.0000,6.0,30.0,1.045811,-0.719945,1.690596,1.104526,1.851852,1.949823,0,13
1.0000,6.0,31.0,-0.901509,-0.595225,0.254738,0.698552,1.851852,0.825921,1,1
1.0000,7.0,0.0,0.531104,0.761538,0.381379,0.501933,1.851852,0.692623,-1,11
1.0000,7.0,1.0,-0.168626,-0.026998,0.294457,0.217215,1.851852,0.364443,1,5
1.0000,7.0,2.0,-0.355148,0.071395,0.384699,0.544256,1.851852,0.736606,0,6
1.0000,7.0,3.0,-0.243744,-0.066538,0.127714,0.402349,1.851852,0.466206,0,5
1.0000,7.0,4.0,-0.786621,-0.067942,0.403428,0.148242,1.851852,0.349956,1,1
1.0000,7.0,5.0,-0.375537,0.179175,0.138670,0.740070,1.851852,0.809405,1,6
1.0000,7.0,6.0,-0.144888,0.636956,0.588538,0.312133,1.851852,0.606402,-1,6
1.0000,7.0,7.0,-0.683563,-0.152615,0.180238,0.275866,1.851852,0.365985,0,5
1.0000,7.0,8.0,-0.128335,-0.568117,0.364927,0.398107,1.851852,0.580571,0,5
1.0000,7.0,9.0,0.756729,-0.739280,0.313212,0.314543,1.851852,0.471149,0,13
1.0000,7.0,10.0,0.524510,-0.052601,0.151406,0.371416,1.851852,0.447119,-1,9
1.0000,7.0,11.0,0.736802,0.113046,0.315710,0.182696,1.851852,0.340551,0,10
1.0000,7.0,12.0,0.031917,0.074555,0.077025,0.056094,1.851852,0.094607,-1,10
1.0000,7.0,13.0,0.348037,-0.378350,0.155039,1.011012,1.851852,1.088531,0,9
1.0000,7.0,14.0,0.374020,0.083562,0.684696,0.564182,1.851852,0.906530,0,10
1.0000,7.0,15.0,1.768559,-0.803279,0.718435,3.990503,1.851852,4.349720,0,12
1.0000,7.0,16.0,1.576646,0.521893,1.552449,2.285103,1.851852,3.061328,0,14
1.0000,7.0,17.0,0.301357,-1.390301,0.289309,1.576155,1.851852,1.720809,0,8
1.0000,7.0,18.0,0.031990,-0.739735,0.717390,0.084988,1.851852,0.443683,0,9
1.0000,7.0,19.0,0.100917,0.915959,0.139910,0.469547,1.851852,0.539502,0,11
1.0000,7.0,20.0,0.014652,1.310945,1.846352,0.993699,1.851852,1.916875,-1,11
1.0000,7.0,21.0,0.681545,-1.038951,0.226121,1.073726,1.851852,1.186787,1,8
1.0000,7.0,22.0,0.385188,-0.190635,0.176286,0.764186,1.851852,0.852329,0,9
1.0000,7.0,23.0,0.213243,0.290010,0.542274,0.746959,1.851852,1.018097,0,10
1.0000,7.0,24.0,-0.820789,-0.167891,0.362975,0.374964,1.851852,0.556451,0,1
1.0000,7.0,25.0,-0.174521,0.023256,0.279113,0.227840,1.851852,0.367397,0,6
1.0000,7.0,26.0,-0.647278,0.094962,0.322353,0.207817,1.851852,0.368994,0,6
1.0000,7.0,27.0,-0.704302,-0.008069,0.053298,0.080200,1.851852,0.106848,1,5
1.0000,7.0,28.0,-0.269924,0.083236,0.376498,0.469184,1.851852,0.657433,-1,6
1.0000,7.0,29.0,0.706945,-0.387379,0.745010,0.620315,1.851852,0.992820,0,9
1.0000,7.0,30.0,-0.657009,-0.954850,0.403433,0.809493,1.851852,1.011210,0,4
1.0000,7.0,31.0,-0.083043,-0.320304,0.434049,0.535307,1.851852,0.752331,-1,5
1.0000,8.0,0.0,-0.106516,0.674670,1.004775,0.195668,1.851852,0.698056,0,6
1.0000,8.0,1.0,0.797395,-0.474392,0.542828,0.622957,1.851852,0.894371,0,13
1.0000,8.0,2.0,-0.005293,-1.105448,0.631213,0.870248,1.851852,1.185854,0,4
1.0000,8.0,3.0,0.210372,0.033050,0.308253,0.307645,1.851852,0.461772,0,10
1.0000,8.0,4.0,0.022599,-0.921650,0.272864,0.401973,1.851852,0.538405,1,8
1.0000,8.0,5.0,0.110819,-0.056143,0.223276,0.127426,1.851852,0.239064,1,9
1.0000,8.0,6.0,0.371290,-0.446612,0.349356,0.984668,1.851852,1.159346,1,9
1.0000,8.0,7.0,-0.241226,0.058026,0.101254,0.388672,1.851852,0.439300,1,6
1.0000,8.0,8.0,-0.326004,0.211627,0.375443,0.785127,1.851852,0.972848,0,6
1.0000,8.0,9.0,-0.092885,-0.664773,0.402862,0.183758,1.851852,0.385189,0,5
1.0000,8.0,10.0,-0.202758,0.012192,0.235826,0.283598,1.851852,0.401511,0,6
1.0000,8.0,11.0,0.045914,0.648927,0.422128,0.147440,1.851852,0.358504,0,10
1.0000,8.0,12.0,0.047703,0.021685,0.438358,0.023816,1.851852,0.242994,0,10
1.0000,8.0,13.0,0.984485,-0.410745,0.475336,1.158475,1.851852,1.396144,0,13
1.0000,8.0,14.0,0.308193,0.140331,0.450646,0.618905,1.851852,0.844228,0,10
1.0000,8.0,15.0,0.831513,-0.352974,0.592237,0.718283,1.851852,1.014401,1,13
1.0000,8.0,16.0,0.964327,-0.221087,0.374699,0.864651,1.851852,1.052000,0,13
1.0000,8.0,17.0,0.887810,-0.826816,0.153028,0.740486,1.851852,0.817000,0,12
1.0000,8.0,18.0,0.350140,-0.888958,0.451226,0.854032,1.851852,1.079645,0,8
1.0000,8.0,19.0,0.162004,0.289500,0.259499,0.638598,1.851852,0.768347,0,10
1.0000,8.0,20.0,1.060950,0.741814,1.731862,1.167616,1.851852,2.033547,0,14
1.0000,8.0,21.0,0.902139,-0.819046,0.808068,0.768766,1.851852,1.172799,-1,12
1.0000,8.0,22.0,-0.166047,0.184463,0.249827,0.449899,1.851852,0.574813,0,6
1.0000,8.0,23.0,-0.644400,0.683268,0.836972,0.324203,1.851852,0.742689,0,6
1.0000,8.0,24.0,-0.450992,-1.095766,1.445974,1.436438,1.851852,2.159424,-1,4
1.0000,8.0,25.0,0.282839,0.847048,1.213649,0.666287,1.851852,1.273111,0,11
1.0000,8.0,26.0,-1.716615,0.458363,1.246896,3.243296,1.851852,3.866744,1,2
1.0000,8.0,27.0,-0.823469,0.036315,0.913571,0.172762,1.851852,0.629548,0,2
1.0000,8.0,28.0,0.286026,-0.062229,0.374781,0.468751,1.851852,0.656142,1,9
1.0000,8.0,29.0,-0.110095,-0.026691,0.128167,0.105273,1.851852,0.169357,-1,5
1.0000,8.0,30.0,-0.221800,-0.122839,0.221616,0.442987,1.851852,0.553796,1,5
1.0000,8.0,31.0,-0.080564,-0.754618,0.723073,0.137926,1.851852,0.499462,-1,4
1.0000,9.0,0.0,-0.912905,-0.435033,0.347832,0.929349,1.851852,1.103265,0,1
1.0000,9.0,1.0,-0.204085,-0.119696,0.123981,0.400914,1.851852,0.462904,0,5
1.0000,9.0,2.0,0.054716,-0.019833,0.256307,0.029254,1.851852,0.157407,0,9
1.0000,9.0,3.0,0.709689,0.225366,0.505076,0.418956,1.851852,0.671494,0,10
1.0000,9.0,4.0,0.117967,-0.351147,0.350684,0.612200,1.851852,0.787542,0,9
1.0000,9.0,5.0,0.205013,0.758670,1.061634,0.382568,1.851852,0.913385,0,11
1.0000,9.0,6.0,-0.003246,0.345418,0.588256,0.496014,1.851852,0.790143,0,6
1.0000,9.0,7.0,-0.013855,-0.509899,0.263199,0.375242,1.851852,0.506842,0,5
1.0000,9.0,8.0,0.498125,0.224401,0.296459,0.726717,1.851852,0.874947,0,10
1.0000,9.0,9.0,0.279637,0.336387,0.349452,0.920559,1.851852,1.095285,0,10
1.0000,9.0,10.0,-0.514380,0.627762,0.711680,0.576560,1.851852,0.932400,0,6
1.0000,9.0,11.0,0.856742,-0.149595,0.395775,0.408441,1.851852,0.606329,0,13
1.0000,9.0,12.0,0.437806,-0.710910,0.184044,0.600947,1.851852,0.692969,0,9
1.0000,9.0,13.0,0.021900,-0.873043,0.352066,0.271084,1.851852,0.447117,0,8
1.0000,9.0,14.0,-0.458546,-0.694821,1.038821,0.587540,1.851852,1.106950,-1,5
1.0000,9.0,15.0,0.244341,1.057395,0.285423,1.172358,1.851852,1.315069,0,11
1.0000,9.0,16.0,0.510680,0.738203,0.536580,0.518678,1.851852,0.786968,0,10
1.0000,9.0,17.0,0.550184,-0.373859,0.143628,0.824683,1.851852,0.896497,0,9
1.0000,9.0,18.0,0.128633,-0.313040,0.070794,0.601997,1.851852,0.637394,0,9
1.0000,9.0,19.0,0.030283,0.200312,0.701048,0.285205,1.851852,0.635729,-1,10
1.0000,9.0,20.0,-0.001954,-1.084706,0.855370,0.832016,1.851852,1.259701,0,4
1.0000,9.0,21.0,-0.097277,-1.111257,0.430401,0.963973,1.851852,1.179173,0,4
1.0000,9.0,22.0,-0.524690,-0.442477,0.497273,0.844459,1.851852,1.093096,1,5
1.0000,9.0,23.0,-0.297560,0.842084,0.335955,0.679041,1.851852,0.847019,0,7
1.0000,9.0,24.0,-0.089488,0.061893,0.153554,0.099921,1.851852,0.176698,0,6
1.0000,9.0,25.0,0.170747,0.014500,0.011116,0.217086,1.851852,0.222644,1,10
1.0000,9.0,26.0,0.176342,-0.196209,0.198490,0.496098,1.851852,0.595343,0,9
1.0000,9.0,27.0,0.730067,0.025376,1.038897,0.080299,1.851852,0.599748,0,10
1.0000,9.0,28.0,0.040929,1.069530,0.084043,0.816124,1.851852,0.858146,1,11
1.0000,9.0,29.0,-0.177023,0.670782,0.602656,0.339057,1.851852,0.640385,0,6
1.0000,9.0,30.0,0.444982,-0.273751,0.129682,0.892206,1.851852,0.957047,-1,9
1.0000,9.0,31.0,-0.087186,0.166636,0.263707,0.270612,1.851852,0.402466,0,6
1.0000,10.0,0.0,-0.066338,-0.704823,0.179294,0.118111,1.851852,0.207758,0,5
1.0000,10.0,1.0,-0.630065,-0.607051,0.686126,0.421267,1.851852,0.764330,0,5
1.0000,10.0,2.0,-0.113134,0.692867,0.099647,0.192953,1.851852,0.242776,0,6
1.0000,10.0,3.0,-0.108540,1.042865,1.204432,0.841682,1.851852,1.443898,0,7
1.0000,10.0,4.0,0.069263,0.050216,0.466461,0.062731,1.851852,0.295961,0,10
1.0000,10.0,5.0,-0.737694,-1.014375,0.258522,1.020133,1.851852,1.149394,0,4
1.0000,10.0,6.0,-0.910058,-0.548469,0.855536,0.791023,1.851852,1.218791,0,1
1.0000,10.0,7.0,0.155563,-0.037909,0.116839,0.196573,1.851852,0.254992,0,9
1.0000,10.0,8.0,-0.060318,-0.677652,0.641342,0.129333,1.851852,0.450005,0,5
1.0000,10.0,9.0,1.105165,0.367159,0.898989,1.455834,1.851852,1.905328,0,14
1.0000,10.0,10.0,-0.080448,0.210435,0.204393,0.353045,1.851852,0.455241,1,6
1.0000,10.0,11.0,-0.130760,0.192983,0.194632,0.397806,1.851852,0.495122,0,6
1.0000,10.0,12.0,0.142811,-0.040172,0.537860,0.172721,1.851852,0.441650,1,9
1.0000,10.0,13.0,1.060587,-0.614581,1.127464,1.173242,1.851852,1.736974,0,13
1.0000,10.0,14.0,-0.180617,0.021926,0.436191,0.240073,1.851852,0.458168,0,6
1.0000,10.0,15.0,-0.733594,0.945519,0.488193,0.781915,1.851852,1.026011,0,7
1.0000,10.0,16.0,-0.046201,-0.035077,0.523144,0.029213,1.851852,0.290785,0,5
1.0000,10.0,17.0,0.865040,0.168335,0.768852,0.468213,1.851852,0.852639,1,14
1.0000,10.0,18.0,0.225738,-0.336369,0.223738,0.822476,1.851852,0.934345,0,9
1.0000,10.0,19.0,-0.103533,-0.864570,0.703280,0.338588,1.851852,0.690228,-1,4
1.0000,10.0,20.0,-0.916575,0.520023,0.582716,0.851817,1.851852,1.143175,0,2
1.0000,10.0,21.0,0.009838,-0.071939,0.227792,0.044900,1.851852,0.158796,0,9
1.0000,10.0,22.0,-0.046266,-0.200579,0.138115,0.296331,1.851852,0.365388,-1,5
1.0000,10.0,23.0,0.023307,0.074703,0.282591,0.052141,1.851852,0.193437,0,10
1.0000,10.0,24.0,-0.193779,0.792216,0.281941,0.389226,1.851852,0.530197,0,7
1.0000,10.0,25.0,0.169931,0.008587,0.212820,0.214193,1.851852,0.320603,-1,10
1.0000,10.0,26.0,-0.108703,0.401286,0.171429,0.598127,1.851852,0.683841,0,6
1.0000,10.0,27.0,-0.845759,0.352781,0.308084,0.748204,1.851852,0.902246,0,2
1.0000,10.0,28.0,0.098120,0.714004,0.437905,0.158544,1.851852,0.377497,-1,10
1.0000,10.0,29.0,-0.224803,-0.391909,0.295691,0.834774,1.851852,0.982619,0,5
1.0000,10.0,30.0,0.247112,-0.224444,0.072978,0.698976,1.851852,0.735465,0,9
1.0000,10.0,31.0,-0.165474,0.096765,0.350167,0.282212,1.851852,0.457296,0,6
1.0000,11.0,0.0,-0.116546,-0.082482,0.151446,0.167444,1.851852,0.243167,0,5
1.0000,11.0,1.0,-0.664258,0.279702,0.094637,0.553702,1.851852,0.601021,1,6
1.0000,11.0,2.0,-0.638366,0.678787,0.802090,0.333247,1.851852,0.734292,0,6
1.0000,11.0,3.0,-0.966927,-0.707545,0.844757,0.841869,1.851852,1.264248,1,1
1.0000,11.0,4.0,0.286826,0.234538,0.204597,0.785535,1.851852,0.887834,0,10
1.0000,11.0,5.0,-0.108303,-0.388933,0.124768,0.600976,1.851852,0.663360,-1,5
1.0000,11.0,6.0,0.381667,0.049335,0.301002,0.526145,1.851852,0.676645,0,10
1.0000,11.0,7.0,0.075239,-0.108807,0.051748,0.144984,1.851852,0.170858,0,9
1.0000,11.0,8.0,0.187541,-0.445366,0.118327,0.721524,1.851852,0.780688,1,9
1.0000,11.0,9.0,0.173467,-0.771989,0.232629,0.322894,1.851852,0.439209,0,8
1.0000,11.0,10.0,-0.209542,-0.682913,0.551222,0.399453,1.851852,0.675064,0,5
1.0000,11.0,11.0,0.673959,0.234864,0.441033,0.460520,1.851852,0.681036,-1,10
1.0000,11.0,12.0,0.704363,0.774592,0.680380,0.323707,1.851852,0.663897,0,11
1.0000,11.0,13.0,-0.254133,0.299552,0.399378,0.840075,1.851852,1.039763,0,6
1.0000,11.0,14.0,-0.672369,-0.564706,2.023110,0.445014,1.851852,1.456569,1,5
1.0000,11.0,15.0,-1.135770,1.542971,1.704396,3.883581,1.851852,4.735779,-1,3
1.0000,11.0,16.0,-1.148842,0.035782,0.203295,0.942516,1.851852,1.044163,0,2
1.0000,11.0,17.0,-0.612620,0.646348,0.886182,0.393805,1.851852,0.836896,0,6
1.0000,11.0,18.0,-0.065593,-0.986495,0.310079,0.625426,1.851852,0.780465,0,4
1.0000,11.0,19.0,-0.249499,-0.402315,0.063790,0.880130,1.851852,0.912025,0,5
1.0000,11.0,20.0,-0.425272,-0.418500,0.097582,0.993420,1.851852,1.042211,0,5
1.0000,11.0,21.0,-0.300854,-0.963534,0.669646,1.016940,1.851852,1.351763,0,4
1.0000,11.0,22.0,-0.569888,0.244009,0.286484,0.635441,1.851852,0.778683,1,6
1.0000,11.0,23.0,-0.730466,0.059152,0.389984,0.105527,1.851852,0.300519,1,6
1.0000,11.0,24.0,0.074605,0.236001,0.319961,0.397008,1.851852,0.556989,0,10
1.0000,11.0,25.0,-0.070535,-0.740817,0.291159,0.119801,1.851852,0.265380,-1,5
1.0000,11.0,26.0,-0.442234,0.231383,0.071105,0.816747,1.851852,0.852299,0,6
1.0000,11.0,27.0,-0.612813,-0.043053,0.225071,0.199410,1.851852,0.311945,0,5
1.0000,11.0,28.0,0.138279,0.063862,0.429215,0.184877,1.851852,0.399485,0,10
1.0000,11.0,29.0,0.554001,-0.962418,0.345453,0.949770,1.851852,1.122497,0,8
1.0000,11.0,30.0,0.317920,-0.340608,0.453142,0.973434,1.851852,1.200005,0,9
1.0000,11.0,31.0,-0.041647,-0.759367,0.169321,0.099461,1.851852,0.184122,0,4
1.0000,12.0,0.0,-0.124338,-0.500281,0.435848,0.515945,1.851852,0.733869,-1,5
1.0000,12.0,1.0,-0.211409,0.396057,0.160908,0.806018,1.851852,0.886471,0,6
1.0000,12.0,2.0,-0.090210,-0.258239,0.310139,0.459092,1.851852,0.614162,-1,5
1.0000,12.0,3.0,-0.007967,-0.704402,0.230630,0.080141,1.851852,0.195456,0,5
1.0000,12.0,4.0,0.011680,-0.210253,0.120632,0.299053,1.851852,0.359369,1,9
1.0000,12.0,5.0,-0.065973,-0.644142,0.289808,0.173201,1.851852,0.318105,0,5
1.0000,12.0,6.0,-0.655462,-0.047941,0.768963,0.140928,1.851852,0.525410,0,5
1.0000,12.0,7.0,0.273429,0.095715,0.270666,0.492741,1.851852,0.628075,0,10
1.0000,12.0,8.0,0.360954,0.134595,0.122845,0.646566,1.851852,0.707988,0,10
1.0000,12.0,9.0,-0.206203,0.022829,0.520750,0.294034,1.851852,0.554409,0,6
1.0000,12.0,10.0,0.542942,-0.808487,0.442529,0.545076,1.851852,0.766341,0,8
1.0000,12.0,11.0,-0.092163,-0.705857,0.818048,0.151984,1.851852,0.561008,0,5
1.0000,12.0,12.0,-0.258045,-0.032199,0.149563,0.399482,1.851852,0.474263,0,5
1.0000,12.0,13.0,-0.509915,-0.481616,1.330016,0.823847,1.851852,1.488855,1,5
1.0000,12.0,14.0,1.091090,0.005915,0.435337,0.844617,1.851852,1.062286,0,14
1.0000,12.0,15.0,0.197739,-0.120622,0.353056,0.389283,1.851852,0.565812,1,9
1.0000,12.0,16.0,-0.955951,-0.304289,0.802400,0.999121,1.851852,1.400321,0,1
1.0000,12.0,17.0,0.138430,0.522909,0.551660,0.502910,1.851852,0.778740,-1,10
1.0000,12.0,18.0,-0.534150,-0.182951,0.356554,0.574702,1.851852,0.752979,0,5
1.0000,12.0,19.0,-0.399275,-0.851281,0.184505,0.774977,1.851852,0.867229,0,4
1.0000,12.0,20.0,-0.165824,-0.316163,0.325081,0.679153,1.851852,0.841693,0,5
1.0000,12.0,21.0,-1.010723,-0.160955,0.779581,0.863077,1.851852,1.252868,-1,1
1.0000,12.0,22.0,0.354592,-0.236945,0.050439,0.855246,1.851852,0.880465,0,9
1.0000,12.0,23.0,0.195056,-0.095540,0.260342,0.342266,1.851852,0.472437,0,9
1.0000,12.0,24.0,-0.195573,-0.245257,0.076868,0.635617,1.851852,0.674051,1,5
1.0000,12.0,25.0,-0.067414,-0.455699,0.257812,0.495091,1.851852,0.623997,0,5
1.0000,12.0,26.0,-0.055890,0.056035,0.292335,0.053961,1.851852,0.200129,0,6
1.0000,12.0,27.0,-0.618149,0.526758,0.564038,0.570132,1.851852,0.852151,0,6
1.0000,12.0,28.0,0.761799,0.383250,0.657131,0.632835,1.851852,0.961401,1,14
1.0000,12.0,29.0,-0.091616,-0.239501,0.296646,0.426670,1.851852,0.574993,0,5
1.0000,12.0,30.0,-0.844493,-0.736485,0.219918,0.470046,1.851852,0.580005,0,1
1.0000,12.0,31.0,-0.257092,-0.350605,0.022082,0.891365,1.851852,0.902406,0,5
1.0000,13.0,0.0,-1.018671,-0.864367,1.462309,1.309832,1.851852,2.040986,0,0
1.0000,13.0,1.0,-0.219644,0.844131,0.133534,0.535005,1.851852,0.601772,1,7
1.0000,13.0,2.0,-0.229262,0.749430,0.473001,0.430009,1.851852,0.666509,0,6
1.0000,13.0,3.0,0.162997,0.101029,0.067196,0.283703,1.851852,0.317301,0,10
1.0000,13.0,4.0,0.488651,0.036199,0.327374,0.420808,1.851852,0.584495,0,10
1.0000,13.0,5.0,-0.099162,0.030525,0.279067,0.089576,1.851852,0.229109,1,6
1.0000,13.0,6.0,0.527401,0.842683,1.204521,0.638275,1.851852,1.240536,0,11
1.0000,13.0,7.0,-0.757715,0.196881,0.473365,0.364059,1.851852,0.600741,1,2
1.0000,13.0,8.0,-0.033065,0.178962,0.354897,0.241938,1.851852,0.419386,-1,6
1.0000,13.0,9.0,-0.741817,-0.714607,0.424055,0.292904,1.851852,0.504931,1,5
1.0000,13.0,10.0,-0.221498,0.070067,0.437685,0.362822,1.851852,0.581664,0,6
1.0000,13.0,11.0,0.155602,0.946254,0.521146,0.663725,1.851852,0.924298,-1,11
1.0000,13.0,12.0,0.313267,-0.112453,0.299203,0.573347,1.851852,0.722949,0,9
1.0000,13.0,13.0,1.018299,-0.910240,0.204747,1.469993,1.851852,1.572367,0,12
1.0000,13.0,14.0,0.305667,-0.551194,0.260718,0.772094,1.851852,0.902453,0,9
1.0000,13.0,15.0,0.244178,-0.333538,0.235281,0.856665,1.851852,0.974305,-1,9
1.0000,13.0,16.0,-0.025682,0.375619,0.342401,0.510784,1.851852,0.681985,0,6
1.0000,13.0,17.0,0.337145,-0.580065,0.259121,0.751534,1.851852,0.881095,0,9
1.0000,13.0,18.0,0.404748,0.099596,0.146478,0.581913,1.851852,0.655152,1,10
1.0000,13.0,19.0,-0.123392,-0.284662,0.200094,0.556168,1.851852,0.656215,0,5
1.0000,13.0,20.0,-0.709592,0.200264,0.285004,0.364753,1.851852,0.507255,1,6
1.0000,13.0,21.0,0.067499,0.132136,0.057390,0.177197,1.851852,0.205892,0,10
1.0000,13.0,22.0,0.116502,0.078684,0.363552,0.162390,1.851852,0.344166,0,10
1.0000,13.0,23.0,0.093964,-1.020819,0.625259,0.760313,1.851852,1.072943,0,8
1.0000,13.0,24.0,-0.230719,-0.740764,0.742508,0.429890,1.851852,0.801144,0,5
1.0000,13.0,25.0,0.161539,0.390955,0.368476,0.701831,1.851852,0.886069,0,10
1.0000,13.0,26.0,-0.754443,-0.322973,0.206151,0.590199,1.851852,0.693275,1,1
1.0000,13.0,27.0,-0.194318,0.137314,0.242057,0.413034,1.851852,0.534062,0,6
1.0000,13.0,28.0,-0.464270,0.478860,0.070104,0.893948,1.851852,0.928999,1,6
1.0000,13.0,29.0,-0.500491,0.213920,0.860509,0.700933,1.851852,1.131187,0,6
1.0000,13.0,30.0,-1.317652,-1.138789,0.723940,3.037391,1.851852,3.399362,0,0
1.0000,13.0,31.0,-0.290971,-0.133455,0.277550,0.583833,1.851852,0.722608,0,5
1.0000,14.0,0.0,-0.582211,0.585229,0.176722,0.527685,1.851852,0.616046,0,6
1.0000,14.0,1.0,-0.139519,0.123954,0.074392,0.275603,1.851852,0.312799,0,6
1.0000,14.0,2.0,0.154190,-0.332549,0.129183,0.670007,1.851852,0.734599,1,9
1.0000,14.0,3.0,0.263502,-0.284238,0.192981,0.835426,1.851852,0.931916,1,9
1.0000,14.0,4.0,-0.109936,-0.742025,0.362025,0.178456,1.851852,0.359468,0,5
1.0000,14.0,5.0,-0.047985,-0.217397,0.240048,0.332507,1.851852,0.452532,0,5
1.0000,14.0,6.0,0.091822,-0.757245,0.464329,0.155489,1.851852,0.387653,0,8
1.0000,14.0,7.0,-0.262621,-0.862791,0.440632,0.666093,1.851852,0.886409,0,4
1.0000,14.0,8.0,0.128093,-0.125702,0.147319,0.257188,1.851852,0.330847,0,9
1.0000,14.0,9.0,-0.038414,-0.153360,0.163156,0.192460,1.851852,0.274038,0,5
1.0000,14.0,10.0,0.658089,-0.189082,0.401285,0.378785,1.851852,0.579428,0,9
1.0000,14.0,11.0,-0.398390,0.151299,0.727460,0.678798,1.851852,1.042528,0,6
1.0000,14.0,12.0,0.409338,0.120029,0.385953,0.614100,1.851852,0.807076,0,10
1.0000,14.0,13.0,0.672354,-0.660138,0.312811,0.315679,1.851852,0.472084,0,9
1.0000,14.0,14.0,1.300460,-0.597052,0.809775,1.502050,1.851852,1.906937,1,13
1.0000,14.0,15.0,-0.286583,-0.044251,0.267941,0.453247,1.851852,0.587217,0,5
1.0000,14.0,16.0,0.470658,0.095843,0.552634,0.513585,1.851852,0.789902,1,10
1.0000,14.0,17.0,-0.028434,0.080485,0.280909,0.061782,1.851852,0.202236,1,6
1.0000,14.0,18.0,0.007333,0.136826,0.052849,0.147587,1.851852,0.174011,0,10
1.0000,14.0,19.0,-0.204328,0.179065,0.093880,0.518838,1.851852,0.565778,0,6
1.0000,14.0,20.0,-0.064461,-0.139308,0.183338,0.187501,1.851852,0.279170,0,5
1.0000,14.0,21.0,-0.038844,-0.329376,0.152937,0.498105,1.851852,0.574574,0,5
1.0000,14.0,22.0,0.566043,-0.127967,0.103036,0.401356,1.851852,0.452874,0,9
1.0000,14.0,23.0,0.784924,0.335559,0.213665,0.629854,1.851852,0.736687,0,14
1.0000,14.0,24.0,0.417008,0.315563,0.240580,0.973017,1.851852,1.093307,0,10
1.0000,14.0,25.0,0.200514,0.742617,0.749348,0.365204,1.851852,0.739878,0,10
1.0000,14.0,26.0,-1.214550,-0.027502,0.601517,0.984054,1.851852,1.284812,0,1
1.0000,14.0,27.0,0.119024,-0.687620,1.135112,0.206980,1.851852,0.774535,-1,9
1.0000,14.0,28.0,-0.175742,0.124372,0.262484,0.349813,1.851852,0.481055,0,6
1.0000,14.0,29.0,-0.020351,-0.631023,0.426740,0.157585,1.851852,0.370955,0,5
1.0000,14.0,30.0,-0.502802,-0.730119,0.853407,0.527746,1.851852,0.954450,0,5
1.0000,14.0,31.0,-0.503975,-0.101043,0.449905,0.469520,1.851852,0.694473,0,5
1.0000,15.0,0.0,-1.003474,0.237850,0.370963,1.016376,1.851852,1.201858,0,2
1.0000,15.0,1.0,-0.181752,0.157500,0.206684,0.426629,1.851852,0.529971,1,6
1.0000,15.0,2.0,0.054149,0.369191,0.067695,0.529836,1.851852,0.563684,1,10
1.0000,15.0,3.0,-0.003041,0.308936,0.344599,0.465037,1.851852,0.637337,1,6
1.0000,15.0,4.0,-0.562020,0.240140,0.324750,0.642597,1.851852,0.804972,0,6
1.0000,15.0,5.0,-0.626647,0.343283,0.277861,0.678411,1.851852,0.817341,0,6
1.0000,15.0,6.0,-0.166835,0.528696,0.065843,0.550410,1.851852,0.583331,0,6
1.0000,15.0,7.0,0.096054,0.105674,0.297368,0.168506,1.851852,0.317190,-1,10
1.0000,15.0,8.0,-0.315472,-0.729055,0.369508,0.572944,1.851852,0.757698,0,5
1.0000,15.0,9.0,0.366053,-0.101988,0.346169,0.590345,1.851852,0.763429,0,9
1.0000,15.0,10.0,1.268903,-0.182795,1.040364,1.254737,1.851852,1.774919,0,13
1.0000,15.0,11.0,0.062672,-1.278338,0.695294,1.025073,1.851852,1.372720,1,8
1.0000,15.0,12.0,-0.455055,-0.224639,0.186915,0.788968,1.851852,0.882426,0,5
1.0000,15.0,13.0,-0.169802,-0.281296,0.530147,0.642828,1.851852,0.907901,0,5
1.0000,15.0,14.0,0.675440,-0.441636,0.866615,0.615287,1.851852,1.048595,-1,9
1.0000,15.0,15.0,0.049876,0.560331,0.331850,0.301087,1.851852,0.467012,0,10
1.0000,15.0,16.0,-0.768904,0.747530,0.590228,0.333815,1.851852,0.628929,-1,2
1.0000,15.0,17.0,-0.657606,-0.769999,0.667540,0.337559,1.851852,0.671329,0,4
1.0000,15.0,18.0,0.130971,-0.249857,0.197689,0.512307,1.851852,0.611151,0,9
1.0000,15.0,19.0,-0.254003,-0.323059,0.437017,0.866022,1.851852,1.084530,0,5
1.0000,15.0,20.0,0.404273,-0.829856,0.527442,0.727927,1.851852,0.991648,0,8
1.0000,15.0,21.0,-0.485834,-0.255248,0.221968,0.806828,1.851852,0.917812,0,5
1.0000,15.0,22.0,0.269175,0.119518,0.190144,0.525094,1.851852,0.620166,0,10
1.0000,15.0,23.0,-0.044756,0.160829,0.042932,0.212167,1.851852,0.233633,0,6
1.0000,15.0,24.0,-0.346788,-0.071340,0.080105,0.540313,1.851852,0.580366,1,5
1.0000,15.0,25.0,-0.197254,0.248973,0.381375,0.646085,1.851852,0.836772,-1,6
1.0000,15.0,26.0,-0.909534,-0.341918,0.485290,0.905284,1.851852,1.147929,0,1
1.0000,15.0,27.0,-1.134033,0.803713,0.402420,1.457313,1.851852,1.658524,0,3
1.0000,15.0,28.0,-0.834468,0.270139,0.163601,0.617565,1.851852,0.699365,0,2
1.0000,15.0,29.0,-1.014883,0.058386,0.609701,0.697246,1.851852,1.002097,0,2
1.0000,15.0,30.0,-0.075489,0.953714,0.221037,0.541632,1.851852,0.652150,1,7
1.0000,15.0,31.0,0.479628,0.494822,0.795151,0.850608,1.851852,1.248184,0,10
1.0000,16.0,0.0,-0.334445,-0.357608,0.830647,0.997429,1.851852,1.412752,0,5
1.0000,16.0,1.0,0.340928,0.830611,0.492368,0.707227,1.851852,0.953411,0,11
1.0000,16.0,2.0,-0.063659,-0.130809,0.246579,0.170509,1.851852,0.293799,0,5
1.0000,16.0,3.0,-0.312473,-0.673641,0.564827,0.591929,1.851852,0.874342,0,5
1.0000,16.0,4.0,0.524444,-0.082009,0.182424,0.404927,1.851852,0.496139,0,9
1.0000,16.0,5.0,0.291455,0.192527,0.155997,0.705473,1.851852,0.783472,0,10
1.0000,16.0,6.0,-0.211230,0.644201,0.092741,0.444122,1.851852,0.490492,0,6
1.0000,16.0,7.0,-0.109988,0.635666,0.210380,0.248308,1.851852,0.353498,0,6
1.0000,16.0,8.0,0.070559,-0.042526,0.223112,0.058130,1.851852,0.169686,0,9
1.0000,16.0,9.0,0.629084,0.600737,0.642074,0.432069,1.851852,0.753106,0,10
1.0000,16.0,10.0,0.045235,-0.088526,0.215745,0.083420,1.851852,0.191293,0,9
1.0000,16.0,11.0,0.721318,-0.293940,0.826015,0.543741,1.851852,0.956748,1,9
1.0000,16.0,12.0,-0.551622,0.583911,1.040235,0.582231,1.851852,1.102348,0,6
1.0000,16.0,13.0,-1.340425,-0.180867,0.602413,1.264886,1.851852,1.566092,0,1
1.0000,16.0,14.0,-0.718003,-0.081760,0.071246,0.133492,1.851852,0.169115,0,5
1.0000,16.0,15.0,-0.316972,-0.137795,0.377157,0.623483,1.851852,0.812062,1,5
1.0000,16.0,16.0,-0.949887,0.861003,1.080346,1.051791,1.851852,1.591964,1,3
1.0000,16.0,17.0,0.242453,0.213694,0.425666,0.668220,1.851852,0.881053,0,10
1.0000,16.0,18.0,0.770946,0.227245,0.177179,0.439880,1.851852,0.528469,1,14
1.0000,16.0,19.0,0.698917,0.064032,0.239555,0.118321,1.851852,0.238099,0,10
1.0000,16.0,20.0,1.027083,-0.055639,1.579439,0.727007,1.851852,1.516726,1,13
1.0000,16.0,21.0,-0.701589,-0.616958,0.250937,0.350613,1.851852,0.476081,0,5
1.0000,16.0,22.0,-0.484135,-0.185178,0.126845,0.665773,1.851852,0.729196,1,5
1.0000,16.0,23.0,-0.025195,0.322760,0.329321,0.484733,1.851852,0.649393,-1,6
1.0000,16.0,24.0,-0.656883,-0.386457,0.590180,0.655482,1.851852,0.950572,0,5
1.0000,16.0,25.0,0.460003,-0.237870,0.167692,0.809617,1.851852,0.893463,0,9
1.0000,16.0,26.0,-0.215565,-0.030955,0.035140,0.317161,1.851852,0.334732,1,5
1.0000,16.0,27.0,-0.166623,0.256576,0.139616,0.595420,1.851852,0.665228,0,6
1.0000,16.0,28.0,-0.133975,-0.023673,0.174153,0.146603,1.851852,0.233680,0,5
1.0000,16.0,29.0,-0.164930,0.238144,0.025020,0.557685,1.851852,0.570195,0,6
1.0000,16.0,30.0,0.116634,0.380566,0.192926,0.616149,1.851852,0.712612,0,10
1.0000,16.0,31.0,-0.097429,-0.268057,0.029997,0.486609,1.851852,0.501608,0,5
1.0000,17.0,0.0,0.870002,-0.295163,0.665705,0.740276,1.851852,1.073128,-1,13
1.0000,17.0,1.0,0.963584,0.127935,1.091808,0.657748,1.851852,1.203652,0,14
1.0000,17.0,2.0,-0.778594,0.213586,0.250998,0.417559,1.851852,0.543058,0,2
1.0000,17.0,3.0,-0.092887,0.403685,0.074935,0.572126,1.851852,0.609593,1,6
1.0000,17.0,4.0,-0.234202,0.074511,0.239086,0.393394,1.851852,0.512937,0,6
1.0000,17.0,5.0,-0.038785,0.433833,0.155238,0.492323,1.851852,0.569942,1,6
1.0000,17.0,6.0,-0.079749,0.058237,0.167336,0.082943,1.851852,0.166611,0,6
1.0000,17.0,7.0,-0.301729,0.076905,0.026262,0.506827,1.851852,0.519958,0,6
1.0000,17.0,8.0,-0.314382,-0.178650,0.087637,0.704206,1.851852,0.748024,0,5
1.0000,17.0,9.0,-0.022733,-0.551420,0.036435,0.300885,1.851852,0.319103,0,5
1.0000,17.0,10.0,0.321654,-0.624521,0.226900,0.662199,1.851852,0.775649,-1,9
1.0000,17.0,11.0,-0.108036,0.180646,0.396811,0.331739,1.851852,0.530144,0,6
1.0000,17.0,12.0,-0.018606,-1.050022,0.828876,0.759405,1.851852,1.173843,-1,4
1.0000,17.0,13.0,-0.239146,0.713340,0.286566,0.446624,1.851852,0.589907,0,6
1.0000,17.0,14.0,-0.474040,-0.329756,0.115012,0.928825,1.851852,0.986331,0,5
1.0000,17.0,15.0,-0.648806,-0.156088,0.292790,0.319127,1.851852,0.465522,0,5
1.0000,17.0,16.0,0.212518,-0.201783,0.290054,0.583702,1.851852,0.728729,0,9
1.0000,17.0,17.0,0.961594,-0.738154,0.594645,0.841233,1.851852,1.138556,-1,13
1.0000,17.0,18.0,-0.051756,0.234239,0.125632,0.369370,1.851852,0.432186,0,6
1.0000,17.0,19.0,-0.152296,-0.270093,0.254569,0.589152,1.851852,0.716436,-1,5
1.0000,17.0,20.0,-0.687430,0.217887,0.322827,0.414134,1.851852,0.575547,0,6
1.0000,17.0,21.0,-0.641885,0.258521,0.178136,0.543171,1.851852,0.632239,-1,6
1.0000,17.0,22.0,-0.635439,-0.059237,0.342205,0.178197,1.851852,0.349299,0,5
1.0000,17.0,23.0,0.309135,-0.228138,0.026321,0.801822,1.851852,0.814982,-1,9
1.0000,17.0,24.0,0.275813,0.083949,0.073019,0.479592,1.851852,0.516102,0,10
1.0000,17.0,25.0,0.223985,0.102508,0.207971,0.412808,1.851852,0.516794,0,10
1.0000,17.0,26.0,-0.371763,-0.207290,0.098595,0.799372,1.851852,0.848670,0,5
1.0000,17.0,27.0,-0.229918,-0.432519,0.114333,0.822906,1.851852,0.880073,0,5
1.0000,17.0,28.0,-0.588628,-0.672054,0.494058,0.406405,1.851852,0.653433,-1,5
1.0000,17.0,29.0,-0.178787,0.256136,0.055008,0.620106,1.851852,0.647611,0,6
1.0000,17.0,30.0,-0.434973,0.350547,0.176901,0.988226,1.851852,1.076677,0,6
1.0000,17.0,31.0,0.136234,-0.233495,0.488843,0.491200,1.851852,0.735621,1,9
1.0000,18.0,0.0,-0.674667,0.003248,0.072161,0.100047,1.851852,0.136128,0,6
1.0000,18.0,1.0,-0.186862,0.162383,0.062617,0.447385,1.851852,0.478694,0,6
1.0000,18.0,2.0,-0.074772,0.261470,0.144396,0.444028,1.851852,0.516225,0,6
1.0000,18.0,3.0,-0.163184,-0.004322,0.180726,0.199765,1.851852,0.290128,0,5
1.0000,18.0,4.0,0.648284,-0.026780,0.407589,0.135978,1.851852,0.339773,0,9
1.0000,18.0,5.0,-0.090450,-0.255757,0.165205,0.455051,1.851852,0.537654,0,5
1.0000,18.0,6.0,0.685714,-0.125570,0.647170,0.220465,1.851852,0.544050,0,9
1.0000,18.0,7.0,-0.376465,0.261278,0.222767,0.905873,1.851852,1.017256,0,6
1.0000,18.0,8.0,-0.595077,0.039847,0.177818,0.228048,1.851852,0.316956,0,6
1.0000,18.0,9.0,-0.160775,-0.603749,0.390505,0.397907,1.851852,0.593160,0,5
1.0000,18.0,10.0,0.051240,-0.663882,0.452658,0.134115,1.851852,0.360444,0,9
1.0000,18.0,11.0,-0.359167,0.140220,0.368220,0.656875,1.851852,0.840985,1,6
1.0000,18.0,12.0,0.166208,-0.698926,0.795610,0.294775,1.851852,0.692580,0,9
1.0000,18.0,13.0,-0.191207,0.686076,0.212021,0.357091,1.851852,0.463102,1,6
1.0000,18.0,14.0,-0.012699,0.102111,0.630097,0.087471,1.851852,0.402519,-1,6
1.0000,18.0,15.0,-0.217299,-0.647000,0.011933,0.453453,1.851852,0.459420,0,5
1.0000,18.0,16.0,-0.095155,-0.667342,0.422236,0.184519,1.851852,0.395638,-1,5
1.0000,18.0,17.0,0.348542,-0.912274,0.971544,0.918840,1.851852,1.404612,1,8
1.0000,18.0,18.0,-0.255385,-0.209160,0.197726,0.682722,1.851852,0.781585,0,5
1.0000,18.0,19.0,-0.837013,-0.112145,0.905078,0.293137,1.851852,0.745676,0,1
1.0000,18.0,20.0,0.350488,0.676482,0.508178,0.624920,1.851852,0.879009,0,10
1.0000,18.0,21.0,0.093651,-0.007033,0.300799,0.073530,1.851852,0.223929,1,9
1.0000,18.0,22.0,0.026590,-0.158178,0.193151,0.195546,1.851852,0.292121,-1,9
1.0000,18.0,23.0,0.262996,-0.159970,0.116447,0.592880,1.851852,0.651104,-1,9
1.0000,18.0,24.0,-0.258001,0.147874,0.474180,0.559699,1.851852,0.796789,1,6
1.0000,18.0,25.0,0.840482,0.072071,0.248056,0.239246,1.851852,0.363274,0,14
1.0000,18.0,26.0,0.193917,-0.147805,0.206309,0.432705,1.851852,0.535859,0,9
1.0000,18.0,27.0,-0.653910,-0.130006,1.003497,0.260304,1.851852,0.762052,0,5
1.0000,18.0,28.0,-0.357870,0.273184,0.126532,0.922139,1.851852,0.985405,0,6
1.0000,18.0,29.0,-0.527704,0.410232,0.257291,0.860936,1.851852,0.989582,0,6
1.0000,18.0,30.0,-0.256429,0.441904,0.069683,0.865258,1.851852,0.900099,0,6
1.0000,18.0,31.0,-0.319027,0.864636,0.774881,0.760068,1.851852,1.147509,-1,7
1.0000,19.0,0.0,-0.579802,0.131182,0.432158,0.381486,1.851852,0.597565,0,6
1.0000,19.0,1.0,-0.092329,0.630518,0.228097,0.227486,1.851852,0.341534,0,6
1.0000,19.0,2.0,-0.118248,0.966615,0.524669,0.648167,1.851852,0.910501,0,7
1.0000,19.0,3.0,-0.014026,-0.208460,0.275498,0.295873,1.851852,0.433622,1,5
1.0000,19.0,4.0,0.203152,-0.940047,0.327046,0.751908,1.851852,0.915431,0,8
1.0000,19.0,5.0,-0.114658,-0.457879,0.462090,0.561267,1.851852,0.792312,-1,5
1.0000,19.0,6.0,-0.023120,0.773518,0.309887,0.099171,1.851852,0.254115,0,7
1.0000,19.0,7.0,0.493047,0.065845,0.222322,0.439779,1.851852,0.550940,0,10
1.0000,19.0,8.0,-0.324515,0.227550,0.469098,0.816457,1.851852,1.051005,0,6
1.0000,19.0,9.0,-1.348527,-0.283281,0.356369,1.506779,1.851852,1.684963,1,1
1.0000,19.0,10.0,-0.441786,0.203610,0.445514,0.759515,1.851852,0.982272,0,6
1.0000,19.0,11.0,0.222693,-0.252381,0.212932,0.705146,1.851852,0.811612,0,9
1.0000,19.0,12.0,0.056223,0.361434,0.192485,0.530086,1.851852,0.626328,-1,10
1.0000,19.0,13.0,-0.674710,0.194720,1.077939,0.374016,1.851852,0.912985,0,6
1.0000,19.0,14.0,0.656978,-1.109867,0.510446,1.261888,1.851852,1.517110,0,8
1.0000,19.0,15.0,-0.184471,-0.470024,0.467252,0.684787,1.851852,0.918413,-1,5
1.0000,19.0,16.0,-0.198710,0.524867,0.557374,0.625764,1.851852,0.904450,1,6
1.0000,19.0,17.0,1.082727,0.665082,1.062671,1.196883,1.851852,1.728218,-1,14
1.0000,19.0,18.0,-0.782963,0.196872,0.313361,0.385288,1.851852,0.541969,0,2
1.0000,19.0,19.0,0.293619,0.444537,0.327442,0.923019,1.851852,1.086739,-1,10
1.0000,19.0,20.0,-0.213552,-0.410446,0.678406,0.804647,1.851852,1.143850,0,5
1.0000,19.0,21.0,-0.461003,0.924747,0.109581,0.946196,1.851852,1.000987,0,7
1.0000,19.0,22.0,-0.405448,0.569871,0.507554,0.786297,1.851852,1.040074,-1,6
1.0000,19.0,23.0,0.458497,-0.407683,0.552387,0.967401,1.851852,1.243595,1,9
1.0000,19.0,24.0,-0.981117,-0.253886,1.092617,0.985022,1.851852,1.531330,0,1
1.0000,19.0,25.0,0.908960,-0.649832,0.453143,0.663456,1.851852,0.890027,0,13
1.0000,19.0,26.0,0.437800,0.068131,0.345285,0.515454,1.851852,0.688097,0,10
1.0000,19.0,27.0,1.260369,-0.445153,1.455747,1.611864,1.851852,2.339738,0,13
1.0000,19.0,28.0,-0.951343,-0.052840,0.861028,0.509071,1.851852,0.939585,1,1
1.0000,19.0,29.0,0.422392,0.638019,0.105958,0.668427,1.851852,0.721406,0,10
1.0000,19.0,30.0,0.027114,0.567271,0.434367,0.272439,1.851852,0.489623,0,10
1.0000,19.0,31.0,0.281157,-0.503148,1.180173,0.823476,1.851852,1.413562,-1,9
1.0000,20.0,0.0,0.477361,0.483425,0.354960,0.870602,1.851852,1.048082,0,10
1.0000,20.0,1.0,-0.357204,-0.223061,0.414840,0.828472,1.851852,1.035892,0,5
1.0000,20.0,2.0,0.617023,0.558711,0.266222,0.517690,1.851852,0.650801,0,10
1.0000,20.0,3.0,0.055827,0.508984,0.666983,0.402399,1.851852,0.735891,0,10
1.0000,20.0,4.0,-0.729928,-0.617468,1.049295,0.351305,1.851852,0.875952,0,5
1.0000,20.0,5.0,-0.446741,0.004037,0.205937,0.466293,1.851852,0.569261,1,6
1.0000,20.0,6.0,0.375072,0.213372,0.932065,0.812431,1.851852,1.278464,0,10
1.0000,20.0,7.0,0.815636,0.366957,0.226101,0.696253,1.851852,0.809304,0,14
1.0000,20.0,8.0,0.410302,0.063585,0.546473,0.531215,1.851852,0.804451,0,10
1.0000,20.0,9.0,-1.045843,0.240760,0.787827,1.136533,1.851852,1.530446,0,2
1.0000,20.0,10.0,0.283602,-0.575112,0.174863,0.696127,1.851852,0.783559,0,9
1.0000,20.0,11.0,-0.095160,-0.840782,0.429342,0.272360,1.851852,0.487031,0,4
1.0000,20.0,12.0,0.009979,-0.092158,0.666697,0.071773,1.851852,0.405121,-1,9
1.0000,20.0,13.0,-0.740881,1.106881,1.236925,1.284702,1.851852,1.903165,0,7
1.0000,20.0,14.0,-0.195453,-0.665225,0.441145,0.384863,1.851852,0.605436,-1,5
1.0000,20.0,15.0,0.537034,0.128665,0.290066,0.457889,1.851852,0.602922,0,10
1.0000,20.0,16.0,-0.409727,-0.198476,0.561925,0.773191,1.851852,1.054154,0,5
1.0000,20.0,17.0,0.956660,-0.066200,0.765575,0.538837,1.851852,0.921624,0,13
1.0000,20.0,18.0,-0.750021,0.018012,0.312148,0.082042,1.851852,0.238117,0,2
1.0000,20.0,19.0,-0.235615,0.240921,0.205009,0.709476,1.851852,0.811981,1,6
1.0000,20.0,20.0,0.569983,0.095245,0.806116,0.337671,1.851852,0.740729,-1,10
1.0000,20.0,21.0,-0.833542,0.511811,0.348542,0.640610,1.851852,0.814881,0,2
1.0000,20.0,22.0,0.022400,0.950856,0.649034,0.486891,1.851852,0.811408,0,11
1.0000,20.0,23.0,0.465317,-0.070995,0.204744,0.486989,1.851852,0.589361,0,9
1.0000,20.0,24.0,-0.253709,0.081041,0.043830,0.438361,1.851852,0.460277,0,6
1.0000,20.0,25.0,0.075695,-0.032760,0.118807,0.057973,1.851852,0.117376,-1,9
1.0000,20.0,26.0,-0.128333,0.415340,0.226164,0.625881,1.851852,0.738962,-1,6
1.0000,20.0,27.0,0.397379,-0.264446,0.104461,0.908820,1.851852,0.961051,0,9
1.0000,20.0,28.0,0.087732,-0.050662,0.034986,0.086746,1.851852,0.104239,-1,9
1.0000,20.0,29.0,0.040477,0.296372,0.265017,0.463933,1.851852,0.596441,0,10
1.0000,20.0,30.0,-0.625430,0.885580,0.331067,0.614278,1.851852,0.779812,0,7
1.0000,20.0,31.0,-1.324125,0.496920,1.986691,1.606472,1.851852,2.599817,1,2
1.0000,21.0,0.0,0.745964,0.093462,0.942781,0.152802,1.851852,0.624193,0,10
1.0000,21.0,1.0,-0.238757,0.068562,0.316723,0.395154,1.851852,0.553516,1,6
1.0000,21.0,2.0,-0.156332,0.172192,0.111446,0.404219,1.851852,0.459942,0,6
1.0000,21.0,3.0,-0.361417,-0.270461,0.625426,0.918862,1.851852,1.231575,0,5
1.0000,21.0,4.0,-0.015958,1.177237,0.498682,0.959019,1.851852,1.208360,0,7
1.0000,21.0,5.0,-0.201795,0.215112,0.684737,0.589075,1.851852,0.931444,-1,6
1.0000,21.0,6.0,-0.803366,-1.243288,0.865492,1.611839,1.851852,2.044585,0,0
1.0000,21.0,7.0,0.863863,-0.436627,0.247293,0.792234,1.851852,0.915880,0,13
1.0000,21.0,8.0,0.583116,0.128985,0.280604,0.371134,1.851852,0.511436,0,10
1.0000,21.0,9.0,-0.234553,0.485795,0.105283,0.767006,1.851852,0.819648,-1,6
1.0000,21.0,10.0,-0.224981,-0.098924,0.126707,0.409178,1.851852,0.472531,0,5
1.0000,21.0,11.0,-0.772572,-0.011935,0.140008,0.094810,1.851852,0.164814,0,1
1.0000,21.0,12.0,-0.713760,-0.468333,0.621267,0.571610,1.851852,0.882243,0,5
1.0000,21.0,13.0,-0.155794,0.026360,0.103301,0.190600,1.851852,0.242250,1,6
1.0000,21.0,14.0,-0.110862,0.103298,0.975828,0.188338,1.851852,0.676252,0,6
1.0000,21.0,15.0,0.606433,-0.261299,0.554272,0.602487,1.851852,0.879623,-1,9
1.0000,21.0,16.0,0.153256,0.016557,0.556102,0.181802,1.851852,0.459853,1,10
1.0000,21.0,17.0,0.641950,-0.274537,0.886988,0.571585,1.851852,1.015079,0,9
1.0000,21.0,18.0,-0.329002,0.888090,0.177626,0.832242,1.851852,0.921055,0,7
1.0000,21.0,19.0,-0.481920,0.539519,0.381711,0.772539,1.851852,0.963394,-1,6
1.0000,21.0,20.0,-0.256856,-0.535145,0.899747,0.725053,1.851852,1.174927,0,5
1.0000,21.0,21.0,-0.396472,1.038823,1.825156,1.315730,1.851852,2.228309,-1,7
1.0000,21.0,22.0,-0.349064,-0.152682,0.574316,0.677497,1.851852,0.964655,1,5
1.0000,21.0,23.0,-0.021265,0.134194,0.144474,0.146071,1.851852,0.218308,0,6
1.0000,21.0,24.0,-0.026658,0.032953,0.062723,0.015676,1.851852,0.047037,0,6
1.0000,21.0,25.0,-0.404836,0.010782,0.207157,0.499975,1.851852,0.603553,0,6
1.0000,21.0,26.0,0.223308,0.209133,0.369953,0.621128,1.851852,0.806104,1,10
1.0000,21.0,27.0,0.462074,0.257161,0.219127,0.843687,1.851852,0.953250,0,10
1.0000,21.0,28.0,-0.043306,-0.040273,0.151240,0.030370,1.851852,0.105991,0,5
1.0000,21.0,29.0,-0.315185,0.674489,0.088847,0.594446,1.851852,0.638870,0,6
1.0000,21.0,30.0,-0.053967,0.286859,0.501513,0.461819,1.851852,0.712575,0,6
1.0000,21.0,31.0,0.660769,-0.375673,0.451954,0.650103,1.851852,0.876080,-1,9
1.0000,22.0,0.0,-0.761301,-0.633848,0.282878,0.351187,1.851852,0.492625,0,1
1.0000,22.0,1.0,0.074973,-1.004253,0.220339,0.687469,1.851852,0.797638,0,8
1.0000,22.0,2.0,0.202561,-0.108837,0.930933,0.379076,1.851852,0.844542,0,9
1.0000,22.0,3.0,-0.115626,0.205058,0.017010,0.395809,1.851852,0.404314,0,6
1.0000,22.0,4.0,0.122836,0.169644,0.123574,0.334319,1.851852,0.396106,0,10
1.0000,22.0,5.0,0.261940,0.027809,0.742983,0.403954,1.851852,0.775445,1,10
1.0000,22.0,6.0,-0.794375,-1.065711,0.763053,1.267238,1.851852,1.648764,-1,0
1.0000,22.0,7.0,0.115370,-0.610386,0.226027,0.297561,1.851852,0.410574,0,9
1.0000,22.0,8.0,0.127832,-0.216320,0.590608,0.440945,1.851852,0.736249,-1,9
1.0000,22.0,9.0,-0.234956,0.767118,0.471050,0.452939,1.851852,0.688464,0,7
1.0000,22.0,10.0,0.160545,-0.324252,0.178476,0.676053,1.851852,0.765291,0,9
1.0000,22.0,11.0,-0.274909,0.305246,0.323730,0.882775,1.851852,1.044640,0,6
1.0000,22.0,12.0,-0.125171,0.789673,0.448224,0.241152,1.851852,0.465264,-1,7
1.0000,22.0,13.0,-0.687471,-0.323760,1.147094,0.594200,1.851852,1.167747,0,5
1.0000,22.0,14.0,0.018538,-1.696460,0.379706,2.342938,1.851852,2.532791,0,8
1.0000,22.0,15.0,-0.163017,-1.419946,1.309023,1.296509,1.851852,1.951020,0,4
1.0000,22.0,16.0,-1.155027,0.451581,1.840495,1.533793,1.851852,2.454041,0,2
1.0000,22.0,17.0,0.306062,0.793490,0.277407,0.606654,1.851852,0.745357,0,11
1.0000,22.0,18.0,-0.268888,0.138420,0.079686,0.559725,1.851852,0.599568,0,6
1.0000,22.0,19.0,-0.012678,0.221561,0.512351,0.322388,1.851852,0.578564,-1,6
1.0000,22.0,20.0,0.779703,-0.701476,0.215235,0.330577,1.851852,0.438195,0,13
1.0000,22.0,21.0,0.552166,-1.192496,0.393476,1.478278,1.851852,1.675016,0,8
1.0000,22.0,22.0,1.007690,-0.669144,0.263633,0.979108,1.851852,1.110924,0,13
1.0000,22.0,23.0,0.289814,-0.551988,0.103380,0.748751,1.851852,0.800441,0,9
1.0000,22.0,24.0,0.300912,0.041809,0.120264,0.470680,1.851852,0.530812,1,10
1.0000,22.0,25.0,0.221144,-0.042780,0.386425,0.336063,1.851852,0.529276,0,9
1.0000,22.0,26.0,-0.886249,-0.226044,0.429898,0.650207,1.851852,0.865156,0,1
1.0000,22.0,27.0,-0.010468,-0.299018,0.065074,0.454003,1.851852,0.486540,1,5
1.0000,22.0,28.0,0.069560,-0.126416,0.309671,0.168946,1.851852,0.323782,0,9
1.0000,22.0,29.0,-0.183998,0.328531,0.524790,0.728987,1.851852,0.991382,0,6
1.0000,22.0,30.0,-0.663945,-0.540293,0.452817,0.492671,1.851852,0.719080,1,5
1.0000,22.0,31.0,-0.576634,-0.597718,0.226878,0.516719,1.851852,0.630158,0,5
1.0000,23.0,0.0,-0.407994,-0.221380,0.270161,0.822126,1.851852,0.957206,0,5
1.0000,23.0,1.0,0.283343,-0.863230,0.503067,0.704485,1.851852,0.956019,0,8
1.0000,23.0,2.0,1.020003,-1.798732,2.194412,5.430755,1.851852,6.527961,0,12
1.0000,23.0,3.0,-0.054647,0.126290,0.084334,0.153181,1.851852,0.195348,-1,6
1.0000,23.0,4.0,-0.439451,-0.202733,1.578639,0.759966,1.851852,1.549286,1,5
1.0000,23.0,5.0,0.867189,0.570042,0.340430,0.635289,1.851852,0.805504,0,14
1.0000,23.0,6.0,-0.002918,0.113633,0.365376,0.105096,1.851852,0.287784,0,6
1.0000,23.0,7.0,0.590448,0.112777,0.741292,0.328165,1.851852,0.698811,0,10
1.0000,23.0,8.0,-0.954797,-0.518938,0.329982,0.973975,1.851852,1.138966,0,1
1.0000,23.0,9.0,-0.374089,0.047861,0.128915,0.524879,1.851852,0.589336,0,6
1.0000,23.0,10.0,-0.077733,-0.591159,0.307932,0.273311,1.851852,0.427277,-1,5
1.0000,23.0,11.0,0.715091,0.064976,0.390567,0.113203,1.851852,0.308487,-1,10
1.0000,23.0,12.0,0.317581,0.992039,0.375135,1.126229,1.851852,1.313797,0,11
1.0000,23.0,13.0,0.718989,0.153200,0.629121,0.260548,1.851852,0.575109,1,10
1.0000,23.0,14.0,-0.382897,-0.579208,0.306791,0.772678,1.851852,0.926073,0,5
1.0000,23.0,15.0,0.409109,-0.770279,0.218286,0.638127,1.851852,0.747270,0,8
1.0000,23.0,16.0,1.025238,-0.145694,0.325236,0.869352,1.851852,1.031970,0,13
1.0000,23.0,17.0,0.153554,0.221925,0.477550,0.502290,1.851852,0.741065,0,10
1.0000,23.0,18.0,0.135224,0.426315,0.113167,0.631235,1.851852,0.687819,0,10
1.0000,23.0,19.0,0.570560,0.700488,0.738560,0.420886,1.851852,0.790166,-1,10
1.0000,23.0,20.0,0.097833,-0.380355,0.137314,0.585068,1.851852,0.653725,0,9
1.0000,23.0,21.0,0.024328,-0.290335,0.354768,0.446682,1.851852,0.624066,0,9
1.0000,23.0,22.0,0.847362,0.037789,0.644533,0.220479,1.851852,0.542746,0,14
1.0000,23.0,23.0,0.189896,-0.777420,0.481986,0.364127,1.851852,0.605120,0,8
1.0000,23.0,24.0,0.030940,-0.586407,0.512970,0.238343,1.851852,0.494828,0,9
1.0000,23.0,25.0,0.237780,0.491559,0.276834,0.764432,1.851852,0.902849,-1,10
1.0000,23.0,26.0,0.081753,-0.124827,0.242373,0.181189,1.851852,0.302376,-1,9
1.0000,23.0,27.0,0.175066,-0.734537,1.226279,0.307380,1.851852,0.920520,0,9
1.0000,23.0,28.0,0.636615,0.677242,0.547949,0.336176,1.851852,0.610150,0,10
1.0000,23.0,29.0,0.263834,-0.627189,0.356774,0.573834,1.851852,0.752221,0,9
1.0000,23.0,30.0,0.562783,0.003292,0.478671,0.274582,1.851852,0.513918,0,10
1.0000,23.0,31.0,-0.608061,0.335619,0.099520,0.701567,1.851852,0.751327,0,6
1.0000,24.0,0.0,-0.235339,-0.622522,0.300099,0.526098,1.851852,0.676147,0,5
1.0000,24.0,1.0,-0.148787,-0.224716,0.068481,0.498340,1.851852,0.532581,0,5
1.0000,24.0,2.0,-0.040425,-0.127639,0.015129,0.144097,1.851852,0.151661,0,5
1.0000,24.0,3.0,0.059460,-0.134454,0.609303,0.173018,1.851852,0.477670,0,9
1.0000,24.0,4.0,1.559096,-0.076707,1.684859,1.564216,1.851852,2.406646,0,13
1.0000,24.0,5.0,0.667820,-0.027099,0.374897,0.113249,1.851852,0.300698,0,9
1.0000,24.0,6.0,0.485374,-0.819638,0.311729,0.647716,1.851852,0.803581,0,8
1.0000,24.0,7.0,0.984480,-0.039078,0.863016,0.594731,1.851852,1.026239,0,13
1.0000,24.0,8.0,-0.193904,-0.806143,0.420969,0.408704,1.851852,0.619189,1,4
1.0000,24.0,9.0,-0.266177,-0.040689,0.074836,0.418804,1.851852,0.456223,0,5
1.0000,24.0,10.0,-0.392320,-0.319720,0.392992,0.987440,1.851852,1.183937,0,5
1.0000,24.0,11.0,-0.019895,-0.002872,0.323725,0.003537,1.851852,0.165399,0,5
1.0000,24.0,12.0,-0.427527,0.708183,0.217512,0.608435,1.851852,0.717191,0,6
1.0000,24.0,13.0,0.099579,0.771456,0.132279,0.177615,1.851852,0.243755,0,11
1.0000,24.0,14.0,-0.017057,0.076188,0.235637,0.051775,1.851852,0.169594,-1,6
1.0000,24.0,15.0,0.096204,-0.844518,0.283976,0.281748,1.851852,0.423736,0,8
1.0000,24.0,16.0,0.733953,-0.712367,0.089722,0.288187,1.851852,0.333048,0,9
1.0000,24.0,17.0,0.862193,-0.946800,0.967185,1.044235,1.851852,1.527827,-1,12
1.0000,24.0,18.0,0.176379,-0.005296,0.253797,0.227231,1.851852,0.354130,0,9
1.0000,24.0,19.0,-0.576227,0.203071,0.284999,0.538666,1.851852,0.681166,1,6
1.0000,24.0,20.0,0.475417,0.246686,0.501273,0.806149,1.851852,1.056785,0,10
1.0000,24.0,21.0,0.527959,-0.907081,0.582808,0.811661,1.851852,1.103065,0,8
1.0000,24.0,22.0,-0.273347,-0.436887,0.220089,0.899474,1.851852,1.009519,0,5
1.0000,24.0,23.0,-0.540449,0.377044,0.142466,0.843027,1.851852,0.914260,1,6
1.0000,24.0,24.0,-0.306525,0.269868,0.303005,0.876077,1.851852,1.027580,0,6
1.0000,24.0,25.0,0.106719,-0.336621,0.168379,0.584510,1.851852,0.668700,1,9
1.0000,24.0,26.0,-0.684378,-0.170490,1.182432,0.313193,1.851852,0.904409,0,5
1.0000,24.0,27.0,1.263539,0.495991,1.056466,1.580629,1.851852,2.108862,0,14
1.0000,24.0,28.0,0.313579,0.180312,0.069653,0.706862,1.851852,0.741688,0,10
1.0000,24.0,29.0,-0.006318,0.304065,0.034123,0.459630,1.851852,0.476691,0,6
1.0000,24.0,30.0,-0.081395,0.138943,0.137867,0.207158,1.851852,0.276092,1,6
1.0000,24.0,31.0,-0.666177,0.546400,0.623326,0.480536,1.851852,0.792199,0,6
1.0000,25.0,0.0,-0.312615,0.391718,0.215490,0.979951,1.851852,1.087695,0,6
1.0000,25.0,1.0,0.105741,0.208842,0.157339,0.387055,1.851852,0.465725,-1,10
1.0000,25.0,2.0,-0.212093,-0.272634,0.139066,0.718271,1.851852,0.787804,0,5
1.0000,25.0,3.0,-0.338666,0.028230,0.361618,0.498801,1.851852,0.679610,0,6
1.0000,25.0,4.0,-0.856754,-0.402700,0.700881,0.787582,1.851852,1.138023,0,1
1.0000,25.0,5.0,0.116379,0.703721,0.387406,0.192969,1.851852,0.386672,0,10
1.0000,25.0,6.0,0.139311,-0.301201,0.309058,0.608547,1.851852,0.763076,-1,9
1.0000,25.0,7.0,-0.135606,-0.508644,0.358203,0.522910,1.851852,0.702012,0,5
1.0000,25.0,8.0,0.790490,-0.454432,0.592446,0.633705,1.851852,0.929928,0,13
1.0000,25.0,9.0,-0.421196,0.385391,0.285226,1.007122,1.851852,1.149735,0,6
1.0000,25.0,10.0,0.415096,0.505482,0.142571,0.896714,1.851852,0.968000,0,10
1.0000,25.0,11.0,-0.284731,0.740769,0.272584,0.531768,1.851852,0.668060,0,6
1.0000,25.0,12.0,0.076347,0.129981,0.222327,0.183687,1.851852,0.294850,0,10
1.0000,25.0,13.0,-0.055343,0.861536,0.872251,0.266688,1.851852,0.702814,-1,7
1.0000,25.0,14.0,0.269326,0.078402,0.089465,0.461829,1.851852,0.506562,0,10
1.0000,25.0,15.0,0.126587,-0.001431,0.055193,0.127971,1.851852,0.155568,1,9
1.0000,25.0,16.0,0.384107,-0.306054,0.374435,0.973262,1.851852,1.160479,0,9
1.0000,25.0,17.0,-0.349265,0.075128,0.536203,0.546188,1.851852,0.814289,1,6
1.0000,25.0,18.0,0.575764,0.490536,0.453289,0.695866,1.851852,0.922511,0,10
1.0000,25.0,19.0,-0.397430,0.189946,0.126313,0.760134,1.851852,0.823291,0,6
1.0000,25.0,20.0,-0.204731,-0.209989,0.026786,0.584635,1.851852,0.598028,-1,5
1.0000,25.0,21.0,-0.268456,0.006035,0.211471,0.408471,1.851852,0.514206,0,6
1.0000,25.0,22.0,-0.270809,-0.819673,0.164790,0.590880,1.851852,0.673275,0,4
1.0000,25.0,23.0,-0.238100,-0.265016,0.472848,0.758036,1.851852,0.994460,0,5
1.0000,25.0,24.0,0.195051,-0.379628,0.065669,0.773912,1.851852,0.806747,1,9
1.0000,25.0,25.0,0.117706,-0.195326,0.121453,0.379067,1.851852,0.439794,0,9
1.0000,25.0,26.0,-0.033054,0.088220,0.156183,0.074770,1.851852,0.152862,-1,6
1.0000,25.0,27.0,-0.431897,-0.095014,0.385822,0.556800,1.851852,0.749711,1,5
1.0000,25.0,28.0,0.633826,0.421980,0.447770,0.674276,1.851852,0.898161,-1,10
1.0000,25.0,29.0,0.252473,0.112708,0.093367,0.484324,1.851852,0.531008,1,10
1.0000,25.0,30.0,-0.035848,-0.064534,0.024820,0.046852,1.851852,0.059261,0,5
1.0000,25.0,31.0,0.032324,-0.126949,0.234293,0.137735,1.851852,0.254881,-1,9
1.0000,26.0,0.0,-0.685757,1.108836,1.537349,1.255367,1.851852,2.024041,-1,7
1.0000,26.0,1.0,0.637920,0.093499,0.660593,0.218393,1.851852,0.548690,1,10
1.0000,26.0,2.0,0.368397,-0.608429,0.578280,0.719765,1.851852,1.008905,-1,9
1.0000,26.0,3.0,0.198135,-0.810936,0.388111,0.425529,1.851852,0.619584,0,8
1.0000,26.0,4.0,-0.116467,-0.112287,0.274797,0.212720,1.851852,0.350118,1,5
1.0000,26.0,5.0,-0.231357,0.056952,0.135667,0.368527,1.851852,0.436360,1,6
1.0000,26.0,6.0,-0.354719,0.633439,0.546590,0.675869,1.851852,0.949164,-1,6
1.0000,26.0,7.0,0.505757,-0.107557,0.023702,0.477093,1.851852,0.488945,0,9
1.0000,26.0,8.0,0.437935,-0.186094,0.408812,0.725920,1.851852,0.930326,-1,9
1.0000,26.0,9.0,0.175571,0.118995,0.281614,0.339836,1.851852,0.480643,0,10
1.0000,26.0,10.0,0.264192,0.554427,0.520093,0.702260,1.851852,0.962307,0,10
1.0000,26.0,11.0,0.082505,0.068433,0.112135,0.097383,1.851852,0.153451,1,10
1.0000,26.0,12.0,0.557283,-0.194817,0.248277,0.556604,1.851852,0.680743,0,9
1.0000,26.0,13.0,0.304017,-0.763628,0.343151,0.572804,1.851852,0.744379,0,8
1.0000,26.0,14.0,-0.267154,-0.129687,0.125661,0.540258,1.851852,0.603089,1,5
1.0000,26.0,15.0,-0.049609,0.173542,0.204098,0.242380,1.851852,0.344429,0,6
1.0000,26.0,16.0,0.260776,0.588036,0.489087,0.633740,1.851852,0.878283,-1,10
1.0000,26.0,17.0,0.554693,-0.472075,0.174607,0.758492,1.851852,0.845795,0,9
1.0000,26.0,18.0,0.207838,-0.309669,0.262104,0.760708,1.851852,0.891760,0,9
1.0000,26.0,19.0,-0.265387,-0.349254,0.142980,0.905258,1.851852,0.976748,1,5
1.0000,26.0,20.0,-0.007625,-0.077444,0.459593,0.051315,1.851852,0.281112,0,5
1.0000,26.0,21.0,-0.578290,-0.254901,0.430393,0.640687,1.851852,0.855883,1,5
1.0000,26.0,22.0,0.315251,-0.903224,0.837384,0.857920,1.851852,1.276612,1,8
1.0000,26.0,23.0,0.617290,-1.244272,0.939467,1.454988,1.851852,1.924721,0,8
1.0000,26.0,24.0,0.451326,0.016665,0.253090,0.463443,1.851852,0.589988,0,10
1.0000,26.0,25.0,0.041693,0.418603,0.272279,0.506431,1.851852,0.642570,0,10
1.0000,26.0,26.0,0.578113,-0.153759,0.399192,0.429678,1.851852,0.629275,0,9
1.0000,26.0,27.0,-0.403163,-0.468395,0.241404,0.956844,1.851852,1.077546,1,5
1.0000,26.0,28.0,0.100230,-0.702865,0.385379,0.165835,1.851852,0.358525,-1,9
1.0000,26.0,29.0,-0.246831,0.014612,0.578686,0.372013,1.851852,0.661357,0,6
1.0000,26.0,30.0,-0.310466,0.059240,0.124157,0.497002,1.851852,0.559080,0,6
1.0000,26.0,31.0,-0.695215,0.013976,0.305596,0.086032,1.851852,0.238830,1,6
1.0000,27.0,0.0,0.624668,-0.175356,0.569981,0.394515,1.851852,0.679505,-1,9
1.0000,27.0,1.0,-0.803182,0.077623,0.084004,0.181420,1.851852,0.223422,0,2
1.0000,27.0,2.0,-1.043259,-0.108080,0.473873,0.841843,1.851852,1.078780,0,1
1.0000,27.0,3.0,0.226931,0.171168,0.517510,0.548622,1.851852,0.807377,0,10
1.0000,27.0,4.0,0.304692,-1.050355,0.388579,1.268216,1.851852,1.462505,0,8
1.0000,27.0,5.0,-0.201570,-0.383758,0.693745,0.787554,1.851852,1.134426,0,5
1.0000,27.0,6.0,0.429199,0.102085,0.098779,0.570127,1.851852,0.619516,0,10
1.0000,27.0,7.0,0.776701,-0.004451,0.710679,0.097390,1.851852,0.452729,0,13
1.0000,27.0,8.0,-0.775839,-0.176803,0.775165,0.333691,1.851852,0.721274,0,1
1.0000,27.0,9.0,-0.748811,0.391974,0.475940,0.625067,1.851852,0.863037,0,6
1.0000,27.0,10.0,-0.999910,0.092676,0.411777,0.700700,1.851852,0.906588,0,2
1.0000,27.0,11.0,-0.297633,0.164973,0.461850,0.655752,1.851852,0.886677,0,6
1.0000,27.0,12.0,0.192025,-0.881844,0.298349,0.562949,1.851852,0.712123,0,8
1.0000,27.0,13.0,-0.027578,-0.032510,0.036045,0.015858,1.851852,0.033881,0,5
1.0000,27.0,14.0,0.335552,-0.118877,0.105249,0.604550,1.851852,0.657174,-1,9
1.0000,27.0,15.0,0.668360,0.354562,0.309198,0.634489,1.851852,0.789088,1,10
1.0000,27.0,16.0,0.961876,0.083474,0.435118,0.576613,1.851852,0.794172,0,14
1.0000,27.0,17.0,-0.050039,-0.040750,0.150605,0.036078,1.851852,0.111381,1,5
1.0000,27.0,18.0,0.104994,0.591624,0.578408,0.312830,1.851852,0.602034,0,10
1.0000,27.0,19.0,0.345055,-0.592070,0.765881,0.736007,1.851852,1.118948,-1,9
1.0000,27.0,20.0,0.807844,0.826013,0.842616,0.523280,1.851852,0.944588,-1,15
1.0000,27.0,21.0,0.122802,-0.361223,0.466289,0.624669,1.851852,0.857813,0,9
1.0000,27.0,22.0,0.550268,0.853695,0.283290,0.630165,1.851852,0.771810,0,11
1.0000,27.0,23.0,0.084430,0.118232,0.088127,0.173017,1.851852,0.217081,0,10
1.0000,27.0,24.0,-0.324464,-0.268215,0.267232,0.892237,1.851852,1.025853,-1,5
1.0000,27.0,25.0,-0.100915,-0.254773,0.100261,0.469111,1.851852,0.519242,0,5
1.0000,27.0,26.0,0.119001,-0.723044,0.256329,0.192709,1.851852,0.320874,0,9
1.0000,27.0,27.0,0.266848,-0.011975,0.359970,0.406744,1.851852,0.586730,0,9
1.0000,27.0,28.0,-0.282547,0.168785,0.696125,0.642584,1.851852,0.990647,0,6
1.0000,27.0,29.0,1.160320,0.587877,1.093201,1.402052,1.851852,1.948653,0,14
1.0000,27.0,30.0,-0.366216,0.645277,0.119485,0.665282,1.851852,0.725025,1,6
1.0000,27.0,31.0,-0.555135,0.076861,0.437342,0.340139,1.851852,0.558810,0,6
1.0000,28.0,0.0,0.608582,-0.595963,0.346375,0.468298,1.851852,0.641486,0,9
1.0000,28.0,1.0,-0.357371,-0.134848,0.121408,0.645867,1.851852,0.706571,0,5
1.0000,28.0,2.0,-0.597042,-0.037210,0.632427,0.222723,1.851852,0.538937,0,5
1.0000,28.0,3.0,0.981470,0.120727,0.765829,0.696405,1.851852,1.079319,0,14
1.0000,28.0,4.0,0.419142,-0.133531,0.659391,0.633241,1.851852,0.962937,0,9
1.0000,28.0,5.0,0.748122,0.729413,0.394273,0.301709,1.851852,0.498845,0,10
1.0000,28.0,6.0,-0.079879,0.040038,0.268704,0.067867,1.851852,0.202219,0,6
1.0000,28.0,7.0,0.143346,-0.043077,0.335715,0.175848,1.851852,0.343705,0,9
1.0000,28.0,8.0,0.779445,0.421121,0.174033,0.643146,1.851852,0.730162,0,14
1.0000,28.0,9.0,0.521602,0.021597,0.342598,0.356640,1.851852,0.527940,-1,10
1.0000,28.0,10.0,0.071850,0.096831,0.634153,0.121835,1.851852,0.438912,1,10
1.0000,28.0,11.0,-0.242878,0.878282,0.830249,0.665246,1.851852,1.080371,0,7
1.0000,28.0,12.0,0.022459,-0.253315,0.093862,0.386422,1.851852,0.433353,0,9
1.0000,28.0,13.0,-0.077226,-0.081441,0.077916,0.106526,1.851852,0.145484,0,5
1.0000,28.0,14.0,0.045374,-0.162298,0.485770,0.215656,1.851852,0.458541,0,9
1.0000,28.0,15.0,-0.369062,0.324474,0.360461,0.992206,1.851852,1.172437,0,6
1.0000,28.0,16.0,0.225942,-0.315866,0.407721,0.804760,1.851852,1.008620,0,9
1.0000,28.0,17.0,0.372385,-0.047527,0.141378,0.524462,1.851852,0.595151,0,9
1.0000,28.0,18.0,0.866379,0.067063,0.341493,0.290679,1.851852,0.461426,-1,14
1.0000,28.0,19.0,-0.204512,0.140300,0.261560,0.440157,1.851852,0.570937,0,6
1.0000,28.0,20.0,0.639311,-0.383635,0.915024,0.676603,1.851852,1.134115,0,9
1.0000,28.0,21.0,0.104103,0.092707,0.026734,0.160980,1.851852,0.174347,0,10
1.0000,28.0,22.0,0.173124,0.370981,0.056816,0.726844,1.851852,0.755252,0,10
1.0000,28.0,23.0,0.181851,0.280964,0.690103,0.667661,1.851852,1.012713,1,10
1.0000,28.0,24.0,-0.377546,0.739731,0.728170,0.619804,1.851852,0.983889,0,6
1.0000,28.0,25.0,0.109960,0.043451,0.238084,0.115213,1.851852,0.234255,1,10
1.0000,28.0,26.0,-0.141808,-0.067441,0.230388,0.195627,1.851852,0.310821,1,5
1.0000,28.0,27.0,-0.754418,0.237803,1.112711,0.450308,1.851852,1.006664,0,2
1.0000,28.0,28.0,0.436391,0.269418,0.179448,0.893368,1.851852,0.983092,0,10
1.0000,28.0,29.0,-0.260820,0.727737,0.331684,0.487711,1.851852,0.653553,1,6
1.0000,28.0,30.0,-0.276217,0.978524,1.058691,1.020595,1.851852,1.549941,-1,7
1.0000,28.0,31.0,-0.247412,-0.369376,0.324085,0.879766,1.851852,1.041809,0,5
1.0000,29.0,0.0,0.351836,-0.178965,0.531757,0.733517,1.851852,0.999396,1,9
1.0000,29.0,1.0,-0.915433,-0.462299,0.259991,0.916652,1.851852,1.046648,0,1
1.0000,29.0,2.0,-0.692819,-0.099594,0.186000,0.170232,1.851852,0.263232,1,5
1.0000,29.0,3.0,-0.638494,-0.120466,0.244389,0.262805,1.851852,0.384999,1,5
1.0000,29.0,4.0,-0.719653,0.564900,1.061703,0.428158,1.851852,0.959009,1,6
1.0000,29.0,5.0,1.051216,0.159850,1.182778,0.965916,1.851852,1.557305,0,14
1.0000,29.0,6.0,-0.679328,-0.771590,0.130125,0.325856,1.851852,0.390919,0,4
1.0000,29.0,7.0,-0.384502,-0.709509,0.257715,0.619484,1.851852,0.748342,0,5
1.0000,29.0,8.0,0.396894,-0.147809,0.833578,0.672245,1.851852,1.089034,0,9
1.0000,29.0,9.0,-0.102358,-0.857682,0.358412,0.320596,1.851852,0.499802,0,4
1.0000,29.0,10.0,-0.928084,-0.812578,0.370889,0.842709,1.851852,1.028153,0,0
1.0000,29.0,11.0,-0.245243,-0.525311,0.398875,0.721148,1.851852,0.920586,0,5
1.0000,29.0,12.0,-0.049144,-0.828504,0.614402,0.191658,1.851852,0.498859,0,4
1.0000,29.0,13.0,-0.595893,-0.226624,0.197637,0.552751,1.851852,0.651569,-1,5
1.0000,29.0,14.0,-1.190749,-0.082464,0.960374,1.027779,1.851852,1.507966,-1,1
1.0000,29.0,15.0,-0.095195,-0.451912,0.545553,0.536624,1.851852,0.809400,0,5
1.0000,29.0,16.0,-0.145001,-1.499011,1.103054,1.448892,1.851852,2.000419,0,4
1.0000,29.0,17.0,-0.180140,0.007856,0.185531,0.235401,1.851852,0.328166,0,6
1.0000,29.0,18.0,0.476859,-0.182086,0.530821,0.670005,1.851852,0.935416,1,9
1.0000,29.0,19.0,-0.176792,-0.102452,0.237172,0.314607,1.851852,0.433193,0,5
1.0000,29.0,20.0,-0.853105,0.575241,0.504904,0.591177,1.851852,0.843629,0,2
1.0000,29.0,21.0,-0.053174,0.093042,0.114984,0.096608,1.851852,0.154101,0,6
1.0000,29.0,22.0,-0.225029,0.617068,0.555235,0.513493,1.851852,0.791111,0,6
1.0000,29.0,23.0,-1.016780,-0.613634,1.599150,1.047554,1.851852,1.847129,0,1
1.0000,29.0,24.0,0.891549,-0.021589,0.939026,0.318332,1.851852,0.787845,0,13
1.0000,29.0,25.0,-0.804354,0.245155,0.462768,0.516578,1.851852,0.747962,-1,2
1.0000,29.0,26.0,0.134384,-0.681287,0.374149,0.240810,1.851852,0.427885,0,9
1.0000,29.0,27.0,0.938813,-0.168139,0.199454,0.669240,1.851852,0.768967,0,13
1.0000,29.0,28.0,0.317716,0.356286,0.487114,0.981677,1.851852,1.225234,0,10
1.0000,29.0,29.0,-0.830678,-0.241214,0.879707,0.553656,1.851852,0.993509,0,1
1.0000,29.0,30.0,0.671059,-0.254264,1.423292,0.501657,1.851852,1.213303,0,9
1.0000,29.0,31.0,-0.061001,-1.060407,0.446564,0.814422,1.851852,1.037704,1,4
1.0000,30.0,0.0,-0.032962,0.362061,0.153599,0.512371,1.851852,0.589171,1,6
1.0000,30.0,1.0,-0.196776,0.122835,0.357069,0.391226,1.851852,0.569760,0,6
1.0000,30.0,2.0,0.167753,-0.105017,0.411556,0.299886,1.851852,0.505664,0,9
1.0000,30.0,3.0,-0.067000,0.297432,0.144188,0.489566,1.851852,0.561660,-1,6
1.0000,30.0,4.0,-0.320766,-0.322599,0.222151,0.961640,1.851852,1.072715,0,5
1.0000,30.0,5.0,0.225478,-0.272478,0.077129,0.745438,1.851852,0.784003,0,9
1.0000,30.0,6.0,-0.024498,-0.741232,0.515459,0.081553,1.851852,0.339282,0,5
1.0000,30.0,7.0,-0.707395,-0.732133,0.360360,0.287097,1.851852,0.467277,1,5
1.0000,30.0,8.0,-1.189416,-0.402292,0.980558,1.579343,1.851852,2.069622,0,1
1.0000,30.0,9.0,0.105042,-0.016981,0.044830,0.093269,1.851852,0.115685,0,9
1.0000,30.0,10.0,-0.262008,-0.111791,0.334039,0.499612,1.851852,0.666631,1,5
1.0000,30.0,11.0,-0.104534,0.676904,0.076052,0.190341,1.851852,0.228367,0,6
1.0000,30.0,12.0,-0.409508,0.462445,0.100549,0.961884,1.851852,1.012159,0,6
1.0000,30.0,13.0,-0.058442,0.129829,0.146091,0.163331,1.851852,0.236377,0,6
1.0000,30.0,14.0,0.373919,0.155404,0.070761,0.690296,1.851852,0.725676,0,10
1.0000,30.0,15.0,0.755575,0.147675,0.091609,0.256227,1.851852,0.302031,0,14
1.0000,30.0,16.0,0.217330,-0.081601,0.180613,0.368730,1.851852,0.459037,0,9
1.0000,30.0,17.0,0.313570,0.182918,0.306772,0.712364,1.851852,0.865750,0,10
1.0000,30.0,18.0,-0.014357,1.021405,0.633477,0.685628,1.851852,1.002366,1,7
1.0000,30.0,19.0,-0.158967,0.075602,0.307588,0.239538,1.851852,0.393332,0,6
1.0000,30.0,20.0,0.052344,1.147406,0.738060,0.954389,1.851852,1.323419,-1,11
1.0000,30.0,21.0,-0.447523,0.076022,0.068023,0.514886,1.851852,0.548898,0,6
1.0000,30.0,22.0,-0.043774,0.401216,0.215401,0.517251,1.851852,0.624951,0,6
1.0000,30.0,23.0,-0.475118,0.839282,0.458055,0.700118,1.851852,0.929145,1,7
1.0000,30.0,24.0,0.000138,0.097809,0.231556,0.079359,1.851852,0.195137,0,10
1.0000,30.0,25.0,-0.481721,0.331511,0.114762,0.919386,1.851852,0.976767,0,6
1.0000,30.0,26.0,0.091694,0.083137,0.110607,0.128488,1.851852,0.183792,0,10
1.0000,30.0,27.0,0.699355,0.114162,0.160389,0.191085,1.851852,0.271279,0,10
1.0000,30.0,28.0,-0.016787,-0.044651,0.201562,0.019757,1.851852,0.120539,-1,5
1.0000,30.0,29.0,0.183032,0.244416,0.550160,0.607557,1.851852,0.882637,0,10
1.0000,30.0,30.0,-0.925530,1.145126,1.430090,1.896397,1.851852,2.611442,0,3
1.0000,30.0,31.0,0.320168,-0.227585,0.378771,0.812421,1.851852,1.001807,1,9
1.0000,31.0,0.0,-0.104395,-0.362665,0.156330,0.593407,1.851852,0.671572,0,5
1.0000,31.0,1.0,0.146750,-0.938045,0.227314,0.620604,1.851852,0.734261,0,8
1.0000,31.0,2.0,-0.068850,-1.276839,0.854952,1.032382,1.851852,1.459858,0,4
1.0000,31.0,3.0,0.264740,0.163774,0.345872,0.603699,1.851852,0.776635,1,10
1.0000,31.0,4.0,0.315918,-0.749614,0.154667,0.579468,1.851852,0.656801,0,9
1.0000,31.0,5.0,0.106169,-0.162642,0.643011,0.291206,1.851852,0.612711,-1,9
1.0000,31.0,6.0,-0.908016,0.161430,0.330547,0.565569,1.851852,0.730842,0,2
1.0000,31.0,7.0,0.101790,-0.064660,0.065038,0.121366,1.851852,0.153885,-1,9
1.0000,31.0,8.0,0.126907,0.202223,0.365391,0.410044,1.851852,0.592740,0,10
1.0000,31.0,9.0,0.007585,0.144601,0.194496,0.162688,1.851852,0.259936,1,10
1.0000,31.0,10.0,0.559001,0.011756,0.136191,0.282972,1.851852,0.351068,0,10
1.0000,31.0,11.0,0.100479,0.325940,0.064436,0.566027,1.851852,0.598245,0,10
1.0000,31.0,12.0,-0.058313,0.674527,0.180305,0.130102,1.851852,0.220255,0,6
1.0000,31.0,13.0,0.563218,0.231375,0.163364,0.622696,1.851852,0.704378,0,10
1.0000,31.0,14.0,0.034890,0.005793,0.349709,0.010898,1.851852,0.185753,0,10
1.0000,31.0,15.0,0.620316,0.071089,0.082477,0.214624,1.851852,0.255863,0,10
1.0000,31.0,16.0,0.647139,0.595512,1.029102,0.418503,1.851852,0.933054,0,10
1.0000,31.0,17.0,-0.214106,-0.188632,0.177377,0.559293,1.851852,0.647981,0,5
1.0000,31.0,18.0,-0.003252,-0.250730,0.057190,0.377404,1.851852,0.405999,0,5
1.0000,31.0,19.0,0.031233,0.103144,0.453371,0.096212,1.851852,0.322897,-1,10
1.0000,31.0,20.0,0.055931,-0.099389,0.124077,0.108756,1.851852,0.170794,-1,9
1.0000,31.0,21.0,-0.487150,0.117947,0.247513,0.525751,1.851852,0.649508,0,6
1.0000,31.0,22.0,-0.731565,0.504112,0.288900,0.526200,1.851852,0.670650,0,6
1.0000,31.0,23.0,-0.250949,-0.163872,0.214546,0.579572,1.851852,0.686845,0,5
1.0000,31.0,24.0,-0.062003,-0.699410,0.411288,0.115861,1.851852,0.321505,-1,5
1.0000,31.0,25.0,-0.276014,0.169525,0.097481,0.634103,1.851852,0.682843,1,6
1.0000,31.0,26.0,0.208319,0.325235,0.175502,0.777532,1.851852,0.865283,0,10
1.0000,31.0,27.0,0.442461,-0.079432,0.263533,0.524676,1.851852,0.656442,1,9
1.0000,31.0,28.0,0.049466,-0.868285,0.921695,0.277207,1.851852,0.738055,-1,8
1.0000,31.0,29.0,-0.132116,0.491663,0.183470,0.544719,1.851852,0.636454,0,6
1.0000,31.0,30.0,0.424691,0.466037,0.175335,0.948909,1.851852,1.036577,0,10
1.0000,31.0,31.0,-0.325816,0.563242,0.755013,0.772338,1.851852,1.149845,0,6
2.0000,0.0,0.0,-1.120820,-0.806717,0.527044,1.436730,1.470588,1.700252,1,0
2.0000,0.0,1.0,-0.668990,-0.910955,0.942696,0.658188,1.470588,1.129536,-1,4
2.0000,0.0,2.0,0.121752,-0.131907,0.177737,0.257146,1.470588,0.346015,0,9
2.0000,0.0,3.0,0.849240,0.006309,0.787059,0.211938,1.470588,0.605467,0,14
2.0000,0.0,4.0,-0.327047,-0.359413,0.263441,0.991908,1.470588,1.123628,0,5
2.0000,0.0,5.0,-0.228674,-1.106133,0.472370,1.238349,1.470588,1.474534,0,4
2.0000,0.0,6.0,-0.487906,-0.866720,0.505228,0.751210,1.470588,1.003824,0,4
2.0000,0.0,7.0,-0.594555,0.359380,0.378070,0.739768,1.470588,0.928804,1,6
2.0000,0.0,8.0,0.062320,-0.129879,0.550226,0.167365,1.470588,0.442478,0,9
2.0000,0.0,9.0,0.954739,-0.422995,0.277261,1.063312,1.470588,1.201942,0,13
2.0000,0.0,10.0,0.862550,-0.590488,0.226476,0.593537,1.470588,0.706775,0,13
2.0000,0.0,11.0,1.219035,-0.551925,0.991331,1.500096,1.470588,1.995761,0,13
2.0000,0.0,12.0,-0.589515,-0.073098,0.540133,0.270461,1.470588,0.540527,1,5
2.0000,0.0,13.0,0.447105,-0.141923,0.377954,0.624711,1.470588,0.813687,0,9
2.0000,0.0,14.0,0.843598,-0.312571,0.083560,0.703343,1.470588,0.745123,0,13
2.0000,0.0,15.0,0.505753,-0.097504,0.662582,0.460888,1.470588,0.792179,0,9
2.0000,0.0,16.0,0.108698,0.706526,0.443368,0.178364,1.470588,0.400048,-1,10
2.0000,0.0,17.0,-0.135261,-0.090286,0.399783,0.212394,1.470588,0.412286,0,5
2.0000,0.0,18.0,1.002301,-0.467226,0.496773,1.182044,1.470588,1.430430,1,13
2.0000,0.0,19.0,-0.173485,-0.201589,0.367685,0.501405,1.470588,0.685248,0,5
2.0000,0.0,20.0,-1.078341,-0.915676,0.620108,1.686970,1.470588,1.997024,1,0
2.0000,0.0,21.0,-0.726202,0.393058,0.332920,0.618331,1.470588,0.784791,1,6
2.0000,0.0,22.0,-0.513298,0.491916,0.299356,0.803391,1.470588,0.953069,0,6
2.0000,0.0,23.0,-0.341077,0.582088,0.706421,0.750924,1.470588,1.104134,-1,6
2.0000,0.0,24.0,0.307693,-0.493709,0.409624,0.876162,1.470588,1.080974,0,9
2.0000,0.0,25.0,0.254409,0.653855,0.135078,0.520292,1.470588,0.587831,0,10
2.0000,0.0,26.0,0.275858,0.025861,0.454274,0.425932,1.470588,0.653069,0,10
2.0000,0.0,27.0,1.197845,-0.111785,2.069597,1.080409,1.470588,2.115208,0,13
2.0000,0.0,28.0,-0.118679,-0.053899,0.333736,0.138843,1.470588,0.305712,0,5
2.0000,0.0,29.0,0.347891,0.570759,0.354662,0.776203,1.470588,0.953534,0,10
2.0000,0.0,30.0,-0.022730,0.567669,0.145767,0.269741,1.470588,0.342625,0,6
2.0000,0.0,31.0,0.413507,0.063716,0.784711,0.529543,1.470588,0.921898,0,10
2.0000,1.0,0.0,0.232866,-0.560347,0.326671,0.631147,1.470588,0.794483,-1,9
2.0000,1.0,1.0,0.131991,0.466370,0.335914,0.581950,1.470588,0.749907,0,10
2.0000,1.0,2.0,0.523457,-0.096739,0.419735,0.428099,1.470588,0.637967,0,9
2.0000,1.0,3.0,-0.131709,0.823970,0.328385,0.305045,1.470588,0.469237,0,7
2.0000,1.0,4.0,0.244247,0.040736,1.324792,0.379781,1.470588,1.042177,1,10
2.0000,1.0,5.0,-1.556220,-1.156930,1.465681,4.053309,1.470588,4.786150,0,0
2.0000,1.0,6.0,-0.818651,-0.236780,0.770922,0.522385,1.470588,0.907845,0,1
2.0000,1.0,7.0,0.166413,-0.152821,1.156535,0.385102,1.470588,0.963370,0,9
2.0000,1.0,8.0,-0.556099,0.837661,0.827531,0.583330,1.470588,0.997096,0,7
2.0000,1.0,9.0,-0.024935,-0.087240,0.554074,0.069302,1.470588,0.346338,0,5
2.0000,1.0,10.0,0.129461,-0.100675,0.251939,0.217128,1.470588,0.343098,0,9
2.0000,1.0,11.0,0.604059,-0.256975,0.155333,0.598562,1.470588,0.676229,1,9
2.0000,1.0,12.0,0.367629,-0.479407,0.608461,0.943137,1.470588,1.247368,0,9
2.0000,1.0,13.0,-0.189329,0.817472,0.922456,0.416658,1.470588,0.877886,0,7
2.0000,1.0,14.0,0.761779,0.096273,0.760529,0.165115,1.470588,0.545380,1,14
2.0000,1.0,15.0,-0.657365,-0.799905,1.243248,0.380396,1.470588,1.002019,-1,4
2.0000,1.0,16.0,1.041016,0.248457,0.320234,1.140835,1.470588,1.300952,-1,14
2.0000,1.0,17.0,0.230381,0.080912,0.201048,0.394047,1.470588,0.494571,1,10
2.0000,1.0,18.0,0.274353,-0.402823,0.133565,0.923618,1.470588,0.990401,0,9
2.0000,1.0,19.0,-0.060169,0.157878,0.497843,0.219892,1.470588,0.468814,-1,6
2.0000,1.0,20.0,-0.364802,-0.548920,0.144465,0.824642,1.470588,0.896875,0,5
2.0000,1.0,21.0,-0.617226,-0.731532,0.435955,0.352155,1.470588,0.570132,0,5
2.0000,1.0,22.0,0.337186,-0.168621,0.344448,0.703234,1.470588,0.875458,-1,9
2.0000,1.0,23.0,0.717275,0.225254,0.359905,0.416967,1.470588,0.596919,1,10
2.0000,1.0,24.0,-0.133063,-0.140882,0.212389,0.295079,1.470588,0.401274,0,5
2.0000,1.0,25.0,0.482269,0.347986,0.539805,0.930564,1.470588,1.200466,1,10
2.0000,1.0,26.0,-0.683093,-0.142971,0.295580,0.256448,1.470588,0.404238,0,5
2.0000,1.0,27.0,-1.357341,0.001485,0.597575,1.006886,1.470588,1.305673,0,2
2.0000,1.0,28.0,-0.864385,-0.467400,0.077532,0.768137,1.470588,0.806903,0,1
2.0000,1.0,29.0,-0.383393,-0.293245,0.597896,0.956571,1.470588,1.255520,0,5
2.0000,1.0,30.0,0.178652,0.881106,0.130621,0.531040,1.470588,0.596351,0,11
2.0000,1.0,31.0,0.444103,0.225261,0.224219,0.802411,1.470588,0.914520,1,10
2.0000,2.0,0.0,-0.021821,-0.139044,0.143319,0.155542,1.470588,0.227201,0,5
2.0000,2.0,1.0,-0.575308,-0.144407,0.322880,0.415867,1.470588,0.577307,1,5
2.0000,2.0,2.0,-0.095349,0.041367,0.660342,0.090499,1.470588,0.420670,0,6
2.0000,2.0,3.0,-0.859103,0.996133,0.666428,1.213798,1.470588,1.547012,1,3
2.0000,2.0,4.0,0.025254,0.799104,0.380380,0.128577,1.470588,0.318767,0,11
2.0000,2.0,5.0,-0.298374,0.543029,0.648024,0.777679,1.470588,1.101691,0,6
2.0000,2.0,6.0,0.036443,0.935868,0.339217,0.450502,1.470588,0.620110,0,11
2.0000,2.0,7.0,0.002392,1.606769,1.949909,1.759878,1.470588,2.734833,-1,11
2.0000,2.0,8.0,-0.750174,-0.623463,0.650348,0.354121,1.470588,0.679294,1,1
2.0000,2.0,9.0,-0.725492,-1.391654,0.855336,1.617997,1.470588,2.045665,0,4
2.0000,2.0,10.0,0.095873,-0.970707,0.653550,0.621371,1.470588,0.948146,0,8
2.0000,2.0,11.0,1.320661,-0.207591,0.771425,1.323358,1.470588,1.709070,0,13
2.0000,2.0,12.0,0.037969,0.097716,0.361116,0.091765,1.470588,0.272323,0,10
2.0000,2.0,13.0,1.067875,-0.009892,0.406315,0.797931,1.470588,1.001088,0,13
2.0000,2.0,14.0,1.211994,0.245668,0.491025,1.388231,1.470588,1.633744,0,14
2.0000,2.0,15.0,-0.084749,0.013445,0.071873,0.062005,1.470588,0.097942,0,6
2.0000,2.0,16.0,0.313268,-0.008676,0.213774,0.470378,1.470588,0.577265,1,9
2.0000,2.0,17.0,-0.504145,-0.088587,0.251830,0.450315,1.470588,0.576230,0,5
2.0000,2.0,18.0,0.443331,-0.121015,0.350810,0.589137,1.470588,0.764542,0,9
2.0000,2.0,19.0,1.096868,-0.087632,0.321309,0.923996,1.470588,1.084650,0,13
2.0000,2.0,20.0,0.280516,-0.802617,0.347788,0.580224,1.470588,0.754118,0,8
2.0000,2.0,21.0,0.088820,-0.599074,0.380909,0.274299,1.470588,0.464753,0,9
2.0000,2.0,22.0,-0.674117,0.066863,0.257049,0.139693,1.470588,0.268218,1,6
2.0000,2.0,23.0,-0.041315,0.141419,0.191051,0.170810,1.470588,0.266336,0,6
2.0000,2.0,24.0,-0.008789,-0.606165,0.055220,0.195018,1.470588,0.222628,0,5
2.0000,2.0,25.0,0.100126,-0.295504,0.211635,0.531860,1.470588,0.637678,0,9
2.0000,2.0,26.0,0.043339,0.280278,0.284948,0.443247,1.470588,0.585721,-1,10
2.0000,2.0,27.0,-0.203555,0.773637,0.843850,0.390793,1.470588,0.812718,0,7
2.0000,2.0,28.0,-0.807730,-0.680081,0.388714,0.381121,1.470588,0.575478,0,1
2.0000,2.0,29.0,-0.920729,0.345397,0.730387,0.941133,1.470588,1.306326,0,2
2.0000,2.0,30.0,0.318122,0.831757,0.089472,0.685755,1.470588,0.730491,0,11
2.0000,2.0,31.0,0.048518,0.505591,0.146948,0.401733,1.470588,0.475207,-1,10
2.0000,3.0,0.0,0.359179,-0.487952,0.097983,0.927678,1.470588,0.976670,0,9
2.0000,3.0,1.0,0.426605,0.006658,0.289427,0.485672,1.470588,0.630385,0,10
2.0000,3.0,2.0,0.872903,-0.415753,0.777459,0.825255,1.470588,1.213984,0,13
2.0000,3.0,3.0,-0.824795,-0.361669,0.841997,0.710403,1.470588,1.131401,1,1
2.0000,3.0,4.0,0.270934,-0.337051,0.113100,0.907074,1.470588,0.963624,0,9
2.0000,3.0,5.0,0.536042,-0.733459,0.363424,0.477638,1.470588,0.659350,0,9
2.0000,3.0,6.0,0.568517,0.146883,0.297579,0.433688,1.470588,0.582478,0,10
2.0000,3.0,7.0,-0.311928,0.136889,0.218643,0.616420,1.470588,0.725742,0,6
2.0000,3.0,8.0,0.515700,0.015464,0.222750,0.365335,1.470588,0.476710,1,10
2.0000,3.0,9.0,-0.199788,0.122659,0.643694,0.397225,1.470588,0.719072,0,6
2.0000,3.0,10.0,0.169544,-0.245226,0.168515,0.580753,1.470588,0.665010,0,9
2.0000,3.0,11.0,0.177144,-0.008694,0.225562,0.229248,1.470588,0.342029,0,9
2.0000,3.0,12.0,-0.005580,0.706226,0.179000,0.079093,1.470588,0.168593,0,6
2.0000,3.0,13.0,-0.164908,0.129481,0.456595,0.336661,1.470588,0.564958,-1,6
2.0000,3.0,14.0,1.116943,-0.222944,0.496931,1.243302,1.470588,1.491768,0,13
2.0000,3.0,15.0,-0.003877,0.362792,0.123684,0.503157,1.470588,0.565000,0,6
2.0000,3.0,16.0,0.405526,0.406093,0.469630,1.010556,1.470588,1.245371,0,10
2.0000,3.0,17.0,-0.702298,-0.351824,0.110199,0.610175,1.470588,0.665274,0,5
2.0000,3.0,18.0,-0.284083,-0.788761,0.695093,0.567486,1.470588,0.915033,0,4
2.0000,3.0,19.0,0.834996,0.109916,0.469217,0.285233,1.470588,0.519841,-1,14
2.0000,3.0,20.0,0.819889,0.208348,0.414049,0.463113,1.470588,0.670138,1,14
2.0000,3.0,21.0,0.792691,-0.650596,0.549422,0.374094,1.470588,0.648805,0,13
2.0000,3.0,22.0,-0.026899,-0.384033,0.006277,0.511097,1.470588,0.514235,0,5
2.0000,3.0,23.0,-0.045503,-0.310520,0.214900,0.484774,1.470588,0.592224,0,5
2.0000,3.0,24.0,0.139217,-0.907169,0.202277,0.516151,1.470588,0.617289,0,8
2.0000,3.0,25.0,0.488775,-0.896121,0.290927,0.831244,1.470588,0.976707,0,8
2.0000,3.0,26.0,0.264024,-0.606700,0.933987,0.606961,1.470588,1.073954,0,9
2.0000,3.0,27.0,-0.490864,-0.128877,0.517027,0.539869,1.470588,0.798382,0,5
2.0000,3.0,28.0,-1.467242,-0.444437,0.191586,1.849241,1.470588,1.945034,0,1
2.0000,3.0,29.0,-1.276476,-0.666381,0.862216,1.457986,1.470588,1.889094,0,1
2.0000,3.0,30.0,0.192025,0.428129,0.081868,0.747236,1.470588,0.788171,1,10
2.0000,3.0,31.0,0.353705,0.777898,1.188194,0.636139,1.470588,1.230236,-1,11
2.0000,4.0,0.0,-0.012789,-0.554182,0.694308,0.292445,1.470588,0.639599,0,5
2.0000,4.0,1.0,1.071876,-0.596435,0.306663,1.221523,1.470588,1.374854,0,13
2.0000,4.0,2.0,0.517163,-0.729093,0.579759,0.506125,1.470588,0.796005,0,9
2.0000,4.0,3.0,0.154484,-1.460656,1.143680,1.358760,1.470588,1.930600,0,8
2.0000,4.0,4.0,0.059841,0.087703,0.057533,0.095292,1.470588,0.124059,-1,10
2.0000,4.0,5.0,-0.102564,-0.214018,0.446768,0.392622,1.470588,0.616006,0,5
2.0000,4.0,6.0,1.179377,-0.057765,1.835673,0.989207,1.470588,1.907043,1,13
2.0000,4.0,7.0,-0.333528,0.554495,0.828694,0.795644,1.470588,1.209991,0,6
2.0000,4.0,8.0,-0.090281,0.034813,0.685273,0.078740,1.470588,0.421376,-1,6
2.0000,4.0,9.0,1.054172,-0.732100,0.208558,1.138430,1.470588,1.242709,0,13
2.0000,4.0,10.0,0.442507,-0.982481,0.636619,1.140097,1.470588,1.458407,0,8
2.0000,4.0,11.0,-0.314940,0.331310,0.369967,0.963372,1.470588,1.148355,0,6
2.0000,4.0,12.0,-0.597599,0.792799,0.221428,0.436322,1.470588,0.547036,1,7
2.0000,4.0,13.0,0.067808,0.199349,0.561906,0.314531,1.470588,0.595484,-1,10
2.0000,4.0,14.0,0.734518,-0.715032,0.864721,0.288789,1.470588,0.721150,0,9
2.0000,4.0,15.0,0.259052,0.868876,0.248604,0.674046,1.470588,0.798348,0,11
2.0000,4.0,16.0,0.258955,0.641307,0.887908,0.544754,1.470588,0.988708,-1,10
2.0000,4.0,17.0,-0.434489,-0.294752,0.074170,0.934187,1.470588,0.971272,0,5
2.0000,4.0,18.0,-0.625060,-0.011492,0.103582,0.164237,1.470588,0.216028,0,5
2.0000,4.0,19.0,-0.418359,-0.434190,0.086593,0.986618,1.470588,1.029914,0,5
2.0000,4.0,20.0,-0.124434,0.047334,0.358956,0.143454,1.470588,0.322932,0,6
2.0000,4.0,21.0,0.304906,0.452567,0.497461,0.929337,1.470588,1.178067,0,10
2.0000,4.0,22.0,-0.065723,-0.517642,0.198023,0.397235,1.470588,0.496247,0,5
2.0000,4.0,23.0,-0.725330,-0.224947,0.141548,0.415617,1.470588,0.486391,-1,5
2.0000,4.0,24.0,-0.568174,-0.475439,0.388272,0.730031,1.470588,0.924168,0,5
2.0000,4.0,25.0,-0.236810,-0.186927,0.410761,0.601234,1.470588,0.806614,0,5
2.0000,4.0,26.0,-0.859765,0.687469,0.209539,0.499106,1.470588,0.603875,0,2
2.0000,4.0,27.0,-1.069164,0.696220,0.610386,1.160552,1.470588,1.465745,0,2
2.0000,4.0,28.0,-0.658644,-0.280539,0.148264,0.561102,1.470588,0.635234,0,5
2.0000,4.0,29.0,-0.970275,-0.640652,0.593928,0.872435,1.470588,1.169399,0,1
2.0000,4.0,30.0,-0.048638,0.080170,0.378443,0.074786,1.470588,0.264007,0,6
2.0000,4.0,31.0,-0.107534,-0.936053,0.492827,0.538767,1.470588,0.785181,0,4
2.0000,5.0,0.0,0.293448,0.672672,0.231542,0.567060,1.470588,0.682831,0,10
2.0000,5.0,1.0,0.220636,-0.176030,0.736314,0.546113,1.470588,0.914270,1,9
2.0000,5.0,2.0,-0.754805,-0.914599,1.677863,0.696898,1.470588,1.535830,0,0
2.0000,5.0,3.0,1.350734,-0.601973,1.224271,1.535694,1.470588,2.147830,0,13
2.0000,5.0,4.0,0.082563,-0.247268,0.102471,0.428623,1.470588,0.479859,0,9
2.0000,5.0,5.0,-0.149454,0.128159,0.560052,0.302806,1.470588,0.582832,0,6
2.0000,5.0,6.0,-0.908216,0.508721,1.370234,0.841719,1.470588,1.526836,0,2
2.0000,5.0,7.0,0.619984,-0.886460,0.673773,0.622873,1.470588,0.959759,0,8
2.0000,5.0,8.0,0.826378,-0.019057,0.508791,0.169347,1.470588,0.423742,0,13
2.0000,5.0,9.0,0.427191,-0.797681,0.071157,0.663766,1.470588,0.699344,0,8
2.0000,5.0,10.0,0.008842,-0.740330,0.368243,0.076627,1.470588,0.260748,1,9
2.0000,5.0,11.0,0.699883,-0.065088,0.680013,0.118995,1.470588,0.459001,0,9
2.0000,5.0,12.0,-0.611078,0.491836,0.559849,0.635202,1.470588,0.915127,-1,6
2.0000,5.0,13.0,-0.132769,-0.763355,0.550162,0.231011,1.470588,0.506092,0,4
2.0000,5.0,14.0,0.693713,-1.564967,1.365474,2.210156,1.470588,2.892893,0,8
2.0000,5.0,15.0,1.205395,0.651941,1.100444,1.406852,1.470588,1.957075,0,14
2.0000,5.0,16.0,0.743310,-0.758679,0.622763,0.319207,1.470588,0.630589,0,8
2.0000,5.0,17.0,-0.649263,-0.660808,0.254264,0.334602,1.470588,0.461734,0,5
2.0000,5.0,18.0,-0.878307,-0.370375,0.749596,0.837246,1.470588,1.212043,0,1
2.0000,5.0,19.0,-0.315642,-0.566719,0.221829,0.755155,1.470588,0.866070,1,5
2.0000,5.0,20.0,-0.164909,-0.994606,2.104101,0.826345,1.470588,1.878395,-1,4
2.0000,5.0,21.0,-0.540647,0.895527,1.150078,0.758762,1.470588,1.333801,-1,7
2.0000,5.0,22.0,0.276062,-0.910738,0.661330,0.818401,1.470588,1.149066,0,8
2.0000,5.0,23.0,-0.125244,0.119502,0.423378,0.240831,1.470588,0.452520,0,6
2.0000,5.0,24.0,0.357692,0.233659,0.608255,0.849990,1.470588,1.154117,1,10
2.0000,5.0,25.0,0.321770,-0.609291,0.693685,0.686396,1.470588,1.033238,0,9
2.0000,5.0,26.0,-0.191950,0.097337,0.234035,0.338469,1.470588,0.455487,0,6
2.0000,5.0,27.0,-0.738545,-0.403620,0.542604,0.619441,1.470588,0.890743,1,5
2.0000,5.0,28.0,-0.075866,-0.117349,0.157166,0.160301,1.470588,0.238884,-1,5
2.0000,5.0,29.0,-0.016129,-0.330298,0.907914,0.487941,1.470588,0.941899,0,5
2.0000,5.0,30.0,-0.078654,0.770598,0.123962,0.146054,1.470588,0.208035,1,7
2.0000,5.0,31.0,-0.073007,0.411283,0.262789,0.541471,1.470588,0.672866,0,6
2.0000,6.0,0.0,0.040558,0.303051,0.161606,0.472421,1.470588,0.553224,0,10
2.0000,6.0,1.0,0.102078,1.021563,0.393592,0.775575,1.470588,0.972371,0,11
2.0000,6.0,2.0,-0.539235,0.546206,0.245673,0.669202,1.470588,0.792038,1,6
2.0000,6.0,3.0,-0.291984,0.079560,0.227243,0.497540,1.470588,0.611162,-1,6
2.0000,6.0,4.0,-0.369220,-0.352136,0.499174,1.012077,1.470588,1.261664,0,5
2.0000,6.0,5.0,0.831855,-0.617959,0.456822,0.482786,1.470588,0.711197,0,13
2.0000,6.0,6.0,-0.128368,-0.259944,0.048496,0.525506,1.470588,0.549754,0,5
2.0000,6.0,7.0,-0.453950,-0.022302,0.239937,0.462300,1.470588,0.582268,-1,5
2.0000,6.0,8.0,-0.138508,-0.600913,0.259578,0.357331,1.470588,0.487120,0,5
2.0000,6.0,9.0,0.442614,-1.123389,0.162596,1.492307,1.470588,1.573604,0,8
2.0000,6.0,10.0,0.724986,-0.577176,0.460969,0.409167,1.470588,0.639652,0,9
2.0000,6.0,11.0,0.040304,0.441096,0.109313,0.486382,1.470588,0.541038,0,10
2.0000,6.0,12.0,0.047248,0.450380,1.114507,0.481630,1.470588,1.038883,0,10
2.0000,6.0,13.0,0.314083,-1.585132,0.958062,2.233786,1.470588,2.712817,0,8
2.0000,6.0,14.0,1.042438,-1.160256,0.219738,2.411434,1.470588,2.521303,1,12
2.0000,6.0,15.0,1.204433,-0.830761,1.297107,1.647512,1.470588,2.296065,0,12
2.0000,6.0,16.0,0.039394,-0.974821,0.109946,0.566884,1.470588,0.621857,0,8
2.0000,6.0,17.0,0.254717,-0.409686,0.364097,0.886516,1.470588,1.068565,0,9
2.0000,6.0,18.0,0.747466,-0.360234,0.180539,0.616645,1.470588,0.706914,0,9
2.0000,6.0,19.0,0.222231,0.059542,0.522284,0.352882,1.470588,0.614024,0,10
2.0000,6.0,20.0,-0.321360,1.168296,1.011191,1.497808,1.470588,2.003404,0,7
2.0000,6.0,21.0,-0.136535,0.183207,0.349357,0.388166,1.470588,0.562844,0,6
2.0000,6.0,22.0,0.799247,0.161248,0.536945,0.326927,1.470588,0.595399,0,14
2.0000,6.0,23.0,0.175637,-1.045283,1.219610,0.987029,1.470588,1.596834,-1,8
2.0000,6.0,24.0,-0.830448,0.789974,0.470305,0.500003,1.470588,0.735156,0,3
2.0000,6.0,25.0,0.318138,0.808981,0.404640,0.644826,1.470588,0.847146,0,11
2.0000,6.0,26.0,-0.754086,0.362704,0.874258,0.621392,1.470588,1.058521,0,2
2.0000,6.0,27.0,0.545474,-0.378789,0.431245,0.834038,1.470588,1.049661,0,9
2.0000,6.0,28.0,0.203400,0.591000,1.343372,0.512230,1.470588,1.183916,-1,10
2.0000,6.0,29.0,0.898237,-1.587163,1.297812,2.998416,1.470588,3.647322,0,12
2.0000,6.0,30.0,0.046600,0.178130,0.353396,0.249493,1.470588,0.426191,-1,10
2.0000,6.0,31.0,-0.177182,-0.503972,0.298252,0.616507,1.470588,0.765633,0,5
2.0000,7.0,0.0,0.212075,-0.008338,0.078651,0.302223,1.470588,0.341549,0,9
2.0000,7.0,1.0,0.259404,0.066383,0.076115,0.430611,1.470588,0.468668,0,10
2.0000,7.0,2.0,0.047353,-0.053557,0.160701,0.044166,1.470588,0.124517,0,9
2.0000,7.0,3.0,0.519191,0.321715,0.159166,0.849025,1.470588,0.928608,1,10
2.0000,7.0,4.0,0.232562,-0.003839,0.057955,0.343013,1.470588,0.371991,1,9
2.0000,7.0,5.0,0.047827,-0.214988,0.012754,0.327452,1.470588,0.333829,1,9
2.0000,7.0,6.0,-0.005066,-0.387622,0.254679,0.504474,1.470588,0.631814,-1,5
2.0000,7.0,7.0,0.250626,0.148074,0.390139,0.546847,1.470588,0.741916,1,10
2.0000,7.0,8.0,0.502226,-0.731637,0.064901,0.528941,1.470588,0.561392,0,9
2.0000,7.0,9.0,0.323690,-0.615297,0.211935,0.678659,1.470588,0.784627,0,9
2.0000,7.0,10.0,1.124436,-0.999844,0.559871,2.156190,1.470588,2.436125,0,12
2.0000,7.0,11.0,0.595876,0.082689,0.067007,0.271373,1.470588,0.304876,0,10
2.0000,7.0,12.0,0.480177,0.213543,0.118065,0.732251,1.470588,0.791283,0,10
2.0000,7.0,13.0,0.102339,0.168834,0.150551,0.297834,1.470588,0.373110,-1,10
2.0000,7.0,14.0,0.545640,-0.455037,0.481988,0.794770,1.470588,1.035765,0,9
2.0000,7.0,15.0,0.125998,0.796303,1.276735,0.251005,1.470588,0.889372,-1,11
2.0000,7.0,16.0,-0.141016,-1.178525,1.345085,1.126554,1.470588,1.799096,0,4
2.0000,7.0,17.0,0.972832,0.424253,0.300555,1.119133,1.470588,1.269410,0,14
2.0000,7.0,18.0,0.230734,-0.304937,0.347908,0.802084,1.470588,0.976038,0,9
2.0000,7.0,19.0,0.565561,-0.608616,0.194654,0.518508,1.470588,0.615835,0,9
2.0000,7.0,20.0,0.852031,-0.121416,0.422249,0.341616,1.470588,0.552741,0,13
2.0000,7.0,21.0,0.585417,0.176764,0.096928,0.464802,1.470588,0.513266,0,10
2.0000,7.0,22.0,0.797570,0.711856,1.302103,0.358777,1.470588,1.009829,0,14
2.0000,7.0,23.0,-0.443267,-0.706133,0.251997,0.597704,1.470588,0.723703,-1,5
2.0000,7.0,24.0,-0.556657,0.092374,0.431355,0.358774,1.470588,0.574451,0,6
2.0000,7.0,25.0,0.071739,0.351795,0.759131,0.543252,1.470588,0.922818,1,10
2.0000,7.0,26.0,0.019008,1.175532,0.737925,0.958739,1.470588,1.327701,-1,11
2.0000,7.0,27.0,-0.109158,0.110017,0.092944,0.196472,1.470588,0.242944,0,6
2.0000,7.0,28.0,0.250837,0.211471,0.258981,0.679281,1.470588,0.808771,0,10
2.0000,7.0,29.0,0.775835,-0.431861,0.105688,0.633404,1.470588,0.686248,0,13
2.0000,7.0,30.0,0.230888,-0.751539,0.495911,0.434422,1.470588,0.682377,0,8
2.0000,7.0,31.0,-0.827821,-0.770395,0.663707,0.463743,1.470588,0.795597,0,0
2.0000,8.0,0.0,0.328122,-0.549920,0.343683,0.799306,1.470588,0.971148,0,9
2.0000,8.0,1.0,-0.151036,-0.210469,0.181014,0.473749,1.470588,0.564256,-1,5
2.0000,8.0,2.0,0.091225,0.473151,0.298071,0.503142,1.470588,0.652178,0,10
2.0000,8.0,3.0,0.616430,-0.340906,0.796387,0.692279,1.470588,1.090472,0,9
2.0000,8.0,4.0,-0.142670,0.107121,0.277777,0.252645,1.470588,0.391533,0,6
2.0000,8.0,5.0,0.084728,-0.084395,0.616048,0.120357,1.470588,0.428381,-1,9
2.0000,8.0,6.0,-0.273344,0.383348,0.374424,0.926363,1.470588,1.113575,1,6
2.0000,8.0,7.0,-0.598050,0.092288,0.368092,0.281234,1.470588,0.465280,0,6
2.0000,8.0,8.0,0.110414,-0.485307,0.038249,0.515519,1.470588,0.534644,0,9
2.0000,8.0,9.0,0.136653,-0.461391,0.863495,0.597435,1.470588,1.029183,0,9
2.0000,8.0,10.0,0.241481,-0.906996,0.743753,0.740069,1.470588,1.111946,1,8
2.0000,8.0,11.0,0.128257,-0.054612,0.296456,0.156759,1.470588,0.304987,0,9
2.0000,8.0,12.0,1.039940,0.094523,0.474144,0.810786,1.470588,1.047857,0,14
2.0000,8.0,13.0,0.223486,0.211228,0.063368,0.625838,1.470588,0.657521,1,10
2.0000,8.0,14.0,0.458672,-0.032615,0.056358,0.461505,1.470588,0.489684,1,9
2.0000,8.0,15.0,0.668451,-0.121002,0.105780,0.227167,1.470588,0.280057,0,9
2.0000,8.0,16.0,0.606143,-0.172274,0.264133,0.418234,1.470588,0.550300,0,9
2.0000,8.0,17.0,0.626754,0.428970,0.147763,0.679896,1.470588,0.753778,0,10
2.0000,8.0,18.0,0.770980,0.641336,0.106554,0.353352,1.470588,0.406629,0,14
2.0000,8.0,19.0,0.796761,0.028357,0.501191,0.126968,1.470588,0.377563,0,14
2.0000,8.0,20.0,0.104502,-1.106406,0.619409,0.968155,1.470588,1.277860,0,8
2.0000,8.0,21.0,0.378579,0.060157,0.347900,0.536367,1.470588,0.710318,0,10
2.0000,8.0,22.0,-0.140548,-0.170175,0.180487,0.368615,1.470588,0.458859,1,5
2.0000,8.0,23.0,-0.755889,-0.196440,0.609952,0.362023,1.470588,0.666999,0,1
2.0000,8.0,24.0,-0.751861,1.199232,0.775450,1.456683,1.470588,1.844408,0,3
2.0000,8.0,25.0,-1.374748,-0.160920,1.145639,1.237846,1.470588,1.810665,0,1
2.0000,8.0,26.0,0.305465,-0.135151,0.418579,0.605721,1.470588,0.815011,-1,9
2.0000,8.0,27.0,-0.585841,0.041766,0.286475,0.246321,1.470588,0.389559,0,6
2.0000,8.0,28.0,-0.263837,0.497017,1.043631,0.804638,1.470588,1.326454,-1,6
2.0000,8.0,29.0,0.928648,-0.447353,0.048592,0.969173,1.470588,0.993469,0,13
2.0000,8.0,30.0,1.027133,-0.273606,0.250527,1.154824,1.470588,1.280087,0,13
2.0000,8.0,31.0,0.168171,-0.743686,0.082911,0.294536,1.470588,0.335992,1,9
2.0000,9.0,0.0,-0.205973,0.313014,0.348136,0.760506,1.470588,0.934574,0,6
2.0000,9.0,1.0,0.175570,-0.512723,0.312086,0.597879,1.470588,0.753922,0,9
2.0000,9.0,2.0,-0.061313,-0.006941,0.625430,0.032688,1.470588,0.345403,0,5
2.0000,9.0,3.0,-0.257445,0.941643,1.418810,0.873963,1.470588,1.583369,0,7
2.0000,9.0,4.0,-0.980632,-0.459039,0.547006,1.122546,1.470588,1.396049,0,1
2.0000,9.0,5.0,-0.753212,-1.273952,1.683324,1.528764,1.470588,2.370426,0,0
2.0000,9.0,6.0,-1.030478,-0.473562,0.443275,1.258680,1.470588,1.480318,0,1
2.0000,9.0,7.0,0.138925,-0.213822,0.112514,0.456789,1.470588,0.513045,0,9
2.0000,9.0,8.0,0.128523,-0.096195,0.739958,0.208490,1.470588,0.578469,0,9
2.0000,9.0,9.0,1.108806,1.054969,0.638876,2.327617,1.470588,2.647055,0,15
2.0000,9.0,10.0,1.299467,0.149555,0.477407,1.180966,1.470588,1.419669,0,14
2.0000,9.0,11.0,0.246982,0.509588,0.187766,0.752419,1.470588,0.846302,0,10
2.0000,9.0,12.0,0.123542,0.708178,0.562321,0.204317,1.470588,0.485478,-1,10
2.0000,9.0,13.0,-0.075369,-0.010997,0.278554,0.049269,1.470588,0.188546,0,5
2.0000,9.0,14.0,0.054480,0.068581,0.177053,0.065745,1.470588,0.154272,0,10
2.0000,9.0,15.0,0.141545,0.251797,0.594508,0.536098,1.470588,0.833352,0,10
2.0000,9.0,16.0,1.066746,-0.866867,0.686946,1.473826,1.470588,1.817299,0,12
2.0000,9.0,17.0,1.283349,0.122317,1.573174,1.121131,1.470588,1.907718,0,14
2.0000,9.0,18.0,0.549030,0.617980,0.226355,0.532830,1.470588,0.646007,0,10
2.0000,9.0,19.0,0.314618,0.101781,0.309381,0.557187,1.470588,0.711877,0,10
2.0000,9.0,20.0,0.652683,-0.245505,0.246618,0.504459,1.470588,0.627768,0,9
2.0000,9.0,21.0,1.412529,0.058309,0.808623,1.092051,1.470588,1.496363,0,14
2.0000,9.0,22.0,0.368540,0.118693,0.332595,0.618992,1.470588,0.785289,0,10
2.0000,9.0,23.0,-0.662812,0.498706,0.108250,0.559462,1.470588,0.613587,0,6
2.0000,9.0,24.0,-0.221430,0.436054,0.250849,0.802416,1.470588,0.927840,0,6
2.0000,9.0,25.0,-0.079230,0.122640,0.392212,0.173936,1.470588,0.370042,0,6
2.0000,9.0,26.0,-0.595835,0.055233,0.679550,0.239430,1.470588,0.579205,0,6
2.0000,9.0,27.0,0.300524,0.263843,0.377996,0.858504,1.470588,1.047502,1,10
2.0000,9.0,28.0,0.906153,-0.204263,0.477200,0.656213,1.470588,0.894813,0,13
2.0000,9.0,29.0,0.537225,-0.482989,0.154710,0.775116,1.470588,0.852471,0,9
2.0000,9.0,30.0,1.038832,-0.065804,0.271786,0.768171,1.470588,0.904064,0,13
2.0000,9.0,31.0,0.299010,-0.242292,0.214668,0.817282,1.470588,0.924616,0,9
2.0000,10.0,0.0,-0.872137,-0.035343,0.157896,0.275835,1.470588,0.354783,0,1
2.0000,10.0,1.0,-0.633674,0.017878,0.244179,0.152783,1.470588,0.274872,0,6
2.0000,10.0,2.0,-1.295085,-0.210039,0.358452,1.324042,1.470588,1.503268,0,1
2.0000,10.0,3.0,-1.720311,-0.083226,1.066514,2.576076,1.470588,3.109333,1,1
2.0000,10.0,4.0,-0.631459,0.702985,0.948230,0.331946,1.470588,0.806061,1,6
2.0000,10.0,5.0,0.369368,0.906784,1.680820,0.915869,1.470588,1.756279,-1,11
2.0000,10.0,6.0,-0.604518,-0.077719,0.533120,0.249448,1.470588,0.516008,0,5
2.0000,10.0,7.0,-0.227035,-0.763534,0.484192,0.433557,1.470588,0.675653,0,4
2.0000,10.0,8.0,0.948552,-0.131546,0.453485,0.620418,1.470588,0.847160,0,13
2.0000,10.0,9.0,0.488713,-0.091705,0.404144,0.480388,1.470588,0.682460,0,9
2.0000,10.0,10.0,0.887046,-0.559095,0.418127,0.706769,1.470588,0.915832,0,13
2.0000,10.0,11.0,0.068001,-0.305491,0.086550,0.500678,1.470588,0.543953,0,9
2.0000,10.0,12.0,0.440126,-0.553678,0.521567,0.794731,1.470588,1.055514,0,9
2.0000,10.0,13.0,-0.854179,-0.707040,0.899317,0.483276,1.470588,0.932934,0,1
2.0000,10.0,14.0,-0.572890,-0.454361,0.316192,0.746479,1.470588,0.904575,0,5
2.0000,10.0,15.0,-0.338087,0.453247,0.305769,0.961882,1.470588,1.114766,-1,6
2.0000,10.0,16.0,-0.121951,-0.310647,1.009754,0.587151,1.470588,1.092028,1,5
2.0000,10.0,17.0,-0.475739,-1.431195,2.068007,1.750028,1.470588,2.784032,0,4
2.0000,10.0,18.0,0.075044,0.018526,0.695835,0.050813,1.470588,0.398731,0,10
2.0000,10.0,19.0,0.410592,1.098484,1.783599,1.455655,1.470588,2.347454,0,11
2.0000,10.0,20.0,0.217111,-0.601990,0.522719,0.522104,1.470588,0.783464,-1,9
2.0000,10.0,21.0,-0.046348,0.170613,0.275921,0.233604,1.470588,0.371565,0,6
2.0000,10.0,22.0,0.239791,0.443820,0.515449,0.831827,1.470588,1.089551,1,10
2.0000,10.0,23.0,-0.776940,0.028352,0.450288,0.104696,1.470588,0.329840,0,2
2.0000,10.0,24.0,-1.017712,-0.064829,1.110581,0.711977,1.470588,1.267268,1,1
2.0000,10.0,25.0,-0.054945,1.261425,1.123974,1.015136,1.470588,1.577122,0,7
2.0000,10.0,26.0,-0.198738,1.364254,0.094534,1.321626,1.470588,1.368893,0,7
2.0000,10.0,27.0,-0.185709,1.094296,0.220632,1.117462,1.470588,1.227778,0,7
2.0000,10.0,28.0,-0.012653,0.718125,0.546228,0.076793,1.470588,0.349907,-1,6
2.0000,10.0,29.0,0.956429,-0.350864,0.214722,1.053675,1.470588,1.161036,0,13
2.0000,10.0,30.0,0.768322,-0.725716,0.214536,0.320007,1.470588,0.427275,-1,13
2.0000,10.0,31.0,0.766299,0.035088,0.873052,0.099617,1.470588,0.536143,0,14
2.0000,11.0,0.0,-0.118087,-0.092767,0.226248,0.184579,1.470588,0.297703,1,5
2.0000,11.0,1.0,-0.541196,0.709798,0.339039,0.467112,1.470588,0.636632,0,6
2.0000,11.0,2.0,-1.601261,0.859151,0.997066,2.908221,1.470588,3.406754,1,3
2.0000,11.0,3.0,-0.213220,0.353820,0.843353,0.806808,1.470588,1.228485,0,6
2.0000,11.0,4.0,-0.348079,-0.930854,0.590536,0.973618,1.470588,1.268886,0,4
2.0000,11.0,5.0,0.805969,-1.241462,0.431442,1.617051,1.470588,1.832772,0,12
2.0000,11.0,6.0,0.569103,-0.454887,0.254614,0.752685,1.470588,0.879992,0,9
2.0000,11.0,7.0,0.165172,-0.724400,0.337208,0.285422,1.470588,0.454026,0,9
2.0000,11.0,8.0,-0.315455,-0.187993,0.636396,0.725115,1.470588,1.043313,0,5
2.0000,11.0,9.0,0.745820,-1.174917,0.333631,1.416291,1.470588,1.583106,0,8
2.0000,11.0,10.0,0.026310,-1.002371,0.647232,0.638051,1.470588,0.961667,0,8
2.0000,11.0,11.0,0.449247,-0.333400,0.191899,0.962637,1.470588,1.058587,0,9
2.0000,11.0,12.0,-0.110893,-0.843329,0.478014,0.303808,1.470588,0.542815,0,4
2.0000,11.0,13.0,0.812857,-1.528798,1.828370,2.288050,1.470588,3.202235,0,12
2.0000,11.0,14.0,-0.769720,0.134824,0.628075,0.239847,1.470588,0.553885,0,2
2.0000,11.0,15.0,0.389840,0.202347,0.356100,0.788391,1.470588,0.966441,0,10
2.0000,11.0,16.0,1.097559,0.771489,0.866769,1.307309,1.470588,1.740694,0,15
2.0000,11.0,17.0,0.405273,0.825084,0.220106,0.718363,1.470588,0.828416,0,11
2.0000,11.0,18.0,-0.018716,1.241492,1.628334,0.987341,1.470588,1.801508,0,7
2.0000,11.0,19.0,-0.728263,-0.606909,0.247308,0.365173,1.470588,0.488827,0,5
2.0000,11.0,20.0,-0.685092,0.179407,0.060947,0.332007,1.470588,0.362480,0,6
2.0000,11.0,21.0,-1.009522,0.310121,0.656790,1.166806,1.470588,1.495201,0,2
2.0000,11.0,22.0,-0.434553,-0.189188,0.412887,0.735675,1.470588,0.942119,-1,5
2.0000,11.0,23.0,0.512872,-0.237893,0.127304,0.728949,1.470588,0.792601,0,9
2.0000,11.0,24.0,0.106197,-0.767171,0.263210,0.185114,1.470588,0.316719,0,8
2.0000,11.0,25.0,0.470547,-0.785158,1.221523,0.610375,1.470588,1.221136,0,8
2.0000,11.0,26.0,-0.236593,0.813204,0.600978,0.512801,1.470588,0.813290,-1,7
2.0000,11.0,27.0,-0.441495,0.290775,0.105584,0.922032,1.470588,0.974824,0,6
2.0000,11.0,28.0,0.069795,0.407872,0.209640,0.539443,1.470588,0.644263,1,10
2.0000,11.0,29.0,0.407266,0.266721,0.339323,0.908969,1.470588,1.078631,0,10
2.0000,11.0,30.0,0.673893,-0.205716,0.567088,0.398737,1.470588,0.682281,1,9
2.0000,11.0,31.0,-0.121951,-0.082328,0.045578,0.176771,1.470588,0.199560,-1,5
2.0000,12.0,0.0,0.161976,-0.034241,0.179035,0.207351,1.470588,0.296869,-1,9
2.0000,12.0,1.0,-0.288230,0.327538,0.037324,0.926361,1.470588,0.945024,0,6
2.0000,12.0,2.0,-0.365240,0.331419,0.521517,0.997478,1.470588,1.258236,0,6
2.0000,12.0,3.0,0.037864,-0.927506,0.104482,0.427197,1.470588,0.479438,0,8
2.0000,12.0,4.0,0.604382,-1.094123,0.171486,1.266014,1.470588,1.351757,0,8
2.0000,12.0,5.0,0.010809,-0.594404,0.623319,0.216226,1.470588,0.527886,1,9
2.0000,12.0,6.0,-0.297486,-0.276898,0.055465,0.876151,1.470588,0.903883,1,5
2.0000,12.0,7.0,-0.190216,0.114525,0.560313,0.362802,1.470588,0.642958,0,6
2.0000,12.0,8.0,-0.843593,-0.595830,0.653894,0.538531,1.470588,0.865478,0,1
2.0000,12.0,9.0,0.030999,-1.700359,1.312902,2.376443,1.470588,3.032894,0,8
2.0000,12.0,10.0,0.589367,0.280398,0.541761,0.665079,1.470588,0.935960,0,10
2.0000,12.0,11.0,0.018898,-0.426206,0.695535,0.488755,1.470588,0.836523,0,9
2.0000,12.0,12.0,0.394319,-0.265718,0.016420,0.911858,1.470588,0.920068,1,9
2.0000,12.0,13.0,0.298285,-0.195941,0.487905,0.721841,1.470588,0.965794,1,9
2.0000,12.0,14.0,-0.089115,-0.701798,0.421288,0.149217,1.470588,0.359861,0,5
2.0000,12.0,15.0,-0.303546,0.547066,0.390346,0.777067,1.470588,0.972240,0,6
2.0000,12.0,16.0,-0.511068,0.141198,0.307082,0.529613,1.470588,0.683154,1,6
2.0000,12.0,17.0,0.040686,0.197121,0.390306,0.284921,1.470588,0.480074,-1,10
2.0000,12.0,18.0,-0.686576,-0.223861,0.015711,0.427440,1.470588,0.435296,0,5
2.0000,12.0,19.0,-0.545225,-0.027622,0.057155,0.314924,1.470588,0.343501,0,5
2.0000,12.0,20.0,-0.793588,-0.151767,0.525504,0.299300,1.470588,0.562052,0,1
2.0000,12.0,21.0,0.407409,0.111200,0.398710,0.599653,1.470588,0.799008,0,10
2.0000,12.0,22.0,-0.551151,0.669861,0.990614,0.469547,1.470588,0.964854,0,6
2.0000,12.0,23.0,0.260626,-0.246211,0.308394,0.765950,1.470588,0.920147,1,9
2.0000,12.0,24.0,0.730350,-0.039025,0.950003,0.088161,1.470588,0.563162,0,9
2.0000,12.0,25.0,0.837897,0.517279,0.436525,0.642288,1.470588,0.860550,1,14
2.0000,12.0,26.0,0.629846,-0.343637,0.593755,0.673989,1.470588,0.970866,0,9
2.0000,12.0,27.0,-0.416446,-0.092082,0.121907,0.564124,1.470588,0.625078,-1,5
2.0000,12.0,28.0,-0.637609,-0.044158,0.832623,0.161499,1.470588,0.577810,-1,5
2.0000,12.0,29.0,0.157167,-0.733508,0.515482,0.268702,1.470588,0.526443,0,9
2.0000,12.0,30.0,-0.502233,0.280584,0.358264,0.824100,1.470588,1.003232,1,6
2.0000,12.0,31.0,-0.012692,0.330284,0.081797,0.487058,1.470588,0.527957,-1,6
2.0000,13.0,0.0,-0.453777,-0.092726,0.325346,0.530721,1.470588,0.693394,0,5
2.0000,13.0,1.0,-0.611925,0.523938,0.379540,0.584073,1.470588,0.773842,0,6
2.0000,13.0,2.0,-0.480569,-0.239007,0.449878,0.783741,1.470588,1.008680,0,5
2.0000,13.0,3.0,-0.176227,-1.080444,0.193040,1.068260,1.470588,1.164780,0,4
2.0000,13.0,4.0,0.321950,-1.029865,1.250354,1.239310,1.470588,1.864487,-1,8
2.0000,13.0,5.0,0.756242,0.725349,0.682399,0.307073,1.470588,0.648273,1,14
2.0000,13.0,6.0,-0.535963,-0.293310,0.399575,0.783662,1.470588,0.983450,0,5
2.0000,13.0,7.0,0.335869,-0.901832,0.868570,0.877510,1.470588,1.311795,1,8
2.0000,13.0,8.0,-0.991435,-1.376101,0.614377,2.550869,1.470588,2.858058,0,0
2.0000,13.0,9.0,-0.431808,-0.804680,0.926743,0.671870,1.470588,1.135242,0,4
2.0000,13.0,10.0,1.169803,-0.722304,0.517217,1.382473,1.470588,1.641081,0,13
2.0000,13.0,11.0,0.963804,-1.738683,1.587044,4.563042,1.470588,5.356563,0,12
2.0000,13.0,12.0,0.495790,-0.062510,0.456585,0.431650,1.470588,0.659942,0,9
2.0000,13.0,13.0,-0.145266,0.965486,1.166646,0.698638,1.470588,1.281961,0,7
2.0000,13.0,14.0,-0.298632,-0.890511,0.793983,0.799231,1.470588,1.196222,0,4
2.0000,13.0,15.0,0.840133,0.333548,0.778171,0.719930,1.470588,1.109015,1,14
2.0000,13.0,16.0,-0.300586,-0.794999,0.964590,0.600984,1.470588,1.083280,-1,4
2.0000,13.0,17.0,0.758588,-0.385720,0.584069,0.630769,1.470588,0.922803,0,13
2.0000,13.0,18.0,-0.625674,-0.198452,0.388415,0.443095,1.470588,0.637302,0,5
2.0000,13.0,19.0,-0.887558,0.157670,0.424409,0.501687,1.470588,0.713892,0,2
2.0000,13.0,20.0,-0.066795,-0.401252,0.239581,0.538953,1.470588,0.658744,0,5
2.0000,13.0,21.0,-0.147281,-0.125903,0.445729,0.294345,1.470588,0.517209,0,5
2.0000,13.0,22.0,0.773574,-0.172390,0.512798,0.321936,1.470588,0.578335,-1,13
2.0000,13.0,23.0,0.164176,0.733946,0.674753,0.283702,1.470588,0.621079,0,10
2.0000,13.0,24.0,-0.869953,0.919099,0.370006,0.968824,1.470588,1.153827,0,3
2.0000,13.0,25.0,-0.105111,0.786305,0.116290,0.201310,1.470588,0.259455,0,7
2.0000,13.0,26.0,-0.348130,0.166829,0.254655,0.706167,1.470588,0.833494,0,6
2.0000,13.0,27.0,-0.037074,0.448745,0.143401,0.476027,1.470588,0.547727,0,6
2.0000,13.0,28.0,0.692777,0.629409,1.326082,0.337157,1.470588,1.000198,0,10
2.0000,13.0,29.0,-0.592366,-0.541315,0.335146,0.585895,1.470588,0.753467,0,5
2.0000,13.0,30.0,0.318172,-0.439048,0.619661,0.958676,1.470588,1.268506,0,9
2.0000,13.0,31.0,0.097430,-0.059170,0.247947,0.108889,1.470588,0.232863,1,9
2.0000,14.0,0.0,-0.795227,-0.975625,0.981185,0.973676,1.470588,1.464269,1,0
2.0000,14.0,1.0,-0.819057,-0.411965,1.216917,0.705430,1.470588,1.313889,0,1
2.0000,14.0,2.0,0.513960,-0.140092,0.484106,0.522316,1.470588,0.764369,1,9
2.0000,14.0,3.0,-0.132060,-0.359701,0.228694,0.641355,1.470588,0.755702,-1,5
2.0000,14.0,4.0,-0.334343,0.110884,0.411226,0.589816,1.470588,0.795429,0,6
2.0000,14.0,5.0,0.613074,0.684849,0.238040,0.361997,1.470588,0.481017,0,10
2.0000,14.0,6.0,-0.285957,0.343405,0.150271,0.934872,1.470588,1.010007,0,6
2.0000,14.0,7.0,0.182370,0.308147,0.221330,0.705172,1.470588,0.815837,-1,10
2.0000,14.0,8.0,-0.211240,-0.276510,0.672366,0.722679,1.470588,1.058862,0,5
2.0000,14.0,9.0,0.328672,-0.058556,0.259812,0.513994,1.470588,0.643900,0,9
2.0000,14.0,10.0,0.558652,0.065034,0.597348,0.319267,1.470588,0.617941,0,10
2.0000,14.0,11.0,1.753077,-0.096541,0.982358,2.833544,1.470588,3.324724,0,13
2.0000,14.0,12.0,-0.030397,-0.348405,0.122339,0.505623,1.470588,0.566792,0,5
2.0000,14.0,13.0,-0.109613,-0.128618,0.073825,0.230029,1.470588,0.266941,0,5
2.0000,14.0,14.0,-0.053691,-0.324096,1.318314,0.505388,1.470588,1.164545,-1,5
2.0000,14.0,15.0,1.547042,0.138347,1.734881,1.624114,1.470588,2.491555,0,14
2.0000,14.0,16.0,-0.759205,0.740798,0.768328,0.317989,1.470588,0.702153,0,2
2.0000,14.0,17.0,0.254678,-0.023642,0.490027,0.389344,1.470588,0.634357,0,9
2.0000,14.0,18.0,0.473118,0.190020,0.358626,0.692361,1.470588,0.871674,1,10
2.0000,14.0,19.0,-0.133852,-0.221169,0.387120,0.462087,1.470588,0.655647,0,5
2.0000,14.0,20.0,0.526756,-1.124943,0.280227,1.418936,1.470588,1.559049,0,8
2.0000,14.0,21.0,0.643099,-0.680954,0.264065,0.326805,1.470588,0.458838,0,9
2.0000,14.0,22.0,-0.140070,-0.326127,0.143182,0.636561,1.470588,0.708152,0,5
2.0000,14.0,23.0,-0.816154,-0.062459,0.420482,0.183100,1.470588,0.393341,0,1
2.0000,14.0,24.0,-0.119401,0.358671,0.227502,0.617756,1.470588,0.731507,1,6
2.0000,14.0,25.0,-0.074383,0.932615,1.302966,0.478299,1.470588,1.129782,0,7
2.0000,14.0,26.0,-0.976391,-0.502257,0.578457,1.064271,1.470588,1.353499,0,1
2.0000,14.0,27.0,-0.010114,0.361823,0.576211,0.503667,1.470588,0.791772,0,6
2.0000,14.0,28.0,0.273399,-0.821888,0.278527,0.599477,1.470588,0.738741,0,8
2.0000,14.0,29.0,-0.025281,-0.117690,0.830265,0.117622,1.470588,0.532755,0,5
2.0000,14.0,30.0,-1.188961,-0.320064,0.398542,1.513564,1.470588,1.712835,0,1
2.0000,14.0,31.0,-0.558210,0.447752,0.732279,0.779526,1.470588,1.145665,-1,6
2.0000,15.0,0.0,0.858603,-0.042189,0.594440,0.248506,1.470588,0.545726,0,13
2.0000,15.0,1.0,-0.022873,1.131703,1.324150,0.914598,1.470588,1.576673,0,7
2.0000,15.0,2.0,0.951672,0.990953,0.636042,1.528683,1.470588,1.846704,0,15
2.0000,15.0,3.0,-0.060450,0.444836,0.126089,0.499952,1.470588,0.562997,0,6
2.0000,15.0,4.0,-0.565343,0.714631,0.504909,0.427295,1.470588,0.679749,0,6
2.0000,15.0,5.0,0.777067,0.705498,0.276579,0.326933,1.470588,0.465223,0,14
2.0000,15.0,6.0,0.304044,0.163380,0.215971,0.660490,1.470588,0.768476,1,10
2.0000,15.0,7.0,0.711128,-0.021976,0.454990,0.081420,1.470588,0.308916,0,9
2.0000,15.0,8.0,1.031647,0.621091,0.530420,1.085180,1.470588,1.350390,1,14
2.0000,15.0,9.0,1.305371,-0.189497,1.120816,1.275919,1.470588,1.836327,1,13
2.0000,15.0,10.0,0.601141,-0.901833,0.645862,0.691848,1.470588,1.014779,0,8
2.0000,15.0,11.0,1.034643,-0.507724,0.920940,1.233544,1.470588,1.694013,1,13
2.0000,15.0,12.0,-0.586106,-0.703317,0.447875,0.395393,1.470588,0.619330,0,5
2.0000,15.0,13.0,-0.603163,-0.230448,0.575977,0.547949,1.470588,0.835938,0,5
2.0000,15.0,14.0,-0.524270,1.184417,0.520855,1.502041,1.470588,1.762469,0,7
2.0000,15.0,15.0,0.684490,0.855152,0.196345,0.487491,1.470588,0.585663,0,11
2.0000,15.0,16.0,0.440055,0.891669,0.634419,0.864528,1.470588,1.181738,0,11
2.0000,15.0,17.0,-0.901187,0.704861,0.147137,0.621127,1.470588,0.694696,1,2
2.0000,15.0,18.0,-0.473003,0.146797,0.364190,0.601802,1.470588,0.783897,1,6
2.0000,15.0,19.0,0.001172,0.305175,0.371799,0.460613,1.470588,0.646512,-1,10
2.0000,15.0,20.0,-0.135461,-0.438127,0.080771,0.621333,1.470588,0.661718,0,5
2.0000,15.0,21.0,0.110516,-0.863599,0.290090,0.348283,1.470588,0.493328,0,8
2.0000,15.0,22.0,-0.347816,-0.380538,0.192231,1.010936,1.470588,1.107052,-1,5
2.0000,15.0,23.0,0.171446,0.146721,0.301503,0.383371,1.470588,0.534123,1,10
2.0000,15.0,24.0,-0.728066,-0.097507,0.191245,0.155872,1.470588,0.251495,0,5
2.0000,15.0,25.0,-0.147782,-0.595129,0.106450,0.386199,1.470588,0.439424,-1,5
2.0000,15.0,26.0,-0.199241,-0.674135,0.289431,0.384414,1.470588,0.529130,0,5
2.0000,15.0,27.0,-0.577027,-0.346626,0.141545,0.763948,1.470588,0.834720,0,5
2.0000,15.0,28.0,-0.214986,-0.282921,0.839942,0.740278,1.470588,1.160249,0,5
2.0000,15.0,29.0,1.362495,-0.123212,1.312196,1.145793,1.470588,1.801892,1,13
2.0000,15.0,30.0,-0.415137,-0.409365,0.726624,1.004597,1.470588,1.367909,0,5
2.0000,15.0,31.0,-1.454653,0.239603,1.541831,1.554461,1.470588,2.325377,-1,2
2.0000,16.0,0.0,0.468754,0.223807,0.636614,0.769845,1.470588,1.088152,1,10
2.0000,16.0,1.0,0.812001,-0.773563,1.012803,0.433308,1.470588,0.939710,-1,12
2.0000,16.0,2.0,-0.105937,0.670025,0.095900,0.199142,1.470588,0.247092,0,6
2.0000,16.0,3.0,0.323125,0.273019,0.182154,0.898943,1.470588,0.990020,0,10
2.0000,16.0,4.0,-0.444810,0.264123,0.179591,0.876038,1.470588,0.965833,0,6
2.0000,16.0,5.0,0.020026,0.580753,0.046139,0.243935,1.470588,0.267005,0,10
2.0000,16.0,6.0,-0.379136,0.607312,0.101899,0.723867,1.470588,0.774817,0,6
2.0000,16.0,7.0,-0.289018,0.528844,0.135882,0.790437,1.470588,0.858378,0,6
2.0000,16.0,8.0,-0.061439,0.179653,0.118354,0.266294,1.470588,0.325471,1,6
2.0000,16.0,9.0,-0.498688,0.285135,0.208723,0.837031,1.470588,0.941392,0,6
2.0000,16.0,10.0,-0.458196,0.155526,0.325667,0.639232,1.470588,0.802065,0,6
2.0000,16.0,11.0,0.037380,-0.663103,0.304720,0.124173,1.470588,0.276532,0,9
2.0000,16.0,12.0,0.088791,0.351252,0.524837,0.565410,1.470588,0.827829,0,10
2.0000,16.0,13.0,-0.586373,0.313205,0.085792,0.716399,1.470588,0.759295,0,6
2.0000,16.0,14.0,-0.929454,0.593036,0.381831,0.789309,1.470588,0.980224,0,2
2.0000,16.0,15.0,-0.165498,0.897791,0.584809,0.546185,1.470588,0.838590,1,7
2.0000,16.0,16.0,-0.378732,0.708825,0.535048,0.618892,1.470588,0.886416,1,6
2.0000,16.0,17.0,-0.878850,0.399456,1.109299,0.843948,1.470588,1.398597,0,2
2.0000,16.0,18.0,-0.326192,-0.941908,0.418509,0.985429,1.470588,1.194683,0,4
2.0000,16.0,19.0,0.590057,-0.449308,0.199068,0.721537,1.470588,0.821071,0,9
2.0000,16.0,20.0,0.142659,-0.373311,0.303345,0.664631,1.470588,0.816304,0,9
2.0000,16.0,21.0,-0.648267,-0.487840,0.277777,0.590121,1.470588,0.729010,1,5
2.0000,16.0,22.0,-0.611921,0.008738,0.201908,0.185161,1.470588,0.286115,0,6
2.0000,16.0,23.0,-0.161000,0.622875,0.565198,0.366654,1.470588,0.649253,-1,6
2.0000,16.0,24.0,-0.653709,-0.515952,0.261415,0.542314,1.470588,0.673022,1,5
2.0000,16.0,25.0,-0.179581,0.049774,0.132356,0.255150,1.470588,0.321328,0,6
2.0000,16.0,26.0,0.456781,0.016789,0.833750,0.456967,1.470588,0.873842,-1,10
2.0000,16.0,27.0,-1.184712,-0.098098,0.690651,1.048404,1.470588,1.393729,-1,1
2.0000,16.0,28.0,-0.880149,-0.918036,0.390552,0.997908,1.470588,1.193184,0,0
2.0000,16.0,29.0,-0.039078,-0.329410,0.394546,0.498291,1.470588,0.695564,0,5
2.0000,16.0,30.0,0.121869,0.647217,0.494312,0.253492,1.470588,0.500648,0,10
2.0000,16.0,31.0,-0.791250,0.784265,0.748026,0.410122,1.470588,0.784135,0,3
2.0000,17.0,0.0,-0.719549,0.371541,0.295539,0.615502,1.470588,0.763272,0,6
2.0000,17.0,1.0,-0.175872,-0.387862,0.691085,0.732458,1.470588,1.078001,-1,5
2.0000,17.0,2.0,-0.217564,0.841578,0.257481,0.525068,1.470588,0.653808,0,7
2.0000,17.0,3.0,0.194227,-0.076548,0.154035,0.314224,1.470588,0.391241,0,9
2.0000,17.0,4.0,-0.085515,-0.258316,0.391930,0.452597,1.470588,0.648562,0,5
2.0000,17.0,5.0,-0.059921,0.715393,0.196811,0.107680,1.470588,0.206086,0,6
2.0000,17.0,6.0,0.080577,0.180721,0.073521,0.291023,1.470588,0.327783,0,10
2.0000,17.0,7.0,-0.034902,-0.023631,0.215253,0.015495,1.470588,0.123121,0,5
2.0000,17.0,8.0,-0.581300,0.150567,0.239775,0.417169,1.470588,0.537056,0,6
2.0000,17.0,9.0,-0.085523,-0.518451,0.403077,0.420704,1.470588,0.622242,0,5
2.0000,17.0,10.0,-0.945168,-0.231483,0.459648,0.830262,1.470588,1.060086,0,1
2.0000,17.0,11.0,0.038453,-0.230301,1.233427,0.351337,1.470588,0.968051,-1,9
2.0000,17.0,12.0,0.007504,1.630098,1.321409,1.900133,1.470588,2.560837,0,11
2.0000,17.0,13.0,-0.638829,0.693213,0.464335,0.325996,1.470588,0.558163,0,6
2.0000,17.0,14.0,-1.163523,-0.299171,0.257023,1.459093,1.470588,1.587604,0,1
2.0000,17.0,15.0,-1.230942,-0.161874,0.640223,1.198565,1.470588,1.518677,0,1
2.0000,17.0,16.0,-0.163018,-0.613231,0.528002,0.386531,1.470588,0.650532,0,5
2.0000,17.0,17.0,-0.712111,-1.118670,1.208671,1.285239,1.470588,1.889574,0,4
2.0000,17.0,18.0,0.324108,-0.530842,0.294310,0.830561,1.470588,0.977716,1,9
2.0000,17.0,19.0,0.718690,-1.206794,0.996258,1.425169,1.470588,1.923299,0,8
2.0000,17.0,20.0,0.753348,-0.822485,0.851127,0.431686,1.470588,0.857250,0,12
2.0000,17.0,21.0,0.254036,-0.266370,0.637196,0.790262,1.470588,1.108860,0,9
2.0000,17.0,22.0,-0.280601,0.351320,0.607704,0.931127,1.470588,1.234979,0,6
2.0000,17.0,23.0,0.546156,0.152733,0.457153,0.488194,1.470588,0.716770,0,10
2.0000,17.0,24.0,-0.111005,-0.970141,0.358086,0.645336,1.470588,0.824379,0,4
2.0000,17.0,25.0,0.113190,-0.144304,0.130664,0.266001,1.470588,0.331333,0,9
2.0000,17.0,26.0,-0.334090,-0.025960,0.088208,0.494502,1.470588,0.538605,1,5
2.0000,17.0,27.0,0.217338,0.080233,0.647856,0.366945,1.470588,0.690874,0,10
2.0000,17.0,28.0,-0.232407,-0.620120,0.131359,0.523889,1.470588,0.589568,0,5
2.0000,17.0,29.0,-0.808687,-0.250798,0.656154,0.534535,1.470588,0.862612,0,1
2.0000,17.0,30.0,0.388690,-0.379176,0.763777,1.019939,1.470588,1.401828,0,9
2.0000,17.0,31.0,-0.005259,0.096809,0.257852,0.078076,1.470588,0.207002,0,6
2.0000,18.0,0.0,-0.569338,-0.164478,0.301076,0.468603,1.470588,0.619141,0,5
2.0000,18.0,1.0,-0.073445,0.725956,0.025733,0.121767,1.470588,0.134633,0,6
2.0000,18.0,2.0,-0.270736,0.962290,0.080084,0.961739,1.470588,1.001781,0,7
2.0000,18.0,3.0,0.066695,0.622436,0.049268,0.206090,1.470588,0.230723,0,10
2.0000,18.0,4.0,0.385501,0.371841,0.191269,1.019520,1.470588,1.115155,0,10
2.0000,18.0,5.0,0.278966,0.109765,0.209266,0.523840,1.470588,0.628473,0,10
2.0000,18.0,6.0,-0.292916,0.496142,0.131892,0.852661,1.470588,0.918607,1,6
2.0000,18.0,7.0,-0.728585,0.202028,0.218810,0.366061,1.470588,0.475466,1,6
2.0000,18.0,8.0,-0.884049,0.567776,0.432755,0.685366,1.470588,0.901743,1,2
2.0000,18.0,9.0,-0.863001,-0.086600,0.645857,0.308340,1.470588,0.631268,-1,1
2.0000,18.0,10.0,-0.265483,-0.871099,0.143411,0.691881,1.470588,0.763586,0,4
2.0000,18.0,11.0,-0.735925,-1.164111,1.050801,1.387842,1.470588,1.913242,0,4
2.0000,18.0,12.0,-0.854962,-0.171647,0.466615,0.452037,1.470588,0.685345,0,1
2.0000,18.0,13.0,0.114712,0.521785,1.144409,0.460822,1.470588,1.033026,0,10
2.0000,18.0,14.0,-0.847691,-1.250457,0.748631,1.755462,1.470588,2.129778,0,0
2.0000,18.0,15.0,-0.281433,-0.723247,0.803595,0.523989,1.470588,0.925786,0,5
2.0000,18.0,16.0,0.939220,-0.030043,0.113538,0.456419,1.470588,0.513187,0,13
2.0000,18.0,17.0,0.408345,0.351016,0.100603,1.006298,1.470588,1.056599,0,10
2.0000,18.0,18.0,0.841119,0.014441,0.463998,0.196404,1.470588,0.428403,0,14
2.0000,18.0,19.0,-0.436260,0.375050,0.230424,0.995181,1.470588,1.110393,0,6
2.0000,18.0,20.0,-0.417764,0.391776,0.444895,1.008560,1.470588,1.231008,0,6
2.0000,18.0,21.0,-0.146159,1.045594,0.697009,0.922430,1.470588,1.270934,0,7
2.0000,18.0,22.0,-0.749107,1.571302,0.870833,2.338754,1.470588,2.774171,0,7
2.0000,18.0,23.0,0.478593,0.515142,1.142105,0.819334,1.470588,1.390386,0,10
2.0000,18.0,24.0,0.537120,-0.440985,0.385436,0.823834,1.470588,1.016552,0,9
2.0000,18.0,25.0,-0.051634,-0.674798,0.746015,0.123467,1.470588,0.496474,0,5
2.0000,18.0,26.0,-0.142495,0.001831,0.675815,0.158092,1.470588,0.496000,0,6
2.0000,18.0,27.0,-0.686429,-0.959894,0.186615,0.816071,1.470588,0.909379,0,4
2.0000,18.0,28.0,-0.265155,-0.856483,0.437286,0.656011,1.470588,0.874654,0,4
2.0000,18.0,29.0,0.200332,0.144555,0.501357,0.439738,1.470588,0.690417,-1,10
2.0000,18.0,30.0,0.151471,1.238562,1.024274,1.176868,1.470588,1.689005,0,11
2.0000,18.0,31.0,-0.582312,-0.238947,0.413107,0.602381,1.470588,0.808934,0,5
2.0000,19.0,0.0,-0.541097,0.241382,0.422262,0.684453,1.470588,0.895584,0,6
2.0000,19.0,1.0,-0.003894,0.668375,0.297080,0.106236,1.470588,0.254777,-1,6
2.0000,19.0,2.0,0.001351,1.092461,0.291710,0.846879,1.470588,0.992734,0,11
2.0000,19.0,3.0,0.157250,0.778755,0.260931,0.294139,1.470588,0.424604,-1,11
2.0000,19.0,4.0,-0.263058,-0.142370,0.145448,0.557608,1.470588,0.630332,0,5
2.0000,19.0,5.0,-0.112471,0.565291,0.097462,0.374749,1.470588,0.423481,0,6
2.0000,19.0,6.0,0.086561,0.823637,0.583392,0.226588,1.470588,0.518285,-1,11
2.0000,19.0,7.0,-0.107393,-0.373664,0.119462,0.600234,1.470588,0.659965,0,5
2.0000,19.0,8.0,-0.019027,-0.176607,0.381064,0.230636,1.470588,0.421168,0,5
2.0000,19.0,9.0,0.321350,0.369773,1.102931,0.989331,1.470588,1.540796,-1,10
2.0000,19.0,10.0,-0.109632,-1.363219,0.803360,1.119764,1.470588,1.521443,0,4
2.0000,19.0,11.0,0.601610,0.025447,0.500477,0.208073,1.470588,0.458311,0,10
2.0000,19.0,12.0,-0.455436,-0.706181,0.552160,0.586660,1.470588,0.862740,-1,5
2.0000,19.0,13.0,-0.587281,0.655128,0.174826,0.423168,1.470588,0.510581,0,6
2.0000,19.0,14.0,-1.170239,0.263441,1.657344,1.398376,1.470588,2.227048,0,2
2.0000,19.0,15.0,0.716180,-1.221868,0.515176,1.437951,1.470588,1.695539,0,8
2.0000,19.0,16.0,0.943698,0.134564,0.172849,0.612128,1.470588,0.698553,0,14
2.0000,19.0,17.0,0.229434,0.086769,0.280295,0.400130,1.470588,0.540277,0,10
2.0000,19.0,18.0,1.123887,-0.105137,0.288920,0.996734,1.470588,1.141194,0,13
2.0000,19.0,19.0,0.523140,0.349974,0.474250,0.864711,1.470588,1.101836,1,10
2.0000,19.0,20.0,0.072452,-0.627057,0.258206,0.205633,1.470588,0.334736,-1,9
2.0000,19.0,21.0,-0.686787,-0.316699,1.009485,0.586801,1.470588,1.091544,0,5
2.0000,19.0,22.0,-0.010247,1.010325,0.944411,0.654698,1.470588,1.126904,0,7
2.0000,19.0,23.0,-1.279334,-0.233530,0.343453,1.377671,1.470588,1.549397,0,1
2.0000,19.0,24.0,-0.445327,-0.859601,0.723728,0.775637,1.470588,1.137501,0,4
2.0000,19.0,25.0,-1.617156,-0.415728,1.431493,2.539911,1.470588,3.255657,0,1
2.0000,19.0,26.0,0.326273,-1.121885,0.283088,1.445234,1.470588,1.586778,0,8
2.0000,19.0,27.0,-0.209968,-0.384323,0.067664,0.805212,1.470588,0.839044,0,5
2.0000,19.0,28.0,0.041048,-0.195705,0.102112,0.282208,1.470588,0.333263,0,9
2.0000,19.0,29.0,-0.279055,-0.614640,0.952635,0.619638,1.470588,1.095956,-1,5
2.0000,19.0,30.0,-0.480535,0.250536,0.186911,0.806024,1.470588,0.899480,0,6
2.0000,19.0,31.0,-0.724284,1.036418,0.461473,1.079043,1.470588,1.309779,0,7
2.0000,20.0,0.0,0.505094,-0.110218,0.228182,0.482722,1.470588,0.596813,0,9
2.0000,20.0,1.0,0.275253,-0.296261,0.518057,0.871915,1.470588,1.130944,0,9
2.0000,20.0,2.0,-0.821290,0.486339,1.219713,0.649684,1.470588,1.259541,0,2
2.0000,20.0,3.0,0.128748,0.912097,0.295830,0.509041,1.470588,0.656956,-1,11
2.0000,20.0,4.0,-0.022445,-0.163258,0.370158,0.204167,1.470588,0.389246,-1,5
2.0000,20.0,5.0,0.131031,1.038788,0.665978,0.874114,1.470588,1.207104,0,11
2.0000,20.0,6.0,0.610028,0.056561,0.126131,0.215831,1.470588,0.278896,0,10
2.0000,20.0,7.0,0.544494,-0.294588,0.199227,0.769676,1.470588,0.869290,0,9
2.0000,20.0,8.0,0.668125,-0.975163,0.053298,0.872254,1.470588,0.898903,1,8
2.0000,20.0,9.0,0.865808,-0.592664,1.121166,0.599190,1.470588,1.159773,1,13
2.0000,20.0,10.0,-0.622816,-0.645011,0.611647,0.381187,1.470588,0.687011,0,5
2.0000,20.0,11.0,0.819593,-0.523883,0.561090,0.594592,1.470588,0.875137,0,13
2.0000,20.0,12.0,0.080313,-0.480201,0.872016,0.477563,1.470588,0.913571,0,9
2.0000,20.0,13.0,-0.134075,0.680634,0.658862,0.240741,1.470588,0.570172,0,6
2.0000,20.0,14.0,-0.240397,0.256459,0.546567,0.747539,1.470588,1.020823,0,6
2.0000,20.0,15.0,0.668475,-0.813512,0.819904,0.397920,1.470588,0.807872,0,8
2.0000,20.0,16.0,0.902705,0.555585,0.186434,0.758220,1.470588,0.851437,0,14
2.0000,20.0,17.0,0.736060,-0.079477,0.122334,0.130204,1.470588,0.191372,0,9
2.0000,20.0,18.0,0.696902,0.531528,0.424497,0.486002,1.470588,0.698251,0,10
2.0000,20.0,19.0,0.763550,1.175500,1.067351,1.444687,1.470588,1.978362,0,15
2.0000,20.0,20.0,-0.193946,-0.089384,0.213353,0.330891,1.470588,0.437567,1,5
2.0000,20.0,21.0,0.472984,0.371901,0.570219,0.953077,1.470588,1.238187,-1,10
2.0000,20.0,22.0,0.100245,0.230789,0.463037,0.422793,1.470588,0.654311,1,10
2.0000,20.0,23.0,-1.140169,0.283102,0.348844,1.403674,1.470588,1.578095,1,2
2.0000,20.0,24.0,-0.789411,0.238720,0.374571,0.483170,1.470588,0.670455,0,2
2.0000,20.0,25.0,-0.413400,-0.452672,0.148897,0.971398,1.470588,1.045847,0,5
2.0000,20.0,26.0,-0.193391,-0.946530,0.108856,0.748998,1.470588,0.803426,0,4
2.0000,20.0,27.0,-0.220972,-0.798992,0.148685,0.458019,1.470588,0.532361,0,4
2.0000,20.0,28.0,0.113697,-0.549535,0.950453,0.406983,1.470588,0.882210,0,9
2.0000,20.0,29.0,-0.623845,1.089043,0.131700,1.236155,1.470588,1.302005,0,7
2.0000,20.0,30.0,-0.479730,0.516278,0.095924,0.815870,1.470588,0.863832,0,6
2.0000,20.0,31.0,0.084581,0.311167,0.272363,0.527978,1.470588,0.664160,0,10
2.0000,21.0,0.0,0.083823,0.694654,0.802576,0.145465,1.470588,0.546753,-1,10
2.0000,21.0,1.0,0.606131,-0.680808,0.432758,0.374075,1.470588,0.590455,0,9
2.0000,21.0,2.0,1.114887,0.271339,0.517688,1.343968,1.470588,1.602812,0,14
2.0000,21.0,3.0,0.185228,0.882354,0.559649,0.548994,1.470588,0.828819,0,11
2.0000,21.0,4.0,0.087665,-0.169502,0.100736,0.277224,1.470588,0.327592,1,9
2.0000,21.0,5.0,-0.483230,-0.006386,0.141531,0.418080,1.470588,0.488845,0,5
2.0000,21.0,6.0,0.086628,0.377458,0.154576,0.568568,1.470588,0.645856,0,10
2.0000,21.0,7.0,-0.018930,-0.263022,0.406896,0.402176,1.470588,0.605624,0,5
2.0000,21.0,8.0,0.834862,-0.978146,1.161247,1.077790,1.470588,1.658414,0,12
2.0000,21.0,9.0,0.359175,0.824814,0.755310,0.709075,1.470588,1.086730,0,11
2.0000,21.0,10.0,-0.636109,-0.052394,0.058415,0.170609,1.470588,0.199816,0,5
2.0000,21.0,11.0,-0.440241,-0.194136,0.494493,0.740868,1.470588,0.988115,1,5
2.0000,21.0,12.0,-0.090288,0.956971,1.157614,0.572188,1.470588,1.150996,0,7
2.0000,21.0,13.0,-1.384216,-0.258177,0.501328,1.480983,1.470588,1.731647,0,1
2.0000,21.0,14.0,-0.703389,0.224549,0.243488,0.419480,1.470588,0.541224,0,6
2.0000,21.0,15.0,-0.443367,-0.475682,0.722444,0.921022,1.470588,1.282244,-1,5
2.0000,21.0,16.0,0.515018,0.150168,0.231014,0.540632,1.470588,0.656140,0,10
2.0000,21.0,17.0,0.399610,-0.115234,0.452770,0.609909,1.470588,0.836294,0,9
2.0000,21.0,18.0,-0.426777,0.404282,0.450787,0.999220,1.470588,1.224613,0,6
2.0000,21.0,19.0,-0.453755,0.655079,0.386079,0.623312,1.470588,0.816351,-1,6
2.0000,21.0,20.0,-0.580716,-0.304421,0.532966,0.715758,1.470588,0.982241,-1,5
2.0000,21.0,21.0,-0.394667,-0.798232,0.651503,0.673935,1.470588,0.999686,0,4
2.0000,21.0,22.0,-0.358577,-0.085860,0.039543,0.564191,1.470588,0.583962,0,5
2.0000,21.0,23.0,-0.165468,-0.282876,0.063094,0.636170,1.470588,0.667717,1,5
2.0000,21.0,24.0,0.042013,-0.194422,0.410499,0.280207,1.470588,0.485456,0,9
2.0000,21.0,25.0,-0.464273,0.095691,0.270106,0.522025,1.470588,0.657078,0,6
2.0000,21.0,26.0,-0.831515,-0.871067,0.677304,0.699751,1.470588,1.038403,0,0
2.0000,21.0,27.0,0.425147,-0.743878,0.259698,0.613317,1.470588,0.743166,-1,9
2.0000,21.0,28.0,0.371264,0.162198,0.574974,0.704018,1.470588,0.991505,0,10
2.0000,21.0,29.0,-0.372719,0.750062,0.021731,0.622984,1.470588,0.633850,0,7
2.0000,21.0,30.0,-0.511427,0.665179,0.167001,0.538151,1.470588,0.621651,0,6
2.0000,21.0,31.0,-0.750812,0.503973,0.436165,0.534893,1.470588,0.752976,1,2
2.0000,22.0,0.0,0.717046,-0.108235,0.641628,0.174524,1.470588,0.495338,0,9
2.0000,22.0,1.0,-0.059243,-0.330246,0.376791,0.515966,1.470588,0.704361,0,5
2.0000,22.0,2.0,0.305439,-0.150489,0.783378,0.635818,1.470588,1.027507,0,9
2.0000,22.0,3.0,0.193313,-0.177179,0.065462,0.491763,1.470588,0.524494,0,9
2.0000,22.0,4.0,-0.002425,0.036167,0.092667,0.011440,1.470588,0.057773,0,6
2.0000,22.0,5.0,-0.220677,-0.164861,0.161293,0.522903,1.470588,0.603549,0,5
2.0000,22.0,6.0,-0.298878,0.597306,0.633403,0.678748,1.470588,0.995449,0,6
2.0000,22.0,7.0,0.330486,-0.777931,0.154815,0.617221,1.470588,0.694628,0,8
2.0000,22.0,8.0,-0.140084,-0.511751,0.386733,0.526212,1.470588,0.719578,0,5
2.0000,22.0,9.0,-0.157494,-0.172285,0.304387,0.406778,1.470588,0.558972,-1,5
2.0000,22.0,10.0,-0.984900,0.179019,0.229909,0.829976,1.470588,0.944930,0,2
2.0000,22.0,11.0,-0.972313,-0.691486,0.385151,0.857945,1.470588,1.050521,0,1
2.0000,22.0,12.0,-0.019798,-0.257383,0.188653,0.392685,1.470588,0.487012,0,5
2.0000,22.0,13.0,-0.492832,0.458898,0.250816,0.879926,1.470588,1.005334,0,6
2.0000,22.0,14.0,-0.907338,0.836450,0.371457,0.830064,1.470588,1.015793,0,3
2.0000,22.0,15.0,-1.519391,0.173747,0.765622,1.591975,1.470588,1.974786,0,2
2.0000,22.0,16.0,-0.298834,-0.271668,0.648864,0.869492,1.470588,1.193923,0,5
2.0000,22.0,17.0,0.396332,0.811188,0.139520,0.694251,1.470588,0.764010,0,11
2.0000,22.0,18.0,0.827772,0.811258,0.252930,0.534562,1.470588,0.661027,0,15
2.0000,22.0,19.0,0.143152,1.156336,0.715843,1.111448,1.470588,1.469369,1,11
2.0000,22.0,20.0,0.590282,0.389960,0.137274,0.753002,1.470588,0.821639,0,10
2.0000,22.0,21.0,0.597750,0.256445,0.250621,0.608490,1.470588,0.733801,0,10
2.0000,22.0,22.0,-0.178099,-0.308328,0.050426,0.696356,1.470588,0.721569,0,5
2.0000,22.0,23.0,-0.352529,-0.690934,1.033196,0.616071,1.470588,1.132669,-1,5
2.0000,22.0,24.0,0.627676,0.784610,0.489860,0.385432,1.470588,0.630362,0,11
2.0000,22.0,25.0,-0.360651,0.109765,0.173697,0.601703,1.470588,0.688551,0,6
2.0000,22.0,26.0,0.148786,-0.480109,0.338995,0.595468,1.470588,0.764965,-1,9
2.0000,22.0,27.0,0.072502,-0.442954,0.608100,0.515433,1.470588,0.819483,0,9
2.0000,22.0,28.0,-0.761361,-0.181261,1.218153,0.331868,1.470588,0.940944,1,1
2.0000,22.0,29.0,-0.129024,0.783102,0.127750,0.241113,1.470588,0.304988,0,7
2.0000,22.0,30.0,0.178493,0.335448,0.377786,0.722766,1.470588,0.911659,0,10
2.0000,22.0,31.0,-0.672887,-0.498829,0.612670,0.550560,1.470588,0.856895,0,5
2.0000,23.0,0.0,-0.663795,-0.197009,0.258801,0.389770,1.470588,0.519170,-1,5
2.0000,23.0,1.0,-1.201212,-0.524583,2.052654,1.516801,1.470588,2.543128,1,1
2.0000,23.0,2.0,-0.041440,1.581534,1.386919,1.637212,1.470588,2.330672,0,7
2.0000,23.0,3.0,0.536680,0.068012,0.326290,0.364563,1.470588,0.527708,0,10
2.0000,23.0,4.0,-0.479067,0.271612,0.106369,0.845794,1.470588,0.898979,1,6
2.0000,23.0,5.0,-0.388457,0.008366,0.165618,0.504725,1.470588,0.587534,1,6
2.0000,23.0,6.0,-0.736217,0.362845,0.809923,0.613828,1.470588,1.018790,0,6
2.0000,23.0,7.0,-0.078640,-0.378447,0.305305,0.557796,1.470588,0.710449,0,5
2.0000,23.0,8.0,0.078043,0.664604,0.656838,0.162979,1.470588,0.491398,-1,10
2.0000,23.0,9.0,-0.722040,0.129084,0.145781,0.211669,1.470588,0.284560,0,6
2.0000,23.0,10.0,-0.904903,-0.215061,0.241154,0.676887,1.470588,0.797464,0,1
2.0000,23.0,11.0,-0.559021,-0.167975,0.490441,0.495598,1.470588,0.740818,-1,5
2.0000,23.0,12.0,-0.153035,-0.250981,0.233241,0.557458,1.470588,0.674078,0,5
2.0000,23.0,13.0,0.309217,0.245313,0.693325,0.835459,1.470588,1.182121,0,10
2.0000,23.0,14.0,-0.636723,0.062622,0.226266,0.179884,1.470588,0.293017,-1,6
2.0000,23.0,15.0,-0.557038,-0.495737,0.422503,0.721383,1.470588,0.932635,1,5
2.0000,23.0,16.0,-1.128783,0.229138,0.984788,1.275327,1.470588,1.767721,0,2
2.0000,23.0,17.0,0.093078,0.282062,0.063516,0.502152,1.470588,0.533910,0,10
2.0000,23.0,18.0,0.565856,0.215155,1.017355,0.583953,1.470588,1.092631,0,10
2.0000,23.0,19.0,-1.252498,0.798178,1.386041,1.606961,1.470588,2.299981,-1,3
2.0000,23.0,20.0,0.503984,-0.333758,0.254728,0.886310,1.470588,1.013674,1,9
2.0000,23.0,21.0,0.613260,-0.028743,0.396102,0.189592,1.470588,0.387643,0,9
2.0000,23.0,22.0,-0.216713,-0.461301,0.149120,0.764902,1.470588,0.839462,-1,5
2.0000,23.0,23.0,0.046687,0.223057,0.437226,0.342928,1.470588,0.561541,0,10
2.0000,23.0,24.0,-0.097931,0.757659,0.363925,0.165195,1.470588,0.347157,0,7
2.0000,23.0,25.0,-0.065171,0.109792,0.270752,0.134914,1.470588,0.270290,0,6
2.0000,23.0,26.0,-0.476469,0.498582,0.958053,0.849098,1.470588,1.328124,0,6
2.0000,23.0,27.0,1.266001,0.051161,0.797954,1.011865,1.470588,1.410842,1,14
2.0000,23.0,28.0,0.967028,-0.926537,2.042892,1.342549,1.470588,2.363995,0,12
2.0000,23.0,29.0,0.266374,1.027434,0.306886,1.141759,1.470588,1.295202,0,11
2.0000,23.0,30.0,0.055186,0.061449,0.650009,0.058658,1.470588,0.383663,0,10
2.0000,23.0,31.0,-1.264822,-0.373056,0.267240,1.603172,1.470588,1.736792,0,1
2.0000,24.0,0.0,-0.021169,0.278507,0.184680,0.428110,1.470588,0.520450,0,6
2.0000,24.0,1.0,0.353175,-0.407544,0.405652,1.007743,1.470588,1.210569,0,9
2.0000,24.0,2.0,0.799731,0.093199,0.258398,0.198854,1.470588,0.328053,0,14
2.0000,24.0,3.0,0.235328,0.443715,0.608327,0.823128,1.470588,1.127292,0,10
2.0000,24.0,4.0,-1.014118,0.023240,1.032891,0.669096,1.470588,1.185542,-1,2
2.0000,24.0,5.0,0.242868,-0.123196,0.060391,0.484967,1.470588,0.515162,1,9
2.0000,24.0,6.0,0.582404,-0.357578,0.405659,0.760383,1.470588,0.963212,1,9
2.0000,24.0,7.0,0.098483,-0.100338,0.191704,0.163710,1.470588,0.259562,0,9
2.0000,24.0,8.0,0.806153,-0.417197,0.739367,0.681414,1.470588,1.051097,0,13
2.0000,24.0,9.0,-0.106226,-0.099000,0.319068,0.173909,1.470588,0.333443,0,5
2.0000,24.0,10.0,-0.149037,-0.736051,1.696840,0.252054,1.470588,1.100473,-1,5
2.0000,24.0,11.0,-1.620460,0.646515,1.131088,2.521360,1.470588,3.086904,0,2
2.0000,24.0,12.0,0.285346,0.278926,0.524330,0.862377,1.470588,1.124542,0,10
2.0000,24.0,13.0,0.183137,-1.107176,0.494363,1.134590,1.470588,1.381771,0,8
2.0000,24.0,14.0,0.126351,-0.005680,0.098347,0.127806,1.470588,0.176979,1,9
2.0000,24.0,15.0,0.351714,-0.386899,0.315570,1.012703,1.470588,1.170488,-1,9
2.0000,24.0,16.0,0.432164,0.146385,0.124534,0.648293,1.470588,0.710560,0,10
2.0000,24.0,17.0,-0.062601,0.324861,0.176177,0.514863,1.470588,0.602951,0,6
2.0000,24.0,18.0,-0.079183,0.131376,0.288569,0.189894,1.470588,0.334179,0,6
2.0000,24.0,19.0,-0.219283,0.466322,0.296650,0.763747,1.470588,0.912072,0,6
2.0000,24.0,20.0,0.736968,0.593417,0.184472,0.387832,1.470588,0.480068,0,10
2.0000,24.0,21.0,0.685080,0.809880,0.938412,0.383415,1.470588,0.852621,-1,11
2.0000,24.0,22.0,0.020355,-0.511825,0.190195,0.373811,1.470588,0.468908,0,9
2.0000,24.0,23.0,-0.724167,-0.697798,0.591374,0.285062,1.470588,0.580749,0,5
2.0000,24.0,24.0,-0.737307,-0.033600,0.170252,0.085440,1.470588,0.170566,0,5
2.0000,24.0,25.0,-0.761789,0.636485,0.398469,0.348768,1.470588,0.548002,1,2
2.0000,24.0,26.0,0.260224,0.268129,0.335310,0.804254,1.470588,0.971908,0,10
2.0000,24.0,27.0,-0.046064,-0.600776,1.149851,0.222538,1.470588,0.797464,-1,5
2.0000,24.0,28.0,0.674770,1.016975,0.393291,1.007144,1.470588,1.203789,0,11
2.0000,24.0,29.0,-0.119353,0.709577,0.358036,0.196114,1.470588,0.375133,0,6
2.0000,24.0,30.0,-0.754162,-0.055943,0.014148,0.108874,1.470588,0.115948,0,1
2.0000,24.0,31.0,-0.531767,0.000258,0.106578,0.333650,1.470588,0.386940,0,6
2.0000,25.0,0.0,-0.076120,-0.074907,0.253122,0.096797,1.470588,0.223358,0,5
2.0000,25.0,1.0,0.180246,0.661356,0.442934,0.355839,1.470588,0.577306,1,10
2.0000,25.0,2.0,0.304949,0.682582,0.649390,0.575092,1.470588,0.899787,-1,10
2.0000,25.0,3.0,0.858937,-0.109914,0.334121,0.336359,1.470588,0.503420,1,13
2.0000,25.0,4.0,0.576172,-0.009646,0.118438,0.249811,1.470588,0.309030,0,9
2.0000,25.0,5.0,-0.022539,-0.153263,0.289777,0.183861,1.470588,0.328750,0,5
2.0000,25.0,6.0,0.452468,0.784964,0.623743,0.628288,1.470588,0.940160,-1,11
2.0000,25.0,7.0,-0.307987,-0.120372,0.377610,0.581317,1.470588,0.770122,0,5
2.0000,25.0,8.0,-0.511322,-0.953893,1.077077,0.981179,1.470588,1.519717,-1,4
2.0000,25.0,9.0,0.211796,0.777052,0.947764,0.412120,1.470588,0.886002,0,11
2.0000,25.0,10.0,-1.564826,0.104377,0.248438,1.637990,1.470588,1.762209,0,2
2.0000,25.0,11.0,-0.833299,0.275693,0.577589,0.625177,1.470588,0.913972,1,2
2.0000,25.0,12.0,0.670328,0.147087,0.644216,0.276073,1.470588,0.598180,0,10
2.0000,25.0,13.0,-0.483474,-0.544537,0.270543,0.761459,1.470588,0.896731,0,5
2.0000,25.0,14.0,-0.311066,0.071368,0.168466,0.510952,1.470588,0.595185,0,6
2.0000,25.0,15.0,-0.499035,0.110740,0.146048,0.493902,1.470588,0.566927,0,6
2.0000,25.0,16.0,-0.038063,0.165727,0.403322,0.217464,1.470588,0.419124,0,6
2.0000,25.0,17.0,0.678192,-0.018973,0.228958,0.100010,1.470588,0.214490,1,9
2.0000,25.0,18.0,0.812103,-0.346189,0.738292,0.677682,1.470588,1.046828,0,13
2.0000,25.0,19.0,-0.268298,0.969937,0.840177,0.980117,1.470588,1.400206,0,7
2.0000,25.0,20.0,0.611253,-0.226666,0.128895,0.526432,1.470588,0.590879,1,9
2.0000,25.0,21.0,0.716636,-0.440676,0.449662,0.598038,1.470588,0.822869,0,9
2.0000,25.0,22.0,0.357279,-0.753413,0.212549,0.618205,1.470588,0.724480,1,8
2.0000,25.0,23.0,0.617472,-1.050178,1.725473,1.142038,1.470588,2.004775,1,8
2.0000,25.0,24.0,-0.261946,0.040062,0.301666,0.411187,1.470588,0.562020,1,6
2.0000,25.0,25.0,-0.601128,0.013696,1.515330,0.204824,1.470588,0.962489,0,6
2.0000,25.0,26.0,0.874234,-0.071608,0.651114,0.315265,1.470588,0.640822,0,13
2.0000,25.0,27.0,-0.537659,0.504222,0.234371,0.742717,1.470588,0.859902,0,6
2.0000,25.0,28.0,-0.147153,0.601663,0.126194,0.373336,1.470588,0.436433,0,6
2.0000,25.0,29.0,0.093507,0.078837,0.283897,0.125493,1.470588,0.267441,1,10
2.0000,25.0,30.0,-0.804557,-0.018055,0.009671,0.133375,1.470588,0.138210,0,1
2.0000,25.0,31.0,-0.807419,-0.110185,0.163881,0.237775,1.470588,0.319716,0,1
2.0000,26.0,0.0,-0.381332,-0.633054,0.747425,0.684912,1.470588,1.058624,-1,5
2.0000,26.0,1.0,-1.123281,0.423549,0.795249,1.498810,1.470588,1.896435,-1,2
2.0000,26.0,2.0,0.299065,-0.606826,0.336727,0.662746,1.470588,0.831110,0,9
2.0000,26.0,3.0,-0.245179,0.055624,0.343602,0.393811,1.470588,0.565613,0,6
2.0000,26.0,4.0,0.281118,-0.096918,0.042004,0.506512,1.470588,0.527514,0,9
2.0000,26.0,5.0,0.075189,0.055677,0.443218,0.074704,1.470588,0.296313,0,10
2.0000,26.0,6.0,0.138883,-0.214392,0.504004,0.457880,1.470588,0.709882,0,9
2.0000,26.0,7.0,-0.898759,0.531798,0.471329,0.781211,1.470588,1.016876,0,2
2.0000,26.0,8.0,-0.498264,-0.065598,0.309370,0.430893,1.470588,0.585578,0,5
2.0000,26.0,9.0,-0.215002,0.772686,0.358897,0.415042,1.470588,0.594490,0,7
2.0000,26.0,10.0,-1.023437,0.473383,0.079863,1.238808,1.470588,1.278739,0,2
2.0000,26.0,11.0,-0.724887,0.130184,0.977305,0.213582,1.470588,0.702234,0,6
2.0000,26.0,12.0,0.993491,-0.667054,0.632334,0.933630,1.470588,1.249797,0,13
2.0000,26.0,13.0,0.326048,-0.677898,0.528767,0.603556,1.470588,0.867939,0,9
2.0000,26.0,14.0,0.107227,0.751082,0.392326,0.177111,1.470588,0.373274,0,11
2.0000,26.0,15.0,0.059752,-0.126813,0.340941,0.159073,1.470588,0.329544,0,9
2.0000,26.0,16.0,-1.028258,-0.126958,0.421183,0.838923,1.470588,1.049515,0,1
2.0000,26.0,17.0,-0.194889,0.150028,0.520132,0.439181,1.470588,0.699247,-1,6
2.0000,26.0,18.0,0.646583,-0.508416,0.552122,0.561972,1.470588,0.838033,-1,9
2.0000,26.0,19.0,0.775389,0.713115,0.183948,0.325367,1.470588,0.417341,0,14
2.0000,26.0,20.0,0.087651,0.202888,0.245526,0.347162,1.470588,0.469925,-1,10
2.0000,26.0,21.0,0.356913,0.760284,0.304176,0.622466,1.470588,0.774554,0,11
2.0000,26.0,22.0,0.522591,0.063349,0.386452,0.385622,1.470588,0.578848,0,10
2.0000,26.0,23.0,-0.300866,0.973816,1.090773,1.048002,1.470588,1.593388,0,7
2.0000,26.0,24.0,0.146205,-0.921362,0.394050,0.570878,1.470588,0.767903,0,8
2.0000,26.0,25.0,1.105613,-0.968334,0.254118,1.977026,1.470588,2.104085,0,12
2.0000,26.0,26.0,0.731561,-0.580604,0.348738,0.405425,1.470588,0.579794,0,9
2.0000,26.0,27.0,-0.162400,-0.292444,0.327958,0.643500,1.470588,0.807479,0,5
2.0000,26.0,28.0,-0.079153,0.190703,0.818219,0.310142,1.470588,0.719251,-1,6
2.0000,26.0,29.0,0.606336,0.316924,0.911885,0.686005,1.470588,1.141948,0,10
2.0000,26.0,30.0,-0.695754,0.117407,0.042050,0.198830,1.470588,0.219855,0,6
2.0000,26.0,31.0,-0.495626,0.039031,0.146684,0.411367,1.470588,0.484709,0,6
2.0000,27.0,0.0,-0.254914,0.510109,0.227704,0.766481,1.470588,0.880333,-1,6
2.0000,27.0,1.0,-0.814522,0.393120,0.821553,0.700044,1.470588,1.110821,0,2
2.0000,27.0,2.0,0.732317,0.044449,0.564772,0.092304,1.470588,0.374690,0,10
2.0000,27.0,3.0,0.628869,-0.501324,0.105423,0.595228,1.470588,0.647940,0,9
2.0000,27.0,4.0,0.522568,0.112906,0.502264,0.456250,1.470588,0.707382,0,10
2.0000,27.0,5.0,1.324915,0.421823,0.469409,1.639502,1.470588,1.874206,0,14
2.0000,27.0,6.0,0.746934,-0.327473,0.477866,0.591133,1.470588,0.830066,0,9
2.0000,27.0,7.0,-0.269108,-0.453887,0.059495,0.874655,1.470588,0.904403,0,5
2.0000,27.0,8.0,0.149154,-0.253672,0.270872,0.554538,1.470588,0.689974,0,9
2.0000,27.0,9.0,-0.659307,0.069104,0.346185,0.157772,1.470588,0.330865,1,6
2.0000,27.0,10.0,-0.710293,0.353071,0.700031,0.608463,1.470588,0.958479,-1,6
2.0000,27.0,11.0,-1.157434,-0.235480,0.539925,1.325210,1.470588,1.595172,0,1
2.0000,27.0,12.0,-0.094884,0.281195,0.279155,0.503545,1.470588,0.643122,0,6
2.0000,27.0,13.0,0.231404,-0.550451,0.110583,0.646867,1.470588,0.702158,0,9
2.0000,27.0,14.0,0.407541,-0.089251,0.119606,0.565030,1.470588,0.624832,0,9
2.0000,27.0,15.0,-0.153878,0.239740,0.168922,0.538108,1.470588,0.622569,1,6
2.0000,27.0,16.0,-0.089901,0.054684,0.710247,0.093426,1.470588,0.448550,1,6
2.0000,27.0,17.0,0.774017,0.138784,0.322766,0.251415,1.470588,0.412798,1,14
2.0000,27.0,18.0,-0.056976,-0.055910,0.348332,0.054879,1.470588,0.229045,0,5
2.0000,27.0,19.0,0.725630,0.714883,0.904534,0.285085,1.470588,0.737352,1,10
2.0000,27.0,20.0,-0.027635,-0.562371,0.781153,0.282066,1.470588,0.672642,-1,5
2.0000,27.0,21.0,-0.255580,0.187231,0.215090,0.636936,1.470588,0.744481,0,6
2.0000,27.0,22.0,0.572702,-0.127088,0.373736,0.387073,1.470588,0.573941,0,9
2.0000,27.0,23.0,-0.429519,0.228854,0.174805,0.823290,1.470588,0.910692,0,6
2.0000,27.0,24.0,-0.336133,-0.272608,0.192295,0.909161,1.470588,1.005308,0,5
2.0000,27.0,25.0,0.264855,-0.829227,0.248801,0.597535,1.470588,0.721935,0,8
2.0000,27.0,26.0,0.066805,-0.846783,0.131244,0.246054,1.470588,0.311677,0,8
2.0000,27.0,27.0,0.189508,-1.265908,1.260722,1.270448,1.470588,1.900809,0,8
2.0000,27.0,28.0,1.573809,-0.043323,1.607234,1.598629,1.470588,2.402246,0,13
2.0000,27.0,29.0,-0.717510,-0.082737,0.190418,0.134926,1.470588,0.230134,1,5
2.0000,27.0,30.0,-0.888885,0.408449,0.480668,0.870158,1.470588,1.110492,1,2
2.0000,27.0,31.0,-0.233692,0.270041,0.073935,0.757835,1.470588,0.794802,1,6
2.0000,28.0,0.0,0.248811,-0.064547,1.061174,0.409597,1.470588,0.940184,0,9
2.0000,28.0,1.0,-1.335243,-0.314539,0.698415,1.556565,1.470588,1.905772,0,1
2.0000,28.0,2.0,-0.557180,0.580838,1.019436,0.577800,1.470588,1.087518,0,6
2.0000,28.0,3.0,0.685627,-0.674213,0.506270,0.297944,1.470588,0.551079,0,9
2.0000,28.0,4.0,0.384195,-1.005450,0.364309,1.219560,1.470588,1.401715,0,8
2.0000,28.0,5.0,0.661810,-0.314670,0.350871,0.606022,1.470588,0.781457,0,9
2.0000,28.0,6.0,1.086301,0.537380,0.989090,1.328562,1.470588,1.823107,1,14
2.0000,28.0,7.0,-0.133663,-0.521741,0.349221,0.495781,1.470588,0.670391,0,5
2.0000,28.0,8.0,0.510708,-0.695230,0.024044,0.519405,1.470588,0.531427,0,9
2.0000,28.0,9.0,0.336921,-0.486804,0.436557,0.916222,1.470588,1.134500,0,9
2.0000,28.0,10.0,0.777726,0.552059,1.258990,0.485408,1.470588,1.114904,0,14
2.0000,28.0,11.0,-0.581380,-0.892667,0.356723,0.690892,1.470588,0.869253,0,4
2.0000,28.0,12.0,-0.465959,-0.144038,0.150892,0.605979,1.470588,0.681425,0,5
2.0000,28.0,13.0,0.100241,-0.124540,0.084748,0.207423,1.470588,0.249797,0,9
2.0000,28.0,14.0,0.204893,0.028772,0.140759,0.293985,1.470588,0.364364,0,10
2.0000,28.0,15.0,0.123901,-0.508717,0.405985,0.500670,1.470588,0.703663,1,9
2.0000,28.0,16.0,-0.755659,-1.227630,2.145608,1.493051,1.470588,2.565855,-1,0
2.0000,28.0,17.0,0.034564,0.013009,0.378699,0.011892,1.470588,0.201241,0,10
2.0000,28.0,18.0,-0.476452,0.047876,0.143565,0.447995,1.470588,0.519778,0,6
2.0000,28.0,19.0,-0.322517,0.148546,0.189304,0.650052,1.470588,0.744704,0,6
2.0000,28.0,20.0,-0.254354,1.005859,0.489288,1.057971,1.470588,1.302615,0,7
2.0000,28.0,21.0,-0.065721,-0.011432,0.242073,0.038096,1.470588,0.159132,0,5
2.0000,28.0,22.0,0.215304,0.358781,0.628768,0.813065,1.470588,1.127449,0,10
2.0000,28.0,23.0,-0.482765,0.889307,0.395642,0.818743,1.470588,1.016564,-1,7
2.0000,28.0,24.0,-0.023161,-0.257884,0.047469,0.394833,1.470588,0.418567,0,5
2.0000,28.0,25.0,-0.339367,-0.060729,0.279590,0.524138,1.470588,0.663933,0,5
2.0000,28.0,26.0,0.567313,-0.557393,0.355036,0.600640,1.470588,0.778157,1,9
2.0000,28.0,27.0,1.460428,-1.136867,1.176234,3.445575,1.470588,4.033692,1,12
2.0000,28.0,28.0,0.628478,-0.575856,0.525666,0.472816,1.470588,0.735649,0,9
2.0000,28.0,29.0,-0.016948,-0.098576,0.139005,0.083054,1.470588,0.152556,1,5
2.0000,28.0,30.0,0.092703,-0.306198,0.107168,0.533907,1.470588,0.587491,0,9
2.0000,28.0,31.0,-0.106122,-0.200473,0.037883,0.370241,1.470588,0.389182,0,5
2.0000,29.0,0.0,-0.931821,-0.592828,0.764169,0.797209,1.470588,1.179294,0,1
2.0000,29.0,1.0,-0.171025,-0.137977,0.175586,0.365417,1.470588,0.453210,0,5
2.0000,29.0,2.0,-0.739706,-0.380779,0.358834,0.620407,1.470588,0.799823,0,5
2.0000,29.0,3.0,-0.534034,-0.093757,0.182437,0.403896,1.470588,0.495115,0,5
2.0000,29.0,4.0,0.256402,-0.063823,0.157814,0.422537,1.470588,0.501445,0,9
2.0000,29.0,5.0,-0.028764,-0.171813,0.131330,0.224694,1.470588,0.290359,-1,5
2.0000,29.0,6.0,0.027545,0.062675,0.793985,0.040310,1.470588,0.437303,0,10
2.0000,29.0,7.0,-1.109123,-0.514849,0.794073,1.403886,1.470588,1.800923,0,1
2.0000,29.0,8.0,0.457055,-0.835421,0.270253,0.710135,1.470588,0.845261,0,8
2.0000,29.0,9.0,0.998912,-0.301192,0.784965,1.122964,1.470588,1.515447,0,13
2.0000,29.0,10.0,1.461162,-0.244479,0.742375,1.582221,1.470588,1.953408,0,13
2.0000,29.0,11.0,-0.154264,-0.073705,0.118188,0.227665,1.470588,0.286759,0,5
2.0000,29.0,12.0,-0.482142,-0.675399,0.057237,0.571681,1.470588,0.600300,0,5
2.0000,29.0,13.0,-0.344376,-0.451421,0.250754,0.968289,1.470588,1.093666,0,5
2.0000,29.0,14.0,0.045472,-0.463333,0.376319,0.464281,1.470588,0.652441,0,9
2.0000,29.0,15.0,0.313854,0.036624,0.447807,0.482078,1.470588,0.705982,0,10
2.0000,29.0,16.0,-0.033031,1.200662,0.982982,0.981279,1.470588,1.472770,0,7
2.0000,29.0,17.0,1.098135,0.361235,0.728364,1.438519,1.470588,1.802701,0,14
2.0000,29.0,18.0,-0.190433,0.725093,0.109734,0.340534,1.470588,0.395401,0,6
2.0000,29.0,19.0,-0.269878,0.270259,0.566883,0.824253,1.470588,1.107694,0,6
2.0000,29.0,20.0,0.623914,0.666251,0.146220,0.359564,1.470588,0.432674,0,10
2.0000,29.0,21.0,-0.001954,0.853551,0.289228,0.221048,1.470588,0.365662,0,7
2.0000,29.0,22.0,-0.924167,1.028049,0.171830,1.557058,1.470588,1.642973,0,3
2.0000,29.0,23.0,-0.717040,0.909321,0.700548,0.650577,1.470588,1.000851,0,7
2.0000,29.0,24.0,0.201651,-0.235957,0.344746,0.630611,1.470588,0.802984,1,9
2.0000,29.0,25.0,-0.134066,-0.147154,0.317525,0.309279,1.470588,0.468042,0,5
2.0000,29.0,26.0,0.174190,-0.193865,0.213932,0.486659,1.470588,0.593625,0,9
2.0000,29.0,27.0,0.264719,0.369235,0.508481,0.911040,1.470588,1.165280,0,10
2.0000,29.0,28.0,0.615386,0.631671,0.054840,0.407134,1.470588,0.434554,0,10
2.0000,29.0,29.0,0.607091,0.235288,0.283181,0.551129,1.470588,0.692720,0,10
2.0000,29.0,30.0,-0.333125,0.137236,0.545218,0.636796,1.470588,0.909405,1,6
2.0000,29.0,31.0,-0.022713,-0.189365,0.951148,0.258749,1.470588,0.734323,-1,5
2.0000,30.0,0.0,0.375753,0.156323,0.324300,0.692297,1.470588,0.854447,0,10
2.0000,30.0,1.0,0.369145,0.029978,0.576049,0.512246,1.470588,0.800270,1,10
2.0000,30.0,2.0,0.386073,-0.172756,0.117085,0.726125,1.470588,0.784667,0,9
2.0000,30.0,3.0,-0.236111,-0.217478,0.233720,0.663802,1.470588,0.780662,0,5
2.0000,30.0,4.0,0.078621,0.647984,0.769409,0.183557,1.470588,0.568262,0,10
2.0000,30.0,5.0,0.139917,-0.834165,0.386452,0.340526,1.470588,0.533752,0,8
2.0000,30.0,6.0,-0.983579,-0.663974,0.326807,0.902109,1.470588,1.065513,0,1
2.0000,30.0,7.0,-0.334592,-0.658758,0.504964,0.629866,1.470588,0.882348,0,5
2.0000,30.0,8.0,0.498989,-0.128144,0.697532,0.525186,1.470588,0.873951,0,9
2.0000,30.0,9.0,-0.400261,-1.283679,1.852286,1.621453,1.470588,2.547596,0,4
2.0000,30.0,10.0,1.892143,0.136295,1.281959,3.881248,1.470588,4.522228,0,14
2.0000,30.0,11.0,-0.121813,-0.027234,0.175041,0.125804,1.470588,0.213325,0,5
2.0000,30.0,12.0,-0.472481,-0.275762,0.213008,0.862024,1.470588,0.968528,1,5
2.0000,30.0,13.0,0.033948,0.389866,0.476331,0.513970,1.470588,0.752135,1,10
2.0000,30.0,14.0,0.503139,0.523497,0.255549,0.768991,1.470588,0.896765,-1,10
2.0000,30.0,15.0,0.548926,-0.473921,0.123302,0.766471,1.470588,0.828122,1,9
2.0000,30.0,16.0,0.601852,-0.042188,0.233323,0.217644,1.470588,0.334305,0,9
2.0000,30.0,17.0,0.089152,0.040910,0.409979,0.081109,1.470588,0.286099,0,10
2.0000,30.0,18.0,0.284513,0.738438,0.294769,0.530757,1.470588,0.678142,0,10
2.0000,30.0,19.0,0.803665,0.669463,0.103308,0.378861,1.470588,0.430515,0,14
2.0000,30.0,20.0,0.246590,0.540884,0.346164,0.695006,1.470588,0.868088,0,10
2.0000,30.0,21.0,0.047631,1.376549,1.140323,1.041641,1.470588,1.611803,0,11
2.0000,30.0,22.0,-0.214365,0.672378,0.111169,0.418827,1.470588,0.474412,0,6
2.0000,30.0,23.0,-0.120032,0.370694,0.123456,0.621700,1.470588,0.683428,0,6
2.0000,30.0,24.0,-0.335552,0.748831,0.138725,0.599832,1.470588,0.669194,0,6
2.0000,30.0,25.0,-0.831400,0.681473,0.407604,0.429862,1.470588,0.633664,0,2
2.0000,30.0,26.0,0.145068,0.533874,0.585670,0.495790,1.470588,0.788625,-1,10
2.0000,30.0,27.0,-0.075024,-0.944789,0.774869,0.514749,1.470588,0.902183,0,4
2.0000,30.0,28.0,0.401869,0.502900,0.204284,0.906331,1.470588,1.008472,-1,10
2.0000,30.0,29.0,0.120233,0.280826,0.319580,0.544780,1.470588,0.704570,0,10
2.0000,30.0,30.0,0.921876,-0.497446,2.013908,0.897996,1.470588,1.904950,0,13
2.0000,30.0,31.0,-0.748434,1.323467,1.342506,1.563096,1.470588,2.234348,-1,7
2.0000,31.0,0.0,-0.697662,0.515453,0.544793,0.511189,1.470588,0.783585,1,6
2.0000,31.0,1.0,-1.119832,0.243883,0.937575,1.294833,1.470588,1.763621,0,2
2.0000,31.0,2.0,0.221007,-0.400744,0.055743,0.824434,1.470588,0.852305,0,9
2.0000,31.0,3.0,0.024870,-0.080777,0.305196,0.060511,1.470588,0.213109,0,9
2.0000,31.0,4.0,-0.682363,0.102076,0.716154,0.181699,1.470588,0.539777,0,6
2.0000,31.0,5.0,0.018844,-1.324004,0.047859,0.997604,1.470588,1.021534,0,8
2.0000,31.0,6.0,-0.263706,-1.270439,0.693714,1.443853,1.470588,1.790710,-1,4
2.0000,31.0,7.0,-0.871913,0.209995,0.811167,0.578016,1.470588,0.983599,0,2
2.0000,31.0,8.0,0.485105,-0.931899,0.354567,0.943822,1.470588,1.121105,0,8
2.0000,31.0,9.0,-0.287086,-0.930279,0.950039,0.894691,1.470588,1.369710,0,4
2.0000,31.0,10.0,0.930371,-0.210220,0.256141,0.739303,1.470588,0.867374,0,13
2.0000,31.0,11.0,0.132381,-0.698660,0.557221,0.225309,1.470588,0.503920,-1,9
2.0000,31.0,12.0,-0.471690,0.114750,0.262653,0.543144,1.470588,0.674471,0,6
2.0000,31.0,13.0,-0.269252,-0.865282,0.886740,0.684550,1.470588,1.127920,0,4
2.0000,31.0,14.0,0.635479,0.435489,0.240982,0.663136,1.470588,0.783627,0,10
2.0000,31.0,15.0,0.938259,-0.083495,0.240676,0.507123,1.470588,0.627461,0,13
2.0000,31.0,16.0,0.705451,0.765767,0.241119,0.313184,1.470588,0.433744,0,11
2.0000,31.0,17.0,0.000002,1.093172,0.762101,0.848187,1.470588,1.229238,1,11
2.0000,31.0,18.0,1.235170,0.770845,0.520974,1.528105,1.470588,1.788592,0,15
2.0000,31.0,19.0,0.606999,0.451080,0.601543,0.691635,1.470588,0.992407,-1,10
2.0000,31.0,20.0,-0.556544,0.582258,0.880543,0.576500,1.470588,1.016771,0,6
2.0000,31.0,21.0,-1.093872,-0.264720,0.324853,1.293320,1.470588,1.455746,0,1
2.0000,31.0,22.0,-0.784690,0.532754,0.074705,0.524445,1.470588,0.561797,0,2
2.0000,31.0,23.0,-0.599514,0.097772,0.160599,0.287030,1.470588,0.367329,0,6
2.0000,31.0,24.0,-0.044655,0.279922,0.247928,0.443704,1.470588,0.567668,0,6
2.0000,31.0,25.0,-0.030488,0.798436,0.029157,0.130310,1.470588,0.144889,0,7
2.0000,31.0,26.0,0.076162,0.854878,0.433339,0.275284,1.470588,0.491954,-1,11
2.0000,31.0,27.0,0.262175,-0.130823,0.245780,0.533945,1.470588,0.656835,0,9
2.0000,31.0,28.0,-0.060688,-0.185969,0.051855,0.278781,1.470588,0.304709,-1,5
2.0000,31.0,29.0,-0.049354,0.245871,0.104800,0.389492,1.470588,0.441893,0,6
2.0000,31.0,30.0,0.081988,0.618153,0.136434,0.232107,1.470588,0.300324,-1,10
2.0000,31.0,31.0,0.079348,-0.111377,0.284745,0.154476,1.470588,0.296849,-1,9
3.0000,0.0,0.0,0.655583,-0.363908,1.355443,0.652157,1.219512,1.329879,-1,9
3.0000,0.0,1.0,-0.096666,0.370391,0.146823,0.582776,1.219512,0.656187,0,6
3.0000,0.0,2.0,0.192190,0.276048,0.176689,0.681929,1.219512,0.770274,-1,10
3.0000,0.0,3.0,0.364663,-0.464034,0.538552,0.963014,1.219512,1.232290,0,9
3.0000,0.0,4.0,-0.913945,0.193122,0.286766,0.653109,1.219512,0.796492,0,2
3.0000,0.0,5.0,-0.515283,-0.541653,0.767306,0.717867,1.219512,1.101520,-1,5
3.0000,0.0,6.0,0.136356,-0.022067,0.262845,0.150483,1.219512,0.281906,1,9
3.0000,0.0,7.0,0.565935,-0.869578,0.454474,0.647790,1.219512,0.875027,1,8
3.0000,0.0,8.0,0.481101,-0.985748,0.755096,1.117789,1.219512,1.495337,0,8
3.0000,0.0,9.0,-0.581825,-0.687298,0.175116,0.407798,1.219512,0.495356,0,5
3.0000,0.0,10.0,-0.242468,-0.980737,0.520959,0.960110,1.219512,1.220590,0,4
3.0000,0.0,11.0,0.048926,-0.850212,0.256171,0.235255,1.219512,0.363340,0,8
3.0000,0.0,12.0,-0.557387,-0.070057,0.323692,0.327439,1.219512,0.489286,1,5
3.0000,0.0,13.0,-0.182908,0.046410,0.430449,0.259360,1.219512,0.474585,0,6
3.0000,0.0,14.0,0.374037,-0.586709,0.200191,0.758232,1.219512,0.858327,0,9
3.0000,0.0,15.0,0.610789,-0.532264,0.664702,0.571956,1.219512,0.904307,0,9
3.0000,0.0,16.0,0.791607,0.119836,1.258711,0.233508,1.219512,0.862863,1,14
3.0000,0.0,17.0,1.006461,-0.984594,0.430525,1.715092,1.219512,1.930354,0,12
3.0000,0.0,18.0,0.135905,-0.323577,0.121515,0.626223,1.219512,0.686981,0,9
3.0000,0.0,19.0,-0.203173,-0.388279,0.342711,0.790406,1.219512,0.961762,0,5
3.0000,0.0,20.0,0.724664,-0.344393,0.621677,0.601039,1.219512,0.911877,0,9
3.0000,0.0,21.0,-0.690041,-0.629564,0.236239,0.338014,1.219512,0.456134,0,5
3.0000,0.0,22.0,-0.746847,0.213386,0.149699,0.394877,1.219512,0.469726,0,6
3.0000,0.0,23.0,-0.780594,0.789990,0.242175,0.402391,1.219512,0.523479,0,3
3.0000,0.0,24.0,-0.341001,0.200591,0.305407,0.773415,1.219512,0.926118,0,6
3.0000,0.0,25.0,0.477800,0.101170,0.465302,0.511650,1.219512,0.744301,0,10
3.0000,0.0,26.0,-0.129395,0.791729,0.501126,0.251723,1.219512,0.502286,1,7
3.0000,0.0,27.0,-0.972334,0.192237,0.881408,0.823116,1.219512,1.263820,1,2
3.0000,0.0,28.0,0.526629,0.161501,0.062741,0.542995,1.219512,0.574365,0,10
3.0000,0.0,29.0,0.475959,-0.083248,0.297875,0.487786,1.219512,0.636723,0,9
3.0000,0.0,30.0,0.042643,0.615284,0.657687,0.194976,1.219512,0.523820,-1,10
3.0000,0.0,31.0,0.773880,-0.189907,0.153403,0.360819,1.219512,0.437520,0,13
3.0000,1.0,0.0,-1.332286,0.240306,0.349015,1.405503,1.219512,1.580010,0,2
3.0000,1.0,1.0,-0.636906,-0.080271,0.411257,0.200947,1.219512,0.406575,1,5
3.0000,1.0,2.0,0.499583,0.089509,0.199208,0.459400,1.219512,0.559004,0,10
3.0000,1.0,3.0,0.580817,-0.262058,0.841625,0.649197,1.219512,1.070010,0,9
3.0000,1.0,4.0,-0.760241,0.844745,0.371954,0.492654,1.219512,0.678631,0,3
3.0000,1.0,5.0,-0.015291,0.915958,0.361186,0.383244,1.219512,0.563837,0,7
3.0000,1.0,6.0,0.501540,-0.145384,0.224886,0.554396,1.219512,0.666838,0,9
3.0000,1.0,7.0,-0.149119,0.264398,0.555673,0.573259,1.219512,0.851095,0,6
3.0000,1.0,8.0,-0.831475,-0.705305,0.206982,0.426646,1.219512,0.530137,0,1
3.0000,1.0,9.0,-0.849751,-0.033531,0.149313,0.222885,1.219512,0.297541,0,1
3.0000,1.0,10.0,-0.262430,0.426918,0.358883,0.889318,1.219512,1.068760,0,6
3.0000,1.0,11.0,-0.140085,-0.737525,0.053111,0.234051,1.219512,0.260607,0,5
3.0000,1.0,12.0,0.095410,-0.915530,0.124495,0.459424,1.219512,0.521671,1,8
3.0000,1.0,13.0,0.469155,-0.718824,0.673721,0.570379,1.219512,0.907239,0,9
3.0000,1.0,14.0,0.765647,-1.353774,1.382650,1.630204,1.219512,2.321529,0,12
3.0000,1.0,15.0,-0.373794,0.577453,0.708789,0.774724,1.219512,1.129119,0,6
3.0000,1.0,16.0,-1.147128,0.220937,1.349895,1.280447,1.219512,1.955395,0,2
3.0000,1.0,17.0,0.307005,-1.179657,0.553957,1.486703,1.219512,1.763682,0,8
3.0000,1.0,18.0,0.082437,-0.926935,0.127489,0.472680,1.219512,0.536424,1,8
3.0000,1.0,19.0,0.265999,-0.924857,0.687610,0.840804,1.219512,1.184609,0,8
3.0000,1.0,20.0,0.621760,-0.971617,0.684912,0.894049,1.219512,1.236505,0,8
3.0000,1.0,21.0,-0.218172,-0.721777,0.354306,0.401306,1.219512,0.578459,0,5
3.0000,1.0,22.0,-0.237749,0.135887,0.467043,0.498805,1.219512,0.732327,0,6
3.0000,1.0,23.0,-0.175011,1.037649,1.255149,0.966439,1.219512,1.594014,-1,7
3.0000,1.0,24.0,0.342608,-0.071414,0.413792,0.538025,1.219512,0.744921,0,9
3.0000,1.0,25.0,0.614380,1.099668,0.791407,1.268552,1.219512,1.664256,0,11
3.0000,1.0,26.0,-0.507015,-0.098198,0.236580,0.459783,1.219512,0.578073,0,5
3.0000,1.0,27.0,0.121392,-0.093347,0.192881,0.191280,1.219512,0.287720,0,9
3.0000,1.0,28.0,0.148641,0.375092,0.177869,0.676670,1.219512,0.765604,0,10
3.0000,1.0,29.0,0.693968,0.601047,0.607792,0.375303,1.219512,0.679199,1,10
3.0000,1.0,30.0,0.804631,-0.315888,0.295178,0.635280,1.219512,0.782869,1,13
3.0000,1.0,31.0,0.019463,-0.175847,0.559996,0.229193,1.219512,0.509191,0,9
3.0000,2.0,0.0,-0.777577,-0.468237,0.524934,0.603868,1.219512,0.866334,-1,1
3.0000,2.0,1.0,-0.067173,-0.080181,0.600489,0.092894,1.219512,0.393139,0,5
3.0000,2.0,2.0,1.316046,0.085001,0.334555,1.059533,1.219512,1.226811,0,14
3.0000,2.0,3.0,0.181734,0.166641,0.280911,0.445386,1.219512,0.585842,0,10
3.0000,2.0,4.0,0.201311,0.788059,0.206417,0.400877,1.219512,0.504085,0,11
3.0000,2.0,5.0,0.040776,0.696777,0.365952,0.098219,1.219512,0.281195,1,10
3.0000,2.0,6.0,0.080517,0.216561,0.312689,0.365730,1.219512,0.522075,-1,10
3.0000,2.0,7.0,0.001142,-0.626769,1.036227,0.160397,1.219512,0.678510,0,9
3.0000,2.0,8.0,-0.475851,-0.205459,0.135594,0.721468,1.219512,0.789265,0,5
3.0000,2.0,9.0,-0.830637,-0.233352,0.649297,0.537132,1.219512,0.861781,1,1
3.0000,2.0,10.0,-0.262755,0.681161,0.805214,0.508840,1.219512,0.911447,-1,6
3.0000,2.0,11.0,-0.027231,-0.402021,0.209985,0.506690,1.219512,0.611682,0,5
3.0000,2.0,12.0,-0.042097,-0.367174,0.420485,0.519513,1.219512,0.729756,0,5
3.0000,2.0,13.0,0.207265,0.742419,0.823046,0.379962,1.219512,0.791486,0,10
3.0000,2.0,14.0,0.957877,-0.671363,0.229548,0.812819,1.219512,0.927593,0,13
3.0000,2.0,15.0,0.947042,-0.027029,0.285922,0.477775,1.219512,0.620735,0,13
3.0000,2.0,16.0,-0.063043,-0.163995,0.619035,0.235393,1.219512,0.544910,0,5
3.0000,2.0,17.0,-0.715150,-0.151685,1.415681,0.258098,1.219512,0.965938,0,5
3.0000,2.0,18.0,0.771257,-0.884731,0.978597,0.621434,1.219512,1.110733,-1,12
3.0000,2.0,19.0,0.120917,0.687793,0.652006,0.210314,1.219512,0.536317,1,10
3.0000,2.0,20.0,1.417002,0.185678,0.751909,1.347042,1.219512,1.722996,0,14
3.0000,2.0,21.0,0.579480,-0.509640,0.164424,0.660347,1.219512,0.742559,0,9
3.0000,2.0,22.0,0.689706,-0.301023,0.205016,0.564904,1.219512,0.667412,0,9
3.0000,2.0,23.0,0.753241,-0.593607,0.858538,0.397158,1.219512,0.826427,0,13
3.0000,2.0,24.0,0.616045,-0.438984,1.026709,0.688373,1.219512,1.201728,-1,9
3.0000,2.0,25.0,0.313284,0.481152,0.055360,0.901980,1.219512,0.929660,0,10
3.0000,2.0,26.0,0.090009,0.343349,0.113936,0.563002,1.219512,0.619970,0,10
3.0000,2.0,27.0,-0.068714,0.624430,0.032593,0.205262,1.219512,0.221558,0,6
3.0000,2.0,28.0,-0.410740,0.598992,0.351911,0.733198,1.219512,0.909153,0,6
3.0000,2.0,29.0,-0.553127,0.449697,0.804469,0.786799,1.219512,1.189033,-1,6
3.0000,2.0,30.0,0.255233,-0.808609,0.538396,0.543141,1.219512,0.812338,0,8
3.0000,2.0,31.0,0.115454,0.304111,0.381873,0.568096,1.219512,0.759032,0,10
3.0000,3.0,0.0,-0.050875,0.489039,0.700503,0.431302,1.219512,0.781553,-1,6
3.0000,3.0,1.0,0.276161,-0.666268,0.384294,0.545755,1.219512,0.737902,0,9
3.0000,3.0,2.0,1.198222,-0.091094,0.624386,1.045063,1.219512,1.357256,1,13
3.0000,3.0,3.0,-0.221380,-0.591383,0.618833,0.549854,1.219512,0.859270,-1,5
3.0000,3.0,4.0,0.626700,0.006645,0.344524,0.160888,1.219512,0.333150,1,10
3.0000,3.0,5.0,-0.146915,-0.397021,0.221531,0.670414,1.219512,0.781179,0,5
3.0000,3.0,6.0,0.651252,-0.238970,0.477664,0.493165,1.219512,0.731997,0,9
3.0000,3.0,7.0,1.523099,0.566348,1.928746,1.989777,1.219512,2.954150,0,14
3.0000,3.0,8.0,-0.899047,-0.691905,1.040826,0.613984,1.219512,1.134397,0,1
3.0000,3.0,9.0,0.080039,-1.013758,0.815945,0.720544,1.219512,1.128517,0,8
3.0000,3.0,10.0,0.846405,-0.191687,0.044529,0.477773,1.219512,0.500038,0,13
3.0000,3.0,11.0,0.829883,-0.079747,0.276812,0.228451,1.219512,0.366857,0,13
3.0000,3.0,12.0,0.423997,-0.781080,0.688221,0.643629,1.219512,0.987740,0,8
3.0000,3.0,13.0,-0.038081,-0.075990,0.710123,0.061599,1.219512,0.416661,-1,5
3.0000,3.0,14.0,0.756244,0.008529,0.740785,0.082769,1.219512,0.453162,-1,14
3.0000,3.0,15.0,0.654038,0.110095,0.261230,0.223914,1.219512,0.354529,0,10
3.0000,3.0,16.0,1.179289,0.548294,0.585228,1.469434,1.219512,1.762048,1,14
3.0000,3.0,17.0,0.982857,0.029240,0.471784,0.583895,1.219512,0.819787,-1,14
3.0000,3.0,18.0,0.809022,0.123827,0.810294,0.264996,1.219512,0.670144,1,14
3.0000,3.0,19.0,-0.172369,-0.080354,0.646464,0.273260,1.219512,0.596492,0,5
3.0000,3.0,20.0,0.487022,-0.793027,0.274566,0.601347,1.219512,0.738630,0,8
3.0000,3.0,21.0,-0.160964,-0.741515,0.286209,0.278384,1.219512,0.421489,0,5
3.0000,3.0,22.0,-0.163190,-0.355718,0.285933,0.702046,1.219512,0.845012,1,5
3.0000,3.0,23.0,-1.088340,-0.593518,0.835456,1.264465,1.219512,1.682193,0,1
3.0000,3.0,24.0,-0.971821,0.365506,0.699250,1.110642,1.219512,1.460267,0,2
3.0000,3.0,25.0,0.564013,0.780709,0.082695,0.470176,1.219512,0.511524,0,11
3.0000,3.0,26.0,0.195368,0.926826,0.169673,0.695373,1.219512,0.780209,0,11
3.0000,3.0,27.0,-0.160955,0.689516,0.350332,0.289110,1.219512,0.464276,0,6
3.0000,3.0,28.0,0.547093,-0.070067,0.248018,0.347164,1.219512,0.471173,0,9
3.0000,3.0,29.0,0.334702,0.010543,0.017484,0.490006,1.219512,0.498748,0,10
3.0000,3.0,30.0,0.489532,0.108454,0.167010,0.505566,1.219512,0.589071,-1,10
3.0000,3.0,31.0,-0.203906,0.126700,0.041998,0.413179,1.219512,0.434178,1,6
3.0000,4.0,0.0,0.354683,-0.604509,0.376809,0.720537,1.219512,0.908941,0,9
3.0000,4.0,1.0,0.712582,-0.259217,0.065026,0.486158,1.219512,0.518671,0,9
3.0000,4.0,2.0,0.741635,-0.244446,0.381450,0.458366,1.219512,0.649091,0,9
3.0000,4.0,3.0,-0.025092,0.574775,0.040863,0.257229,1.219512,0.277660,0,6
3.0000,4.0,4.0,-0.125463,0.232301,0.300239,0.468699,1.219512,0.618819,-1,6
3.0000,4.0,5.0,-0.337064,-0.830516,0.276787,0.703581,1.219512,0.841974,0,4
3.0000,4.0,6.0,0.304417,-0.856794,0.732792,0.721994,1.219512,1.088390,-1,8
3.0000,4.0,7.0,1.013738,0.491933,0.655982,1.191382,1.219512,1.519373,1,14
3.0000,4.0,8.0,0.838876,-0.407782,0.696981,0.746011,1.219512,1.094501,0,13
3.0000,4.0,9.0,0.408298,0.362072,0.687328,1.011042,1.219512,1.354707,0,10
3.0000,4.0,10.0,1.169128,-0.439000,0.078802,1.556103,1.219512,1.595504,1,13
3.0000,4.0,11.0,0.801876,-0.750456,1.747463,0.386965,1.219512,1.260696,1,12
3.0000,4.0,12.0,-0.994242,-0.605546,0.804183,0.985346,1.219512,1.387437,0,1
3.0000,4.0,13.0,-0.112217,-1.558184,0.975708,1.620739,1.219512,2.108593,0,4
3.0000,4.0,14.0,-0.835231,-0.631461,0.808402,0.475035,1.219512,0.879237,0,1
3.0000,4.0,15.0,-0.024489,0.451581,0.271328,0.465991,1.219512,0.601655,-1,6
3.0000,4.0,16.0,-0.216580,0.838913,0.561299,0.517393,1.219512,0.798042,0,7
3.0000,4.0,17.0,-0.313056,-0.381345,0.119475,0.981548,1.219512,1.041285,0,5
3.0000,4.0,18.0,-0.678293,-0.031908,0.333516,0.105802,1.219512,0.272560,0,5
3.0000,4.0,19.0,-1.452844,-0.020850,1.509721,1.137340,1.219512,1.892201,0,1
3.0000,4.0,20.0,0.793589,-0.030307,0.151375,0.123945,1.219512,0.199632,0,13
3.0000,4.0,21.0,0.490386,0.014617,0.355417,0.408369,1.219512,0.586078,1,10
3.0000,4.0,22.0,0.258709,-0.124890,0.527524,0.516952,1.219512,0.780713,0,9
3.0000,4.0,23.0,-0.476469,0.832713,0.928353,0.684439,1.219512,1.148616,0,7
3.0000,4.0,24.0,-0.458126,0.321490,0.486058,0.941617,1.219512,1.184646,0,6
3.0000,4.0,25.0,0.184876,0.608127,0.518256,0.442059,1.219512,0.701187,0,10
3.0000,4.0,26.0,-0.345606,0.476540,0.037999,0.937351,1.219512,0.956351,0,6
3.0000,4.0,27.0,-0.309205,0.140833,0.752527,0.621038,1.219512,0.997301,0,6
3.0000,4.0,28.0,0.662504,0.892817,0.457488,0.604739,1.219512,0.833482,0,11
3.0000,4.0,29.0,0.168324,-0.082699,0.284615,0.267958,1.219512,0.410265,1,9
3.0000,4.0,30.0,0.215721,-0.226029,0.058239,0.640241,1.219512,0.669361,0,9
3.0000,4.0,31.0,-0.103672,0.069813,0.277841,0.130125,1.219512,0.269045,0,6
3.0000,5.0,0.0,0.942507,0.351725,0.045047,1.011796,1.219512,1.034319,0,14
3.0000,5.0,1.0,0.669635,0.247930,0.092918,0.490773,1.219512,0.537233,-1,10
3.0000,5.0,2.0,0.611937,0.255536,0.327048,0.582646,1.219512,0.746170,0,10
3.0000,5.0,3.0,0.160360,0.533580,0.226970,0.527716,1.219512,0.641201,0,10
3.0000,5.0,4.0,-0.023801,0.359842,0.861666,0.507169,1.219512,0.938002,-1,6
3.0000,5.0,5.0,0.231784,-0.221115,0.128998,0.662744,1.219512,0.727243,0,9
3.0000,5.0,6.0,0.816517,-0.267964,0.290173,0.580217,1.219512,0.725303,0,13
3.0000,5.0,7.0,-0.221813,-0.015293,0.504006,0.323539,1.219512,0.575542,0,5
3.0000,5.0,8.0,-0.447401,-1.003887,0.192854,1.202178,1.219512,1.298605,0,4
3.0000,5.0,9.0,-0.042292,-0.789320,0.549378,0.126568,1.219512,0.401257,0,4
3.0000,5.0,10.0,1.381683,-0.634319,1.452761,1.557229,1.219512,2.283609,0,13
3.0000,5.0,11.0,-0.151282,0.933083,0.557676,0.615655,1.219512,0.894493,0,7
3.0000,5.0,12.0,-0.571112,0.557297,0.504087,0.594234,1.219512,0.846278,0,6
3.0000,5.0,13.0,-1.228587,-0.429034,0.645458,1.603428,1.219512,1.926157,1,1
3.0000,5.0,14.0,-0.307338,0.429038,0.377272,0.955112,1.219512,1.143748,0,6
3.0000,5.0,15.0,0.454745,-0.366172,0.421268,0.974620,1.219512,1.185254,1,9
3.0000,5.0,16.0,-0.298694,-0.021388,0.288417,0.456648,1.219512,0.600857,0,5
3.0000,5.0,17.0,0.030624,-0.704271,0.373869,0.088041,1.219512,0.274975,0,9
3.0000,5.0,18.0,-0.048713,-0.612979,0.297778,0.203673,1.219512,0.352562,0,5
3.0000,5.0,19.0,-0.785048,-0.760029,0.751327,0.367957,1.219512,0.743621,0,0
3.0000,5.0,20.0,0.399226,-0.626987,0.404992,0.692595,1.219512,0.895092,0,9
3.0000,5.0,21.0,-0.373700,-0.761198,1.092295,0.630351,1.219512,1.176499,0,4
3.0000,5.0,22.0,0.444598,0.661273,0.788421,0.625428,1.219512,1.019639,0,10
3.0000,5.0,23.0,0.088189,-0.937284,0.787535,0.511103,1.219512,0.904871,-1,8
3.0000,5.0,24.0,-0.995077,-0.755683,1.173169,0.975614,1.219512,1.562198,0,0
3.0000,5.0,25.0,-0.927968,-0.123909,0.247603,0.545139,1.219512,0.668940,0,1
3.0000,5.0,26.0,-0.154564,0.438150,0.417445,0.659363,1.219512,0.868085,0,6
3.0000,5.0,27.0,0.821378,0.612206,0.933390,0.467600,1.219512,0.934295,1,14
3.0000,5.0,28.0,-0.104158,0.677563,0.686459,0.189138,1.219512,0.532368,-1,6
3.0000,5.0,29.0,-0.773159,0.396132,0.234109,0.643174,1.219512,0.760228,0,2
3.0000,5.0,30.0,0.048636,-0.101518,0.164454,0.105600,1.219512,0.187827,0,9
3.0000,5.0,31.0,-0.133690,-0.597769,0.780007,0.353475,1.219512,0.743478,0,5
3.0000,6.0,0.0,0.771880,0.608323,0.582605,0.393776,1.219512,0.685079,0,14
3.0000,6.0,1.0,0.230672,-0.171114,0.207513,0.555950,1.219512,0.659707,0,9
3.0000,6.0,2.0,-0.400857,0.290344,0.494459,0.948880,1.219512,1.196110,-1,6
3.0000,6.0,3.0,0.850684,-0.072418,0.248369,0.261226,1.219512,0.385411,0,13
3.0000,6.0,4.0,1.683127,-0.001027,0.639093,2.247205,1.219512,2.566752,0,13
3.0000,6.0,5.0,0.294402,0.188718,0.455248,0.701434,1.219512,0.929058,0,10
3.0000,6.0,6.0,0.857726,-0.398429,0.159596,0.790290,1.219512,0.870088,0,13
3.0000,6.0,7.0,0.433775,-0.762300,0.093552,0.619568,1.219512,0.666344,0,8
3.0000,6.0,8.0,-0.038085,-0.376414,0.126385,0.517722,1.219512,0.580914,0,5
3.0000,6.0,9.0,0.337480,-0.828722,0.122521,0.700445,1.219512,0.761706,0,8
3.0000,6.0,10.0,0.381538,-0.570922,0.239251,0.787584,1.219512,0.907210,0,9
3.0000,6.0,11.0,0.833662,-0.038059,0.766738,0.192790,1.219512,0.576159,0,13
3.0000,6.0,12.0,0.089764,0.139602,0.386732,0.219963,1.219512,0.413330,0,10
3.0000,6.0,13.0,-0.987962,0.539958,1.251611,1.051216,1.219512,1.677021,0,2
3.0000,6.0,14.0,-0.031073,-0.039617,0.252708,0.022068,1.219512,0.148422,-1,5
3.0000,6.0,15.0,-0.210525,0.379443,0.359666,0.806616,1.219512,0.986449,-1,6
3.0000,6.0,16.0,0.171327,-0.619695,0.425333,0.393693,1.219512,0.606359,0,9
3.0000,6.0,17.0,0.648457,0.344123,0.450986,0.649422,1.219512,0.874915,0,10
3.0000,6.0,18.0,0.714900,-0.823200,0.585347,0.409559,1.219512,0.702232,0,8
3.0000,6.0,19.0,0.265039,-0.065463,0.604941,0.439266,1.219512,0.741736,0,9
3.0000,6.0,20.0,1.228392,-1.190037,0.733920,3.014841,1.219512,3.381801,0,12
3.0000,6.0,21.0,0.839471,-0.309133,0.402272,0.690006,1.219512,0.891142,0,13
3.0000,6.0,22.0,-0.072164,0.209355,0.114224,0.340430,1.219512,0.397542,0,6
3.0000,6.0,23.0,-0.346341,0.387435,0.295061,1.009706,1.219512,1.157237,0,6
3.0000,6.0,24.0,0.634145,0.522859,0.763478,0.554385,1.219512,0.936124,0,10
3.0000,6.0,25.0,-0.757443,0.093499,0.460791,0.158153,1.219512,0.388549,0,2
3.0000,6.0,26.0,-0.897392,0.805883,0.363851,0.723550,1.219512,0.905475,0,3
3.0000,6.0,27.0,-0.838922,0.952901,1.407467,0.997869,1.219512,1.701602,0,3
3.0000,6.0,28.0,0.417605,-0.717728,1.044871,0.612187,1.219512,1.134623,1,9
3.0000,6.0,29.0,-0.842644,0.303374,0.774115,0.688753,1.219512,1.075810,0,2
3.0000,6.0,30.0,-0.108368,-0.696210,0.518430,0.182715,1.219512,0.441930,0,5
3.0000,6.0,31.0,0.675489,0.039033,0.125038,0.112791,1.219512,0.175310,0,10
3.0000,7.0,0.0,0.195518,-0.439436,0.166800,0.744610,1.219512,0.828010,-1,9
3.0000,7.0,1.0,0.641341,0.051666,1.244924,0.162524,1.219512,0.784986,0,10
3.0000,7.0,2.0,-0.206958,0.782570,0.395344,0.407158,1.219512,0.604830,1,7
3.0000,7.0,3.0,0.635344,0.426630,0.453791,0.669461,1.219512,0.896356,0,10
3.0000,7.0,4.0,0.925704,-0.135661,0.962892,0.561696,1.219512,1.043142,1,13
3.0000,7.0,5.0,0.049886,-0.859674,0.442392,0.257288,1.219512,0.478484,0,8
3.0000,7.0,6.0,0.320201,-0.205262,0.481326,0.766411,1.219512,1.007074,1,9
3.0000,7.0,7.0,0.479842,-0.739382,0.887526,0.561506,1.219512,1.005269,0,9
3.0000,7.0,8.0,0.295832,-0.156398,0.061548,0.635730,1.219512,0.666504,0,9
3.0000,7.0,9.0,0.220201,-0.190028,0.130863,0.574719,1.219512,0.640151,0,9
3.0000,7.0,10.0,-0.277018,-0.383978,0.616889,0.932256,1.219512,1.240701,0,5
3.0000,7.0,11.0,0.258467,-1.504741,0.689585,1.748677,1.219512,2.093469,0,8
3.0000,7.0,12.0,0.437306,-0.183455,0.407439,0.720882,1.219512,0.924601,1,9
3.0000,7.0,13.0,-0.005998,-1.130565,0.220006,0.908501,1.219512,1.018504,0,4
3.0000,7.0,14.0,-0.227464,-0.913945,0.369701,0.729838,1.219512,0.914688,0,4
3.0000,7.0,15.0,-0.486417,-0.087954,0.318970,0.478552,1.219512,0.638037,1,5
3.0000,7.0,16.0,0.196319,0.117942,0.429593,0.381565,1.219512,0.596362,0,10
3.0000,7.0,17.0,-0.007300,0.261239,0.426572,0.396436,1.219512,0.609721,0,6
3.0000,7.0,18.0,1.165432,0.343792,0.489134,1.522256,1.219512,1.766823,0,14
3.0000,7.0,19.0,0.558133,-0.441150,0.634169,0.785768,1.219512,1.102852,-1,9
3.0000,7.0,20.0,-0.173538,-1.397454,0.783023,1.290607,1.219512,1.682119,1,4
3.0000,7.0,21.0,0.295318,-0.770734,0.636172,0.566121,1.219512,0.884208,1,8
3.0000,7.0,22.0,-0.114240,-0.380763,0.734807,0.611970,1.219512,0.979373,0,5
3.0000,7.0,23.0,0.058884,0.196798,0.345012,0.299706,1.219512,0.472212,0,10
3.0000,7.0,24.0,0.133365,1.348851,0.220582,1.159318,1.219512,1.269609,0,11
3.0000,7.0,25.0,0.275891,0.591804,0.375609,0.653349,1.219512,0.841154,0,10
3.0000,7.0,26.0,0.138079,0.207409,0.115947,0.441894,1.219512,0.499868,0,10
3.0000,7.0,27.0,0.022692,0.233437,0.169235,0.349114,1.219512,0.433731,0,10
3.0000,7.0,28.0,-0.024934,0.445358,0.842178,0.473145,1.219512,0.894234,-1,6
3.0000,7.0,29.0,-0.069864,-0.676903,0.482208,0.140651,1.219512,0.381755,0,5
3.0000,7.0,30.0,0.841934,-0.821232,0.082388,0.592127,1.219512,0.633321,0,12
3.0000,7.0,31.0,0.694330,-0.368907,0.329372,0.621913,1.219512,0.786598,0,9
3.0000,8.0,0.0,-0.215557,-0.198026,1.512559,0.582076,1.219512,1.338355,1,5
3.0000,8.0,1.0,-0.722834,1.417276,1.011116,1.665811,1.219512,2.171369,0,7
3.0000,8.0,2.0,-0.837615,0.193094,0.189709,0.462574,1.219512,0.557429,0,2
3.0000,8.0,3.0,-0.212971,-0.407063,0.590896,0.805113,1.219512,1.100561,-1,5
3.0000,8.0,4.0,-0.070455,1.116529,1.143880,0.933297,1.219512,1.505236,0,7
3.0000,8.0,5.0,-1.072642,-0.769259,1.067697,1.238499,1.219512,1.772348,1,0
3.0000,8.0,6.0,-0.288079,0.910323,0.777872,0.837956,1.219512,1.226892,-1,7
3.0000,8.0,7.0,0.023860,0.983539,0.792038,0.583245,1.219512,0.979264,-1,11
3.0000,8.0,8.0,0.648212,-0.495763,0.067322,0.578999,1.219512,0.612660,0,9
3.0000,8.0,9.0,0.366149,-0.656190,0.213119,0.652332,1.219512,0.758892,0,9
3.0000,8.0,10.0,0.631984,-0.070260,0.213312,0.195498,1.219512,0.302154,0,9
3.0000,8.0,11.0,0.738989,-0.638914,1.017307,0.329410,1.219512,0.838064,-1,9
3.0000,8.0,12.0,-0.215378,0.148541,0.367575,0.478875,1.219512,0.662663,-1,6
3.0000,8.0,13.0,-0.764542,-0.673770,1.250144,0.320739,1.219512,0.945811,1,1
3.0000,8.0,14.0,-0.114620,-0.067333,0.207109,0.145477,1.219512,0.249032,0,5
3.0000,8.0,15.0,0.357378,-0.323259,0.675433,0.987641,1.219512,1.325357,0,9
3.0000,8.0,16.0,-0.317370,-1.062102,0.812054,1.314990,1.219512,1.721017,0,4
3.0000,8.0,17.0,0.555132,0.172683,0.178379,0.513028,1.219512,0.602218,1,10
3.0000,8.0,18.0,0.858754,-0.592979,0.930296,0.580160,1.219512,1.045308,0,13
3.0000,8.0,19.0,-0.326342,0.110682,0.576461,0.583030,1.219512,0.871261,0,6
3.0000,8.0,20.0,0.515041,0.032704,0.237705,0.373859,1.219512,0.492711,0,10
3.0000,8.0,21.0,0.187307,0.716951,0.143032,0.334495,1.219512,0.406011,0,10
3.0000,8.0,22.0,0.655766,1.027347,0.220518,1.046499,1.219512,1.156758,0,11
3.0000,8.0,23.0,0.080775,0.413115,0.137601,0.550301,1.219512,0.619102,0,10
3.0000,8.0,24.0,0.391143,0.877211,0.292725,0.839496,1.219512,0.985858,0,11
3.0000,8.0,25.0,0.338180,1.745842,0.465749,3.355670,1.219512,3.588544,0,11
3.0000,8.0,26.0,-0.364832,0.651118,0.499671,0.657656,1.219512,0.907491,0,6
3.0000,8.0,27.0,0.689550,-0.196749,0.269631,0.366829,1.219512,0.501644,0,9
3.0000,8.0,28.0,0.880976,-0.688903,0.184595,0.559097,1.219512,0.651394,0,13
3.0000,8.0,29.0,0.896861,-0.299985,0.104005,0.818722,1.219512,0.870725,0,13
3.0000,8.0,30.0,0.573138,-0.645406,0.249331,0.456509,1.219512,0.581174,0,9
3.0000,8.0,31.0,-0.297509,-0.651668,0.471018,0.595121,1.219512,0.830629,0,5
3.0000,9.0,0.0,1.338757,0.678223,0.392042,1.507467,1.219512,1.703488,0,14
3.0000,9.0,1.0,0.264988,0.169528,0.402948,0.616080,1.219512,0.817555,0,10
3.0000,9.0,2.0,-0.764077,0.137774,0.247961,0.241418,1.219512,0.365398,-1,2
3.0000,9.0,3.0,-0.128967,-0.529054,0.985794,0.473382,1.219512,0.966279,0,5
3.0000,9.0,4.0,-0.001348,1.217357,1.146603,0.977895,1.219512,1.551197,0,7
3.0000,9.0,5.0,-0.509688,-0.049999,0.501924,0.395847,1.219512,0.646809,0,5
3.0000,9.0,6.0,0.495793,-0.637050,0.948373,0.592528,1.219512,1.066715,0,9
3.0000,9.0,7.0,-0.686097,0.690344,0.963314,0.289901,1.219512,0.771558,0,6
3.0000,9.0,8.0,0.495958,-0.120518,0.589880,0.516183,1.219512,0.811123,0,9
3.0000,9.0,9.0,0.218448,-1.301697,0.470837,1.345447,1.219512,1.580866,0,8
3.0000,9.0,10.0,0.512419,-0.780285,0.566938,0.549685,1.219512,0.833154,0,8
3.0000,9.0,11.0,-0.825118,-0.335777,0.809361,0.691952,1.219512,1.096633,0,1
3.0000,9.0,12.0,0.222941,0.696630,0.449266,0.419272,1.219512,0.643905,0,10
3.0000,9.0,13.0,0.786999,0.669037,1.158687,0.351860,1.219512,0.931203,1,14
3.0000,9.0,14.0,-0.704019,-0.506381,0.107226,0.522973,1.219512,0.576586,0,5
3.0000,9.0,15.0,-0.644130,-1.158447,0.237417,1.353979,1.219512,1.472688,0,4
3.0000,9.0,16.0,-1.198442,-0.630852,1.149877,1.409801,1.219512,1.984740,1,1
3.0000,9.0,17.0,0.367851,0.168651,0.125947,0.716942,1.219512,0.779916,0,10
3.0000,9.0,18.0,0.643231,0.739365,0.033137,0.325103,1.219512,0.341672,0,10
3.0000,9.0,19.0,0.814423,0.649660,0.201475,0.413274,1.219512,0.514012,0,14
3.0000,9.0,20.0,1.100325,0.213413,0.820264,1.193072,1.219512,1.603204,0,14
3.0000,9.0,21.0,-0.259197,0.478281,0.452984,0.825302,1.219512,1.051794,0,6
3.0000,9.0,22.0,0.645636,0.610125,0.812844,0.398169,1.219512,0.804591,0,10
3.0000,9.0,23.0,0.172256,-0.066802,0.635037,0.256589,1.219512,0.574108,0,9
3.0000,9.0,24.0,-0.094194,1.299138,0.998122,1.071449,1.219512,1.570510,0,7
3.0000,9.0,25.0,0.042939,1.457431,0.536885,1.161647,1.219512,1.430090,0,11
3.0000,9.0,26.0,-0.180112,1.017129,1.049418,0.923833,1.219512,1.448542,0,7
3.0000,9.0,27.0,0.158884,0.523015,0.580340,0.544155,1.219512,0.834326,0,10
3.0000,9.0,28.0,0.831583,0.075577,0.086915,0.226148,1.219512,0.269606,0,14
3.0000,9.0,29.0,0.604818,0.026541,0.182356,0.202951,1.219512,0.294129,0,10
3.0000,9.0,30.0,0.418567,-0.181330,0.079489,0.731439,1.219512,0.771184,0,9
3.0000,9.0,31.0,0.668541,0.207583,0.173789,0.407886,1.219512,0.494781,0,10
3.0000,10.0,0.0,1.625436,0.405761,1.979464,2.586903,1.219512,3.576635,-1,14
3.0000,10.0,1.0,-0.471763,0.264436,0.028333,0.843854,1.219512,0.858020,0,6
3.0000,10.0,2.0,-0.659387,0.502272,0.761388,0.557512,1.219512,0.938206,0,6
3.0000,10.0,3.0,0.680335,-0.057923,0.454879,0.124581,1.219512,0.352021,0,9
3.0000,10.0,4.0,-0.000615,-0.432434,0.703501,0.480360,1.219512,0.832111,1,5
3.0000,10.0,5.0,-0.818900,-0.795965,0.399313,0.484018,1.219512,0.683674,0,0
3.0000,10.0,6.0,-0.235459,-0.320944,0.276414,0.828840,1.219512,0.967047,-1,5
3.0000,10.0,7.0,0.588785,0.274197,0.733537,0.655911,1.219512,1.022680,1,10
3.0000,10.0,8.0,-0.431997,0.041419,0.205479,0.495805,1.219512,0.598544,0,6
3.0000,10.0,9.0,-0.077509,-0.102751,0.093548,0.137991,1.219512,0.184765,0,5
3.0000,10.0,10.0,0.012040,-0.604842,0.196889,0.197922,1.219512,0.296367,0,9
3.0000,10.0,11.0,0.085407,-0.829838,0.674145,0.236254,1.219512,0.573327,0,8
3.0000,10.0,12.0,-0.591630,-0.205930,0.148639,0.516542,1.219512,0.590862,0,5
3.0000,10.0,13.0,-0.182994,0.370513,0.362568,0.747679,1.219512,0.928963,0,6
3.0000,10.0,14.0,-0.692866,-0.508158,0.641152,0.524285,1.219512,0.844861,0,5
3.0000,10.0,15.0,-0.241220,-1.607575,1.460140,2.199271,1.219512,2.929341,0,4
3.0000,10.0,16.0,0.012840,-0.830417,0.620780,0.175007,1.219512,0.485397,0,8
3.0000,10.0,17.0,0.634980,0.344385,0.126754,0.667247,1.219512,0.730624,0,10
3.0000,10.0,18.0,0.434304,0.966401,0.254922,1.094745,1.219512,1.222206,0,11
3.0000,10.0,19.0,0.106427,0.469136,0.217022,0.532551,1.219512,0.641062,0,10
3.0000,10.0,20.0,0.051503,0.725833,0.448360,0.098107,1.219512,0.322287,1,10
3.0000,10.0,21.0,0.728273,0.451227,0.745658,0.589547,1.219512,0.962376,0,10
3.0000,10.0,22.0,-0.464428,-0.546082,0.742843,0.783361,1.219512,1.154783,0,5
3.0000,10.0,23.0,0.260577,-0.838527,0.038956,0.607950,1.219512,0.627428,0,8
3.0000,10.0,24.0,0.481242,-0.602834,0.292802,0.662973,1.219512,0.809374,-1,9
3.0000,10.0,25.0,0.203130,0.086935,0.537411,0.346662,1.219512,0.615367,0,10
3.0000,10.0,26.0,0.714697,-0.725834,0.072201,0.285127,1.219512,0.321228,0,9
3.0000,10.0,27.0,0.912779,-0.525926,0.089957,0.831896,1.219512,0.876875,0,13
3.0000,10.0,28.0,0.805721,-0.465871,0.602768,0.645321,1.219512,0.946705,0,13
3.0000,10.0,29.0,0.102015,0.657979,0.210177,0.205697,1.219512,0.310786,0,10
3.0000,10.0,30.0,0.097132,-0.151376,0.140245,0.254056,1.219512,0.324179,-1,9
3.0000,10.0,31.0,0.538090,0.293874,0.342400,0.780544,1.219512,0.951745,0,10
3.0000,11.0,0.0,-0.055594,-0.415080,0.207779,0.520357,1.219512,0.624246,0,5
3.0000,11.0,1.0,-0.548884,0.139478,0.216660,0.456285,1.219512,0.564615,1,6
3.0000,11.0,2.0,0.237459,0.138200,0.550812,0.502687,1.219512,0.778093,0,10
3.0000,11.0,3.0,0.630054,1.043457,0.464007,1.111726,1.219512,1.343729,0,11
3.0000,11.0,4.0,1.292106,0.151630,0.909106,1.184669,1.219512,1.639222,0,14
3.0000,11.0,5.0,-0.180111,-0.006564,0.239189,0.235177,1.219512,0.354771,0,5
3.0000,11.0,6.0,-0.477923,-0.436251,0.150988,0.924318,1.219512,0.999812,0,5
3.0000,11.0,7.0,-0.644587,-0.288619,0.219115,0.590856,1.219512,0.700414,0,5
3.0000,11.0,8.0,-0.471520,-0.779499,0.480964,0.602427,1.219512,0.842909,0,4
3.0000,11.0,9.0,-0.203810,-0.416003,0.253931,0.780962,1.219512,0.907928,0,5
3.0000,11.0,10.0,-0.145674,0.235798,1.626138,0.514075,1.219512,1.327144,0,6
3.0000,11.0,11.0,-1.124024,-0.208377,0.544748,1.220458,1.219512,1.492832,0,1
3.0000,11.0,12.0,-0.596298,0.102718,0.018505,0.300658,1.219512,0.309910,-1,6
3.0000,11.0,13.0,-0.591044,-0.131219,0.875110,0.360820,1.219512,0.798375,1,5
3.0000,11.0,14.0,-0.193782,0.442010,0.176686,0.738345,1.219512,0.826688,0,6
3.0000,11.0,15.0,0.480718,0.549006,0.339234,0.757284,1.219512,0.926901,-1,10
3.0000,11.0,16.0,0.679622,-0.309548,0.121615,0.583316,1.219512,0.644124,0,9
3.0000,11.0,17.0,0.698391,0.069031,0.261909,0.124301,1.219512,0.255255,0,10
3.0000,11.0,18.0,0.927411,0.316972,0.589010,0.930601,1.219512,1.225106,0,14
3.0000,11.0,19.0,0.135274,1.362637,1.099548,1.171107,1.219512,1.720881,0,11
3.0000,11.0,20.0,-0.529704,-0.234485,0.816370,0.691862,1.219512,1.100047,0,5
3.0000,11.0,21.0,0.932771,-0.272411,0.455781,0.876223,1.219512,1.104114,0,13
3.0000,11.0,22.0,0.691127,0.466297,0.453389,0.580955,1.219512,0.807650,1,10
3.0000,11.0,23.0,0.126791,-0.655004,0.885162,0.252870,1.219512,0.695451,0,9
3.0000,11.0,24.0,-0.304919,-0.597366,0.934129,0.686733,1.219512,1.153797,0,5
3.0000,11.0,25.0,-0.271720,1.087868,0.905563,1.295311,1.219512,1.748093,0,7
3.0000,11.0,26.0,0.288360,-0.558978,0.948203,0.733488,1.219512,1.207589,0,9
3.0000,11.0,27.0,1.032879,0.048821,0.196305,0.735603,1.219512,0.833755,0,14
3.0000,11.0,28.0,0.149173,0.005062,0.150606,0.171450,1.219512,0.246753,0,10
3.0000,11.0,29.0,0.532663,0.671083,0.623152,0.499237,1.219512,0.810814,0,10
3.0000,11.0,30.0,-0.209598,0.121030,0.303186,0.414745,1.219512,0.566338,0,6
3.0000,11.0,31.0,0.541500,-0.124157,0.412891,0.441045,1.219512,0.647490,0,9
3.0000,12.0,0.0,0.176987,0.060476,0.321853,0.259722,1.219512,0.420648,0,10
3.0000,12.0,1.0,-0.925770,-0.186498,0.934950,0.672217,1.219512,1.139692,-1,1
3.0000,12.0,2.0,0.340067,-0.965928,0.959650,1.073270,1.219512,1.553095,0,8
3.0000,12.0,3.0,-0.079022,0.697667,0.820995,0.137214,1.219512,0.547712,0,6
3.0000,12.0,4.0,0.110665,-0.067853,0.177347,0.139347,1.219512,0.228021,1,9
3.0000,12.0,5.0,0.197696,-0.741882,0.102397,0.358775,1.219512,0.409974,0,9
3.0000,12.0,6.0,0.256599,-0.558133,0.094177,0.681516,1.219512,0.728604,0,9
3.0000,12.0,7.0,0.103976,-0.501214,0.209521,0.478954,1.219512,0.583714,0,9
3.0000,12.0,8.0,0.766357,-0.346233,0.355868,0.620145,1.219512,0.798079,1,13
3.0000,12.0,9.0,0.534030,-0.208422,0.847137,0.629656,1.219512,1.053224,0,9
3.0000,12.0,10.0,0.862972,-1.845721,0.940627,4.904920,1.219512,5.375233,1,12
3.0000,12.0,11.0,0.176183,-0.544796,0.696911,0.540147,1.219512,0.888602,0,9
3.0000,12.0,12.0,-0.509613,0.211125,0.952976,0.679481,1.219512,1.155969,0,6
3.0000,12.0,13.0,1.136922,-0.299057,0.286467,1.427340,1.219512,1.570573,0,13
3.0000,12.0,14.0,0.259058,0.254175,0.590416,0.777886,1.219512,1.073094,0,10
3.0000,12.0,15.0,1.226550,0.703904,1.221348,1.433172,1.219512,2.043846,0,14
3.0000,12.0,16.0,0.819452,-0.878083,0.353344,0.691995,1.219512,0.868667,1,12
3.0000,12.0,17.0,0.450577,-0.864940,1.839428,0.784927,1.219512,1.704641,-1,8
3.0000,12.0,18.0,0.682446,1.075350,0.801030,1.175473,1.219512,1.575989,0,11
3.0000,12.0,19.0,-0.925596,0.833718,0.564241,0.886149,1.219512,1.168270,1,3
3.0000,12.0,20.0,0.189898,0.544859,0.508757,0.569545,1.219512,0.823924,-1,10
3.0000,12.0,21.0,-0.168102,-0.188041,0.298759,0.461697,1.219512,0.611077,0,5
3.0000,12.0,22.0,0.254612,0.248995,0.223407,0.760464,1.219512,0.872167,0,10
3.0000,12.0,23.0,0.267159,1.170167,0.387425,1.405921,1.219512,1.599634,0,11
3.0000,12.0,24.0,0.216096,0.192535,0.421534,0.571617,1.219512,0.782384,0,10
3.0000,12.0,25.0,-0.924428,0.675033,0.729271,0.699562,1.219512,1.064198,0,2
3.0000,12.0,26.0,0.146700,1.128925,0.669908,1.085967,1.219512,1.420921,0,11
3.0000,12.0,27.0,1.018236,0.002387,0.367391,0.675286,1.219512,0.858981,0,14
3.0000,12.0,28.0,0.041812,0.020897,0.457515,0.019003,1.219512,0.247761,0,10
3.0000,12.0,29.0,-0.662777,0.212798,0.571193,0.425112,1.219512,0.710708,1,6
3.0000,12.0,30.0,-0.219916,0.888086,0.220163,0.641666,1.219512,0.751748,0,7
3.0000,12.0,31.0,0.003167,0.835324,0.296615,0.183007,1.219512,0.331314,0,11
3.0000,13.0,0.0,0.244836,-0.015262,0.176763,0.368465,1.219512,0.456846,0,9
3.0000,13.0,1.0,0.242193,0.220697,0.105038,0.682100,1.219512,0.734619,0,10
3.0000,13.0,2.0,0.372025,-0.020203,0.277302,0.508312,1.219512,0.646963,1,9
3.0000,13.0,3.0,0.484146,-0.833614,0.914326,0.677341,1.219512,1.134503,0,8
3.0000,13.0,4.0,0.000112,0.417202,0.904092,0.492112,1.219512,0.944158,-1,10
3.0000,13.0,5.0,-0.382686,-0.930327,0.430946,0.990481,1.219512,1.205954,1,4
3.0000,13.0,6.0,-0.326088,-0.661328,0.453569,0.619068,1.219512,0.845852,-1,5
3.0000,13.0,7.0,-0.127455,0.066021,0.180130,0.166860,1.219512,0.256925,1,6
3.0000,13.0,8.0,-0.184296,0.322171,0.339025,0.723948,1.219512,0.893460,0,6
3.0000,13.0,9.0,-0.094674,-0.660444,0.077537,0.191259,1.219512,0.230028,0,5
3.0000,13.0,10.0,-0.013072,-0.934147,0.920303,0.434922,1.219512,0.895073,0,4
3.0000,13.0,11.0,0.019874,0.767255,1.360422,0.092817,1.219512,0.773028,0,11
3.0000,13.0,12.0,0.186585,-0.385406,0.223742,0.755539,1.219512,0.867410,0,9
3.0000,13.0,13.0,0.937067,-0.128133,1.432744,0.579858,1.219512,1.296230,0,13
3.0000,13.0,14.0,-0.576484,0.978907,0.172263,0.972180,1.219512,1.058311,0,7
3.0000,13.0,15.0,-0.194028,0.257883,0.293833,0.655394,1.219512,0.802310,1,6
3.0000,13.0,16.0,0.198061,0.065849,0.353948,0.309649,1.219512,0.486623,0,10
3.0000,13.0,17.0,-0.741545,0.590419,0.691089,0.394503,1.219512,0.740048,0,6
3.0000,13.0,18.0,0.030353,0.708321,0.268561,0.086286,1.219512,0.220567,1,10
3.0000,13.0,19.0,-0.083128,0.365268,0.614638,0.562305,1.219512,0.869624,-1,6
3.0000,13.0,20.0,-0.151537,-0.574580,0.292419,0.431728,1.219512,0.577938,0,5
3.0000,13.0,21.0,0.722088,-0.369449,0.356087,0.614743,1.219512,0.792786,-1,9
3.0000,13.0,22.0,0.061258,0.335741,0.345034,0.522197,1.219512,0.694714,0,10
3.0000,13.0,23.0,-0.256686,0.607214,0.151134,0.592670,1.219512,0.668236,0,6
3.0000,13.0,24.0,0.241790,0.582248,0.144586,0.608149,1.219512,0.680442,1,10
3.0000,13.0,25.0,0.326034,0.665383,0.382390,0.614846,1.219512,0.806041,0,10
3.0000,13.0,26.0,0.813284,0.674350,0.117397,0.394332,1.219512,0.453030,0,14
3.0000,13.0,27.0,0.819580,0.692570,1.313868,0.401076,1.219512,1.058010,1,14
3.0000,13.0,28.0,-0.642063,-0.889653,1.291030,0.610124,1.219512,1.255639,0,4
3.0000,13.0,29.0,0.453599,-0.408762,0.430667,0.972551,1.219512,1.187885,0,9
3.0000,13.0,30.0,0.121275,0.044469,0.557942,0.135524,1.219512,0.414495,0,10
3.0000,13.0,31.0,-0.717703,0.645056,1.663630,0.316430,1.219512,1.148245,0,6
3.0000,14.0,0.0,1.051375,-0.044609,0.703841,0.777762,1.219512,1.129682,0,13
3.0000,14.0,1.0,0.192376,0.806173,1.240714,0.405351,1.219512,1.025708,-1,11
3.0000,14.0,2.0,0.202323,-0.657541,0.527572,0.408289,1.219512,0.672075,-1,9
3.0000,14.0,3.0,0.177787,0.494775,0.362626,0.633133,1.219512,0.814446,0,10
3.0000,14.0,4.0,1.256754,0.143614,0.923496,1.162743,1.219512,1.624491,0,14
3.0000,14.0,5.0,0.323275,0.141978,0.104280,0.637732,1.219512,0.689872,0,10
3.0000,14.0,6.0,0.083723,0.376863,0.211241,0.564537,1.219512,0.670158,0,10
3.0000,14.0,7.0,-0.269658,0.860662,0.531212,0.674187,1.219512,0.939793,-1,7
3.0000,14.0,8.0,0.019439,-0.261803,0.010925,0.400258,1.219512,0.405720,0,9
3.0000,14.0,9.0,-0.114986,-0.182781,0.332094,0.347961,1.219512,0.514008,0,5
3.0000,14.0,10.0,0.700080,-0.408053,0.769579,0.619809,1.219512,1.004599,1,9
3.0000,14.0,11.0,-0.165496,-1.245432,0.193444,1.210275,1.219512,1.306997,0,4
3.0000,14.0,12.0,-0.021340,-0.856915,0.694521,0.232707,1.219512,0.579967,-1,4
3.0000,14.0,13.0,-0.278493,0.730362,0.140253,0.519348,1.219512,0.589475,0,6
3.0000,14.0,14.0,-0.682642,0.871046,0.447801,0.531644,1.219512,0.755544,1,7
3.0000,14.0,15.0,-1.173960,0.101500,1.091036,1.046301,1.219512,1.591819,0,2
3.0000,14.0,16.0,0.230898,-0.440790,0.340511,0.817211,1.219512,0.987466,0,9
3.0000,14.0,17.0,0.527555,-0.147155,0.497011,0.511744,1.219512,0.760250,0,9
3.0000,14.0,18.0,-0.813840,0.227677,1.778232,0.494988,1.219512,1.384104,-1,2
3.0000,14.0,19.0,0.459559,-0.764356,0.251808,0.599836,1.219512,0.725740,0,8
3.0000,14.0,20.0,0.115195,-1.116087,0.095082,1.003181,1.219512,1.050722,0,8
3.0000,14.0,21.0,0.126743,-0.738128,0.414306,0.208061,1.219512,0.415213,0,9
3.0000,14.0,22.0,-0.786976,-0.361288,0.170508,0.650823,1.219512,0.736078,0,1
3.0000,14.0,23.0,-0.612432,0.128802,0.079874,0.318754,1.219512,0.358691,1,6
3.0000,14.0,24.0,-0.280845,0.042631,0.332892,0.443579,1.219512,0.610025,0,6
3.0000,14.0,25.0,0.247261,-0.468576,0.249093,0.816733,1.219512,0.941279,0,9
3.0000,14.0,26.0,1.090750,0.048068,0.687165,0.865020,1.219512,1.208603,0,14
3.0000,14.0,27.0,0.035189,0.673346,0.668932,0.112259,1.219512,0.446725,1,10
3.0000,14.0,28.0,0.037918,0.918665,1.184394,0.401891,1.219512,0.994088,-1,11
3.0000,14.0,29.0,-0.154562,0.609546,0.345353,0.374977,1.219512,0.547653,0,6
3.0000,14.0,30.0,0.843143,0.848263,1.725563,0.663898,1.219512,1.526679,0,15
3.0000,14.0,31.0,0.523555,-1.291770,0.639545,1.566924,1.219512,1.886697,0,8
3.0000,15.0,0.0,-0.109618,-0.120429,0.193568,0.215192,1.219512,0.311976,0,5
3.0000,15.0,1.0,0.131941,-0.872113,0.959401,0.408913,1.219512,0.888613,0,8
3.0000,15.0,2.0,-0.651798,-0.886301,1.378089,0.592213,1.219512,1.281258,-1,4
3.0000,15.0,3.0,-0.116163,0.771561,0.024858,0.206055,1.219512,0.218484,0,7
3.0000,15.0,4.0,-0.319657,0.724583,0.286153,0.577599,1.219512,0.720676,0,6
3.0000,15.0,5.0,0.433955,0.682638,0.626257,0.615917,1.219512,0.929045,0,10
3.0000,15.0,6.0,0.591067,-0.101288,0.249029,0.307802,1.219512,0.432317,0,9
3.0000,15.0,7.0,0.515178,0.453997,0.258045,0.849339,1.219512,0.978361,1,10
3.0000,15.0,8.0,0.139798,-0.191804,0.440443,0.412537,1.219512,0.632758,0,9
3.0000,15.0,9.0,-0.891725,-0.082914,0.226846,0.375207,1.219512,0.488630,0,1
3.0000,15.0,10.0,-0.202656,0.493589,0.641280,0.688363,1.219512,1.009003,0,6
3.0000,15.0,11.0,0.142673,-0.533335,0.233114,0.492009,1.219512,0.608566,0,9
3.0000,15.0,12.0,0.375781,-0.670367,0.314199,0.640798,1.219512,0.797897,-1,9
3.0000,15.0,13.0,-0.146816,0.129908,0.029422,0.300807,1.219512,0.315518,-1,6
3.0000,15.0,14.0,-0.381168,-0.059933,0.186823,0.536064,1.219512,0.629476,0,5
3.0000,15.0,15.0,0.268913,-0.019166,0.119404,0.412131,1.219512,0.471833,0,9
3.0000,15.0,16.0,0.337947,0.643810,0.539559,0.650504,1.219512,0.920284,-1,10
3.0000,15.0,17.0,0.742605,-0.191419,0.452544,0.345153,1.219512,0.571424,-1,9
3.0000,15.0,18.0,1.304235,0.372633,0.687575,1.613541,1.219512,1.957328,0,14
3.0000,15.0,19.0,0.356967,0.104210,0.673850,0.591307,1.219512,0.928231,0,10
3.0000,15.0,20.0,0.102005,-0.629089,0.193267,0.244761,1.219512,0.341395,0,9
3.0000,15.0,21.0,-0.092014,0.057157,0.316444,0.098823,1.219512,0.257045,0,6
3.0000,15.0,22.0,-0.552055,-0.958106,0.528562,0.938560,1.219512,1.202841,0,4
3.0000,15.0,23.0,-0.761004,-0.295517,0.421216,0.558697,1.219512,0.769304,-1,1
3.0000,15.0,24.0,-0.449422,-0.830823,0.963848,0.707141,1.219512,1.189065,0,4
3.0000,15.0,25.0,0.247684,-0.602660,0.231837,0.583301,1.219512,0.699220,1,9
3.0000,15.0,26.0,-0.013670,-0.105993,0.236687,0.093922,1.219512,0.212266,0,5
3.0000,15.0,27.0,-0.648187,-0.792443,0.160389,0.375832,1.219512,0.456027,0,4
3.0000,15.0,28.0,-0.016724,-1.226559,1.468012,0.983343,1.219512,1.717349,0,4
3.0000,15.0,29.0,-0.598950,0.972217,0.487717,0.921601,1.219512,1.165460,0,7
3.0000,15.0,30.0,-0.558589,0.342773,0.520602,0.795254,1.219512,1.055555,0,6
3.0000,15.0,31.0,-0.191299,-0.830078,0.163079,0.443765,1.219512,0.525305,0,4
3.0000,16.0,0.0,-0.493958,-0.064104,0.296325,0.436375,1.219512,0.584538,0,5
3.0000,16.0,1.0,-0.573889,0.778632,0.255730,0.452184,1.219512,0.580050,0,7
3.0000,16.0,2.0,-0.108096,0.590633,0.051264,0.319812,1.219512,0.345444,1,6
3.0000,16.0,3.0,-0.249369,0.966677,0.654358,0.932684,1.219512,1.259863,1,7
3.0000,16.0,4.0,0.419864,0.892004,0.638123,0.875727,1.219512,1.194789,0,11
3.0000,16.0,5.0,-0.847623,0.210027,0.404921,0.521333,1.219512,0.723793,0,2
3.0000,16.0,6.0,-0.148901,0.265406,0.017421,0.574531,1.219512,0.583242,0,6
3.0000,16.0,7.0,-0.040722,0.047566,0.074546,0.033999,1.219512,0.071272,0,6
3.0000,16.0,8.0,-0.465916,0.372983,0.187515,0.962606,1.219512,1.056363,0,6
3.0000,16.0,9.0,-0.706648,-0.339737,0.069016,0.599964,1.219512,0.634472,0,5
3.0000,16.0,10.0,-0.635916,-0.603490,0.195158,0.419261,1.219512,0.516840,0,5
3.0000,16.0,11.0,-0.690445,-0.126822,0.221973,0.219507,1.219512,0.330494,0,5
3.0000,16.0,12.0,-0.194668,-0.803909,0.225926,0.407090,1.219512,0.520053,0,4
3.0000,16.0,13.0,-0.007562,0.044252,0.281279,0.017486,1.219512,0.158126,0,6
3.0000,16.0,14.0,0.187143,-0.067019,0.092097,0.288024,1.219512,0.334072,0,9
3.0000,16.0,15.0,0.249544,0.162326,0.587844,0.573801,1.219512,0.867723,0,10
3.0000,16.0,16.0,1.476738,0.637820,1.736352,1.781122,1.219512,2.649298,0,14
3.0000,16.0,17.0,-0.228184,-0.675320,0.224061,0.445468,1.219512,0.557499,0,5
3.0000,16.0,18.0,-0.005946,0.118943,0.536318,0.114540,1.219512,0.382699,0,6
3.0000,16.0,19.0,-0.956497,-0.501987,0.345813,1.001399,1.219512,1.174305,0,1
3.0000,16.0,20.0,-0.398534,-0.510978,0.106953,0.893830,1.219512,0.947307,0,5
3.0000,16.0,21.0,-0.037485,-0.085688,0.218333,0.073942,1.219512,0.183108,0,5
3.0000,16.0,22.0,-0.807138,0.293491,0.906589,0.608059,1.219512,1.061354,1,2
3.0000,16.0,23.0,0.218129,0.289739,0.196550,0.756664,1.219512,0.854939,0,10
3.0000,16.0,24.0,1.065033,0.181010,0.414301,1.046032,1.219512,1.253182,1,14
3.0000,16.0,25.0,0.973685,-0.310625,0.770765,1.061917,1.219512,1.447300,0,13
3.0000,16.0,26.0,-0.106381,0.147635,0.724930,0.261207,1.219512,0.623672,0,6
3.0000,16.0,27.0,-0.468569,-0.643806,0.107775,0.620126,1.219512,0.674013,0,5
3.0000,16.0,28.0,-0.240663,-0.421392,0.275689,0.852919,1.219512,0.990764,0,5
3.0000,16.0,29.0,0.410012,0.240757,0.265700,0.859977,1.219512,0.992827,1,10
3.0000,16.0,30.0,-0.300210,-0.367977,0.514165,0.964796,1.219512,1.221878,0,5
3.0000,16.0,31.0,-0.009802,-0.499774,0.157929,0.391861,1.219512,0.470826,0,5
3.0000,17.0,0.0,-0.767109,0.563669,0.593465,0.455405,1.219512,0.752138,0,2
3.0000,17.0,1.0,0.033389,1.412531,0.172077,1.070249,1.219512,1.156287,0,11
3.0000,17.0,2.0,-0.111248,0.799624,0.450626,0.228437,1.219512,0.453750,0,7
3.0000,17.0,3.0,0.064848,-0.470421,0.522154,0.472992,1.219512,0.734068,-1,9
3.0000,17.0,4.0,0.032268,0.316987,0.124795,0.482707,1.219512,0.545104,0,10
3.0000,17.0,5.0,0.171668,0.509105,0.377531,0.595909,1.219512,0.784674,0,10
3.0000,17.0,6.0,-0.048086,0.284439,0.084128,0.453180,1.219512,0.495244,0,6
3.0000,17.0,7.0,0.065713,0.034583,0.198570,0.047363,1.219512,0.146648,0,10
3.0000,17.0,8.0,-0.066106,0.217133,0.278600,0.349459,1.219512,0.488759,-1,6
3.0000,17.0,9.0,-0.501718,-0.739113,0.409077,0.532115,1.219512,0.736653,0,5
3.0000,17.0,10.0,-0.061600,-0.133802,0.320190,0.173965,1.219512,0.334060,0,5
3.0000,17.0,11.0,-0.908763,-0.495588,0.960025,0.860313,1.219512,1.340325,1,1
3.0000,17.0,12.0,-0.423163,-0.492285,1.012330,0.913043,1.219512,1.419208,-1,5
3.0000,17.0,13.0,0.933650,0.478931,0.569122,0.956106,1.219512,1.240667,-1,14
3.0000,17.0,14.0,0.205838,0.491144,0.167261,0.699066,1.219512,0.782697,0,10
3.0000,17.0,15.0,0.956901,0.507177,0.470337,0.996136,1.219512,1.231304,0,14
3.0000,17.0,16.0,0.236792,-0.243571,0.228592,0.716821,1.219512,0.831117,0,9
3.0000,17.0,17.0,-0.620208,-0.425681,0.068758,0.691643,1.219512,0.726022,0,5
3.0000,17.0,18.0,-0.516474,-0.652763,0.394412,0.542496,1.219512,0.739702,0,5
3.0000,17.0,19.0,-0.174061,0.175983,0.713959,0.448768,1.219512,0.805747,-1,6
3.0000,17.0,20.0,-0.089261,-0.655659,0.427109,0.188732,1.219512,0.402286,0,5
3.0000,17.0,21.0,0.055968,-0.444098,0.127181,0.496286,1.219512,0.559876,0,9
3.0000,17.0,22.0,0.593292,-0.490071,0.259095,0.666444,1.219512,0.795991,-1,9
3.0000,17.0,23.0,-0.015129,0.237539,0.130703,0.354566,1.219512,0.419917,0,6
3.0000,17.0,24.0,-0.045117,0.599005,0.911430,0.224928,1.219512,0.680643,0,6
3.0000,17.0,25.0,-0.200643,-0.882873,0.407541,0.585000,1.219512,0.788770,0,4
3.0000,17.0,26.0,-0.072718,-1.315590,0.389183,1.041983,1.219512,1.236574,0,4
3.0000,17.0,27.0,0.104716,-0.675963,0.233969,0.191483,1.219512,0.308468,0,9
3.0000,17.0,28.0,0.220069,-0.590687,0.546620,0.548353,1.219512,0.821663,0,9
3.0000,17.0,29.0,0.131812,0.573074,0.326953,0.395328,1.219512,0.558804,0,10
3.0000,17.0,30.0,0.137085,0.960077,1.134737,0.665680,1.219512,1.233048,1,11
3.0000,17.0,31.0,-0.301707,-0.150070,0.591543,0.630443,1.219512,0.926214,0,5
3.0000,18.0,0.0,0.239048,0.551588,0.305474,0.660110,1.219512,0.812847,0,10
3.0000,18.0,1.0,0.392548,1.009123,0.188650,1.232113,1.219512,1.326437,0,11
3.0000,18.0,2.0,-0.023488,0.411323,0.034557,0.500542,1.219512,0.517820,0,6
3.0000,18.0,3.0,-0.239319,0.702194,0.127172,0.450656,1.219512,0.514242,0,6
3.0000,18.0,4.0,-0.537682,0.660490,0.283007,0.500194,1.219512,0.641698,0,6
3.0000,18.0,5.0,-0.814756,1.171164,0.825936,1.553198,1.219512,1.966166,0,3
3.0000,18.0,6.0,0.158344,0.751899,0.509945,0.276724,1.219512,0.531697,0,11
3.0000,18.0,7.0,0.072899,0.896863,0.645770,0.375610,1.219512,0.698495,0,11
3.0000,18.0,8.0,-0.043028,0.315629,0.375580,0.488349,1.219512,0.676139,-1,6
3.0000,18.0,9.0,0.493555,-0.446483,0.191169,0.892048,1.219512,0.987632,0,9
3.0000,18.0,10.0,0.568130,0.054950,0.086273,0.290773,1.219512,0.333910,1,10
3.0000,18.0,11.0,0.937007,-0.051270,1.935625,0.465545,1.219512,1.433357,-1,13
3.0000,18.0,12.0,-0.127244,0.592864,0.223546,0.349978,1.219512,0.461752,0,6
3.0000,18.0,13.0,-0.216669,-0.171758,0.351894,0.529072,1.219512,0.705019,0,5
3.0000,18.0,14.0,-0.105295,0.579950,0.111949,0.334880,1.219512,0.390855,1,6
3.0000,18.0,15.0,0.091254,0.283969,0.303684,0.502302,1.219512,0.654144,-1,10
3.0000,18.0,16.0,0.361318,-0.605852,0.405851,0.721450,1.219512,0.924375,0,9
3.0000,18.0,17.0,-0.725839,0.023258,0.827542,0.079368,1.219512,0.493138,1,6
3.0000,18.0,18.0,0.361371,-0.707268,0.900499,0.613704,1.219512,1.063953,1,9
3.0000,18.0,19.0,1.175210,-0.404090,1.302175,1.567118,1.219512,2.218206,0,13
3.0000,18.0,20.0,1.082508,-0.136482,0.225237,0.984992,1.219512,1.097610,0,13
3.0000,18.0,21.0,0.306343,-0.050136,0.313443,0.483825,1.219512,0.640547,0,9
3.0000,18.0,22.0,0.279332,-0.685567,0.516212,0.534544,1.219512,0.792650,0,9
3.0000,18.0,23.0,-0.555360,-0.077749,0.066333,0.340852,1.219512,0.374018,0,5
3.0000,18.0,24.0,-1.016263,-0.095576,0.372023,0.750598,1.219512,0.936609,0,1
3.0000,18.0,25.0,-1.393947,-0.933676,0.769663,2.315170,1.219512,2.700001,0,0
3.0000,18.0,26.0,-0.961951,-0.745160,0.327886,0.849113,1.219512,1.013056,0,1
3.0000,18.0,27.0,-0.446862,0.105739,0.863727,0.559004,1.219512,0.990867,0,6
3.0000,18.0,28.0,1.127661,-0.615742,0.233457,1.323339,1.219512,1.440068,0,13
3.0000,18.0,29.0,0.597463,-0.397071,0.772163,0.739764,1.219512,1.125846,0,9
3.0000,18.0,30.0,-0.343404,-0.737896,1.321732,0.602276,1.219512,1.263142,0,5
3.0000,18.0,31.0,0.624520,0.734381,0.767330,0.343927,1.219512,0.727592,0,10
3.0000,19.0,0.0,0.010169,-0.416198,0.523636,0.493674,1.219512,0.755492,0,9
3.0000,19.0,1.0,0.104358,0.633498,0.120830,0.242005,1.219512,0.302420,0,10
3.0000,19.0,2.0,0.057282,0.388616,0.564512,0.532566,1.219512,0.814822,-1,10
3.0000,19.0,3.0,-0.885749,0.709528,0.501707,0.573933,1.219512,0.824787,0,2
3.0000,19.0,4.0,0.209037,1.147192,0.174961,1.252781,1.219512,1.340262,0,11
3.0000,19.0,5.0,0.529319,0.559203,0.483792,0.663386,1.219512,0.905282,-1,10
3.0000,19.0,6.0,0.100316,-0.665174,0.068392,0.194917,1.219512,0.229113,0,9
3.0000,19.0,7.0,-0.042725,-0.592579,0.156495,0.234660,1.219512,0.312908,0,5
3.0000,19.0,8.0,0.592443,-0.163706,0.463735,0.424118,1.219512,0.655986,0,9
3.0000,19.0,9.0,0.401578,-1.153037,0.649366,1.542555,1.219512,1.867238,0,8
3.0000,19.0,10.0,0.216393,0.327016,1.372085,0.795906,1.219512,1.481948,-1,10
3.0000,19.0,11.0,-1.527067,-0.402411,0.924151,2.054682,1.219512,2.516757,1,1
3.0000,19.0,12.0,-0.425132,1.054172,0.920338,1.352865,1.219512,1.813034,0,7
3.0000,19.0,13.0,0.131274,0.670289,0.335461,0.244659,1.219512,0.412389,0,10
3.0000,19.0,14.0,-0.241588,0.029509,0.342502,0.367923,1.219512,0.539174,0,6
3.0000,19.0,15.0,0.546439,-0.093955,0.278680,0.380692,1.219512,0.520032,1,9
3.0000,19.0,16.0,0.357355,-0.819625,0.154956,0.698405,1.219512,0.775883,0,8
3.0000,19.0,17.0,0.501358,-0.274166,0.496582,0.815163,1.219512,1.063454,-1,9
3.0000,19.0,18.0,0.719894,0.941733,0.915834,0.760355,1.219512,1.218272,0,11
3.0000,19.0,19.0,-0.800839,0.702131,1.253967,0.363846,1.219512,0.990830,-1,2
3.0000,19.0,20.0,0.946806,-0.658637,0.563756,0.781581,1.219512,1.063459,0,13
3.0000,19.0,21.0,1.140352,0.341912,1.993448,1.490581,1.219512,2.487305,0,14
3.0000,19.0,22.0,-0.633440,-1.092436,0.415768,1.236508,1.219512,1.444392,0,4
3.0000,19.0,23.0,-0.338926,-0.153506,0.177344,0.673223,1.219512,0.761895,0,5
3.0000,19.0,24.0,-0.526659,-0.730654,0.401029,0.491740,1.219512,0.692254,0,5
3.0000,19.0,25.0,0.275625,-0.670954,0.848956,0.540302,1.219512,0.964780,0,9
3.0000,19.0,26.0,-1.510829,-0.600488,0.612835,1.919415,1.219512,2.225832,0,1
3.0000,19.0,27.0,-0.877649,-0.413560,0.642626,0.838414,1.219512,1.159727,0,1
3.0000,19.0,28.0,0.488667,-0.172359,0.595237,0.631359,1.219512,0.928978,1,9
3.0000,19.0,29.0,-0.846165,-0.453605,0.298033,0.736968,1.219512,0.885985,0,1
3.0000,19.0,30.0,-1.184792,0.476401,0.994398,1.549164,1.219512,2.046363,-1,2
3.0000,19.0,31.0,0.051852,-0.865422,0.249124,0.272510,1.219512,0.397072,0,8
3.0000,20.0,0.0,0.723404,0.273082,0.426732,0.509823,1.219512,0.723189,0,10
3.0000,20.0,1.0,0.335371,0.027058,0.181045,0.495948,1.219512,0.586471,0,10
3.0000,20.0,2.0,0.031510,-0.736146,0.995703,0.084028,1.219512,0.581880,0,9
3.0000,20.0,3.0,-1.572548,0.328698,1.373371,2.191521,1.219512,2.878206,1,2
3.0000,20.0,4.0,-0.292261,1.131922,1.454570,1.408831,1.219512,2.136117,0,7
3.0000,20.0,5.0,0.491577,0.058599,0.428170,0.434495,1.219512,0.648580,1,10
3.0000,20.0,6.0,0.281086,-0.201320,0.114597,0.708987,1.219512,0.766285,0,9
3.0000,20.0,7.0,0.083530,-0.743139,0.026390,0.137352,1.219512,0.150547,0,9
3.0000,20.0,8.0,-0.196696,-0.629532,0.515601,0.433419,1.219512,0.691220,-1,5
3.0000,20.0,9.0,0.950070,-0.885144,0.095919,1.130849,1.219512,1.178809,0,12
3.0000,20.0,10.0,0.721730,-0.961882,1.544396,0.830499,1.219512,1.602697,-1,8
3.0000,20.0,11.0,-1.107706,0.027528,0.917272,0.880855,1.219512,1.339491,-1,2
3.0000,20.0,12.0,-0.627115,-0.730094,0.178931,0.339164,1.219512,0.428630,1,5
3.0000,20.0,13.0,-0.219600,-0.147701,0.356163,0.485831,1.219512,0.663913,0,5
3.0000,20.0,14.0,-1.041560,0.335816,0.287039,1.286592,1.219512,1.430111,0,2
3.0000,20.0,15.0,-0.094759,0.281858,0.788684,0.504353,1.219512,0.898695,0,6
3.0000,20.0,16.0,0.315887,-1.367204,0.969813,1.578634,1.219512,2.063540,-1,8
3.0000,20.0,17.0,-0.176840,-0.259794,0.084605,0.622466,1.219512,0.664769,0,5
3.0000,20.0,18.0,-0.058214,0.112369,0.361320,0.132042,1.219512,0.312702,0,6
3.0000,20.0,19.0,-0.469300,0.702131,0.764365,0.572970,1.219512,0.955153,0,6
3.0000,20.0,20.0,0.120482,0.071881,0.519665,0.160969,1.219512,0.420802,0,10
3.0000,20.0,21.0,0.557568,-1.217083,0.300170,1.492526,1.219512,1.642611,0,8
3.0000,20.0,22.0,0.117018,-1.455144,0.684021,1.263694,1.219512,1.605704,0,8
3.0000,20.0,23.0,-0.603210,-0.674262,0.727963,0.382521,1.219512,0.746503,0,5
3.0000,20.0,24.0,0.230671,-1.349800,0.715853,1.390669,1.219512,1.748595,0,8
3.0000,20.0,25.0,-0.123584,-0.871135,0.132737,0.390324,1.219512,0.456693,0,4
3.0000,20.0,26.0,-0.094408,-0.696579,0.037322,0.159864,1.219512,0.178525,0,5
3.0000,20.0,27.0,-0.147751,-0.749353,0.381527,0.253361,1.219512,0.444124,-1,5
3.0000,20.0,28.0,-0.146298,0.169535,0.417913,0.378554,1.219512,0.587511,0,6
3.0000,20.0,29.0,-0.416914,-0.621820,1.323842,0.694091,1.219512,1.356012,-1,5
3.0000,20.0,30.0,-0.790006,1.177800,0.713075,1.501203,1.219512,1.857741,0,3
3.0000,20.0,31.0,0.087573,0.024341,0.606201,0.069513,1.219512,0.372613,0,10
3.0000,21.0,0.0,-0.497803,0.340054,0.467045,0.901348,1.219512,1.134871,0,6
3.0000,21.0,1.0,0.541826,-0.055072,0.917090,0.341217,1.219512,0.799762,1,9
3.0000,21.0,2.0,-0.436241,-0.497135,1.262762,0.895814,1.219512,1.527194,0,5
3.0000,21.0,3.0,-0.238931,-0.867400,0.852101,0.629703,1.219512,1.055754,0,4
3.0000,21.0,4.0,-0.139449,-0.875192,0.876074,0.431623,1.219512,0.869660,-1,4
3.0000,21.0,5.0,-0.770090,0.153531,0.196547,0.278397,1.219512,0.376671,0,2
3.0000,21.0,6.0,0.107279,0.107846,0.244016,0.189765,1.219512,0.311774,-1,10
3.0000,21.0,7.0,-0.032212,-0.770139,0.229808,0.100851,1.219512,0.215755,0,4
3.0000,21.0,8.0,-0.000789,0.172725,0.484895,0.219363,1.219512,0.461811,-1,6
3.0000,21.0,9.0,0.411640,-1.074200,0.609019,1.403829,1.219512,1.708339,0,8
3.0000,21.0,10.0,-0.421589,-0.223889,0.407682,0.819217,1.219512,1.023058,1,5
3.0000,21.0,11.0,0.437664,0.717428,1.104412,0.600283,1.219512,1.152488,-1,10
3.0000,21.0,12.0,-0.171650,-0.785109,0.568485,0.331921,1.219512,0.616163,0,4
3.0000,21.0,13.0,0.183633,0.446142,0.209287,0.712345,1.219512,0.816989,0,10
3.0000,21.0,14.0,-0.621038,0.067540,0.098933,0.209291,1.219512,0.258758,0,6
3.0000,21.0,15.0,-0.548667,0.528167,0.192026,0.683926,1.219512,0.779939,0,6
3.0000,21.0,16.0,-0.432593,-0.007096,0.268999,0.480662,1.219512,0.615161,0,5
3.0000,21.0,17.0,0.127875,0.045148,0.441369,0.148006,1.219512,0.368690,1,10
3.0000,21.0,18.0,0.865074,-0.163324,0.759472,0.457328,1.219512,0.837064,0,13
3.0000,21.0,19.0,1.044369,0.847775,0.561081,1.342890,1.219512,1.623431,0,15
3.0000,21.0,20.0,0.595743,0.089663,0.082718,0.281482,1.219512,0.322841,0,10
3.0000,21.0,21.0,0.877786,-0.296550,0.237324,0.762243,1.219512,0.880905,0,13
3.0000,21.0,22.0,-0.062461,-0.200009,0.457874,0.310085,1.219512,0.539022,-1,5
3.0000,21.0,23.0,-1.026457,0.583118,0.342353,1.112127,1.219512,1.283304,0,2
3.0000,21.0,24.0,-0.619548,-0.013416,0.300746,0.173461,1.219512,0.323834,-1,5
3.0000,21.0,25.0,0.055816,-0.187437,0.190038,0.277070,1.219512,0.372089,0,9
3.0000,21.0,26.0,-0.426355,-0.879527,0.114389,0.838689,1.219512,0.895883,0,4
3.0000,21.0,27.0,-0.962301,-0.614225,0.843060,0.871241,1.219512,1.292771,0,1
3.0000,21.0,28.0,-1.083157,0.476897,0.779501,1.389567,1.219512,1.779317,0,2
3.0000,21.0,29.0,0.174006,0.630519,0.294145,0.382686,1.219512,0.529759,0,10
3.0000,21.0,30.0,-0.052672,1.633900,0.195471,1.950855,1.219512,2.048590,0,7
3.0000,21.0,31.0,-0.501891,1.293664,0.367058,1.587691,1.219512,1.771220,0,7
3.0000,22.0,0.0,-1.283510,0.457912,1.592282,1.614386,1.219512,2.410527,0,2
3.0000,22.0,1.0,0.391615,1.524093,0.393927,2.035574,1.219512,2.232537,0,11
3.0000,22.0,2.0,0.242505,1.603894,1.706273,2.180951,1.219512,3.034087,0,11
3.0000,22.0,3.0,-1.122543,0.750524,0.427226,1.331137,1.219512,1.544750,0,3
3.0000,22.0,4.0,-1.082192,0.201634,0.280885,1.130739,1.219512,1.271182,0,2
3.0000,22.0,5.0,-0.666606,0.093379,0.229567,0.182566,1.219512,0.297350,1,6
3.0000,22.0,6.0,-0.034679,0.514784,1.344733,0.375489,1.219512,1.047855,0,6
3.0000,22.0,7.0,0.129134,-0.713399,0.384900,0.213301,1.219512,0.405751,0,9
3.0000,22.0,8.0,0.033646,-0.289308,0.222210,0.449964,1.219512,0.561068,0,9
3.0000,22.0,9.0,0.023544,-0.142450,0.198585,0.162827,1.219512,0.262120,0,9
3.0000,22.0,10.0,-0.453263,-0.150875,0.501859,0.635673,1.219512,0.886603,0,5
3.0000,22.0,11.0,0.907937,-0.534614,0.968055,0.804702,1.219512,1.288730,0,13
3.0000,22.0,12.0,0.095351,-0.036479,0.203118,0.087222,1.219512,0.188781,0,9
3.0000,22.0,13.0,-0.003416,0.552576,0.392277,0.294173,1.219512,0.490311,0,6
3.0000,22.0,14.0,-0.398050,0.426143,0.191947,1.001663,1.219512,1.097636,0,6
3.0000,22.0,15.0,0.009960,0.133120,0.602148,0.140955,1.219512,0.442029,0,10
3.0000,22.0,16.0,0.346417,0.383143,0.312688,1.010081,1.219512,1.166425,0,10
3.0000,22.0,17.0,1.022358,0.660333,0.834457,1.028939,1.219512,1.446168,0,14
3.0000,22.0,18.0,0.379095,1.158509,0.415855,1.542009,1.219512,1.749936,1,11
3.0000,22.0,19.0,-0.122747,0.521941,0.318550,0.474919,1.219512,0.634194,0,6
3.0000,22.0,20.0,0.425287,-0.180720,0.357265,0.725347,1.219512,0.903980,0,9
3.0000,22.0,21.0,0.858086,-0.532187,0.354571,0.668347,1.219512,0.845632,0,13
3.0000,22.0,22.0,-0.034341,-0.736788,0.244447,0.085798,1.219512,0.208021,0,5
3.0000,22.0,23.0,-0.678274,-0.269379,0.651646,0.523065,1.219512,0.848888,0,5
3.0000,22.0,24.0,-1.465172,0.025375,0.684240,1.168997,1.219512,1.511117,0,2
3.0000,22.0,25.0,0.041004,0.032691,0.566311,0.023925,1.219512,0.307080,0,10
3.0000,22.0,26.0,-0.727913,-0.784689,1.703518,0.342846,1.219512,1.194605,0,4
3.0000,22.0,27.0,-0.253577,0.676045,0.171009,0.495846,1.219512,0.581350,0,6
3.0000,22.0,28.0,0.131695,0.281756,0.460280,0.567197,1.219512,0.797337,0,10
3.0000,22.0,29.0,-0.166211,0.578788,0.105332,0.454515,1.219512,0.507181,0,6
3.0000,22.0,30.0,0.009253,0.955304,0.278231,0.496152,1.219512,0.635267,0,11
3.0000,22.0,31.0,0.102896,1.733067,1.110384,2.701620,1.219512,3.256812,0,11
3.0000,23.0,0.0,0.253609,0.205707,0.037262,0.672316,1.219512,0.690947,0,10
3.0000,23.0,1.0,-0.065862,0.367451,0.227020,0.541455,1.219512,0.654964,0,6
3.0000,23.0,2.0,-0.844388,-0.143149,0.867643,0.367903,1.219512,0.801724,0,1
3.0000,23.0,3.0,-0.129923,1.399137,0.711536,1.192725,1.219512,1.548493,-1,7
3.0000,23.0,4.0,-0.153300,-0.074538,0.164926,0.226738,1.219512,0.309201,1,5
3.0000,23.0,5.0,-0.535031,-0.475867,0.403320,0.788671,1.219512,0.990331,0,5
3.0000,23.0,6.0,-0.763445,-1.305260,1.487309,1.573819,1.219512,2.317474,0,0
3.0000,23.0,7.0,-0.797725,-0.012284,0.048909,0.122328,1.219512,0.146783,0,1
3.0000,23.0,8.0,-0.897031,-0.257522,0.015673,0.744894,1.219512,0.752730,0,1
3.0000,23.0,9.0,-0.727701,-0.192979,0.058292,0.346133,1.219512,0.375279,0,5
3.0000,23.0,10.0,-0.373106,-0.180734,0.217704,0.743192,1.219512,0.852044,0,5
3.0000,23.0,11.0,-0.771080,-0.154233,0.754166,0.280702,1.219512,0.657785,0,1
3.0000,23.0,12.0,-0.039043,-0.698044,0.033642,0.096294,1.219512,0.113115,0,5
3.0000,23.0,13.0,-0.212622,-0.610875,0.797646,0.497421,1.219512,0.896244,0,5
3.0000,23.0,14.0,-0.504040,1.136226,0.598282,1.463305,1.219512,1.762446,0,7
3.0000,23.0,15.0,-1.018801,1.216876,0.509641,2.422961,1.219512,2.677782,0,3
3.0000,23.0,16.0,-0.435137,0.709017,0.246264,0.603262,1.219512,0.726394,0,6
3.0000,23.0,17.0,-0.344616,1.558801,0.417627,2.145538,1.219512,2.354351,0,7
3.0000,23.0,18.0,-0.194148,0.335254,0.379753,0.755816,1.219512,0.945693,-1,6
3.0000,23.0,19.0,0.070289,-0.143537,0.444190,0.202260,1.219512,0.424355,-1,9
3.0000,23.0,20.0,-0.085830,0.745011,0.171216,0.141185,1.219512,0.226793,0,6
3.0000,23.0,21.0,0.397279,0.074159,0.109500,0.549043,1.219512,0.603793,0,10
3.0000,23.0,22.0,0.518346,-0.538789,0.064217,0.717829,1.219512,0.749938,0,9
3.0000,23.0,23.0,0.693865,-0.402533,0.818336,0.624035,1.219512,1.033203,0,9
3.0000,23.0,24.0,-0.901374,0.413281,0.212715,0.904449,1.219512,1.010806,1,2
3.0000,23.0,25.0,-0.561995,0.834124,1.703883,0.566449,1.219512,1.418391,1,7
3.0000,23.0,26.0,0.937307,0.512375,1.290000,0.927029,1.219512,1.572029,-1,14
3.0000,23.0,27.0,-0.506383,0.113703,0.238144,0.486487,1.219512,0.605559,0,6
3.0000,23.0,28.0,-0.959570,0.969711,0.612322,1.478545,1.219512,1.784706,0,3
3.0000,23.0,29.0,-0.536813,0.244975,0.311626,0.699469,1.219512,0.855282,0,6
3.0000,23.0,30.0,-0.676788,1.124379,0.339548,1.287117,1.219512,1.456891,0,7
3.0000,23.0,31.0,0.286174,0.805810,0.579568,0.594420,1.219512,0.884204,0,11
3.0000,24.0,0.0,0.137971,0.119381,0.258073,0.264444,1.219512,0.393481,0,10
3.0000,24.0,1.0,-0.259485,0.306022,0.047307,0.857678,1.219512,0.881331,0,6
3.0000,24.0,2.0,-0.372720,0.456014,0.229761,0.974632,1.219512,1.089512,0,6
3.0000,24.0,3.0,0.067630,0.602360,0.161979,0.240873,1.219512,0.321862,0,10
3.0000,24.0,4.0,0.427025,0.052524,0.802001,0.509010,1.219512,0.910010,0,10
3.0000,24.0,5.0,-1.246804,0.129600,0.597339,1.131445,1.219512,1.430114,1,2
3.0000,24.0,6.0,-0.775634,0.762618,0.766931,0.357126,1.219512,0.740591,0,3
3.0000,24.0,7.0,-1.097892,0.176218,0.118886,1.102169,1.219512,1.161612,0,2
3.0000,24.0,8.0,-1.014334,-0.384375,0.237579,1.245373,1.219512,1.364162,0,1
3.0000,24.0,9.0,-0.858345,-0.493331,0.603523,0.723162,1.219512,1.024924,1,1
3.0000,24.0,10.0,-1.181580,0.060306,1.558904,0.993507,1.219512,1.772959,0,2
3.0000,24.0,11.0,0.706692,-0.189510,0.995344,0.342128,1.219512,0.839800,1,9
3.0000,24.0,12.0,-0.016673,-1.008432,0.173517,0.651085,1.219512,0.737844,0,4
3.0000,24.0,13.0,-0.442805,-0.628517,0.451905,0.666768,1.219512,0.892721,-1,5
3.0000,24.0,14.0,0.594714,0.179991,0.392133,0.454896,1.219512,0.650962,1,10
3.0000,24.0,15.0,-0.364773,0.210781,0.343788,0.805409,1.219512,0.977303,0,6
3.0000,24.0,16.0,-0.881742,0.473917,0.397211,0.807417,1.219512,1.006022,0,2
3.0000,24.0,17.0,-0.084228,1.270705,0.639481,1.053003,1.219512,1.372743,0,7
3.0000,24.0,18.0,0.850594,-0.023014,1.040355,0.219335,1.219512,0.739513,0,13
3.0000,24.0,19.0,-0.888063,-0.354319,1.097032,0.854592,1.219512,1.403107,1,1
3.0000,24.0,20.0,-0.048299,0.740528,0.330961,0.096796,1.219512,0.262276,0,6
3.0000,24.0,21.0,0.587388,0.181381,0.343605,0.471149,1.219512,0.642952,0,10
3.0000,24.0,22.0,0.787275,-0.906447,0.493351,0.717230,1.219512,0.963905,1,12
3.0000,24.0,23.0,0.773442,-0.164476,0.514801,0.304622,1.219512,0.562023,0,13
3.0000,24.0,24.0,-0.170035,0.259286,0.589736,0.607309,1.219512,0.902177,0,6
3.0000,24.0,25.0,0.012433,-1.199134,0.143180,0.971686,1.219512,1.043276,0,8
3.0000,24.0,26.0,0.162122,-1.009436,1.252709,0.862088,1.219512,1.488442,-1,8
3.0000,24.0,27.0,-0.617860,0.068724,0.165976,0.215810,1.219512,0.298798,0,6
3.0000,24.0,28.0,-0.029139,0.031832,0.293649,0.016250,1.219512,0.163074,0,6
3.0000,24.0,29.0,-0.137594,0.787362,0.025250,0.262681,1.219512,0.275306,0,7
3.0000,24.0,30.0,-0.295410,0.695472,0.304271,0.553586,1.219512,0.705721,0,6
3.0000,24.0,31.0,-0.890006,0.048386,0.451055,0.331181,1.219512,0.556708,0,2
3.0000,25.0,0.0,-0.737595,-0.150567,0.172185,0.255517,1.219512,0.341609,0,5
3.0000,25.0,1.0,-0.074169,-0.039761,0.408544,0.060482,1.219512,0.264754,0,5
3.0000,25.0,2.0,0.450128,0.619230,0.618113,0.673571,1.219512,0.982627,0,10
3.0000,25.0,3.0,-0.347236,0.812879,0.628894,0.679784,1.219512,0.994231,0,7
3.0000,25.0,4.0,0.289713,0.670186,0.125252,0.563735,1.219512,0.626361,0,10
3.0000,25.0,5.0,-0.249321,1.008047,1.280513,1.053759,1.219512,1.694015,-1,7
3.0000,25.0,6.0,-0.242671,-0.765766,0.617750,0.467754,1.219512,0.776630,0,4
3.0000,25.0,7.0,-0.830205,0.463691,0.267876,0.692868,1.219512,0.826806,0,2
3.0000,25.0,8.0,-0.490668,0.415554,0.794703,0.919970,1.219512,1.317322,0,6
3.0000,25.0,9.0,0.484323,-0.940927,0.580770,0.973003,1.219512,1.263388,1,8
3.0000,25.0,10.0,0.358182,-0.426282,0.996215,0.998831,1.219512,1.496938,0,9
3.0000,25.0,11.0,-0.901662,0.258467,0.891010,0.759604,1.219512,1.205109,0,2
3.0000,25.0,12.0,0.128368,-0.419273,0.496824,0.623401,1.219512,0.871813,0,9
3.0000,25.0,13.0,-0.315276,-0.875953,0.286828,0.783876,1.219512,0.927290,0,4
3.0000,25.0,14.0,-0.201522,0.066080,0.276976,0.317145,1.219512,0.455633,1,6
3.0000,25.0,15.0,-0.459772,-0.803926,0.478862,0.648548,1.219512,0.887979,-1,4
3.0000,25.0,16.0,-0.589366,-0.008226,0.652446,0.224975,1.219512,0.551198,1,5
3.0000,25.0,17.0,-0.030131,1.356698,0.880278,1.015270,1.219512,1.455409,0,7
3.0000,25.0,18.0,-0.024673,0.489466,0.410096,0.413340,1.219512,0.618388,0,6
3.0000,25.0,19.0,0.674310,-0.562214,0.942954,0.447722,1.219512,0.919199,0,9
3.0000,25.0,20.0,0.716060,0.891710,0.347597,0.594113,1.219512,0.767912,0,11
3.0000,25.0,21.0,0.339808,0.481048,0.248620,0.926953,1.219512,1.051263,0,10
3.0000,25.0,22.0,0.796501,0.286284,0.316170,0.581100,1.219512,0.739186,0,14
3.0000,25.0,23.0,0.672199,0.825086,0.862684,0.419807,1.219512,0.851149,0,11
3.0000,25.0,24.0,-0.613679,0.216410,0.948032,0.500849,1.219512,0.974865,0,6
3.0000,25.0,25.0,0.729093,-1.172180,1.622782,1.392361,1.219512,2.203752,0,8
3.0000,25.0,26.0,-1.376780,-0.075725,1.717128,1.074123,1.219512,1.932687,1,1
3.0000,25.0,27.0,-0.084631,0.246541,0.371378,0.430077,1.219512,0.615766,1,6
3.0000,25.0,28.0,0.363779,0.693363,0.513503,0.620483,1.219512,0.877235,-1,10
3.0000,25.0,29.0,-0.385140,0.867179,0.221262,0.812841,1.219512,0.923472,0,7
3.0000,25.0,30.0,-0.356792,0.031355,0.598668,0.509787,1.219512,0.809121,-1,6
3.0000,25.0,31.0,-0.879335,-0.813201,1.042039,0.681639,1.219512,1.202658,0,0
3.0000,26.0,0.0,-0.251486,-0.145481,0.475369,0.543269,1.219512,0.780953,0,5
3.0000,26.0,1.0,0.587313,-0.737945,0.925554,0.397481,1.219512,0.860258,0,9
3.0000,26.0,2.0,-0.763935,0.048957,0.941699,0.108282,1.219512,0.579132,0,2
3.0000,26.0,3.0,0.932600,0.140919,0.284612,0.592487,1.219512,0.734793,0,14
3.0000,26.0,4.0,0.045286,0.478987,0.184345,0.442158,1.219512,0.534330,0,10
3.0000,26.0,5.0,0.221000,-0.316490,0.451215,0.795358,1.219512,1.020965,1,9
3.0000,26.0,6.0,-0.705432,-0.133236,0.614369,0.223855,1.219512,0.531039,-1,5
3.0000,26.0,7.0,0.012122,-0.030665,0.047781,0.009493,1.219512,0.033383,0,9
3.0000,26.0,8.0,-0.168469,-0.117693,0.200741,0.322746,1.219512,0.423117,0,5
3.0000,26.0,9.0,-0.049575,0.384691,0.600030,0.526088,1.219512,0.826103,0,6
3.0000,26.0,10.0,-0.975153,-0.814856,0.441176,1.015549,1.219512,1.236137,0,0
3.0000,26.0,11.0,-0.681456,-1.154069,0.343656,1.339356,1.219512,1.511184,0,4
3.0000,26.0,12.0,-0.842539,-1.218808,0.619646,1.703036,1.219512,2.012859,0,0
3.0000,26.0,13.0,-0.568683,-0.448480,0.348698,0.759950,1.219512,0.934299,0,5
3.0000,26.0,14.0,0.097888,-0.375117,0.137087,0.585103,1.219512,0.653646,0,9
3.0000,26.0,15.0,0.048995,0.199403,0.256783,0.296099,1.219512,0.424490,-1,10
3.0000,26.0,16.0,-0.047142,-0.382412,0.263991,0.524273,1.219512,0.656268,0,5
3.0000,26.0,17.0,0.550557,-0.202722,0.313738,0.586387,1.219512,0.743256,0,9
3.0000,26.0,18.0,0.074436,0.679077,0.031731,0.144349,1.219512,0.160214,0,10
3.0000,26.0,19.0,0.104780,0.591828,0.160053,0.312104,1.219512,0.392131,-1,10
3.0000,26.0,20.0,0.318620,-0.068613,0.076519,0.515626,1.219512,0.553886,0,9
3.0000,26.0,21.0,-0.056303,-0.287766,0.643878,0.465306,1.219512,0.787245,-1,5
3.0000,26.0,22.0,0.454926,1.204025,0.356191,1.579314,1.219512,1.757409,0,11
3.0000,26.0,23.0,-0.519437,0.907386,0.096867,0.824595,1.219512,0.873029,1,7
3.0000,26.0,24.0,-0.710871,0.443262,0.798337,0.596673,1.219512,0.995841,0,6
3.0000,26.0,25.0,0.128489,-0.469693,0.145654,0.570812,1.219512,0.643640,0,9
3.0000,26.0,26.0,0.717286,-0.918277,0.284235,0.680103,1.219512,0.822220,0,8
3.0000,26.0,27.0,-0.126782,-0.794137,0.302551,0.249708,1.219512,0.400983,0,4
3.0000,26.0,28.0,0.388217,-0.515903,0.769486,0.887046,1.219512,1.271789,-1,9
3.0000,26.0,29.0,-0.618612,0.505052,0.511673,0.604171,1.219512,0.860008,1,6
3.0000,26.0,30.0,0.533703,0.815807,1.007361,0.572574,1.219512,1.076255,-1,11
3.0000,26.0,31.0,0.887611,-0.047115,0.632950,0.323805,1.219512,0.640280,0,13
3.0000,27.0,0.0,-1.167279,-0.236047,0.548842,1.336243,1.219512,1.610664,0,1
3.0000,27.0,1.0,-0.045253,0.187794,0.328887,0.268715,1.219512,0.433158,0,6
3.0000,27.0,2.0,0.146813,0.274009,0.176785,0.584494,1.219512,0.672887,1,10
3.0000,27.0,3.0,0.554309,0.447070,0.488079,0.787236,1.219512,1.031276,-1,10
3.0000,27.0,4.0,0.304255,0.560582,0.114359,0.752756,1.219512,0.809935,0,10
3.0000,27.0,5.0,0.177565,0.638034,0.082281,0.379463,1.219512,0.420603,0,10
3.0000,27.0,6.0,0.430534,0.667796,1.022872,0.630044,1.219512,1.141480,-1,10
3.0000,27.0,7.0,0.098605,-0.409424,0.361011,0.578096,1.219512,0.758602,0,9
3.0000,27.0,8.0,-0.839449,-0.411336,0.539199,0.746389,1.219512,1.015988,1,1
3.0000,27.0,9.0,0.271146,0.344071,0.847670,0.912059,1.219512,1.335894,1,10
3.0000,27.0,10.0,-0.785457,0.421022,0.914484,0.650285,1.219512,1.107527,0,2
3.0000,27.0,11.0,0.146179,-0.341969,0.028289,0.660448,1.219512,0.674592,0,9
3.0000,27.0,12.0,0.161872,-0.323633,0.365709,0.678231,1.219512,0.861085,0,9
3.0000,27.0,13.0,0.398513,-0.350363,0.291670,1.009679,1.219512,1.155514,0,9
3.0000,27.0,14.0,0.458024,-0.081544,0.179675,0.509739,1.219512,0.599577,0,9
3.0000,27.0,15.0,0.050296,-0.624841,0.386078,0.185758,1.219512,0.378797,0,9
3.0000,27.0,16.0,-0.794582,-0.710686,0.910191,0.353543,1.219512,0.808639,0,1
3.0000,27.0,17.0,0.055598,-0.127182,0.386264,0.155703,1.219512,0.348835,-1,9
3.0000,27.0,18.0,-0.261509,0.753456,0.183274,0.496517,1.219512,0.588153,0,7
3.0000,27.0,19.0,0.481538,0.719718,0.387261,0.555440,1.219512,0.749070,0,10
3.0000,27.0,20.0,0.195131,-0.388350,0.248095,0.773329,1.219512,0.897377,0,9
3.0000,27.0,21.0,0.022279,-0.575067,1.176618,0.255493,1.219512,0.843802,-1,9
3.0000,27.0,22.0,-0.167150,1.224210,0.185513,1.208743,1.219512,1.301499,0,7
3.0000,27.0,23.0,-0.151677,0.920180,0.768120,0.579056,1.219512,0.963116,0,7
3.0000,27.0,24.0,0.017186,-0.617524,0.436952,0.177793,1.219512,0.396269,0,9
3.0000,27.0,25.0,-0.057759,-0.465222,0.042895,0.472699,1.219512,0.494147,0,5
3.0000,27.0,26.0,0.249926,-0.481637,0.142159,0.803238,1.219512,0.874318,0,9
3.0000,27.0,27.0,0.660857,-0.296955,0.575875,0.583859,1.219512,0.871796,0,9
3.0000,27.0,28.0,-0.442515,-1.091903,0.563510,1.433202,1.219512,1.714957,0,4
3.0000,27.0,29.0,-0.610741,-0.283764,0.639438,0.633575,1.219512,0.953294,0,5
3.0000,27.0,30.0,0.331788,-0.950202,0.336606,1.016874,1.219512,1.185178,0,8
3.0000,27.0,31.0,-0.218720,-0.071888,0.274861,0.359331,1.219512,0.496761,1,5
3.0000,28.0,0.0,-0.860140,0.577862,0.992202,0.605240,1.219512,1.101341,0,2
3.0000,28.0,1.0,0.827716,0.901343,0.978234,0.787219,1.219512,1.276336,0,15
3.0000,28.0,2.0,-0.488073,0.602725,0.640488,0.653759,1.219512,0.974004,-1,6
3.0000,28.0,3.0,-0.064665,-0.775131,0.680133,0.132826,1.219512,0.472893,0,4
3.0000,28.0,4.0,-0.354887,0.590882,0.702991,0.744002,1.219512,1.095497,1,6
3.0000,28.0,5.0,0.524978,1.016912,1.857623,1.160454,1.219512,2.089265,0,11
3.0000,28.0,6.0,-0.994350,-0.221367,0.953112,0.953824,1.219512,1.430380,1,1
3.0000,28.0,7.0,0.471193,0.242708,0.508096,0.804401,1.219512,1.058449,1,10
3.0000,28.0,8.0,-0.325755,-0.709421,0.248577,0.586173,1.219512,0.710462,0,5
3.0000,28.0,9.0,-0.694451,-0.811771,0.370486,0.384924,1.219512,0.570167,0,4
3.0000,28.0,10.0,0.451689,-0.401961,0.184095,0.977220,1.219512,1.069267,0,9
3.0000,28.0,11.0,0.164231,-0.677004,0.495092,0.305761,1.219512,0.553307,0,9
3.0000,28.0,12.0,-0.986620,-0.028526,0.618973,0.594386,1.219512,0.903872,0,1
3.0000,28.0,13.0,0.244045,0.682601,0.218622,0.471891,1.219512,0.581202,-1,10
3.0000,28.0,14.0,-0.045506,-0.142739,0.438912,0.176509,1.219512,0.395966,0,5
3.0000,28.0,15.0,-0.825522,-0.388061,0.974857,0.719983,1.219512,1.207412,0,1
3.0000,28.0,16.0,0.109692,0.615878,0.465880,0.278518,1.219512,0.511458,0,10
3.0000,28.0,17.0,-0.761066,-0.172315,0.127765,0.312051,1.219512,0.375933,1,1
3.0000,28.0,18.0,-0.441321,0.369393,0.514896,0.989545,1.219512,1.246993,1,6
3.0000,28.0,19.0,0.443545,0.232116,0.419715,0.816885,1.219512,1.026743,1,10
3.0000,28.0,20.0,-0.752776,-0.217732,0.343994,0.406984,1.219512,0.578981,0,1
3.0000,28.0,21.0,-0.594324,0.451086,0.604263,0.712522,1.219512,1.014653,0,6
3.0000,28.0,22.0,-0.951256,1.038322,1.171210,1.698754,1.219512,2.284359,0,3
3.0000,28.0,23.0,0.596204,0.573616,0.052512,0.524231,1.219512,0.550488,0,10
3.0000,28.0,24.0,0.197629,0.681104,0.293852,0.374930,1.219512,0.521856,0,10
3.0000,28.0,25.0,0.130374,-0.262128,0.137235,0.533023,1.219512,0.601640,-1,9
3.0000,28.0,26.0,0.329016,0.117871,0.407828,0.597707,1.219512,0.801621,1,10
3.0000,28.0,27.0,0.121631,-0.701141,0.752700,0.203700,1.219512,0.580050,1,9
3.0000,28.0,28.0,0.638678,-0.456548,0.287768,0.639928,1.219512,0.783812,0,9
3.0000,28.0,29.0,0.297187,-0.916947,0.061177,0.871714,1.219512,0.902302,0,8
3.0000,28.0,30.0,0.003747,-0.544837,0.107928,0.309013,1.219512,0.362977,0,9
3.0000,28.0,31.0,0.185341,0.025403,0.352785,0.251424,1.219512,0.427816,0,10
3.0000,29.0,0.0,0.133901,0.742773,0.876824,0.223058,1.219512,0.661470,-1,10
3.0000,29.0,1.0,-0.208562,-0.107909,0.410270,0.390029,1.219512,0.595164,1,5
3.0000,29.0,2.0,0.022962,0.130461,0.472321,0.139720,1.219512,0.375880,0,10
3.0000,29.0,3.0,0.803653,-0.647315,0.447946,0.395260,1.219512,0.619233,0,13
3.0000,29.0,4.0,-0.078343,-0.743218,0.136118,0.130327,1.219512,0.198387,0,5
3.0000,29.0,5.0,-0.511196,-0.569009,0.379150,0.676131,1.219512,0.865706,0,5
3.0000,29.0,6.0,0.181730,0.035740,0.336558,0.249336,1.219512,0.417615,0,10
3.0000,29.0,7.0,0.102882,0.838573,0.192689,0.280350,1.219512,0.376695,0,11
3.0000,29.0,8.0,-0.019503,0.158972,0.367938,0.194313,1.219512,0.378282,-1,6
3.0000,29.0,9.0,-0.710706,-0.801876,1.718591,0.366202,1.219512,1.225498,0,4
3.0000,29.0,10.0,-0.289351,-0.231790,0.517224,0.783728,1.219512,1.042340,0,5
3.0000,29.0,11.0,0.607439,-0.874370,0.782532,0.603155,1.219512,0.994421,-1,8
3.0000,29.0,12.0,-0.336072,0.151584,0.165539,0.667349,1.219512,0.750119,1,6
3.0000,29.0,13.0,-0.042307,0.848321,1.019838,0.225778,1.219512,0.735697,0,7
3.0000,29.0,14.0,0.787279,0.484565,0.382915,0.596558,1.219512,0.788016,0,14
3.0000,29.0,15.0,0.455991,0.224015,0.071054,0.786572,1.219512,0.822099,0,10
3.0000,29.0,16.0,0.745340,0.333026,0.680965,0.595927,1.219512,0.936409,0,10
3.0000,29.0,17.0,-0.435014,-0.077103,0.249580,0.528953,1.219512,0.653743,0,5
3.0000,29.0,18.0,0.110185,-0.607128,0.206240,0.294094,1.219512,0.397214,-1,9
3.0000,29.0,19.0,0.237411,0.178972,0.191439,0.585620,1.219512,0.681340,0,10
3.0000,29.0,20.0,-0.349297,0.642940,0.357291,0.659877,1.219512,0.838522,0,6
3.0000,29.0,21.0,0.798982,0.510250,0.210438,0.578653,1.219512,0.683872,0,14
3.0000,29.0,22.0,0.069671,0.022466,0.351311,0.045811,1.219512,0.221466,0,10
3.0000,29.0,23.0,0.750326,0.447597,0.456440,0.600841,1.219512,0.829061,0,14
3.0000,29.0,24.0,0.314658,0.163897,0.358532,0.673579,1.219512,0.852845,0,10
3.0000,29.0,25.0,-0.333083,0.125546,0.308367,0.614748,1.219512,0.768932,0,6
3.0000,29.0,26.0,-0.305112,0.835788,0.017236,0.676865,1.219512,0.685483,0,7
3.0000,29.0,27.0,-0.143189,0.915493,0.218122,0.547793,1.219512,0.656854,0,7
3.0000,29.0,28.0,0.186986,0.329877,0.443408,0.736441,1.219512,0.958145,-1,10
3.0000,29.0,29.0,0.437245,-0.894191,0.243224,0.873446,1.219512,0.995058,0,8
3.0000,29.0,30.0,0.257447,-0.640753,0.218032,0.542697,1.219512,0.651713,0,9
3.0000,29.0,31.0,0.105027,-0.054900,0.467905,0.116716,1.219512,0.350668,0,9
3.0000,30.0,0.0,-0.121612,-0.870010,0.407115,0.383849,1.219512,0.587407,0,4
3.0000,30.0,1.0,0.839345,-0.765593,1.191141,0.485385,1.219512,1.080955,-1,12
3.0000,30.0,2.0,-0.643173,0.611225,0.271989,0.399320,1.219512,0.535314,0,6
3.0000,30.0,3.0,-0.093699,-0.200740,0.018088,0.351423,1.219512,0.360467,0,5
3.0000,30.0,4.0,-0.130763,-0.173995,0.375020,0.357930,1.219512,0.545440,-1,5
3.0000,30.0,5.0,-0.926391,0.136927,0.788553,0.566247,1.219512,0.960524,0,2
3.0000,30.0,6.0,0.662396,-0.645752,0.442143,0.336876,1.219512,0.557947,0,9
3.0000,30.0,7.0,-0.110725,0.340284,0.311131,0.593663,1.219512,0.749228,0,6
3.0000,30.0,8.0,0.237376,0.089888,0.545764,0.420081,1.219512,0.692963,0,10
3.0000,30.0,9.0,1.651928,0.086824,2.551656,2.111841,1.219512,3.387669,0,14
3.0000,30.0,10.0,-0.928866,-0.897203,0.336511,1.094491,1.219512,1.262746,0,0
3.0000,30.0,11.0,-0.330148,-1.429586,0.481881,1.683353,1.219512,1.924293,0,4
3.0000,30.0,12.0,-0.493547,-0.104575,0.678250,0.492671,1.219512,0.831796,0,5
3.0000,30.0,13.0,0.246342,-0.933673,0.684119,0.827649,1.219512,1.169709,0,8
3.0000,30.0,14.0,0.890949,-0.674433,0.958033,0.593184,1.219512,1.072200,-1,13
3.0000,30.0,15.0,0.393789,0.653831,0.507380,0.658597,1.219512,0.912287,-1,10
3.0000,30.0,16.0,-0.122264,-0.307040,0.077028,0.583617,1.219512,0.622131,0,5
3.0000,30.0,17.0,-0.194523,-0.679029,0.365687,0.369833,1.219512,0.552676,0,5
3.0000,30.0,18.0,-0.086556,-0.217112,0.122087,0.375029,1.219512,0.436072,0,5
3.0000,30.0,19.0,-0.209869,0.100213,0.120803,0.380355,1.219512,0.440757,-1,6
3.0000,30.0,20.0,-0.070391,0.519554,0.258736,0.399132,1.219512,0.528501,0,6
3.0000,30.0,21.0,0.532228,0.537908,0.335889,0.695837,1.219512,0.863782,0,10
3.0000,30.0,22.0,-0.619750,0.557176,0.664049,0.516382,1.219512,0.848406,0,6
3.0000,30.0,23.0,0.550129,1.678608,0.484519,2.941429,1.219512,3.183688,0,11
3.0000,30.0,24.0,-0.471442,0.792495,0.314872,0.619176,1.219512,0.776613,0,7
3.0000,30.0,25.0,0.436947,0.493374,0.135443,0.901066,1.219512,0.968787,0,10
3.0000,30.0,26.0,-0.165888,0.705449,0.156198,0.291147,1.219512,0.369246,0,6
3.0000,30.0,27.0,-0.652619,1.316748,0.531051,1.485902,1.219512,1.751428,0,7
3.0000,30.0,28.0,0.337270,0.765855,0.180048,0.612417,1.219512,0.702441,0,11
3.0000,30.0,29.0,0.350887,0.037946,0.279954,0.511321,1.219512,0.651298,0,10
3.0000,30.0,30.0,-0.445782,-0.535200,0.339392,0.822844,1.219512,0.992540,0,5
3.0000,30.0,31.0,0.477142,-1.101817,0.396996,1.428822,1.219512,1.627320,0,8
3.0000,31.0,0.0,-0.476223,-1.623913,0.944932,2.588858,1.219512,3.061325,1,4
3.0000,31.0,1.0,0.021320,-0.809307,1.256727,0.141603,1.219512,0.769966,-1,8
3.0000,31.0,2.0,-0.903973,0.853563,0.680747,0.866362,1.219512,1.206736,0,3
3.0000,31.0,3.0,-0.161743,0.055447,0.241580,0.223177,1.219512,0.343967,0,6
3.0000,31.0,4.0,-0.166056,0.703010,0.496115,0.292520,1.219512,0.540578,1,6
3.0000,31.0,5.0,-1.037923,0.066626,0.910302,0.766852,1.219512,1.222003,0,2
3.0000,31.0,6.0,0.672876,-0.200243,0.145552,0.387758,1.219512,0.460534,0,9
3.0000,31.0,7.0,0.336930,-0.587217,0.056356,0.738515,1.219512,0.766693,0,9
3.0000,31.0,8.0,0.170033,-0.331483,0.158085,0.701933,1.219512,0.780976,0,9
3.0000,31.0,9.0,0.227645,-0.654279,1.073757,0.466245,1.219512,1.003124,0,9
3.0000,31.0,10.0,-1.674615,-0.512487,1.456993,2.926365,1.219512,3.654862,0,1
3.0000,31.0,11.0,0.032862,-1.313855,0.173065,1.002464,1.219512,1.088996,0,8
3.0000,31.0,12.0,-0.657802,-1.309224,0.906500,1.479957,1.219512,1.933207,-1,4
3.0000,31.0,13.0,-0.818964,0.124096,0.193828,0.281625,1.219512,0.378539,1,2
3.0000,31.0,14.0,-0.215632,0.097681,0.452793,0.388300,1.219512,0.614697,0,6
3.0000,31.0,15.0,0.737804,-0.195633,0.087492,0.353188,1.219512,0.396934,0,9
3.0000,31.0,16.0,0.268216,-0.197322,0.204194,0.680080,1.219512,0.782177,0,9
3.0000,31.0,17.0,0.890316,-0.432352,0.133844,0.865325,1.219512,0.932247,0,13
3.0000,31.0,18.0,0.435589,-0.533039,0.137395,0.835696,1.219512,0.904394,0,9
3.0000,31.0,19.0,0.326698,0.102600,0.272575,0.570051,1.219512,0.706338,0,10
3.0000,31.0,20.0,-0.336997,-0.255287,0.572673,0.879887,1.219512,1.166224,0,5
3.0000,31.0,21.0,0.504222,0.414025,0.859239,0.899319,1.219512,1.328938,-1,10
3.0000,31.0,22.0,-0.447475,0.540063,0.414316,0.812525,1.219512,1.019683,0,6
3.0000,31.0,23.0,0.260104,1.519989,0.567834,1.810100,1.219512,2.094017,0,11
3.0000,31.0,24.0,0.111802,0.724131,0.124472,0.179777,1.219512,0.242013,0,10
3.0000,31.0,25.0,0.084700,0.589852,0.108646,0.285079,1.219512,0.339402,0,10
3.0000,31.0,26.0,-0.051899,0.740144,0.166686,0.099876,1.219512,0.183219,0,6
3.0000,31.0,27.0,-0.793172,0.410611,0.196023,0.664222,1.219512,0.762233,0,2
3.0000,31.0,28.0,-0.087436,0.864752,0.659722,0.313692,1.219512,0.643553,-1,7
3.0000,31.0,29.0,0.490891,-0.332239,0.477028,0.906135,1.219512,1.144649,1,9
3.0000,31.0,30.0,-0.785012,-0.799104,0.693492,0.425171,1.219512,0.771917,-1,0
3.0000,31.0,31.0,-0.605176,-1.036000,0.744985,1.114245,1.219512,1.486738,0,4
4.0000,0.0,0.0,-0.668354,-0.593470,0.168887,0.401659,1.041667,0.486103,0,5
4.0000,0.0,1.0,-0.171277,-0.162561,0.660013,0.415052,1.041667,0.745058,0,5
4.0000,0.0,2.0,-0.825655,0.559035,0.459459,0.552932,1.041667,0.782662,0,2
4.0000,0.0,3.0,0.040961,-0.176562,0.104786,0.241968,1.041667,0.294362,-1,9
4.0000,0.0,4.0,-0.094456,0.165282,0.081467,0.278336,1.041667,0.319069,0,6
4.0000,0.0,5.0,-0.225607,0.289700,0.611604,0.771843,1.041667,1.077645,0,6
4.0000,0.0,6.0,1.044937,-0.554434,0.558607,1.202226,1.041667,1.481529,0,13
4.0000,0.0,7.0,0.612243,-0.683605,0.932219,0.363802,1.041667,0.829912,0,9
4.0000,0.0,8.0,-1.085038,-0.057430,0.799350,0.862960,1.041667,1.262635,0,1
4.0000,0.0,9.0,-0.660499,-0.560593,0.148393,0.461860,1.041667,0.536056,0,5
4.0000,0.0,10.0,-1.256480,-0.478787,0.707071,1.591570,1.041667,1.945106,0,1
4.0000,0.0,11.0,-1.317169,-0.417017,0.933194,1.635810,1.041667,2.102407,0,1
4.0000,0.0,12.0,0.072591,-0.211606,0.429381,0.345594,1.041667,0.560285,-1,9
4.0000,0.0,13.0,0.541876,0.510688,0.382986,0.724968,1.041667,0.916462,1,10
4.0000,0.0,14.0,-0.296592,-0.098937,0.271950,0.531436,1.041667,0.667411,0,5
4.0000,0.0,15.0,0.662912,-0.069273,0.789126,0.153909,1.041667,0.548472,0,9
4.0000,0.0,16.0,0.071263,-1.477276,1.183620,1.243968,1.041667,1.835778,0,8
4.0000,0.0,17.0,-0.919415,-0.163292,0.502619,0.602003,1.041667,0.853313,0,1
4.0000,0.0,18.0,0.196788,-0.859018,0.379846,0.517443,1.041667,0.707366,0,8
4.0000,0.0,19.0,-0.025224,-0.566465,0.304752,0.273101,1.041667,0.425477,-1,5
4.0000,0.0,20.0,0.006253,0.294993,0.288902,0.448153,1.041667,0.592603,-1,10
4.0000,0.0,21.0,0.407734,-0.050731,0.071839,0.520024,1.041667,0.555943,0,9
4.0000,0.0,22.0,0.061158,0.035325,0.233618,0.042976,1.041667,0.159785,0,10
4.0000,0.0,23.0,0.205139,-0.667421,1.008920,0.403708,1.041667,0.908168,0,9
4.0000,0.0,24.0,0.310908,1.338378,0.443711,1.552104,1.041667,1.773960,0,11
4.0000,0.0,25.0,0.380055,0.249884,0.142628,0.885266,1.041667,0.956580,0,10
4.0000,0.0,26.0,0.327092,0.015610,0.165721,0.485143,1.041667,0.568003,0,10
4.0000,0.0,27.0,0.911505,0.495361,0.366542,0.868868,1.041667,1.052139,0,14
4.0000,0.0,28.0,0.638682,-0.208612,0.385194,0.445992,1.041667,0.638588,0,9
4.0000,0.0,29.0,0.769998,0.861313,0.333059,0.549945,1.041667,0.716474,0,15
4.0000,0.0,30.0,0.231005,0.360347,0.220780,0.845624,1.041667,0.956014,0,10
4.0000,0.0,31.0,-0.098673,0.017678,0.185388,0.083425,1.041667,0.176118,0,6
4.0000,1.0,0.0,-0.175676,-0.600386,0.918445,0.435538,1.041667,0.894761,-1,5
4.0000,1.0,1.0,-1.163828,0.677666,0.290508,1.353806,1.041667,1.499060,0,2
4.0000,1.0,2.0,-1.207204,-0.073525,0.291360,1.023876,1.041667,1.169556,1,1
4.0000,1.0,3.0,-0.386478,0.141630,0.415578,0.662299,1.041667,0.870088,0,6
4.0000,1.0,4.0,0.089792,0.674440,0.156787,0.169474,1.041667,0.247867,0,10
4.0000,1.0,5.0,0.120164,0.285819,0.031998,0.552056,1.041667,0.568055,0,10
4.0000,1.0,6.0,0.091958,0.504976,0.641885,0.453811,1.041667,0.774753,-1,10
4.0000,1.0,7.0,1.093243,-0.209628,0.307537,1.171142,1.041667,1.324910,0,13
4.0000,1.0,8.0,0.436600,-0.727213,0.409665,0.601389,1.041667,0.806222,0,9
4.0000,1.0,9.0,-0.646889,-0.079449,0.943017,0.186086,1.041667,0.657595,0,5
4.0000,1.0,10.0,0.059085,0.565277,0.278301,0.300278,1.041667,0.439428,-1,10
4.0000,1.0,11.0,-0.048156,-0.031327,0.246596,0.028634,1.041667,0.151932,1,5
4.0000,1.0,12.0,-0.850034,0.141028,0.949467,0.375686,1.041667,0.850420,1,2
4.0000,1.0,13.0,-0.020215,0.134752,0.330677,0.146747,1.041667,0.312086,0,6
4.0000,1.0,14.0,-0.701997,-0.055122,0.389406,0.107594,1.041667,0.302298,0,5
4.0000,1.0,15.0,0.024043,0.575576,0.289073,0.255257,1.041667,0.399793,0,10
4.0000,1.0,16.0,0.722031,-0.211187,0.614085,0.386186,1.041667,0.693229,1,9
4.0000,1.0,17.0,-0.438933,-0.386159,0.117781,0.993102,1.041667,1.051993,0,5
4.0000,1.0,18.0,-0.938266,-0.548923,0.513623,0.879058,1.041667,1.135869,1,1
4.0000,1.0,19.0,-0.228979,0.092618,0.627618,0.407620,1.041667,0.721429,1,6
4.0000,1.0,20.0,0.749236,0.863211,0.426774,0.530994,1.041667,0.744381,-1,11
4.0000,1.0,21.0,0.780048,-0.196394,0.413678,0.381156,1.041667,0.587994,0,13
4.0000,1.0,22.0,-0.048788,0.673917,0.827027,0.121788,1.041667,0.535302,0,6
4.0000,1.0,23.0,0.191019,-0.634864,0.634554,0.413222,1.041667,0.730499,-1,9
4.0000,1.0,24.0,0.158793,0.588641,0.499374,0.420685,1.041667,0.670372,-1,10
4.0000,1.0,25.0,0.596222,-0.432827,0.167093,0.725204,1.041667,0.808751,0,9
4.0000,1.0,26.0,0.346624,0.316945,0.112113,0.976146,1.041667,1.032202,0,10
4.0000,1.0,27.0,-0.032278,0.569059,1.001262,0.271739,1.041667,0.772370,-1,6
4.0000,1.0,28.0,1.188607,-0.484971,0.658709,1.545499,1.041667,1.874853,0,13
4.0000,1.0,29.0,0.069700,0.313282,0.347676,0.511396,1.041667,0.685234,0,10
4.0000,1.0,30.0,-0.465081,0.775648,0.398123,0.605127,1.041667,0.804188,0,7
4.0000,1.0,31.0,-0.006642,0.204871,0.288395,0.287081,1.041667,0.431279,0,6
4.0000,2.0,0.0,-0.630976,0.325151,0.223152,0.656304,1.041667,0.767880,0,6
4.0000,2.0,1.0,-0.634757,0.115574,0.054476,0.259372,1.041667,0.286610,0,6
4.0000,2.0,2.0,-0.612634,0.229857,0.499361,0.530751,1.041667,0.780431,-1,6
4.0000,2.0,3.0,0.370300,-0.619212,0.381718,0.703189,1.041667,0.894048,0,9
4.0000,2.0,4.0,-0.149313,0.027890,0.251840,0.178304,1.041667,0.304224,1,6
4.0000,2.0,5.0,-0.048262,0.511211,0.313329,0.391682,1.041667,0.548346,0,6
4.0000,2.0,6.0,0.321289,-0.495882,0.304793,0.887981,1.041667,1.040378,-1,9
4.0000,2.0,7.0,0.450488,0.133794,0.938987,0.605120,1.041667,1.074614,1,10
4.0000,2.0,8.0,0.233736,-0.664298,0.527810,0.467633,1.041667,0.731538,0,9
4.0000,2.0,9.0,0.912919,0.572467,0.774943,0.765094,1.041667,1.152565,0,14
4.0000,2.0,10.0,0.039404,-0.298076,0.191883,0.465401,1.041667,0.561343,0,9
4.0000,2.0,11.0,-0.321307,-0.520266,0.572750,0.846705,1.041667,1.133080,0,5
4.0000,2.0,12.0,-0.383271,-1.559372,0.254550,2.191906,1.041667,2.319181,0,4
4.0000,2.0,13.0,-0.484147,-0.644092,0.167638,0.600065,1.041667,0.683884,0,5
4.0000,2.0,14.0,-0.475585,-0.817650,0.733305,0.655595,1.041667,1.022247,-1,4
4.0000,2.0,15.0,0.109972,0.368879,0.107259,0.603964,1.041667,0.657594,0,10
4.0000,2.0,16.0,-0.204027,0.258177,0.342220,0.676962,1.041667,0.848073,-1,6
4.0000,2.0,17.0,-0.824574,-0.170333,0.359325,0.387039,1.041667,0.566701,0,1
4.0000,2.0,18.0,-1.854060,-0.000152,0.985704,3.450333,1.041667,3.943185,0,1
4.0000,2.0,19.0,-0.671306,-0.781510,0.750224,0.342696,1.041667,0.717808,0,4
4.0000,2.0,20.0,0.401141,0.183349,0.091331,0.744797,1.041667,0.790462,0,10
4.0000,2.0,21.0,0.618953,0.232963,0.981410,0.526881,1.041667,1.017586,0,10
4.0000,2.0,22.0,-0.936013,-0.192411,0.084874,0.715625,1.041667,0.758062,0,1
4.0000,2.0,23.0,-0.505808,0.109881,0.034796,0.480918,1.041667,0.498316,1,6
4.0000,2.0,24.0,-0.697993,0.419310,0.923812,0.616225,1.041667,1.078131,0,6
4.0000,2.0,25.0,0.793927,-0.363348,0.171006,0.660839,1.041667,0.746342,1,13
4.0000,2.0,26.0,0.357239,-0.174185,0.269214,0.725647,1.041667,0.860254,0,9
4.0000,2.0,27.0,0.129873,-0.604489,0.469988,0.334334,1.041667,0.569328,0,9
4.0000,2.0,28.0,0.740889,0.253422,0.100719,0.475867,1.041667,0.526226,1,10
4.0000,2.0,29.0,0.844547,-0.225739,0.640599,0.549140,1.041667,0.869439,0,13
4.0000,2.0,30.0,0.275415,0.062763,0.264741,0.453288,1.041667,0.585658,0,10
4.0000,2.0,31.0,-0.613131,0.534627,0.085125,0.564438,1.041667,0.607000,0,6
4.0000,3.0,0.0,0.279769,0.463768,0.148739,0.880083,1.041667,0.954452,0,10
4.0000,3.0,1.0,-0.248311,0.350126,0.398520,0.875003,1.041667,1.074263,0,6
4.0000,3.0,2.0,-0.069988,0.355958,0.376090,0.542912,1.041667,0.730957,0,6
4.0000,3.0,3.0,0.889045,0.135133,0.076487,0.458570,1.041667,0.496814,0,14
4.0000,3.0,4.0,0.702487,-0.167010,0.355198,0.294800,1.041667,0.472399,0,9
4.0000,3.0,5.0,0.105646,0.791969,0.370595,0.208864,1.041667,0.394162,0,11
4.0000,3.0,6.0,-0.437205,-0.015596,0.261355,0.478103,1.041667,0.608781,-1,5
4.0000,3.0,7.0,-1.253720,-0.275706,1.572532,1.465406,1.041667,2.251672,0,1
4.0000,3.0,8.0,0.550296,-0.806254,0.135912,0.529759,1.041667,0.597715,0,8
4.0000,3.0,9.0,0.663499,-0.659073,0.279095,0.323148,1.041667,0.462695,0,9
4.0000,3.0,10.0,0.726671,-0.638250,0.198214,0.325295,1.041667,0.424402,0,9
4.0000,3.0,11.0,0.750045,-0.276080,0.468763,0.520970,1.041667,0.755351,0,13
4.0000,3.0,12.0,-0.223704,-1.178811,0.396419,1.317831,1.041667,1.516041,0,4
4.0000,3.0,13.0,-0.013702,0.003239,0.034412,0.001737,1.041667,0.018943,0,6
4.0000,3.0,14.0,-0.100781,0.203140,0.187001,0.367261,1.041667,0.460761,0,6
4.0000,3.0,15.0,0.421054,0.839427,0.650990,0.743008,1.041667,1.068503,0,11
4.0000,3.0,16.0,0.568813,-0.192267,0.393255,0.529259,1.041667,0.725887,0,9
4.0000,3.0,17.0,-0.363675,-0.539205,1.107869,0.842088,1.041667,1.396023,0,5
4.0000,3.0,18.0,-0.463772,0.021864,0.189164,0.449792,1.041667,0.544375,0,6
4.0000,3.0,19.0,-0.291715,0.099235,0.652268,0.525360,1.041667,0.851494,-1,6
4.0000,3.0,20.0,0.581331,-0.348583,0.255116,0.757401,1.041667,0.884959,1,9
4.0000,3.0,21.0,0.062636,-0.775644,0.655923,0.131055,1.041667,0.459016,0,8
4.0000,3.0,22.0,-1.154981,-0.069552,0.544979,0.981516,1.041667,1.254006,1,1
4.0000,3.0,23.0,-0.499654,0.190283,0.484298,0.651884,1.041667,0.894032,0,6
4.0000,3.0,24.0,0.091350,-0.064228,0.355802,0.105069,1.041667,0.282970,-1,9
4.0000,3.0,25.0,0.850371,0.310714,0.770161,0.715875,1.041667,1.100955,1,14
4.0000,3.0,26.0,0.291233,0.739949,0.501633,0.541776,1.041667,0.792592,-1,10
4.0000,3.0,27.0,0.836847,-0.084116,0.227383,0.247948,1.041667,0.361639,0,13
4.0000,3.0,28.0,0.728997,0.656405,0.319869,0.308362,1.041667,0.468296,0,10
4.0000,3.0,29.0,0.788344,1.241261,1.301443,1.572084,1.041667,2.222805,0,15
4.0000,3.0,30.0,0.107241,-0.073290,0.207494,0.140021,1.041667,0.243768,0,9
4.0000,3.0,31.0,-0.097240,0.360965,0.198319,0.581623,1.041667,0.680782,0,6
4.0000,4.0,0.0,-0.067232,0.891274,1.078390,0.353760,1.041667,0.892955,0,7
4.0000,4.0,1.0,0.989681,0.178016,0.457269,0.841608,1.041667,1.070242,0,14
4.0000,4.0,2.0,0.591197,0.670100,0.074660,0.403841,1.041667,0.441171,0,10
4.0000,4.0,3.0,1.015243,0.540015,0.218027,1.135512,1.041667,1.244525,0,14
4.0000,4.0,4.0,0.483661,0.144515,0.069868,0.581512,1.041667,0.616446,0,10
4.0000,4.0,5.0,0.652387,0.305546,0.091434,0.605228,1.041667,0.650945,0,10
4.0000,4.0,6.0,0.104392,0.117595,0.135975,0.201637,1.041667,0.269624,-1,10
4.0000,4.0,7.0,0.400251,-0.411922,0.108106,1.009768,1.041667,1.063821,0,9
4.0000,4.0,8.0,-0.054004,-0.426792,0.447555,0.510549,1.041667,0.734327,0,5
4.0000,4.0,9.0,0.919102,0.363973,0.383726,0.949297,1.041667,1.141160,-1,14
4.0000,4.0,10.0,0.249140,0.019858,0.111872,0.377864,1.041667,0.433800,1,10
4.0000,4.0,11.0,0.447306,-0.418529,0.246674,0.974282,1.041667,1.097619,0,9
4.0000,4.0,12.0,0.147205,-1.261051,0.641216,1.171220,1.041667,1.491828,-1,8
4.0000,4.0,13.0,0.275488,0.083697,0.257826,0.478739,1.041667,0.607652,0,10
4.0000,4.0,14.0,0.164492,0.181677,0.320631,0.440821,1.041667,0.601137,0,10
4.0000,4.0,15.0,-0.146892,-0.253814,0.508419,0.550283,1.041667,0.804492,-1,5
4.0000,4.0,16.0,0.699186,0.560146,0.124309,0.438294,1.041667,0.500449,0,10
4.0000,4.0,17.0,0.994874,0.964459,0.266210,1.593129,1.041667,1.726234,0,15
4.0000,4.0,18.0,0.363659,0.212716,0.408528,0.809170,1.041667,1.013434,-1,10
4.0000,4.0,19.0,0.851485,0.681830,0.252982,0.478692,1.041667,0.605183,0,14
4.0000,4.0,20.0,0.651238,0.402516,0.377102,0.660074,1.041667,0.848624,0,10
4.0000,4.0,21.0,-0.347726,-0.087067,0.744566,0.561238,1.041667,0.933521,0,5
4.0000,4.0,22.0,-1.058296,-1.363229,0.453222,2.826585,1.041667,3.053196,0,0
4.0000,4.0,23.0,-0.113051,-0.981752,1.697243,0.683007,1.041667,1.531629,0,4
4.0000,4.0,24.0,-0.716431,-0.296614,0.433511,0.548203,1.041667,0.764958,0,5
4.0000,4.0,25.0,-0.747626,0.484413,0.521158,0.559627,1.041667,0.820206,0,6
4.0000,4.0,26.0,0.344060,-0.273444,0.452794,0.915821,1.041667,1.142218,1,9
4.0000,4.0,27.0,1.354727,-0.369298,1.145602,1.634974,1.041667,2.207775,0,13
4.0000,4.0,28.0,0.005828,0.015372,0.307334,0.002368,1.041667,0.156035,0,10
4.0000,4.0,29.0,-0.720049,0.381858,0.660668,0.617735,1.041667,0.948069,0,6
4.0000,4.0,30.0,-0.023613,-0.836483,0.113045,0.190263,1.041667,0.246785,0,4
4.0000,4.0,31.0,-0.282045,-0.417764,0.467963,0.928216,1.041667,1.162198,0,5
4.0000,5.0,0.0,-0.198497,-0.742900,0.384724,0.360850,1.041667,0.553212,0,5
4.0000,5.0,1.0,-0.197929,0.311139,0.310336,0.741504,1.041667,0.896672,0,6
4.0000,5.0,2.0,0.527048,0.357387,0.284158,0.861555,1.041667,1.003634,0,10
4.0000,5.0,3.0,0.571125,0.054352,0.064713,0.284507,1.041667,0.316864,0,10
4.0000,5.0,4.0,0.822194,0.476882,0.291061,0.662721,1.041667,0.808251,0,14
4.0000,5.0,5.0,0.656385,0.132064,0.457114,0.261287,1.041667,0.489844,0,10
4.0000,5.0,6.0,-0.030838,-0.279508,0.317944,0.434039,1.041667,0.593011,1,5
4.0000,5.0,7.0,0.841704,-0.235926,0.321449,0.564855,1.041667,0.725580,0,13
4.0000,5.0,8.0,0.287866,-0.744751,0.181230,0.538148,1.041667,0.628763,0,9
4.0000,5.0,9.0,0.097679,-0.177235,0.364650,0.308084,1.041667,0.490409,-1,9
4.0000,5.0,10.0,-0.215631,0.024749,0.608859,0.314283,1.041667,0.618713,0,6
4.0000,5.0,11.0,0.709093,-0.762421,1.069618,0.309707,1.041667,0.844516,0,8
4.0000,5.0,12.0,-0.426395,-0.619926,1.081944,0.691619,1.041667,1.232592,0,5
4.0000,5.0,13.0,-0.211515,0.962453,0.551964,0.837577,1.041667,1.113559,-1,7
4.0000,5.0,14.0,-0.609954,0.811079,0.598726,0.450402,1.041667,0.749765,0,7
4.0000,5.0,15.0,-0.704156,0.333343,0.699497,0.595241,1.041667,0.944990,0,6
4.0000,5.0,16.0,0.676561,0.064340,0.574230,0.134620,1.041667,0.421735,0,10
4.0000,5.0,17.0,1.180885,0.706209,1.128251,1.385804,1.041667,1.949929,0,14
4.0000,5.0,18.0,-0.183810,-0.723418,0.572802,0.326042,1.041667,0.612443,0,5
4.0000,5.0,19.0,0.045887,0.187030,0.776425,0.267606,1.041667,0.655818,-1,10
4.0000,5.0,20.0,0.799233,-0.096366,0.236052,0.203100,1.041667,0.321126,0,13
4.0000,5.0,21.0,0.525940,-0.372503,0.732527,0.868459,1.041667,1.234722,0,9
4.0000,5.0,22.0,-1.096259,-0.484346,1.431070,1.410819,1.041667,2.126354,1,1
4.0000,5.0,23.0,-0.634242,1.402330,0.793168,1.590546,1.041667,1.987130,0,7
4.0000,5.0,24.0,-0.650012,0.761050,0.290036,0.334626,1.041667,0.479644,0,7
4.0000,5.0,25.0,-0.666224,-0.074049,0.342640,0.156144,1.041667,0.327463,0,5
4.0000,5.0,26.0,-0.046023,0.519258,0.084948,0.375412,1.041667,0.417886,0,6
4.0000,5.0,27.0,-0.105841,0.324712,0.122910,0.573547,1.041667,0.635002,0,6
4.0000,5.0,28.0,0.542468,0.544657,0.401005,0.666287,1.041667,0.866789,0,10
4.0000,5.0,29.0,-0.005232,-0.021048,0.500851,0.004117,1.041667,0.254542,0,5
4.0000,5.0,30.0,0.235842,-1.214304,0.338000,1.367083,1.041667,1.536083,0,8
4.0000,5.0,31.0,-0.035688,-0.644554,0.011246,0.145869,1.041667,0.151492,0,5
4.0000,6.0,0.0,0.407462,-0.496508,0.860057,0.914640,1.041667,1.344668,0,9
4.0000,6.0,1.0,0.433401,0.872419,0.817875,0.816146,1.041667,1.225084,-1,11
4.0000,6.0,2.0,0.892577,-0.596158,0.369549,0.670389,1.041667,0.855163,0,13
4.0000,6.0,3.0,0.636582,-0.059667,0.350143,0.176980,1.041667,0.352052,0,9
4.0000,6.0,4.0,-0.082347,0.030051,0.063193,0.065063,1.041667,0.096659,1,6
4.0000,6.0,5.0,-0.425352,0.003096,0.396266,0.486354,1.041667,0.684487,1,6
4.0000,6.0,6.0,0.521930,0.171039,0.084764,0.571727,1.041667,0.614109,0,10
4.0000,6.0,7.0,0.085743,0.149664,0.295958,0.234070,1.041667,0.382049,0,10
4.0000,6.0,8.0,-0.200372,-0.386566,0.285932,0.784720,1.041667,0.927686,0,5
4.0000,6.0,9.0,-0.810221,-0.881052,0.190016,0.680443,1.041667,0.775451,0,0
4.0000,6.0,10.0,-0.862561,-0.711572,0.442092,0.506843,1.041667,0.727889,0,1
4.0000,6.0,11.0,-0.999513,-0.539931,0.534645,1.087485,1.041667,1.354807,1,1
4.0000,6.0,12.0,-0.435796,0.713339,0.942050,0.602037,1.041667,1.073062,0,6
4.0000,6.0,13.0,0.194670,-0.401806,0.436454,0.768665,1.041667,0.986892,0,9
4.0000,6.0,14.0,-0.872541,-0.634205,0.271412,0.567716,1.041667,0.703423,0,1
4.0000,6.0,15.0,-0.694625,-0.571730,1.289701,0.420884,1.041667,1.065734,1,5
4.0000,6.0,16.0,0.327405,1.292620,1.037011,1.562207,1.041667,2.080713,0,11
4.0000,6.0,17.0,0.727764,0.072603,0.196429,0.120693,1.041667,0.218908,0,10
4.0000,6.0,18.0,0.408314,0.305619,0.905389,0.966188,1.041667,1.418882,0,10
4.0000,6.0,19.0,0.168246,-1.375943,0.506228,1.256209,1.041667,1.509323,1,8
4.0000,6.0,20.0,-0.087721,-0.177497,0.299974,0.293981,1.041667,0.443968,1,5
4.0000,6.0,21.0,0.619822,-0.899053,0.453492,0.660868,1.041667,0.887614,0,8
4.0000,6.0,22.0,0.297362,-0.579695,0.463814,0.708112,1.041667,0.940019,0,9
4.0000,6.0,23.0,0.852979,0.661146,0.556227,0.492653,1.041667,0.770766,0,14
4.0000,6.0,24.0,-0.299841,0.178064,0.203921,0.686013,1.041667,0.787973,0,6
4.0000,6.0,25.0,0.006827,-0.499368,0.160241,0.392105,1.041667,0.472225,-1,9
4.0000,6.0,26.0,-0.293094,0.032104,0.151769,0.454296,1.041667,0.530180,0,6
4.0000,6.0,27.0,0.015773,0.234327,0.249299,0.348517,1.041667,0.473166,0,10
4.0000,6.0,28.0,-0.322570,1.030179,0.878334,1.240944,1.041667,1.680111,-1,7
4.0000,6.0,29.0,-0.706463,-0.193390,0.260596,0.350733,1.041667,0.481031,0,5
4.0000,6.0,30.0,-0.101156,-0.297740,0.268098,0.536405,1.041667,0.670454,0,5
4.0000,6.0,31.0,0.055226,-0.621294,0.101470,0.195905,1.041667,0.246640,0,9
4.0000,7.0,0.0,1.527795,0.060670,0.700958,1.404722,1.041667,1.755201,0,14
4.0000,7.0,1.0,0.798819,-0.005311,0.785003,0.122672,1.041667,0.515173,0,13
4.0000,7.0,2.0,0.425424,-1.548317,0.848145,2.160099,1.041667,2.584171,0,8
4.0000,7.0,3.0,-0.156164,-0.556879,0.138834,0.474861,1.041667,0.544278,0,5
4.0000,7.0,4.0,0.246038,-0.132907,0.207653,0.508881,1.041667,0.612707,1,9
4.0000,7.0,5.0,0.156532,-0.563410,0.737458,0.463190,1.041667,0.831918,0,9
4.0000,7.0,6.0,0.381775,0.529782,0.752048,0.862725,1.041667,1.238749,-1,10
4.0000,7.0,7.0,-0.793233,-0.054857,0.364021,0.142086,1.041667,0.324096,0,1
4.0000,7.0,8.0,-0.904132,-0.565501,0.382737,0.748069,1.041667,0.939438,0,1
4.0000,7.0,9.0,-0.005792,-1.166530,1.047957,0.948277,1.041667,1.472256,0,4
4.0000,7.0,10.0,-0.706890,0.590703,0.643777,0.387648,1.041667,0.709536,0,6
4.0000,7.0,11.0,-0.897299,-0.050371,0.203201,0.352405,1.041667,0.454005,0,1
4.0000,7.0,12.0,-0.464965,-0.744850,0.687414,0.581133,1.041667,0.924841,-1,5
4.0000,7.0,13.0,-0.173344,0.244286,0.277570,0.586929,1.041667,0.725714,-1,6
4.0000,7.0,14.0,0.151585,-0.669669,0.057182,0.285981,1.041667,0.314573,0,9
4.0000,7.0,15.0,0.104202,-0.553506,0.109958,0.383338,1.041667,0.438317,0,9
4.0000,7.0,16.0,0.129266,-0.275836,0.014674,0.553548,1.041667,0.560885,0,9
4.0000,7.0,17.0,-0.009325,-0.220773,0.224650,0.320147,1.041667,0.432472,0,5
4.0000,7.0,18.0,0.380840,-0.552002,0.388241,0.822228,1.041667,1.016348,0,9
4.0000,7.0,19.0,-0.055977,-0.688308,0.332658,0.116501,1.041667,0.282830,0,5
4.0000,7.0,20.0,0.112762,0.194581,0.538484,0.368959,1.041667,0.638201,0,10
4.0000,7.0,21.0,-0.640673,-1.037442,0.605844,1.086039,1.041667,1.388961,0,4
4.0000,7.0,22.0,0.260259,-0.505657,0.386610,0.783877,1.041667,0.977181,0,9
4.0000,7.0,23.0,0.039835,0.624471,0.092545,0.178081,1.041667,0.224353,0,10
4.0000,7.0,24.0,0.183586,0.348425,0.131642,0.741648,1.041667,0.807469,0,10
4.0000,7.0,25.0,-0.164250,-0.010206,0.193427,0.202708,1.041667,0.299422,0,5
4.0000,7.0,26.0,-0.784205,0.511261,0.417402,0.556247,1.041667,0.764948,0,2
4.0000,7.0,27.0,0.340651,0.613528,0.379422,0.696701,1.041667,0.886412,0,10
4.0000,7.0,28.0,0.098308,-0.270476,0.125930,0.491939,1.041667,0.554904,0,9
4.0000,7.0,29.0,-0.101310,-0.740096,0.468597,0.163468,1.041667,0.397767,-1,5
4.0000,7.0,30.0,-0.820846,0.354408,0.502659,0.698802,1.041667,0.950131,0,2
4.0000,7.0,31.0,0.401994,-0.239209,0.596795,0.860548,1.041667,1.158946,0,9
4.0000,8.0,0.0,0.037530,0.277885,0.520002,0.435526,1.041667,0.695526,-1,10
4.0000,8.0,1.0,0.698650,-0.786135,0.737495,0.340021,1.041667,0.708769,1,8
4.0000,8.0,2.0,0.077275,-0.151829,0.147166,0.227192,1.041667,0.300775,0,9
4.0000,8.0,3.0,-0.551137,-0.316438,0.297531,0.785055,1.041667,0.933821,0,5
4.0000,8.0,4.0,0.126241,-0.922158,0.891907,0.532837,1.041667,0.978791,0,8
4.0000,8.0,5.0,0.610752,0.660400,0.768556,0.382536,1.041667,0.766814,-1,10
4.0000,8.0,6.0,0.035547,-0.549973,0.243806,0.310256,1.041667,0.432159,0,9
4.0000,8.0,7.0,0.287219,-0.179958,0.284315,0.672905,1.041667,0.815062,0,9
4.0000,8.0,8.0,-0.724159,0.009224,0.556465,0.075354,1.041667,0.353587,0,6
4.0000,8.0,9.0,0.564924,-0.631086,0.448649,0.487721,1.041667,0.712045,0,9
4.0000,8.0,10.0,0.367422,-0.396073,0.571818,1.016908,1.041667,1.302817,0,9
4.0000,8.0,11.0,-0.525292,0.021749,0.317658,0.349911,1.041667,0.508740,0,6
4.0000,8.0,12.0,-0.577057,0.548850,0.290425,0.598676,1.041667,0.743888,0,6
4.0000,8.0,13.0,0.236917,0.211478,0.076475,0.652993,1.041667,0.691231,1,10
4.0000,8.0,14.0,0.070935,-0.215261,0.251508,0.351139,1.041667,0.476893,0,9
4.0000,8.0,15.0,-0.099623,-1.119685,0.951070,0.981068,1.041667,1.456603,0,4
4.0000,8.0,16.0,0.121213,-0.085069,0.190105,0.179160,1.041667,0.274213,1,9
4.0000,8.0,17.0,0.445325,-0.876483,1.155917,0.819102,1.041667,1.397060,0,8
4.0000,8.0,18.0,0.681566,0.567436,0.202492,0.434290,1.041667,0.535536,0,10
4.0000,8.0,19.0,0.082035,0.021353,0.106407,0.060755,1.041667,0.113958,0,10
4.0000,8.0,20.0,-0.023556,0.417767,0.134992,0.496641,1.041667,0.564137,-1,6
4.0000,8.0,21.0,-0.028068,-0.060908,0.168486,0.038730,1.041667,0.122973,1,5
4.0000,8.0,22.0,0.711893,-0.376471,0.409637,0.617758,1.041667,0.822577,0,9
4.0000,8.0,23.0,0.254650,0.147850,0.081331,0.553694,1.041667,0.594359,0,10
4.0000,8.0,24.0,0.709520,0.367263,0.289984,0.615570,1.041667,0.760562,0,10
4.0000,8.0,25.0,-0.306815,0.301420,0.107314,0.922852,1.041667,0.976509,0,6
4.0000,8.0,26.0,-0.323734,0.937662,0.265488,0.969706,1.041667,1.102450,0,7
4.0000,8.0,27.0,-0.431148,0.327481,0.556064,0.974781,1.041667,1.252813,-1,6
4.0000,8.0,28.0,-0.255094,-0.614623,0.400352,0.577418,1.041667,0.777594,0,5
4.0000,8.0,29.0,-0.494011,-0.673003,0.627320,0.557379,1.041667,0.871039,1,5
4.0000,8.0,30.0,-0.690124,-0.027466,0.359592,0.094276,1.041667,0.274072,1,5
4.0000,8.0,31.0,-0.197084,0.579896,0.587949,0.518925,1.041667,0.812899,1,6
4.0000,9.0,0.0,-0.027546,-0.433841,1.226049,0.485791,1.041667,1.098816,-1,5
4.0000,9.0,1.0,0.854151,0.675834,0.320950,0.487843,1.041667,0.648318,0,14
4.0000,9.0,2.0,0.077161,0.256418,0.075656,0.438179,1.041667,0.476007,-1,10
4.0000,9.0,3.0,0.031570,-0.158833,0.455838,0.199400,1.041667,0.427319,0,9
4.0000,9.0,4.0,1.026862,-1.053577,0.170329,2.047960,1.041667,2.133124,0,12
4.0000,9.0,5.0,0.863763,-0.441573,0.191552,0.788721,1.041667,0.884497,0,13
4.0000,9.0,6.0,0.502667,0.196200,0.081173,0.659533,1.041667,0.700119,0,10
4.0000,9.0,7.0,0.249751,0.097854,0.734966,0.455248,1.041667,0.822731,1,10
4.0000,9.0,8.0,-1.081813,0.171119,0.628846,1.059374,1.041667,1.373796,0,2
4.0000,9.0,9.0,-0.733378,-0.752609,0.405534,0.307329,1.041667,0.510096,-1,4
4.0000,9.0,10.0,-0.583686,0.245139,0.535935,0.612100,1.041667,0.880067,0,6
4.0000,9.0,11.0,0.371136,-0.410147,1.060058,1.012513,1.041667,1.542542,-1,9
4.0000,9.0,12.0,-0.873922,0.003691,0.170478,0.268998,1.041667,0.354237,1,2
4.0000,9.0,13.0,-0.071818,0.181016,0.222218,0.280687,1.041667,0.391796,0,6
4.0000,9.0,14.0,-0.314661,-0.113897,0.220591,0.577300,1.041667,0.687595,0,5
4.0000,9.0,15.0,-1.114562,0.166774,0.518728,1.109118,1.041667,1.368483,-1,2
4.0000,9.0,16.0,-0.014544,-0.188047,0.207582,0.253315,1.041667,0.357106,0,5
4.0000,9.0,17.0,0.098676,0.660654,0.316209,0.197264,1.041667,0.355369,0,10
4.0000,9.0,18.0,0.309954,0.448148,0.340660,0.940339,1.041667,1.110669,0,10
4.0000,9.0,19.0,-0.186624,0.451653,0.114591,0.712623,1.041667,0.769919,0,6
4.0000,9.0,20.0,-0.503381,0.701646,0.310938,0.528068,1.041667,0.683537,-1,6
4.0000,9.0,21.0,0.120937,-0.128869,0.268801,0.250031,1.041667,0.384432,0,9
4.0000,9.0,22.0,0.164235,0.547994,0.351415,0.508665,1.041667,0.684372,0,10
4.0000,9.0,23.0,0.033165,0.002180,0.095874,0.009630,1.041667,0.057566,0,10
4.0000,9.0,24.0,0.359316,0.372011,0.400085,1.015656,1.041667,1.215699,0,10
4.0000,9.0,25.0,-0.199800,0.414166,0.532276,0.773557,1.041667,1.039694,0,6
4.0000,9.0,26.0,-0.176384,0.127490,0.344778,0.356856,1.041667,0.529245,1,6
4.0000,9.0,27.0,0.689442,0.551045,1.009809,0.457147,1.041667,0.962051,0,10
4.0000,9.0,28.0,0.981010,-0.500758,0.297508,1.080670,1.041667,1.229424,0,13
4.0000,9.0,29.0,0.476376,0.381724,0.126263,0.949450,1.041667,1.012581,0,10
4.0000,9.0,30.0,0.114558,0.395473,0.648471,0.610079,1.041667,0.934314,0,10
4.0000,9.0,31.0,-0.458120,-0.882090,0.936805,0.823884,1.041667,1.292287,1,4
4.0000,10.0,0.0,-1.087392,0.897383,2.098957,1.643000,1.041667,2.692479,0,3
4.0000,10.0,1.0,1.146337,0.028682,0.164880,0.935447,1.041667,1.017887,0,14
4.0000,10.0,2.0,0.428594,0.188538,0.350418,0.739412,1.041667,0.914621,0,10
4.0000,10.0,3.0,0.176495,-0.264542,0.675077,0.629927,1.041667,0.967465,0,9
4.0000,10.0,4.0,0.901236,-0.539396,0.425194,0.777547,1.041667,0.990144,0,13
4.0000,10.0,5.0,0.387038,-0.483948,0.520380,0.938493,1.041667,1.198684,0,9
4.0000,10.0,6.0,0.724274,-0.253182,1.049356,0.473145,1.041667,0.997823,1,9
4.0000,10.0,7.0,-0.788441,0.386979,0.859937,0.660355,1.041667,1.090324,0,2
4.0000,10.0,8.0,-0.479762,-0.914348,0.269351,0.895750,1.041667,1.030426,-1,4
4.0000,10.0,9.0,-0.118891,-1.228667,1.388539,1.106044,1.041667,1.800313,0,4
4.0000,10.0,10.0,-0.721039,-0.640180,0.615913,0.321971,1.041667,0.629927,1,5
4.0000,10.0,11.0,-1.160799,0.004554,0.495318,0.942945,1.041667,1.190604,0,2
4.0000,10.0,12.0,-0.848468,-0.076620,0.705143,0.261790,1.041667,0.614362,0,1
4.0000,10.0,13.0,0.745861,-0.091612,0.625526,0.149957,1.041667,0.462720,0,9
4.0000,10.0,14.0,-0.654340,0.106018,0.583928,0.216635,1.041667,0.508599,0,6
4.0000,10.0,15.0,-0.600887,0.856060,0.603150,0.562498,1.041667,0.864073,-1,7
4.0000,10.0,16.0,0.268488,-0.318853,0.037294,0.887300,1.041667,0.905947,0,9
4.0000,10.0,17.0,-0.041129,-0.414285,0.446094,0.508787,1.041667,0.731834,0,5
4.0000,10.0,18.0,1.223787,-0.081894,0.781619,1.041504,1.041667,1.432313,0,13
4.0000,10.0,19.0,0.033737,0.948617,0.110890,0.486123,1.041667,0.541568,0,11
4.0000,10.0,20.0,-0.115377,0.584707,0.966786,0.343269,1.041667,0.826662,0,6
4.0000,10.0,21.0,0.904865,-0.154237,0.663657,0.541212,1.041667,0.873041,0,13
4.0000,10.0,22.0,1.108891,0.993182,0.866738,2.087883,1.041667,2.521252,1,15
4.0000,10.0,23.0,0.358105,-0.184254,0.342669,0.747280,1.041667,0.918614,1,9
4.0000,10.0,24.0,0.373196,-0.761902,0.238075,0.630730,1.041667,0.749768,0,8
4.0000,10.0,25.0,0.709301,-0.690329,0.374597,0.284918,1.041667,0.472217,0,9
4.0000,10.0,26.0,0.231178,-0.405382,0.139322,0.843253,1.041667,0.912914,0,9
4.0000,10.0,27.0,0.284757,-1.087297,0.314335,1.318510,1.041667,1.475677,0,8
4.0000,10.0,28.0,0.604794,-0.378024,0.377971,0.727869,1.041667,0.916854,0,9
4.0000,10.0,29.0,0.078972,-0.083056,0.767398,0.110906,1.041667,0.494605,-1,9
4.0000,10.0,30.0,-0.409468,0.994767,0.445090,1.189833,1.041667,1.412378,0,7
4.0000,10.0,31.0,0.531830,0.660926,0.721085,0.509446,1.041667,0.869989,0,10
4.0000,11.0,0.0,0.514486,0.604752,0.440135,0.610573,1.041667,0.830640,-1,10
4.0000,11.0,1.0,1.162307,-0.315638,0.234442,1.483656,1.041667,1.600877,0,13
4.0000,11.0,2.0,1.137176,-0.605659,0.777167,1.349158,1.041667,1.737742,0,13
4.0000,11.0,3.0,1.173656,-1.315820,1.309428,3.138804,1.041667,3.793518,0,12
4.0000,11.0,4.0,-0.243981,-0.190424,0.141802,0.622347,1.041667,0.693248,1,5
4.0000,11.0,5.0,-0.632294,0.451735,0.313528,0.653270,1.041667,0.810034,1,6
4.0000,11.0,6.0,-0.331712,0.366662,0.714256,0.998072,1.041667,1.355200,0,6
4.0000,11.0,7.0,0.144763,-0.496281,0.204396,0.561931,1.041667,0.664128,0,9
4.0000,11.0,8.0,-0.544727,0.004434,0.983807,0.309274,1.041667,0.801178,0,6
4.0000,11.0,9.0,1.110721,0.597069,0.318286,1.308999,1.041667,1.468142,1,14
4.0000,11.0,10.0,0.557913,-0.172353,1.136422,0.507030,1.041667,1.075241,1,9
4.0000,11.0,11.0,0.203014,0.135496,0.599629,0.427785,1.041667,0.727600,0,10
4.0000,11.0,12.0,-0.621284,0.399671,0.664350,0.700934,1.041667,1.033109,0,6
4.0000,11.0,13.0,0.413779,0.534652,0.302917,0.846947,1.041667,0.998405,0,10
4.0000,11.0,14.0,0.670974,-0.011604,0.535365,0.104698,1.041667,0.372380,0,9
4.0000,11.0,15.0,-0.131075,0.620175,0.403322,0.310388,1.041667,0.512049,-1,6
4.0000,11.0,16.0,0.399521,-0.483284,0.286457,0.937387,1.041667,1.080616,0,9
4.0000,11.0,17.0,0.118802,-0.634062,0.149223,0.266165,1.041667,0.340776,0,9
4.0000,11.0,18.0,0.422918,-0.165032,0.175699,0.693965,1.041667,0.781815,0,9
4.0000,11.0,19.0,0.192788,0.435200,0.897744,0.742779,1.041667,1.191650,0,10
4.0000,11.0,20.0,1.021922,1.578066,1.404386,3.587408,1.041667,4.289600,1,15
4.0000,11.0,21.0,0.657998,0.957288,1.319634,0.817101,1.041667,1.476918,0,11
4.0000,11.0,22.0,0.255756,0.104883,0.284730,0.477205,1.041667,0.619570,0,10
4.0000,11.0,23.0,-0.301610,0.591339,0.161725,0.692947,1.041667,0.773809,0,6
4.0000,11.0,24.0,-0.252946,-0.096953,0.307746,0.459681,1.041667,0.613554,0,5
4.0000,11.0,25.0,0.054605,0.181432,0.063711,0.263324,1.041667,0.295180,-1,10
4.0000,11.0,26.0,0.134553,-0.122409,0.086968,0.263313,1.041667,0.306797,0,9
4.0000,11.0,27.0,-0.060650,-0.357544,0.068535,0.533238,1.041667,0.567506,0,5
4.0000,11.0,28.0,-0.417340,-0.699942,1.188166,0.616354,1.041667,1.210437,0,5
4.0000,11.0,29.0,-0.953565,0.693591,0.425544,0.794217,1.041667,1.006989,1,2
4.0000,11.0,30.0,0.128006,0.291924,0.362642,0.574930,1.041667,0.756251,0,10
4.0000,11.0,31.0,0.984183,0.617024,0.058997,0.940211,1.041667,0.969710,0,14
4.0000,12.0,0.0,-0.029163,0.159562,0.156886,0.199617,1.041667,0.278060,-1,6
4.0000,12.0,1.0,0.268353,-0.083536,0.757008,0.467005,1.041667,0.845509,0,9
4.0000,12.0,2.0,1.050353,1.005387,1.023760,1.954622,1.041667,2.466502,0,15
4.0000,12.0,3.0,0.330803,-0.197295,0.108275,0.759052,1.041667,0.813189,0,9
4.0000,12.0,4.0,-0.302415,-0.165139,0.081474,0.662151,1.041667,0.702888,0,5
4.0000,12.0,5.0,-0.188137,-0.527678,0.235014,0.597859,1.041667,0.715366,0,5
4.0000,12.0,6.0,0.515876,-0.713578,0.072155,0.507013,1.041667,0.543091,1,9
4.0000,12.0,7.0,0.044553,-0.781640,1.278264,0.119869,1.041667,0.759001,0,8
4.0000,12.0,8.0,0.238199,0.484571,0.186044,0.776135,1.041667,0.869156,0,10
4.0000,12.0,9.0,0.855861,0.039770,1.666341,0.240504,1.041667,1.073674,-1,14
4.0000,12.0,10.0,-0.565145,1.577991,2.483901,2.269197,1.041667,3.511147,0,7
4.0000,12.0,11.0,-0.672559,-0.803990,0.061551,0.377737,1.041667,0.408512,0,4
4.0000,12.0,12.0,-0.315660,-0.814586,1.065561,0.651066,1.041667,1.183847,-1,4
4.0000,12.0,13.0,-0.395832,0.972434,0.189434,1.122100,1.041667,1.216817,0,7
4.0000,12.0,14.0,0.391024,0.998674,0.206241,1.201107,1.041667,1.304227,0,11
4.0000,12.0,15.0,-0.375775,0.853105,0.317200,0.776389,1.041667,0.934989,0,7
4.0000,12.0,16.0,0.630197,0.512246,0.884915,0.576615,1.041667,1.019073,1,10
4.0000,12.0,17.0,0.543853,-0.311963,0.064887,0.793470,1.041667,0.825913,0,9
4.0000,12.0,18.0,0.790407,-0.558110,0.495918,0.492512,1.041667,0.740471,0,13
4.0000,12.0,19.0,1.443156,0.250959,1.404332,1.555536,1.041667,2.257702,0,14
4.0000,12.0,20.0,-0.543789,-0.049288,0.472081,0.332260,1.041667,0.568300,-1,5
4.0000,12.0,21.0,-0.015115,-1.026915,0.343283,0.700386,1.041667,0.872027,0,4
4.0000,12.0,22.0,0.505659,-0.622558,0.590876,0.597503,1.041667,0.892941,0,9
4.0000,12.0,23.0,0.082315,0.744267,0.260892,0.136012,1.041667,0.266458,0,10
4.0000,12.0,24.0,-0.917392,0.688802,0.550225,0.673229,1.041667,0.948341,-1,2
4.0000,12.0,25.0,0.338868,-0.093030,0.127608,0.564607,1.041667,0.628410,0,9
4.0000,12.0,26.0,-0.016800,-0.603626,0.068125,0.201274,1.041667,0.235337,0,5
4.0000,12.0,27.0,0.030396,-0.503790,0.391731,0.392347,1.041667,0.588212,0,9
4.0000,12.0,28.0,0.621395,0.501815,0.332770,0.605034,1.041667,0.771419,0,10
4.0000,12.0,29.0,-0.402720,0.433570,0.409932,0.994447,1.041667,1.199413,0,6
4.0000,12.0,30.0,-0.001013,-0.479564,1.545963,0.423290,1.041667,1.196272,-1,5
4.0000,12.0,31.0,0.976865,0.740180,0.363301,0.895906,1.041667,1.077556,0,14
4.0000,13.0,0.0,0.624643,-0.069498,0.548897,0.205845,1.041667,0.480294,1,9
4.0000,13.0,1.0,-0.834587,-0.203021,0.232160,0.478672,1.041667,0.594752,0,1
4.0000,13.0,2.0,0.033894,-0.042304,0.096196,0.025550,1.041667,0.073648,1,9
4.0000,13.0,3.0,0.197623,-0.312891,0.040624,0.742779,1.041667,0.763091,1,9
4.0000,13.0,4.0,0.112795,-0.070256,0.195299,0.145698,1.041667,0.243348,0,9
4.0000,13.0,5.0,-0.616669,-0.052050,1.102831,0.200467,1.041667,0.751883,0,5
4.0000,13.0,6.0,0.759763,-0.664991,0.762825,0.321421,1.041667,0.702833,0,13
4.0000,13.0,7.0,0.518420,1.020503,0.307199,1.179549,1.041667,1.333149,0,11
4.0000,13.0,8.0,0.042979,0.128607,0.635044,0.147714,1.041667,0.465236,-1,10
4.0000,13.0,9.0,0.427921,-1.408281,0.792802,1.719363,1.041667,2.115764,0,8
4.0000,13.0,10.0,-0.787999,-0.471538,0.280135,0.612946,1.041667,0.753013,0,1
4.0000,13.0,11.0,-0.922622,-0.566957,0.158346,0.803377,1.041667,0.882549,1,1
4.0000,13.0,12.0,-0.704522,0.139963,0.183186,0.237524,1.041667,0.329117,0,6
4.0000,13.0,13.0,-0.430577,0.602704,0.227462,0.716022,1.041667,0.829753,1,6
4.0000,13.0,14.0,0.231085,0.562541,0.358818,0.623381,1.041667,0.802789,-1,10
4.0000,13.0,15.0,-0.003462,0.808180,0.445520,0.135875,1.041667,0.358635,0,7
4.0000,13.0,16.0,-0.973228,-0.018709,0.667254,0.551231,1.041667,0.884858,0,1
4.0000,13.0,17.0,0.237217,-0.101856,0.206618,0.437878,1.041667,0.541187,0,9
4.0000,13.0,18.0,0.414056,0.314449,0.276658,0.973524,1.041667,1.111853,1,10
4.0000,13.0,19.0,0.271681,-0.203878,0.086920,0.699576,1.041667,0.743036,0,9
4.0000,13.0,20.0,0.250553,0.099349,0.640282,0.459028,1.041667,0.779169,0,10
4.0000,13.0,21.0,-0.947228,-0.763126,0.581449,0.819167,1.041667,1.109892,0,0
4.0000,13.0,22.0,-0.036868,-0.475122,0.452449,0.441817,1.041667,0.668041,0,5
4.0000,13.0,23.0,0.263956,0.654343,0.511891,0.537433,1.041667,0.793378,-1,10
4.0000,13.0,24.0,-0.810499,0.693625,0.997090,0.382570,1.041667,0.881115,0,2
4.0000,13.0,25.0,0.689895,-0.091380,0.588296,0.159415,1.041667,0.453564,0,9
4.0000,13.0,26.0,-0.287726,-0.171301,0.211723,0.655423,1.041667,0.761284,0,5
4.0000,13.0,27.0,0.468114,-0.625476,0.593417,0.644986,1.041667,0.941694,0,9
4.0000,13.0,28.0,0.101354,0.417148,0.577566,0.577903,1.041667,0.866685,0,10
4.0000,13.0,29.0,-1.029203,0.935629,0.373605,1.605530,1.041667,1.792333,0,3
4.0000,13.0,30.0,-0.056528,1.453503,0.706462,1.165464,1.041667,1.518695,0,7
4.0000,13.0,31.0,0.657014,0.781265,0.317028,0.352085,1.041667,0.510599,-1,11
4.0000,14.0,0.0,0.497345,0.109954,0.248686,0.495385,1.041667,0.619728,1,10
4.0000,14.0,1.0,-0.486179,-0.038208,0.162800,0.426015,1.041667,0.507415,1,5
4.0000,14.0,2.0,-0.193395,0.440499,0.205733,0.739030,1.041667,0.841897,-1,6
4.0000,14.0,3.0,0.004752,-0.069522,0.243410,0.041421,1.041667,0.163126,0,9
4.0000,14.0,4.0,0.282898,0.398585,0.505832,0.938605,1.041667,1.191521,0,10
4.0000,14.0,5.0,0.672959,-0.743370,0.772961,0.303417,1.041667,0.689898,-1,9
4.0000,14.0,6.0,0.387150,-0.549553,0.546002,0.826821,1.041667,1.099822,0,9
4.0000,14.0,7.0,0.826722,0.685507,0.603154,0.418074,1.041667,0.719651,0,14
4.0000,14.0,8.0,0.108277,-0.031722,0.214818,0.104808,1.041667,0.212217,0,9
4.0000,14.0,9.0,-0.015702,-0.621861,0.405408,0.170330,1.041667,0.373034,0,5
4.0000,14.0,10.0,-0.630423,-1.505212,1.010794,1.888555,1.041667,2.393952,0,4
4.0000,14.0,11.0,-0.657365,-0.441581,0.162346,0.632007,1.041667,0.713180,0,5
4.0000,14.0,12.0,-0.393906,-0.449179,0.110578,0.981979,1.041667,1.037268,0,5
4.0000,14.0,13.0,-0.046642,0.034345,0.403592,0.029124,1.041667,0.230920,0,6
4.0000,14.0,14.0,0.188283,-0.585539,0.420925,0.489466,1.041667,0.699928,0,9
4.0000,14.0,15.0,-0.269554,0.513082,0.363501,0.787414,1.041667,0.969165,1,6
4.0000,14.0,16.0,-0.694377,1.039198,1.412309,1.074834,1.041667,1.780988,-1,7
4.0000,14.0,17.0,-0.386322,-0.584648,0.819857,0.763040,1.041667,1.172969,0,5
4.0000,14.0,18.0,1.253661,-0.021352,0.637685,0.990183,1.041667,1.309025,0,13
4.0000,14.0,19.0,0.124731,0.279538,0.169328,0.550931,1.041667,0.635595,-1,10
4.0000,14.0,20.0,-0.323433,-0.131142,0.146545,0.617043,1.041667,0.690316,1,5
4.0000,14.0,21.0,-0.090040,0.061084,0.647869,0.099876,1.041667,0.423810,0,6
4.0000,14.0,22.0,-0.658070,-0.234873,0.712636,0.476772,1.041667,0.833090,0,5
4.0000,14.0,23.0,0.990585,0.051368,1.119401,0.622360,1.041667,1.182060,0,14
4.0000,14.0,24.0,-0.570869,-0.337649,0.743105,0.768724,1.041667,1.140276,0,5
4.0000,14.0,25.0,0.063470,-1.090703,0.197701,0.880474,1.041667,0.979325,0,8
4.0000,14.0,26.0,-0.029308,-0.221725,0.116057,0.328825,1.041667,0.386854,0,5
4.0000,14.0,27.0,0.038308,0.358068,0.173834,0.514458,1.041667,0.601374,0,10
4.0000,14.0,28.0,-0.750892,0.609383,0.104316,0.372964,1.041667,0.425122,0,2
4.0000,14.0,29.0,-0.503139,0.993834,0.631370,1.117848,1.041667,1.433533,0,7
4.0000,14.0,30.0,0.159835,0.105174,0.432064,0.283835,1.041667,0.499867,0,10
4.0000,14.0,31.0,0.262355,1.403768,0.792951,1.513420,1.041667,1.909896,0,11
4.0000,15.0,0.0,0.440457,0.062654,0.747248,0.506792,1.041667,0.880416,0,10
4.0000,15.0,1.0,-0.692300,0.503855,0.355359,0.530964,1.041667,0.708644,0,6
4.0000,15.0,2.0,0.107912,-0.217347,0.350280,0.408119,1.041667,0.583259,1,9
4.0000,15.0,3.0,0.821418,-0.170552,0.362584,0.381891,1.041667,0.563182,-1,13
4.0000,15.0,4.0,1.025705,0.522510,1.277810,1.189538,1.041667,1.828442,0,14
4.0000,15.0,5.0,-0.780905,0.183384,1.009710,0.353219,1.041667,0.858074,0,2
4.0000,15.0,6.0,0.777148,0.010191,0.139082,0.098571,1.041667,0.168112,1,14
4.0000,15.0,7.0,0.319637,-0.375107,0.491866,0.988336,1.041667,1.234269,0,9
4.0000,15.0,8.0,-0.354159,-0.562560,0.506282,0.794893,1.041667,1.048034,0,5
4.0000,15.0,9.0,0.137460,0.041450,0.431756,0.163268,1.041667,0.379146,0,10
4.0000,15.0,10.0,0.944904,-0.849861,1.289498,1.000139,1.041667,1.644889,0,12
4.0000,15.0,11.0,0.095194,-0.558063,0.369681,0.360346,1.041667,0.545187,0,9
4.0000,15.0,12.0,-0.690025,-0.433781,0.222995,0.611517,1.041667,0.723015,0,5
4.0000,15.0,13.0,-0.078507,-1.049125,0.151274,0.809588,1.041667,0.885225,0,4
4.0000,15.0,14.0,0.022327,-1.075005,0.115633,0.816912,1.041667,0.874729,0,8
4.0000,15.0,15.0,-0.249522,-0.485082,0.327689,0.797281,1.041667,0.961125,1,5
4.0000,15.0,16.0,0.409410,-0.264303,0.393776,0.903768,1.041667,1.100656,1,9
4.0000,15.0,17.0,-0.093119,-0.152660,0.670140,0.250609,1.041667,0.585679,-1,5
4.0000,15.0,18.0,0.214981,-0.348251,0.048540,0.807811,1.041667,0.832081,0,9
4.0000,15.0,19.0,0.484667,-0.142656,0.213571,0.576266,1.041667,0.683052,0,9
4.0000,15.0,20.0,0.066347,-0.716658,0.319577,0.114405,1.041667,0.274194,0,9
4.0000,15.0,21.0,-0.904357,-1.171034,0.393759,1.861241,1.041667,2.058120,0,0
4.0000,15.0,22.0,-0.830158,-0.090191,1.067048,0.243870,1.041667,0.777395,0,1
4.0000,15.0,23.0,-0.341736,-0.284861,0.416271,0.932192,1.041667,1.140328,0,5
4.0000,15.0,24.0,0.794037,-0.711782,0.472957,0.352791,1.041667,0.589269,0,13
4.0000,15.0,25.0,0.209346,-1.166810,0.395835,1.274015,1.041667,1.471933,0,8
4.0000,15.0,26.0,0.295441,-0.356023,0.234467,0.954796,1.041667,1.072030,0,9
4.0000,15.0,27.0,0.122205,0.406019,0.167260,0.619652,1.041667,0.703282,1,10
4.0000,15.0,28.0,-0.440012,0.943201,0.596896,1.019117,1.041667,1.317564,0,7
4.0000,15.0,29.0,-0.522604,-0.144521,0.115659,0.515536,1.041667,0.573366,0,5
4.0000,15.0,30.0,-0.002457,0.034043,0.417675,0.010152,1.041667,0.218990,0,6
4.0000,15.0,31.0,0.592678,0.248989,0.504928,0.603324,1.041667,0.855788,-1,10
4.0000,16.0,0.0,-0.786700,0.135305,0.447052,0.257364,1.041667,0.480890,0,2
4.0000,16.0,1.0,-0.499469,0.030801,0.211983,0.399916,1.041667,0.505908,0,6
4.0000,16.0,2.0,0.096416,0.725896,0.456833,0.154179,1.041667,0.382596,0,10
4.0000,16.0,3.0,-0.121429,-0.368808,0.782873,0.623926,1.041667,1.015363,-1,5
4.0000,16.0,4.0,-0.187325,0.011675,0.508619,0.251139,1.041667,0.505448,0,6
4.0000,16.0,5.0,0.347969,0.737427,0.126182,0.605519,1.041667,0.668610,0,10
4.0000,16.0,6.0,0.366807,0.183910,0.135299,0.748981,1.041667,0.816631,0,10
4.0000,16.0,7.0,0.145920,0.828283,0.317720,0.341612,1.041667,0.500472,0,11
4.0000,16.0,8.0,0.673792,0.039044,0.102377,0.114373,1.041667,0.165562,0,10
4.0000,16.0,9.0,0.284902,-0.467355,0.584601,0.883370,1.041667,1.175671,-1,9
4.0000,16.0,10.0,-0.653915,0.489774,0.180468,0.581166,1.041667,0.671401,1,6
4.0000,16.0,11.0,-0.496640,0.146524,0.189063,0.564871,1.041667,0.659403,0,6
4.0000,16.0,12.0,-0.880059,-0.112434,1.238503,0.392128,1.041667,1.011380,0,1
4.0000,16.0,13.0,0.690466,-0.994918,0.663054,0.933858,1.041667,1.265385,0,8
4.0000,16.0,14.0,0.174485,-1.207176,1.035393,1.219181,1.041667,1.736878,0,8
4.0000,16.0,15.0,0.569679,-0.089190,0.361652,0.329212,1.041667,0.510037,0,9
4.0000,16.0,16.0,-0.436344,0.506934,0.824630,0.879963,1.041667,1.292278,0,6
4.0000,16.0,17.0,0.150336,1.424715,0.922593,1.274612,1.041667,1.735908,-1,11
4.0000,16.0,18.0,0.038932,-0.128780,0.011560,0.145179,1.041667,0.150959,0,9
4.0000,16.0,19.0,-0.085007,0.016357,0.172037,0.063118,1.041667,0.149137,0,6
4.0000,16.0,20.0,-0.291838,-0.752544,0.456232,0.547908,1.041667,0.776024,0,4
4.0000,16.0,21.0,-0.272276,-1.128813,0.508046,1.367387,1.041667,1.621410,0,4
4.0000,16.0,22.0,0.753519,-1.308267,0.953115,1.557835,1.041667,2.034393,0,12
4.0000,16.0,23.0,-0.742874,-0.106170,0.335756,0.172264,1.041667,0.340142,0,5
4.0000,16.0,24.0,-0.340368,-0.948509,0.919824,1.020397,1.041667,1.480309,-1,4
4.0000,16.0,25.0,-0.094330,-0.257780,0.152819,0.464341,1.041667,0.540750,0,5
4.0000,16.0,26.0,0.282691,0.215805,0.293351,0.741626,1.041667,0.888301,0,10
4.0000,16.0,27.0,0.326919,0.555945,0.574239,0.786966,1.041667,1.074086,-1,10
4.0000,16.0,28.0,-0.048737,-0.078819,0.185814,0.073119,1.041667,0.166025,-1,5
4.0000,16.0,29.0,-0.886530,0.022076,1.008273,0.305343,1.041667,0.809479,1,2
4.0000,16.0,30.0,0.855357,0.765117,1.717083,0.526870,1.041667,1.385412,1,15
4.0000,16.0,31.0,-0.553089,-0.556639,0.778219,0.626749,1.041667,1.015858,-1,5
4.0000,17.0,0.0,0.512609,0.216431,0.274553,0.685442,1.041667,0.822718,0,10
4.0000,17.0,1.0,-0.420044,0.089008,0.300418,0.557249,1.041667,0.707459,0,6
4.0000,17.0,2.0,-0.164022,0.009186,0.531842,0.202066,1.041667,0.467987,0,6
4.0000,17.0,3.0,-0.848302,1.197730,0.300976,1.695219,1.041667,1.845707,0,3
4.0000,17.0,4.0,-0.895318,0.860182,0.472256,0.856698,1.041667,1.092826,0,3
4.0000,17.0,5.0,-0.062060,0.564600,0.098821,0.304659,1.041667,0.354069,0,6
4.0000,17.0,6.0,0.165466,-0.007533,0.071606,0.204799,1.041667,0.240602,0,9
4.0000,17.0,7.0,0.107715,0.221757,0.114982,0.416756,1.041667,0.474247,0,10
4.0000,17.0,8.0,0.639741,0.065004,0.445532,0.178191,1.041667,0.400957,0,10
4.0000,17.0,9.0,-0.446298,-0.546585,0.055091,0.801932,1.041667,0.829477,0,5
4.0000,17.0,10.0,-0.696606,-0.270158,0.732724,0.512117,1.041667,0.878478,1,5
4.0000,17.0,11.0,0.138511,-0.225987,0.633216,0.480706,1.041667,0.797314,-1,9
4.0000,17.0,12.0,-0.187051,-1.220777,0.568434,1.254432,1.041667,1.538649,1,4
4.0000,17.0,13.0,-0.681039,-0.316760,0.570873,0.590969,1.041667,0.876405,0,5
4.0000,17.0,14.0,-0.040568,0.432718,0.146395,0.494559,1.041667,0.567757,-1,6
4.0000,17.0,15.0,0.302720,-0.000346,0.276571,0.457650,1.041667,0.595936,0,9
4.0000,17.0,16.0,1.008298,0.665098,0.313817,0.982540,1.041667,1.139449,0,14
4.0000,17.0,17.0,0.678680,0.432007,0.285253,0.620068,1.041667,0.762695,1,10
4.0000,17.0,18.0,-0.036929,-0.192493,0.142675,0.272692,1.041667,0.344029,0,5
4.0000,17.0,19.0,-0.039970,-0.211973,0.163405,0.315324,1.041667,0.397027,0,5
4.0000,17.0,20.0,0.575085,0.212552,0.142271,0.561102,1.041667,0.632238,0,10
4.0000,17.0,21.0,0.224987,-0.291882,0.442320,0.773640,1.041667,0.994800,0,9
4.0000,17.0,22.0,0.666419,-0.960930,1.238809,0.825093,1.041667,1.444497,-1,8
4.0000,17.0,23.0,-0.775186,0.579710,0.351443,0.439105,1.041667,0.614826,0,2
4.0000,17.0,24.0,0.129994,0.760413,0.856612,0.223660,1.041667,0.651966,0,11
4.0000,17.0,25.0,-0.089859,-0.752579,0.367200,0.150112,1.041667,0.333712,0,4
4.0000,17.0,26.0,-0.185459,-0.698846,0.071242,0.336657,1.041667,0.372278,0,5
4.0000,17.0,27.0,-0.285932,-0.617651,0.122825,0.625781,1.041667,0.687193,0,5
4.0000,17.0,28.0,0.009652,-0.245453,0.242290,0.368391,1.041667,0.489536,-1,9
4.0000,17.0,29.0,-0.218129,0.029308,0.530539,0.321532,1.041667,0.586801,0,6
4.0000,17.0,30.0,0.314042,-0.921464,1.022227,0.909160,1.041667,1.420273,0,8
4.0000,17.0,31.0,0.504473,0.652111,0.184068,0.561770,1.041667,0.653804,0,10
4.0000,18.0,0.0,0.099842,0.420776,0.260625,0.573057,1.041667,0.703370,0,10
4.0000,18.0,1.0,0.627342,0.269943,0.539138,0.584428,1.041667,0.853997,1,10
4.0000,18.0,2.0,-0.660399,-0.001057,0.332969,0.114749,1.041667,0.281233,0,5
4.0000,18.0,3.0,0.001068,0.592480,0.134453,0.218684,1.041667,0.285911,0,10
4.0000,18.0,4.0,0.151669,0.965784,0.133326,0.713124,1.041667,0.779786,0,11
4.0000,18.0,5.0,-0.188950,0.573474,0.186061,0.513314,1.041667,0.606344,0,6
4.0000,18.0,6.0,-0.310960,-0.066990,0.081815,0.505783,1.041667,0.546691,-1,5
4.0000,18.0,7.0,-0.043891,-0.137858,0.205096,0.165821,1.041667,0.268369,0,5
4.0000,18.0,8.0,0.270878,-0.239209,0.249436,0.769976,1.041667,0.894694,0,9
4.0000,18.0,9.0,-0.205482,-0.393930,0.405046,0.794124,1.041667,0.996647,0,5
4.0000,18.0,10.0,0.778326,-0.033307,1.064601,0.108758,1.041667,0.641058,0,13
4.0000,18.0,11.0,-0.728141,0.602374,0.843139,0.371595,1.041667,0.793165,-1,6
4.0000,18.0,12.0,0.418382,-0.301040,0.679967,0.954842,1.041667,1.294825,0,9
4.0000,18.0,13.0,-0.726160,0.827588,0.525236,0.423313,1.041667,0.685931,0,7
4.0000,18.0,14.0,0.090481,-0.080135,0.025107,0.122754,1.041667,0.135308,1,9
4.0000,18.0,15.0,0.019445,-0.292548,0.147620,0.447850,1.041667,0.521660,-1,9
4.0000,18.0,16.0,0.081067,0.182886,0.215227,0.296211,1.041667,0.403824,0,10
4.0000,18.0,17.0,0.373854,0.049914,0.263479,0.526588,1.041667,0.658328,0,10
4.0000,18.0,18.0,-0.522096,0.386232,0.964165,0.876379,1.041667,1.358461,0,6
4.0000,18.0,19.0,-0.336670,-0.296091,0.804300,0.944658,1.041667,1.346808,1,5
4.0000,18.0,20.0,0.770279,-0.179828,0.418502,0.335406,1.041667,0.544657,0,13
4.0000,18.0,21.0,0.923631,-1.091063,0.585122,1.754967,1.041667,2.047528,0,12
4.0000,18.0,22.0,-0.040360,-1.023425,0.278623,0.704087,1.041667,0.843398,0,4
4.0000,18.0,23.0,-0.514063,-0.117127,0.069420,0.479004,1.041667,0.513714,0,5
4.0000,18.0,24.0,-0.569102,-0.014331,0.191220,0.264237,1.041667,0.359847,0,5
4.0000,18.0,25.0,-0.228253,0.446428,0.305520,0.806065,1.041667,0.958825,0,6
4.0000,18.0,26.0,-0.664266,-0.501300,0.193842,0.554301,1.041667,0.651222,0,5
4.0000,18.0,27.0,-0.555004,-0.178333,0.063592,0.525380,1.041667,0.557176,0,5
4.0000,18.0,28.0,-0.780295,0.221200,0.355160,0.435828,1.041667,0.613408,0,2
4.0000,18.0,29.0,0.115961,0.936704,0.345896,0.555719,1.041667,0.728667,0,11
4.0000,18.0,30.0,-0.067520,0.274744,0.319717,0.457426,1.041667,0.617285,-1,6
4.0000,18.0,31.0,0.507015,-0.087065,0.366648,0.443181,1.041667,0.626505,0,9
4.0000,19.0,0.0,0.744738,-0.149839,0.916789,0.255926,1.041667,0.714320,0,9
4.0000,19.0,1.0,0.070170,0.608161,0.159082,0.233765,1.041667,0.313306,0,10
4.0000,19.0,2.0,0.043716,0.214053,0.151049,0.322304,1.041667,0.397828,0,10
4.0000,19.0,3.0,0.605453,0.694917,0.358818,0.368523,1.041667,0.547932,-1,10
4.0000,19.0,4.0,-0.168699,0.564863,0.426509,0.486033,1.041667,0.699287,0,6
4.0000,19.0,5.0,0.204977,0.168523,0.076059,0.498134,1.041667,0.536163,0,10
4.0000,19.0,6.0,0.126643,0.176757,0.466440,0.356083,1.041667,0.589303,0,10
4.0000,19.0,7.0,0.506555,-0.776640,0.536138,0.553928,1.041667,0.821997,0,8
4.0000,19.0,8.0,-0.381958,-0.805504,0.650995,0.684017,1.041667,1.009515,-1,4
4.0000,19.0,9.0,-0.049622,0.311735,0.150081,0.489476,1.041667,0.564517,0,6
4.0000,19.0,10.0,-0.261359,0.676572,0.151215,0.510020,1.041667,0.585628,1,6
4.0000,19.0,11.0,0.367323,0.806933,1.184391,0.681861,1.041667,1.274056,0,11
4.0000,19.0,12.0,0.596642,-0.624017,0.991839,0.445149,1.041667,0.941069,-1,9
4.0000,19.0,13.0,-0.004370,0.529095,0.197932,0.338816,1.041667,0.437782,1,6
4.0000,19.0,14.0,-0.057573,0.088221,0.794313,0.093779,1.041667,0.490935,-1,6
4.0000,19.0,15.0,-0.580647,-0.315682,0.521661,0.729600,1.041667,0.990431,1,5
4.0000,19.0,16.0,-0.789254,0.176304,0.320466,0.346912,1.041667,0.507145,1,2
4.0000,19.0,17.0,0.311368,0.416214,0.888348,0.968807,1.041667,1.412981,-1,10
4.0000,19.0,18.0,0.633991,-1.035096,0.688581,1.084144,1.041667,1.428435,0,8
4.0000,19.0,19.0,0.837278,0.478631,0.200776,0.691738,1.041667,0.792126,0,14
4.0000,19.0,20.0,0.139469,0.469956,0.547872,0.591515,1.041667,0.865451,0,10
4.0000,19.0,21.0,-0.251344,-0.929600,0.971988,0.825882,1.041667,1.311876,0,4
4.0000,19.0,22.0,0.045895,-0.775876,0.107109,0.115335,1.041667,0.168889,0,8
4.0000,19.0,23.0,-0.303163,-0.585746,0.468534,0.705005,1.041667,0.939272,1,5
4.0000,19.0,24.0,-0.078248,-0.456443,1.098187,0.507348,1.041667,1.056441,-1,5
4.0000,19.0,25.0,-0.534088,0.245802,0.716403,0.706126,1.041667,1.064328,-1,6
4.0000,19.0,26.0,0.137030,-0.370730,0.241944,0.653359,1.041667,0.774331,0,9
4.0000,19.0,27.0,-0.734273,-0.069490,0.165319,0.117327,1.041667,0.199987,0,5
4.0000,19.0,28.0,-0.602383,-0.050400,0.625272,0.223350,1.041667,0.535987,1,5
4.0000,19.0,29.0,0.713535,0.191968,0.264881,0.345455,1.041667,0.477895,0,10
4.0000,19.0,30.0,0.535009,-0.399667,0.314018,0.851473,1.041667,1.008482,0,9
4.0000,19.0,31.0,-0.511115,-0.166508,0.510315,0.581463,1.041667,0.836621,0,5
4.0000,20.0,0.0,-0.865016,0.065200,0.538948,0.285290,1.041667,0.554764,0,2
4.0000,20.0,1.0,-0.032102,-0.077294,0.192376,0.059606,1.041667,0.155794,-1,5
4.0000,20.0,2.0,-0.183847,0.289093,0.114332,0.683798,1.041667,0.740964,0,6
4.0000,20.0,3.0,0.298001,-0.156271,0.912569,0.638308,1.041667,1.094592,0,9
4.0000,20.0,4.0,-0.824548,-0.424673,0.181449,0.710852,1.041667,0.801576,0,1
4.0000,20.0,5.0,-0.312519,-0.005348,0.081266,0.469164,1.041667,0.509797,0,5
4.0000,20.0,6.0,-0.736957,-0.081422,0.316093,0.132984,1.041667,0.291031,1,5
4.0000,20.0,7.0,-0.318141,0.044420,0.434632,0.491943,1.041667,0.709259,0,6
4.0000,20.0,8.0,0.722922,-0.648813,0.706727,0.313562,1.041667,0.666925,0,9
4.0000,20.0,9.0,-0.588689,-0.051297,0.154661,0.248803,1.041667,0.326134,0,5
4.0000,20.0,10.0,-0.041969,0.296448,0.642548,0.465096,1.041667,0.786370,-1,6
4.0000,20.0,11.0,-0.474836,-0.581637,0.112487,0.707089,1.041667,0.763332,0,5
4.0000,20.0,12.0,-0.896263,-0.405591,0.362839,0.891332,1.041667,1.072752,0,1
4.0000,20.0,13.0,-0.214871,-0.212671,0.607642,0.611243,1.041667,0.915064,0,5
4.0000,20.0,14.0,0.854163,-1.293533,0.960277,1.822243,1.041667,2.302382,0,12
4.0000,20.0,15.0,0.700855,0.082851,0.813799,0.140748,1.041667,0.547648,0,10
4.0000,20.0,16.0,-0.683348,0.217817,0.315012,0.416941,1.041667,0.574448,0,6
4.0000,20.0,17.0,-0.068048,-0.678798,0.170068,0.136857,1.041667,0.221891,0,5
4.0000,20.0,18.0,0.161790,-0.589385,1.209208,0.425620,1.041667,1.030224,0,9
4.0000,20.0,19.0,0.292609,0.618013,0.330606,0.635307,1.041667,0.800610,1,10
4.0000,20.0,20.0,0.078145,0.193851,0.236905,0.315460,1.041667,0.433913,0,10
4.0000,20.0,21.0,0.137430,0.974296,0.872094,0.708358,1.041667,1.144405,-1,11
4.0000,20.0,22.0,-0.388401,-0.489817,0.641819,0.929595,1.041667,1.250504,0,5
4.0000,20.0,23.0,0.867815,0.074285,1.342735,0.302948,1.041667,0.974315,-1,14
4.0000,20.0,24.0,0.195914,1.445304,1.428085,1.424734,1.041667,2.138776,0,11
4.0000,20.0,25.0,0.773059,-0.325572,0.394791,0.607290,1.041667,0.804686,1,13
4.0000,20.0,26.0,-0.120122,-0.598181,0.240639,0.327279,1.041667,0.447598,0,5
4.0000,20.0,27.0,-0.326985,-0.760599,0.572392,0.598484,1.041667,0.884681,0,4
4.0000,20.0,28.0,0.210399,-0.274213,0.775896,0.717289,1.041667,1.105237,-1,9
4.0000,20.0,29.0,0.893294,0.995279,1.482248,1.325591,1.041667,2.066715,0,15
4.0000,20.0,30.0,0.506667,-0.726058,0.253164,0.521344,1.041667,0.647926,0,9
4.0000,20.0,31.0,0.169267,-0.196443,0.531627,0.481803,1.041667,0.747616,0,9
4.0000,21.0,0.0,0.335691,0.058447,0.205708,0.519312,1.041667,0.622166,0,10
4.0000,21.0,1.0,-0.002429,0.704599,0.160096,0.079538,1.041667,0.159586,0,6
4.0000,21.0,2.0,-0.277870,0.155076,0.418142,0.607189,1.041667,0.816259,0,6
4.0000,21.0,3.0,-1.096738,0.454319,0.391742,1.436320,1.041667,1.632191,0,2
4.0000,21.0,4.0,-0.816460,0.111726,0.046050,0.254795,1.041667,0.277820,0,2
4.0000,21.0,5.0,-0.684192,-0.036826,0.332422,0.103946,1.041667,0.270157,0,5
4.0000,21.0,6.0,-0.223406,-0.981086,0.394238,0.919603,1.041667,1.116722,0,4
4.0000,21.0,7.0,0.068511,-0.112564,0.217361,0.143298,1.041667,0.251979,0,9
4.0000,21.0,8.0,-0.070650,-0.994943,0.712556,0.655701,1.041667,1.011979,-1,4
4.0000,21.0,9.0,-0.645416,0.390965,0.922283,0.668799,1.041667,1.129940,0,6
4.0000,21.0,10.0,1.210951,0.091571,0.875262,1.051717,1.041667,1.489348,1,14
4.0000,21.0,11.0,0.004602,-0.474420,0.292579,0.431036,1.041667,0.577325,0,9
4.0000,21.0,12.0,-0.306125,0.370023,0.420684,0.972605,1.041667,1.182947,0,6
4.0000,21.0,13.0,0.112182,-0.324513,0.180692,0.583960,1.041667,0.674306,0,9
4.0000,21.0,14.0,0.122027,-0.115760,0.302627,0.228479,1.041667,0.379792,0,9
4.0000,21.0,15.0,-0.316539,0.617519,0.498013,0.667384,1.041667,0.916391,0,6
4.0000,21.0,16.0,-0.961700,0.225286,0.232862,0.866122,1.041667,0.982554,0,2
4.0000,21.0,17.0,-0.408275,0.030917,0.283830,0.505715,1.041667,0.647630,1,6
4.0000,21.0,18.0,-0.862327,0.931499,0.894308,0.989269,1.041667,1.436423,0,3
4.0000,21.0,19.0,-0.214158,-0.298339,0.446100,0.760106,1.041667,0.983156,0,5
4.0000,21.0,20.0,0.574250,-0.104297,0.122790,0.343951,1.041667,0.405346,0,9
4.0000,21.0,21.0,0.241330,-0.054029,0.585577,0.385068,1.041667,0.677857,0,9
4.0000,21.0,22.0,-0.147516,-1.272734,0.016064,1.173292,1.041667,1.181324,0,4
4.0000,21.0,23.0,-0.113676,-1.366712,0.946420,1.129749,1.041667,1.602959,0,4
4.0000,21.0,24.0,-0.139327,-0.014441,0.042123,0.153746,1.041667,0.174808,0,5
4.0000,21.0,25.0,0.162120,0.252210,0.410300,0.578251,1.041667,0.783401,0,10
4.0000,21.0,26.0,-0.606395,0.212327,0.787757,0.504348,1.041667,0.898226,0,6
4.0000,21.0,27.0,0.959931,-0.431871,0.942818,1.075766,1.041667,1.547175,0,13
4.0000,21.0,28.0,0.308411,-1.282193,1.573221,1.531042,1.041667,2.317652,-1,8
4.0000,21.0,29.0,-0.746539,0.638268,0.402744,0.334525,1.041667,0.535897,0,6
4.0000,21.0,30.0,0.006776,-0.119070,0.419235,0.114857,1.041667,0.324474,0,9
4.0000,21.0,31.0,0.831152,0.545324,0.779598,0.585565,1.041667,0.975364,-1,14
4.0000,22.0,0.0,0.167493,0.570994,0.149511,0.471865,1.041667,0.546621,0,10
4.0000,22.0,1.0,-0.107265,0.203049,0.353640,0.377497,1.041667,0.554317,0,6
4.0000,22.0,2.0,-0.891658,-0.576866,0.858619,0.694316,1.041667,1.123625,0,1
4.0000,22.0,3.0,0.048261,0.209331,0.390389,0.316157,1.041667,0.511352,0,10
4.0000,22.0,4.0,-1.135065,-0.095946,0.057138,0.996543,1.041667,1.025112,0,1
4.0000,22.0,5.0,-1.119193,0.154252,0.704125,1.088258,1.041667,1.440320,0,2
4.0000,22.0,6.0,-0.711155,-0.274330,0.516022,0.513748,1.041667,0.771759,0,5
4.0000,22.0,7.0,-0.144863,0.048547,0.509013,0.183118,1.041667,0.437624,0,6
4.0000,22.0,8.0,-0.781932,-0.689647,0.153318,0.335582,1.041667,0.412241,1,1
4.0000,22.0,9.0,-0.878540,0.076245,0.390979,0.331949,1.041667,0.527438,1,2
4.0000,22.0,10.0,-0.083357,0.315610,0.567954,0.531048,1.041667,0.815026,0,6
4.0000,22.0,11.0,-0.241361,0.073468,0.455913,0.405906,1.041667,0.633863,-1,6
4.0000,22.0,12.0,-0.024318,-0.602583,0.194412,0.205859,1.041667,0.303065,0,5
4.0000,22.0,13.0,0.729295,-0.870649,0.950812,0.536904,1.041667,1.012310,1,8
4.0000,22.0,14.0,0.804192,-0.238726,0.402056,0.503153,1.041667,0.704182,1,13
4.0000,22.0,15.0,0.505377,-0.246442,0.458032,0.758602,1.041667,0.987618,0,9
4.0000,22.0,16.0,-0.243995,0.494153,0.350457,0.772467,1.041667,0.947696,0,6
4.0000,22.0,17.0,-0.749698,0.070136,0.598399,0.122292,1.041667,0.421491,1,6
4.0000,22.0,18.0,-0.057845,-0.067208,0.365650,0.067391,1.041667,0.250216,-1,5
4.0000,22.0,19.0,0.797497,0.020587,0.515081,0.124500,1.041667,0.382041,0,14
4.0000,22.0,20.0,-0.002087,-0.317914,0.340609,0.474543,1.041667,0.644848,0,5
4.0000,22.0,21.0,-0.358420,-0.642389,0.201956,0.665693,1.041667,0.766671,0,5
4.0000,22.0,22.0,-0.183352,-1.502939,1.195254,1.555215,1.041667,2.152842,1,4
4.0000,22.0,23.0,-0.482124,-0.017404,0.149808,0.422098,1.041667,0.497002,0,5
4.0000,22.0,24.0,-0.112940,0.061874,0.303128,0.136710,1.041667,0.288274,0,6
4.0000,22.0,25.0,-0.494991,1.037831,0.663444,1.257216,1.041667,1.588938,1,7
4.0000,22.0,26.0,-0.075371,0.238249,0.585342,0.402292,1.041667,0.694963,0,6
4.0000,22.0,27.0,-0.655805,-0.317226,0.075508,0.615582,1.041667,0.653337,0,5
4.0000,22.0,28.0,-0.178192,-0.161920,0.188833,0.428200,1.041667,0.522617,1,5
4.0000,22.0,29.0,-0.061233,0.655198,0.040304,0.153847,1.041667,0.173999,0,6
4.0000,22.0,30.0,-0.019102,0.626085,0.456516,0.164715,1.041667,0.392973,0,6
4.0000,22.0,31.0,-0.476584,-0.416804,0.614836,0.939799,1.041667,1.247217,0,5
4.0000,23.0,0.0,-0.435385,0.724963,0.150240,0.602020,1.041667,0.677139,0,6
4.0000,23.0,1.0,-0.370957,0.551601,0.224110,0.821465,1.041667,0.933520,1,6
4.0000,23.0,2.0,0.093931,0.403714,0.050665,0.573673,1.041667,0.599005,0,10
4.0000,23.0,3.0,-0.167956,0.063201,0.136391,0.243739,1.041667,0.311935,0,6
4.0000,23.0,4.0,-0.780286,0.103640,0.806113,0.192435,1.041667,0.595492,0,2
4.0000,23.0,5.0,0.450574,0.107856,0.176139,0.558361,1.041667,0.646430,-1,10
4.0000,23.0,6.0,0.269641,0.548588,1.049687,0.722752,1.041667,1.247595,0,10
4.0000,23.0,7.0,-0.216685,-0.990734,0.601186,0.932809,1.041667,1.233401,0,4
4.0000,23.0,8.0,-0.657390,-0.732498,0.378610,0.308828,1.041667,0.498133,0,5
4.0000,23.0,9.0,-0.752686,-0.850287,0.645713,0.498947,1.041667,0.821803,0,0
4.0000,23.0,10.0,0.756398,-0.902188,0.231407,0.657780,1.041667,0.773483,1,12
4.0000,23.0,11.0,0.867857,-0.225087,0.561517,0.601242,1.041667,0.882000,1,13
4.0000,23.0,12.0,-0.235591,-0.297262,0.312600,0.802025,1.041667,0.958324,-1,5
4.0000,23.0,13.0,-0.078898,0.786198,1.170651,0.161505,1.041667,0.746831,0,7
4.0000,23.0,14.0,-0.032839,-1.143300,1.105505,0.934324,1.041667,1.487077,-1,4
4.0000,23.0,15.0,0.337569,0.586582,0.167586,0.740161,1.041667,0.823954,0,10
4.0000,23.0,16.0,0.738827,0.513225,0.521810,0.515117,1.041667,0.776022,1,10
4.0000,23.0,17.0,0.307690,-0.811908,1.370660,0.636250,1.041667,1.321580,0,8
4.0000,23.0,18.0,0.278348,0.713982,0.053205,0.519937,1.041667,0.546539,0,10
4.0000,23.0,19.0,0.041731,0.878039,1.118459,0.294938,1.041667,0.854167,-1,11
4.0000,23.0,20.0,0.961248,-0.767541,0.595764,0.874485,1.041667,1.172367,1,12
4.0000,23.0,21.0,-0.359515,-0.833774,0.612243,0.726904,1.041667,1.033026,1,4
4.0000,23.0,22.0,0.497913,-0.081386,0.688433,0.450858,1.041667,0.795074,0,9
4.0000,23.0,23.0,-0.693286,0.624517,0.664222,0.343084,1.041667,0.675195,-1,6
4.0000,23.0,24.0,-0.311842,-0.211062,0.043046,0.769868,1.041667,0.791391,0,5
4.0000,23.0,25.0,-0.576204,-0.315596,0.257846,0.737609,1.041667,0.866532,0,5
4.0000,23.0,26.0,-0.548254,-0.975133,0.603104,0.998829,1.041667,1.300380,-1,4
4.0000,23.0,27.0,-0.454549,-0.220814,0.227790,0.781683,1.041667,0.895579,1,5
4.0000,23.0,28.0,0.068800,-0.048055,0.217995,0.060389,1.041667,0.169386,0,9
4.0000,23.0,29.0,-0.079420,0.257375,0.148151,0.442769,1.041667,0.516845,-1,6
4.0000,23.0,30.0,0.506595,0.123293,0.568936,0.503245,1.041667,0.787713,0,10
4.0000,23.0,31.0,-0.150777,0.564325,0.041562,0.449577,1.041667,0.470358,0,6
4.0000,24.0,0.0,0.132494,0.230730,0.178547,0.478657,1.041667,0.567931,-1,10
4.0000,24.0,1.0,-0.048509,-0.193031,0.369651,0.282334,1.041667,0.467159,0,5
4.0000,24.0,2.0,0.109831,0.270028,0.093361,0.509775,1.041667,0.556456,0,10
4.0000,24.0,3.0,-0.212571,0.471842,0.142700,0.742194,1.041667,0.813544,0,6
4.0000,24.0,4.0,0.305266,0.832333,0.575466,0.670123,1.041667,0.957856,0,11
4.0000,24.0,5.0,1.114642,0.299133,1.894450,1.393736,1.041667,2.340960,1,14
4.0000,24.0,6.0,-0.614933,-0.351553,0.237410,0.701808,1.041667,0.820513,0,5
4.0000,24.0,7.0,-0.794756,0.354506,0.166883,0.657073,1.041667,0.740514,0,2
4.0000,24.0,8.0,-0.733517,0.486390,0.528427,0.551210,1.041667,0.815424,0,6
4.0000,24.0,9.0,-0.559552,-0.334999,1.150963,0.787491,1.041667,1.362972,0,5
4.0000,24.0,10.0,1.419663,-0.780453,1.228847,1.784672,1.041667,2.399095,0,12
4.0000,24.0,11.0,0.199340,0.534087,0.682399,0.610107,1.041667,0.951307,-1,10
4.0000,24.0,12.0,-0.248983,-0.069708,0.153170,0.415699,1.041667,0.492284,0,5
4.0000,24.0,13.0,-0.430819,-0.126859,0.320384,0.611718,1.041667,0.771910,-1,5
4.0000,24.0,14.0,-0.266326,-0.030730,0.581094,0.412882,1.041667,0.703429,0,5
4.0000,24.0,15.0,0.444020,1.288454,0.447703,1.621742,1.041667,1.845593,0,11
4.0000,24.0,16.0,0.402503,0.692866,0.235684,0.624552,1.041667,0.742394,0,10
4.0000,24.0,17.0,0.837176,0.883109,0.403348,0.751897,1.041667,0.953571,0,15
4.0000,24.0,18.0,-0.064474,0.602662,0.416000,0.236791,1.041667,0.444791,0,6
4.0000,24.0,19.0,0.946591,0.559260,0.642965,0.891108,1.041667,1.212591,1,14
4.0000,24.0,20.0,0.471787,-0.139303,0.168083,0.588639,1.041667,0.672681,0,9
4.0000,24.0,21.0,0.080833,0.142851,0.330617,0.214000,1.041667,0.379308,-1,10
4.0000,24.0,22.0,-0.172032,0.541230,0.172867,0.538014,1.041667,0.624447,0,6
4.0000,24.0,23.0,0.651945,0.564944,0.429866,0.463050,1.041667,0.677983,0,10
4.0000,24.0,24.0,-0.126269,-0.449669,0.481368,0.591866,1.041667,0.832550,0,5
4.0000,24.0,25.0,-0.017856,0.217191,0.115805,0.314901,1.041667,0.372804,0,6
4.0000,24.0,26.0,-0.330177,0.361684,0.398338,0.995406,1.041667,1.194575,0,6
4.0000,24.0,27.0,0.276153,0.050286,0.278145,0.442480,1.041667,0.581552,0,10
4.0000,24.0,28.0,0.024564,0.820719,0.437229,0.161513,1.041667,0.380127,-1,11
4.0000,24.0,29.0,0.126222,-0.177281,0.405560,0.356407,1.041667,0.559187,0,9
4.0000,24.0,30.0,-0.767550,-0.036871,0.374884,0.101700,1.041667,0.289142,1,1
4.0000,24.0,31.0,-0.379863,0.647763,0.602272,0.665515,1.041667,0.966651,0,6
4.0000,25.0,0.0,0.460207,-0.397328,0.387075,0.968766,1.041667,1.162303,0,9
4.0000,25.0,1.0,0.982236,0.227293,0.714765,0.931616,1.041667,1.288998,0,14
4.0000,25.0,2.0,-0.327712,0.463231,0.208091,0.941313,1.041667,1.045359,0,6
4.0000,25.0,3.0,0.007300,0.119215,0.774343,0.115176,1.041667,0.502347,0,10
4.0000,25.0,4.0,-0.840647,0.610173,0.284830,0.512536,1.041667,0.654951,0,2
4.0000,25.0,5.0,-0.877259,-0.142799,0.317428,0.443685,1.041667,0.602399,-1,1
4.0000,25.0,6.0,-0.018920,-0.099457,0.353935,0.085034,1.041667,0.262001,0,5
4.0000,25.0,7.0,-0.037815,0.625484,0.933655,0.175109,1.041667,0.641936,-1,6
4.0000,25.0,8.0,-0.732987,-0.700524,0.608107,0.287903,1.041667,0.591956,0,5
4.0000,25.0,9.0,-1.234942,-0.513825,0.870005,1.550607,1.041667,1.985610,0,1
4.0000,25.0,10.0,0.141632,-0.525850,0.546423,0.503829,1.041667,0.777041,0,9
4.0000,25.0,11.0,0.721678,-0.841121,1.317249,0.453560,1.041667,1.112184,0,8
4.0000,25.0,12.0,-0.966359,0.178726,0.162527,0.774684,1.041667,0.855947,1,2
4.0000,25.0,13.0,-1.393536,0.437422,1.856487,1.697328,1.041667,2.625571,1,2
4.0000,25.0,14.0,0.013827,0.001731,0.417208,0.001702,1.041667,0.210306,0,10
4.0000,25.0,15.0,0.724978,0.124226,0.546150,0.202248,1.041667,0.475323,-1,10
4.0000,25.0,16.0,-0.371131,0.347767,0.143904,1.010120,1.041667,1.082072,0,6
4.0000,25.0,17.0,0.084931,0.488269,0.456287,0.471380,1.041667,0.699523,0,10
4.0000,25.0,18.0,0.510003,1.159298,0.521588,1.489453,1.041667,1.750247,0,11
4.0000,25.0,19.0,0.022571,1.561566,0.952703,1.524157,1.041667,2.000509,0,11
4.0000,25.0,20.0,-0.191441,-0.137105,0.174189,0.406581,1.041667,0.493676,-1,5
4.0000,25.0,21.0,0.012284,-0.903631,0.826273,0.348084,1.041667,0.761220,-1,8
4.0000,25.0,22.0,-0.273803,0.581344,0.349625,0.668736,1.041667,0.843548,0,6
4.0000,25.0,23.0,0.695149,0.852245,0.352313,0.477929,1.041667,0.654086,-1,11
4.0000,25.0,24.0,1.031682,-0.091666,0.958051,0.785288,1.041667,1.264314,-1,13
4.0000,25.0,25.0,-0.557331,0.449067,0.474769,0.779827,1.041667,1.017212,0,6
4.0000,25.0,26.0,0.693662,0.077950,0.365918,0.138123,1.041667,0.321082,1,10
4.0000,25.0,27.0,0.820102,-0.349508,0.414881,0.694105,1.041667,0.901545,0,13
4.0000,25.0,28.0,0.106236,-0.037130,0.373409,0.104684,1.041667,0.291388,0,9
4.0000,25.0,29.0,0.819402,0.391224,1.006791,0.708714,1.041667,1.212109,0,14
4.0000,25.0,30.0,-0.140608,-0.735049,0.545721,0.234673,1.041667,0.507533,0,5
4.0000,25.0,31.0,0.951933,0.201688,0.475270,0.783935,1.041667,1.021570,0,14
4.0000,26.0,0.0,-0.416888,-0.738414,0.516023,0.615200,1.041667,0.873211,0,5
4.0000,26.0,1.0,0.066214,-0.271039,0.156198,0.450030,1.041667,0.528129,1,9
4.0000,26.0,2.0,0.246168,-0.058731,1.265901,0.398666,1.041667,1.031616,0,9
4.0000,26.0,3.0,-1.321627,0.728531,0.484177,1.531637,1.041667,1.773725,0,2
4.0000,26.0,4.0,-0.118864,0.833874,0.168110,0.299097,1.041667,0.383152,0,7
4.0000,26.0,5.0,-0.282423,0.278220,0.438043,0.856913,1.041667,1.075934,0,6
4.0000,26.0,6.0,0.666662,0.548478,0.959391,0.476651,1.041667,0.956347,1,10
4.0000,26.0,7.0,0.157252,-0.580752,0.323282,0.432008,1.041667,0.593649,0,9
4.0000,26.0,8.0,0.661725,-0.252876,0.288982,0.508440,1.041667,0.652931,1,9
4.0000,26.0,9.0,-0.005140,-0.783097,0.860823,0.103805,1.041667,0.534216,0,4
4.0000,26.0,10.0,1.321971,0.071344,0.520651,1.041512,1.041667,1.301838,-1,14
4.0000,26.0,11.0,0.696438,0.333103,0.473072,0.598306,1.041667,0.834842,1,10
4.0000,26.0,12.0,-0.333585,0.196092,0.645744,0.758688,1.041667,1.081561,1,6
4.0000,26.0,13.0,0.494567,-0.862778,0.463617,0.732769,1.041667,0.964578,1,8
4.0000,26.0,14.0,0.369460,-1.009021,0.879477,1.224010,1.041667,1.663748,0,8
4.0000,26.0,15.0,-0.157246,-0.269291,0.158494,0.597885,1.041667,0.677132,0,5
4.0000,26.0,16.0,-0.839828,-0.010293,0.697979,0.192844,1.041667,0.541833,0,1
4.0000,26.0,17.0,-0.995979,0.327597,0.440228,1.150295,1.041667,1.370409,0,2
4.0000,26.0,18.0,-0.118682,0.022769,0.119211,0.118309,1.041667,0.177914,0,6
4.0000,26.0,19.0,-0.110155,0.633174,0.075278,0.252239,1.041667,0.289878,0,6
4.0000,26.0,20.0,-0.220544,0.121434,0.416914,0.437919,1.041667,0.646376,0,6
4.0000,26.0,21.0,0.730227,-0.194649,0.498140,0.349930,1.041667,0.599000,0,9
4.0000,26.0,22.0,-0.196065,-0.035261,0.379132,0.279146,1.041667,0.468712,0,5
4.0000,26.0,23.0,0.927976,0.259943,0.442166,0.838281,1.041667,1.059364,1,14
4.0000,26.0,24.0,0.026725,-0.161764,0.896892,0.202935,1.041667,0.651381,-1,9
4.0000,26.0,25.0,-0.852742,0.118764,0.321283,0.338265,1.041667,0.498907,0,2
4.0000,26.0,26.0,-0.328838,0.546416,1.008047,0.806475,1.041667,1.310498,-1,6
4.0000,26.0,27.0,0.192197,-1.160725,0.556511,1.227739,1.041667,1.505995,0,8
4.0000,26.0,28.0,-0.728272,-0.361382,0.328734,0.611728,1.041667,0.776095,0,5
4.0000,26.0,29.0,0.048488,-0.723560,0.022115,0.095592,1.041667,0.106649,0,9
4.0000,26.0,30.0,0.108777,-0.957688,0.415884,0.604656,1.041667,0.812598,0,8
4.0000,26.0,31.0,0.026868,-0.465185,0.390362,0.450068,1.041667,0.645248,0,9
4.0000,27.0,0.0,0.784743,-0.328113,0.164714,0.622331,1.041667,0.704688,0,13
4.0000,27.0,1.0,0.805866,-0.286769,1.043120,0.595473,1.041667,1.117033,0,13
4.0000,27.0,2.0,-0.912633,0.743157,0.067526,0.678387,1.041667,0.712150,0,2
4.0000,27.0,3.0,-0.632145,0.788389,0.169244,0.385784,1.041667,0.470406,0,7
4.0000,27.0,4.0,-0.612792,1.138788,0.303081,1.345282,1.041667,1.496822,0,7
4.0000,27.0,5.0,-1.071951,0.671939,0.109105,1.167760,1.041667,1.222312,0,2
4.0000,27.0,6.0,-0.847037,0.656279,0.427305,0.480913,1.041667,0.694566,0,2
4.0000,27.0,7.0,-0.635668,-0.030834,0.363642,0.155481,1.041667,0.337302,0,5
4.0000,27.0,8.0,0.274997,0.276770,0.817845,0.843089,1.041667,1.252011,0,10
4.0000,27.0,9.0,-0.762630,-0.168114,0.817065,0.303958,1.041667,0.712491,0,1
4.0000,27.0,10.0,0.461312,-0.867836,0.653958,0.782946,1.041667,1.109924,-1,8
4.0000,27.0,11.0,-0.148398,0.018745,0.121554,0.172763,1.041667,0.233540,-1,6
4.0000,27.0,12.0,-0.089632,-0.650324,1.062733,0.195875,1.041667,0.727242,0,5
4.0000,27.0,13.0,0.100827,0.426563,0.118019,0.570272,1.041667,0.629282,-1,10
4.0000,27.0,14.0,-0.225446,0.520480,0.388066,0.690219,1.041667,0.884252,0,6
4.0000,27.0,15.0,-0.166555,-0.586923,0.671739,0.440199,1.041667,0.776069,0,5
4.0000,27.0,16.0,0.788514,0.032864,0.512008,0.119297,1.041667,0.375301,0,14
4.0000,27.0,17.0,-0.067260,0.138331,0.037359,0.188698,1.041667,0.207378,0,6
4.0000,27.0,18.0,-0.258613,0.313624,0.158673,0.864783,1.041667,0.944120,0,6
4.0000,27.0,19.0,-0.162233,0.789175,0.048396,0.316158,1.041667,0.340356,0,7
4.0000,27.0,20.0,-0.052700,0.918686,0.725128,0.413983,1.041667,0.776547,0,7
4.0000,27.0,21.0,-0.282912,-0.482200,0.485180,0.859423,1.041667,1.102013,-1,5
4.0000,27.0,22.0,0.176224,0.130005,0.047051,0.361180,1.041667,0.384706,1,10
4.0000,27.0,23.0,0.087504,-0.008721,0.754619,0.064902,1.041667,0.442211,0,9
4.0000,27.0,24.0,-0.253398,1.468249,0.465402,1.621965,1.041667,1.854666,0,7
4.0000,27.0,25.0,-0.071620,0.585261,0.218992,0.276501,1.041667,0.385997,0,6
4.0000,27.0,26.0,0.484691,0.116822,0.229564,0.527583,1.041667,0.642365,1,10
4.0000,27.0,27.0,-0.200722,-0.395582,0.108087,0.783608,1.041667,0.837651,0,5
4.0000,27.0,28.0,-0.015180,-0.093227,0.361080,0.074489,1.041667,0.255029,0,5
4.0000,27.0,29.0,-0.094610,-0.625916,0.327229,0.237989,1.041667,0.401603,0,5
4.0000,27.0,30.0,-0.782967,-0.170882,1.302698,0.327899,1.041667,0.979248,0,1
4.0000,27.0,31.0,1.158733,-0.371618,0.156833,1.538147,1.041667,1.616564,0,13
4.0000,28.0,0.0,0.604249,0.461901,0.555013,0.684613,1.041667,0.962120,1,10
4.0000,28.0,1.0,0.586778,0.045638,0.529072,0.247550,1.041667,0.512086,0,10
4.0000,28.0,2.0,-0.532963,0.530467,0.210465,0.707452,1.041667,0.812685,1,6
4.0000,28.0,3.0,0.044598,1.097971,0.696278,0.875398,1.041667,1.223537,1,11
4.0000,28.0,4.0,0.022334,0.522214,0.820074,0.355806,1.041667,0.765843,-1,10
4.0000,28.0,5.0,-1.270414,0.083551,1.110965,1.051968,1.041667,1.607451,0,2
4.0000,28.0,6.0,0.192307,0.991218,1.215936,0.878656,1.041667,1.486624,-1,11
4.0000,28.0,7.0,-0.990922,-0.666785,0.692917,0.925263,1.041667,1.271722,0,1
4.0000,28.0,8.0,-0.808000,-0.630924,0.343653,0.419463,1.041667,0.591290,0,1
4.0000,28.0,9.0,0.009530,-0.995390,0.400826,0.612811,1.041667,0.813224,0,8
4.0000,28.0,10.0,-0.668975,-0.442971,0.218112,0.619573,1.041667,0.728629,1,5
4.0000,28.0,11.0,0.033912,0.062015,0.800649,0.043015,1.041667,0.443340,0,10
4.0000,28.0,12.0,1.596174,-0.188777,0.888421,1.998024,1.041667,2.442235,0,13
4.0000,28.0,13.0,0.073425,-0.170138,0.087502,0.259884,1.041667,0.303635,0,9
4.0000,28.0,14.0,-0.152583,-0.042676,0.240946,0.193875,1.041667,0.314348,0,5
4.0000,28.0,15.0,-0.263210,0.588373,0.788342,0.637535,1.041667,1.031706,0,6
4.0000,28.0,16.0,0.257683,-0.978459,0.379587,0.984812,1.041667,1.174605,0,8
4.0000,28.0,17.0,0.162130,-0.033342,0.057272,0.207140,1.041667,0.235776,1,9
4.0000,28.0,18.0,0.318583,0.056530,0.337297,0.502848,1.041667,0.671496,-1,10
4.0000,28.0,19.0,-0.520575,0.598371,0.453018,0.610936,1.041667,0.837445,0,6
4.0000,28.0,20.0,0.651907,0.295340,0.190517,0.591725,1.041667,0.686984,0,10
4.0000,28.0,21.0,0.246816,0.554384,0.221409,0.670069,1.041667,0.780773,-1,10
4.0000,28.0,22.0,0.225479,-0.268321,0.480552,0.738611,1.041667,0.978887,0,9
4.0000,28.0,23.0,0.607152,0.662687,0.440121,0.385728,1.041667,0.605789,0,10
4.0000,28.0,24.0,-0.650950,0.524399,0.763806,0.531751,1.041667,0.913654,0,6
4.0000,28.0,25.0,0.085727,1.152970,0.521242,1.001602,1.041667,1.262223,0,11
4.0000,28.0,26.0,0.096879,0.305259,0.140006,0.539077,1.041667,0.609080,0,10
4.0000,28.0,27.0,-0.105705,0.149830,0.383092,0.264475,1.041667,0.456021,0,6
4.0000,28.0,28.0,-0.964571,-0.596128,0.509637,0.900009,1.041667,1.154828,1,1
4.0000,28.0,29.0,-0.154885,0.164269,0.365753,0.384839,1.041667,0.567716,0,6
4.0000,28.0,30.0,0.294393,-0.660366,0.150787,0.580682,1.041667,0.656075,0,9
4.0000,28.0,31.0,0.603007,-0.792022,0.557230,0.427594,1.041667,0.706209,-1,8
4.0000,29.0,0.0,-0.562228,-0.366232,0.364146,0.800572,1.041667,0.982645,0,5
4.0000,29.0,1.0,0.208405,-0.650239,0.549482,0.430251,1.041667,0.704992,-1,9
4.0000,29.0,2.0,-0.120854,0.402444,0.229166,0.618773,1.041667,0.733356,0,6
4.0000,29.0,3.0,-0.282466,-0.433742,0.156215,0.916847,1.041667,0.994955,0,5
4.0000,29.0,4.0,0.153658,-0.660759,0.256295,0.299690,1.041667,0.427837,0,9
4.0000,29.0,5.0,-0.074625,0.308356,0.214196,0.511854,1.041667,0.618952,0,6
4.0000,29.0,6.0,0.275634,0.149913,0.232880,0.593263,1.041667,0.709703,0,10
4.0000,29.0,7.0,0.639768,-0.387910,0.181605,0.676114,1.041667,0.766917,0,9
4.0000,29.0,8.0,-0.169690,-0.223515,0.053248,0.538678,1.041667,0.565302,0,5
4.0000,29.0,9.0,-0.390273,-0.172027,0.692459,0.723913,1.041667,1.070143,0,5
4.0000,29.0,10.0,-0.821608,-0.759344,0.301107,0.436069,1.041667,0.586623,0,0
4.0000,29.0,11.0,-0.449168,-0.620387,0.332780,0.672766,1.041667,0.839156,0,5
4.0000,29.0,12.0,0.560858,-0.592129,0.295123,0.552634,1.041667,0.700195,0,9
4.0000,29.0,13.0,0.557306,-0.390456,0.582673,0.812385,1.041667,1.103722,-1,9
4.0000,29.0,14.0,0.570713,0.131007,0.459155,0.398252,1.041667,0.627830,0,10
4.0000,29.0,15.0,-0.195637,-0.061634,0.139899,0.300063,1.041667,0.370013,0,5
4.0000,29.0,16.0,0.164890,-0.199126,0.101469,0.478357,1.041667,0.529091,0,9
4.0000,29.0,17.0,-0.263366,0.091105,0.305644,0.469268,1.041667,0.622090,0,6
4.0000,29.0,18.0,0.247652,-0.532009,0.405436,0.713532,1.041667,0.916250,0,9
4.0000,29.0,19.0,-0.101435,0.186237,0.307045,0.332824,1.041667,0.486346,0,6
4.0000,29.0,20.0,0.164901,0.837273,0.287290,0.399422,1.041667,0.543067,0,11
4.0000,29.0,21.0,-0.182436,0.709555,0.452187,0.325638,1.041667,0.551731,0,6
4.0000,29.0,22.0,0.868725,0.435945,0.073784,0.805042,1.041667,0.841934,0,14
4.0000,29.0,23.0,0.342287,0.365391,0.594558,1.005570,1.041667,1.302849,0,10
4.0000,29.0,24.0,0.724057,0.048179,0.011879,0.095292,1.041667,0.101232,0,10
4.0000,29.0,25.0,0.615240,0.110931,0.403589,0.281694,1.041667,0.483488,0,10
4.0000,29.0,26.0,-0.568965,0.532147,0.143756,0.641437,1.041667,0.713315,0,6
4.0000,29.0,27.0,-0.001024,0.626594,0.832413,0.160666,1.041667,0.576873,0,6
4.0000,29.0,28.0,-0.184283,-1.038741,0.357695,0.990440,1.041667,1.169287,0,4
4.0000,29.0,29.0,-0.253179,-0.591691,0.053408,0.613081,1.041667,0.639785,0,5
4.0000,29.0,30.0,-0.299686,-0.289365,0.545779,0.897773,1.041667,1.170663,-1,5
4.0000,29.0,31.0,0.172754,-1.478665,1.072677,1.451166,1.041667,1.987505,0,8
4.0000,30.0,0.0,0.302611,-0.550907,0.350919,0.768683,1.041667,0.944142,0,9
4.0000,30.0,1.0,-0.765100,-0.833713,0.573166,0.470891,1.041667,0.757474,0,0
4.0000,30.0,2.0,-0.552517,0.473203,0.291501,0.760958,1.041667,0.906708,0,6
4.0000,30.0,3.0,-0.583904,0.106864,0.381635,0.330124,1.041667,0.520941,0,6
4.0000,30.0,4.0,-0.006306,-0.569688,0.607345,0.261642,1.041667,0.565314,-1,5
4.0000,30.0,5.0,0.544035,-0.262836,0.492777,0.719350,1.041667,0.965739,0,9
4.0000,30.0,6.0,0.753413,0.680386,0.475263,0.306937,1.041667,0.544569,0,14
4.0000,30.0,7.0,0.818654,-0.498229,0.303702,0.629299,1.041667,0.781150,0,13
4.0000,30.0,8.0,-0.255110,-0.616437,0.542677,0.574514,1.041667,0.845853,0,5
4.0000,30.0,9.0,-1.458480,-1.219776,1.515712,3.707312,1.041667,4.465169,1,0
4.0000,30.0,10.0,-0.255353,0.092573,0.244746,0.457430,1.041667,0.579803,0,6
4.0000,30.0,11.0,0.044204,-0.362027,0.227467,0.519896,1.041667,0.633629,0,9
4.0000,30.0,12.0,-0.297604,0.042575,0.235212,0.467041,1.041667,0.584647,0,6
4.0000,30.0,13.0,-0.785895,0.113924,0.307995,0.216113,1.041667,0.370111,1,2
4.0000,30.0,14.0,-0.339834,0.749975,0.917099,0.604133,1.041667,1.062683,0,6
4.0000,30.0,15.0,0.426644,-0.214860,0.073868,0.796783,1.041667,0.833717,0,9
4.0000,30.0,16.0,0.418176,0.073058,0.319041,0.537324,1.041667,0.696845,0,10
4.0000,30.0,17.0,0.014478,-0.613146,0.422882,0.184292,1.041667,0.395734,0,9
4.0000,30.0,18.0,1.158163,-0.138340,0.173819,1.103065,1.041667,1.189975,0,13
4.0000,30.0,19.0,0.725077,0.410454,1.437895,0.614964,1.041667,1.333912,-1,10
4.0000,30.0,20.0,-0.403860,0.007385,0.358398,0.499862,1.041667,0.679061,0,6
4.0000,30.0,21.0,0.357952,0.129104,0.258362,0.635213,1.041667,0.764394,0,10
4.0000,30.0,22.0,0.899698,0.545772,1.160557,0.763605,1.041667,1.343883,0,14
4.0000,30.0,23.0,-0.499144,-0.827863,0.672407,0.646202,1.041667,0.982405,0,4
4.0000,30.0,24.0,0.676070,-0.123389,0.134316,0.224291,1.041667,0.291449,0,9
4.0000,30.0,25.0,0.767200,0.218160,0.373730,0.417285,1.041667,0.604150,0,14
4.0000,30.0,26.0,-0.082670,0.616178,0.109167,0.236274,1.041667,0.290857,0,6
4.0000,30.0,27.0,-0.674000,0.362349,0.443349,0.633305,1.041667,0.854979,-1,6
4.0000,30.0,28.0,-1.012909,-0.304195,1.056950,1.167701,1.041667,1.696177,0,1
4.0000,30.0,29.0,0.002570,-0.825489,0.476074,0.164497,1.041667,0.402534,0,8
4.0000,30.0,30.0,-0.129362,0.429295,0.230803,0.617676,1.041667,0.733078,0,6
4.0000,30.0,31.0,0.231766,0.105482,0.161155,0.433073,1.041667,0.513651,1,10
4.0000,31.0,0.0,-0.036266,-0.288506,0.144516,0.450427,1.041667,0.522685,0,5
4.0000,31.0,1.0,-0.076522,-0.578167,0.050926,0.295840,1.041667,0.321303,0,5
4.0000,31.0,2.0,-0.089637,-0.430432,0.834985,0.550104,1.041667,0.967597,0,5
4.0000,31.0,3.0,-0.272742,0.905848,0.359070,0.798454,1.041667,0.977989,0,7
4.0000,31.0,4.0,-0.631265,0.711629,0.924545,0.331336,1.041667,0.793609,0,6
4.0000,31.0,5.0,1.127180,0.572354,0.605696,1.367842,1.041667,1.670690,0,14
4.0000,31.0,6.0,0.743042,-0.032045,0.178570,0.085870,1.041667,0.175155,0,9
4.0000,31.0,7.0,0.632694,-0.613486,0.264425,0.408549,1.041667,0.540762,0,9
4.0000,31.0,8.0,-0.203912,-0.019806,0.283916,0.288140,1.041667,0.430098,0,5
4.0000,31.0,9.0,-0.705902,0.305576,0.581515,0.563282,1.041667,0.854039,0,6
4.0000,31.0,10.0,0.106972,-0.649929,0.580763,0.223732,1.041667,0.514113,0,9
4.0000,31.0,11.0,-0.473055,-0.963504,0.974558,1.056165,1.041667,1.543444,0,4
4.0000,31.0,12.0,0.407818,0.489465,0.210010,0.925394,1.041667,1.030399,0,10
4.0000,31.0,13.0,-0.077768,0.470303,0.490519,0.488578,1.041667,0.733838,0,6
4.0000,31.0,14.0,-0.518492,-0.705389,0.362919,0.504199,1.041667,0.685658,0,5
4.0000,31.0,15.0,0.498080,-0.670271,0.124375,0.553764,1.041667,0.615952,0,9
4.0000,31.0,16.0,0.168228,-0.688414,0.204676,0.305410,1.041667,0.407748,0,9
4.0000,31.0,17.0,-0.159335,-0.970726,0.945067,0.744358,1.041667,1.216891,0,4
4.0000,31.0,18.0,1.377520,-0.536358,1.402843,1.618593,1.041667,2.320014,0,13
4.0000,31.0,19.0,-0.520049,-1.252156,1.255227,1.552995,1.041667,2.180608,-1,4
4.0000,31.0,20.0,0.203374,0.692720,0.096438,0.379302,1.041667,0.427522,0,10
4.0000,31.0,21.0,0.613089,0.837097,0.315838,0.500612,1.041667,0.658531,0,11
4.0000,31.0,22.0,0.006772,0.581513,0.283698,0.239345,1.041667,0.381194,-1,10
4.0000,31.0,23.0,0.233392,-0.302883,0.264331,0.804854,1.041667,0.937020,0,9
4.0000,31.0,24.0,0.736689,0.515852,0.328704,0.510329,1.041667,0.674681,0,10
4.0000,31.0,25.0,0.062159,0.560420,0.054928,0.312765,1.041667,0.340229,0,10
4.0000,31.0,26.0,0.036750,0.707312,0.175824,0.090483,1.041667,0.178395,0,10
4.0000,31.0,27.0,0.186103,1.051172,0.828944,1.025433,1.041667,1.439905,-1,11
4.0000,31.0,28.0,0.691880,-0.440415,0.027451,0.605563,1.041667,0.619288,1,9
4.0000,31.0,29.0,0.493208,-0.557760,0.758142,0.723862,1.041667,1.102933,0,9
4.0000,31.0,30.0,0.699168,0.390801,0.265973,0.623041,1.041667,0.756027,0,10
4.0000,31.0,31.0,-0.206207,0.235610,0.090659,0.639479,1.041667,0.684809,0,6
5.0000,0.0,0.0,-0.592727,0.517598,0.797801,0.572198,0.909091,0.971099,-1,6
5.0000,0.0,1.0,0.036569,-0.230425,0.146603,0.355250,0.909091,0.428552,0,9
5.0000,0.0,2.0,-0.350711,-0.449343,0.655113,0.951524,0.909091,1.279081,-1,5
5.0000,0.0,3.0,-0.133509,0.901967,0.595333,0.415639,0.909091,0.713306,1,7
5.0000,0.0,4.0,0.498445,0.305636,0.084916,0.841488,0.909091,0.883945,-1,10
5.0000,0.0,5.0,0.262547,0.556809,0.378341,0.666546,0.909091,0.855716,0,10
5.0000,0.0,6.0,-0.126855,-0.395516,0.757847,0.624952,0.909091,1.003876,-1,5
5.0000,0.0,7.0,0.811276,1.009096,0.208744,0.964964,0.909091,1.069336,0,15
5.0000,0.0,8.0,0.632216,0.677161,0.840222,0.264097,0.909091,0.684208,0,10
5.0000,0.0,9.0,-0.444082,0.568029,0.837753,0.722568,0.909091,1.141445,1,6
5.0000,0.0,10.0,1.207136,0.793130,0.620210,1.344443,0.909091,1.654548,0,15
5.0000,0.0,11.0,0.277430,0.521981,0.492311,0.759520,0.909091,1.005676,0,10
5.0000,0.0,12.0,0.635289,1.237826,0.540035,1.252533,0.909091,1.522551,0,11
5.0000,0.0,13.0,0.229068,1.084584,0.437544,1.083389,0.909091,1.302161,1,11
5.0000,0.0,14.0,0.866421,0.383273,0.666118,0.729251,0.909091,1.062310,0,14
5.0000,0.0,15.0,0.604239,-0.798269,0.716558,0.343634,0.909091,0.701913,-1,8
5.0000,0.0,16.0,-0.046628,0.383730,0.101568,0.518924,0.909091,0.569708,0,6
5.0000,0.0,17.0,0.010948,-0.127739,0.621473,0.139898,0.909091,0.450634,0,9
5.0000,0.0,18.0,-0.187840,-1.123219,0.163797,1.048998,0.909091,1.130896,0,4
5.0000,0.0,19.0,-0.008444,-0.475020,0.046159,0.417989,0.909091,0.441068,0,5
5.0000,0.0,20.0,0.027657,-0.685071,1.261657,0.060390,0.909091,0.691219,-1,9
5.0000,0.0,21.0,0.650125,1.272892,0.717259,1.258866,0.909091,1.617495,0,11
5.0000,0.0,22.0,-0.348352,0.120516,0.139245,0.611931,0.909091,0.681554,0,6
5.0000,0.0,23.0,-0.213171,0.437436,0.123933,0.770184,0.909091,0.832151,0,6
5.0000,0.0,24.0,0.333366,0.513309,0.337494,0.842312,0.909091,1.011059,1,10
5.0000,0.0,25.0,0.596937,0.163016,0.191046,0.385905,0.909091,0.481428,0,10
5.0000,0.0,26.0,0.981623,0.692196,0.149442,0.752334,0.909091,0.827055,0,14
5.0000,0.0,27.0,0.458607,0.341517,0.227921,0.935117,0.909091,1.049077,0,10
5.0000,0.0,28.0,0.714958,-0.018357,0.605913,0.037202,0.909091,0.340158,0,9
5.0000,0.0,29.0,-0.227951,0.348723,0.175594,0.827315,0.909091,0.915112,0,6
5.0000,0.0,30.0,0.297675,0.695500,0.586917,0.508779,0.909091,0.802237,0,10
5.0000,0.0,31.0,-0.697441,-0.041732,0.083458,0.059080,0.909091,0.100808,1,5
5.0000,1.0,0.0,0.654404,-0.307215,0.441141,0.562034,0.909091,0.782604,1,9
5.0000,1.0,1.0,0.647219,-0.355355,1.311168,0.612719,0.909091,1.268303,-1,9
5.0000,1.0,2.0,-1.042004,0.069651,0.026167,0.679613,0.909091,0.692697,0,2
5.0000,1.0,3.0,-1.207924,0.214952,0.531792,1.172032,0.909091,1.437928,0,2
5.0000,1.0,4.0,0.174190,-0.034636,0.065371,0.240115,0.909091,0.272801,0,9
5.0000,1.0,5.0,-0.159097,0.030480,0.026953,0.207127,0.909091,0.220604,0,6
5.0000,1.0,6.0,-0.304130,-0.012190,0.337517,0.461650,0.909091,0.630408,0,5
5.0000,1.0,7.0,0.393055,0.289496,0.380028,0.935988,0.909091,1.126002,0,10
5.0000,1.0,8.0,-0.502832,-0.272694,0.384231,0.787253,0.909091,0.979368,1,5
5.0000,1.0,9.0,-0.488460,-0.188180,0.281202,0.647944,0.909091,0.788545,0,5
5.0000,1.0,10.0,0.426715,-0.173259,0.143431,0.697162,0.909091,0.768877,0,9
5.0000,1.0,11.0,0.257406,-0.630559,0.398447,0.520052,0.909091,0.719276,1,9
5.0000,1.0,12.0,0.059854,-0.043000,0.467184,0.056734,0.909091,0.290326,1,9
5.0000,1.0,13.0,-0.320023,0.342547,0.227459,0.964825,0.909091,1.078554,0,6
5.0000,1.0,14.0,-0.009598,-0.274206,0.038646,0.421028,0.909091,0.440351,0,5
5.0000,1.0,15.0,-0.083786,-0.041895,0.624550,0.083921,0.909091,0.396197,1,5
5.0000,1.0,16.0,0.181892,0.682283,0.262341,0.299037,0.909091,0.430207,-1,10
5.0000,1.0,17.0,-0.339578,1.026612,0.948332,1.141510,0.909091,1.615676,-1,7
5.0000,1.0,18.0,-0.186533,-0.672840,0.363792,0.318429,0.909091,0.500325,1,5
5.0000,1.0,19.0,-0.097891,-0.112791,0.035274,0.191311,0.909091,0.208948,-1,5
5.0000,1.0,20.0,-0.077452,0.217421,0.333802,0.368540,0.909091,0.535441,0,6
5.0000,1.0,21.0,0.656444,0.535282,0.427626,0.445214,0.909091,0.659027,0,10
5.0000,1.0,22.0,0.145899,-0.319922,0.519560,0.640116,0.909091,0.899896,-1,9
5.0000,1.0,23.0,-0.638540,0.539090,0.157323,0.460974,0.909091,0.539636,0,6
5.0000,1.0,24.0,-0.742406,0.490602,0.930440,0.478381,0.909091,0.943601,-1,6
5.0000,1.0,25.0,0.146352,-0.201871,0.244009,0.450610,0.909091,0.572615,0,9
5.0000,1.0,26.0,0.796695,0.283484,0.487057,0.514103,0.909091,0.757631,0,14
5.0000,1.0,27.0,0.018279,-0.381373,0.080502,0.503433,0.909091,0.543684,0,9
5.0000,1.0,28.0,-0.319160,-0.593183,0.513909,0.675105,0.909091,0.932060,1,5
5.0000,1.0,29.0,-0.188053,-0.202862,0.284567,0.537342,0.909091,0.679625,-1,5
5.0000,1.0,30.0,-0.449808,0.190356,0.044381,0.708761,0.909091,0.730952,0,6
5.0000,1.0,31.0,-0.672776,0.055265,0.538835,0.092606,0.909091,0.362023,0,6
5.0000,2.0,0.0,-0.400241,0.498961,0.110479,0.881777,0.909091,0.937017,0,6
5.0000,2.0,1.0,-0.787559,0.034492,0.257004,0.066089,0.909091,0.194591,0,2
5.0000,2.0,2.0,-1.265392,-0.008612,0.550252,0.834497,0.909091,1.109623,0,1
5.0000,2.0,3.0,-0.817323,0.169517,0.824894,0.311765,0.909091,0.724212,0,2
5.0000,2.0,4.0,-0.016485,0.296734,0.182710,0.453916,0.909091,0.545271,-1,6
5.0000,2.0,5.0,-0.344839,-0.194149,0.315011,0.756554,0.909091,0.914060,0,5
5.0000,2.0,6.0,0.097127,0.770101,0.405774,0.121420,0.909091,0.324308,-1,11
5.0000,2.0,7.0,0.709407,-0.259470,0.028214,0.439579,0.909091,0.453686,0,9
5.0000,2.0,8.0,0.728776,-0.385457,0.268542,0.559424,0.909091,0.693695,0,9
5.0000,2.0,9.0,-0.019991,0.071773,0.515286,0.057246,0.909091,0.314889,-1,6
5.0000,2.0,10.0,0.137962,-0.675810,0.496827,0.214342,0.909091,0.462755,0,9
5.0000,2.0,11.0,0.875411,0.279169,0.628249,0.651729,0.909091,0.965853,0,14
5.0000,2.0,12.0,-0.100936,1.201961,1.434919,0.924838,0.909091,1.642298,-1,7
5.0000,2.0,13.0,-0.025688,-0.246057,0.107607,0.378684,0.909091,0.432488,0,5
5.0000,2.0,14.0,-0.307245,-0.354927,0.406300,0.957332,0.909091,1.160482,-1,5
5.0000,2.0,15.0,-1.461476,0.029891,0.688629,0.954112,0.909091,1.298426,0,2
5.0000,2.0,16.0,0.031214,-0.115316,0.266724,0.125416,0.909091,0.258778,0,9
5.0000,2.0,17.0,-0.323137,0.087730,0.278428,0.543443,0.909091,0.682657,0,6
5.0000,2.0,18.0,0.684357,-0.060297,0.377155,0.085964,0.909091,0.274542,0,9
5.0000,2.0,19.0,-0.200763,0.032317,0.428027,0.293485,0.909091,0.507499,1,6
5.0000,2.0,20.0,-0.298631,1.021565,0.464626,1.077825,0.909091,1.310138,-1,7
5.0000,2.0,21.0,0.019830,-0.024355,0.251381,0.018987,0.909091,0.144677,0,9
5.0000,2.0,22.0,-0.656157,-0.034090,0.282941,0.096387,0.909091,0.237857,0,5
5.0000,2.0,23.0,-0.699917,-0.243461,0.658797,0.414331,0.909091,0.743730,1,5
5.0000,2.0,24.0,0.811655,0.297603,0.336769,0.555537,0.909091,0.723921,0,14
5.0000,2.0,25.0,0.687358,-0.044287,0.451856,0.068861,0.909091,0.294789,0,9
5.0000,2.0,26.0,0.722279,-0.662416,0.056249,0.213903,0.909091,0.242028,0,9
5.0000,2.0,27.0,0.390322,-0.539050,0.208233,0.810948,0.909091,0.915064,0,9
5.0000,2.0,28.0,1.054011,-0.615580,1.043220,1.012553,0.909091,1.534163,0,13
5.0000,2.0,29.0,0.059127,0.721277,0.366906,0.062722,0.909091,0.246175,0,10
5.0000,2.0,30.0,-0.688298,-0.039167,0.369251,0.064326,0.909091,0.248952,0,5
5.0000,2.0,31.0,-0.785909,0.555008,0.376407,0.406920,0.909091,0.595124,0,2
5.0000,3.0,0.0,-0.351677,0.227277,0.165346,0.827233,0.909091,0.909906,0,6
5.0000,3.0,1.0,0.008758,0.439106,0.106214,0.465512,0.909091,0.518618,0,10
5.0000,3.0,2.0,-0.042193,0.678629,0.356509,0.075441,0.909091,0.253695,0,6
5.0000,3.0,3.0,0.801675,0.024964,0.153771,0.076638,0.909091,0.153523,0,14
5.0000,3.0,4.0,0.581489,0.140262,0.651970,0.369897,0.909091,0.695882,0,10
5.0000,3.0,5.0,-0.711054,-0.222752,0.755908,0.366695,0.909091,0.744649,1,5
5.0000,3.0,6.0,0.313926,0.394349,0.424731,0.965320,0.909091,1.177686,0,10
5.0000,3.0,7.0,0.880113,-0.519216,0.856474,0.649316,0.909091,1.077552,0,13
5.0000,3.0,8.0,0.323600,-0.760008,0.682535,0.535126,0.909091,0.876393,0,8
5.0000,3.0,9.0,1.193748,0.136200,1.188502,0.989308,0.909091,1.583559,1,14
5.0000,3.0,10.0,-0.520166,-0.362188,0.374536,0.845102,0.909091,1.032370,0,5
5.0000,3.0,11.0,0.598632,-0.515557,0.159577,0.565298,0.909091,0.645086,0,9
5.0000,3.0,12.0,0.645101,-0.553228,0.281354,0.426876,0.909091,0.567553,1,9
5.0000,3.0,13.0,0.044217,-0.824342,0.620162,0.120766,0.909091,0.430847,0,8
5.0000,3.0,14.0,-0.578375,-0.622054,0.777237,0.414032,0.909091,0.802651,-1,5
5.0000,3.0,15.0,-1.311261,0.724688,1.226965,1.298628,0.909091,1.912111,0,2
5.0000,3.0,16.0,-0.169407,0.811968,0.849095,0.303620,0.909091,0.728168,0,7
5.0000,3.0,17.0,-0.514427,0.288137,0.510524,0.789781,0.909091,1.045043,0,6
5.0000,3.0,18.0,0.012485,-0.575268,0.384296,0.228679,0.909091,0.420828,1,9
5.0000,3.0,19.0,0.608571,-0.230169,0.655457,0.505328,0.909091,0.833057,0,9
5.0000,3.0,20.0,-0.151253,0.220679,0.389004,0.498264,0.909091,0.692766,0,6
5.0000,3.0,21.0,0.746852,0.116747,0.529540,0.144076,0.909091,0.408846,0,10
5.0000,3.0,22.0,-0.026404,-0.864404,0.410272,0.186196,0.909091,0.391332,1,4
5.0000,3.0,23.0,-0.922384,-0.153483,0.453255,0.510301,0.909091,0.736928,-1,1
5.0000,3.0,24.0,-0.145688,-0.248503,0.149645,0.540179,0.909091,0.615001,0,5
5.0000,3.0,25.0,-0.182416,-0.861363,0.261859,0.421908,0.909091,0.552837,0,4
5.0000,3.0,26.0,0.639305,-0.357955,0.168701,0.625073,0.909091,0.709423,1,9
5.0000,3.0,27.0,0.713914,-0.008126,0.591028,0.035202,0.909091,0.330716,0,9
5.0000,3.0,28.0,0.051229,0.009184,0.054375,0.033597,0.909091,0.060784,1,10
5.0000,3.0,29.0,0.083048,0.146706,0.065783,0.232076,0.909091,0.264967,0,10
5.0000,3.0,30.0,0.160174,0.588948,0.330280,0.395382,0.909091,0.560522,0,10
5.0000,3.0,31.0,0.293521,0.989264,0.688277,0.984041,0.909091,1.328179,0,11
5.0000,4.0,0.0,-0.926675,-0.167664,0.483455,0.552386,0.909091,0.794113,1,1
5.0000,4.0,1.0,-0.511315,0.746372,0.943259,0.448302,0.909091,0.919932,0,6
5.0000,4.0,2.0,0.483850,0.579019,0.561089,0.651849,0.909091,0.932393,-1,10
5.0000,4.0,3.0,0.634731,-0.699908,0.766926,0.247885,0.909091,0.631348,0,9
5.0000,4.0,4.0,1.441505,-0.116260,0.609184,1.029023,0.909091,1.333615,-1,13
5.0000,4.0,5.0,0.516719,0.068458,0.311376,0.384677,0.909091,0.540365,0,10
5.0000,4.0,6.0,-0.376087,0.134277,0.669905,0.642685,0.909091,0.977637,0,6
5.0000,4.0,7.0,-0.748103,-1.157274,1.616341,1.208694,0.909091,2.016864,-1,4
5.0000,4.0,8.0,1.384287,-0.548485,1.069728,1.400416,0.909091,1.935280,0,13
5.0000,4.0,9.0,0.022415,0.579030,0.737334,0.224190,0.909091,0.592857,-1,10
5.0000,4.0,10.0,-0.119239,-0.112843,0.301577,0.226221,0.909091,0.377009,0,5
5.0000,4.0,11.0,-0.093997,-0.909251,0.283141,0.364524,0.909091,0.506095,0,4
5.0000,4.0,12.0,0.119655,0.090788,0.173092,0.192605,0.909091,0.279151,0,10
5.0000,4.0,13.0,-0.215090,0.584512,0.820452,0.519838,0.909091,0.930064,0,6
5.0000,4.0,14.0,0.002361,0.026680,0.291528,0.016654,0.909091,0.162418,1,10
5.0000,4.0,15.0,0.542848,0.326332,0.467379,0.780146,0.909091,1.013835,1,10
5.0000,4.0,16.0,0.482499,-0.793634,0.480907,0.530086,0.909091,0.770540,0,8
5.0000,4.0,17.0,0.018023,-0.569469,0.544511,0.241862,0.909091,0.514117,0,9
5.0000,4.0,18.0,0.625786,0.253366,0.501886,0.520413,0.909091,0.771356,0,10
5.0000,4.0,19.0,-0.412313,0.663715,0.277835,0.591609,0.909091,0.730527,0,6
5.0000,4.0,20.0,-0.085543,1.077595,0.591056,0.774354,0.909091,1.069882,0,7
5.0000,4.0,21.0,0.005912,0.024077,0.193143,0.015772,0.909091,0.112343,0,10
5.0000,4.0,22.0,-0.056461,-0.288215,0.137384,0.467733,0.909091,0.536425,0,5
5.0000,4.0,23.0,0.097562,0.247071,0.214739,0.453096,0.909091,0.560466,-1,10
5.0000,4.0,24.0,0.190566,-0.577997,0.160508,0.480931,0.909091,0.561185,-1,9
5.0000,4.0,25.0,0.132543,-1.001336,1.034867,0.682679,0.909091,1.200112,0,8
5.0000,4.0,26.0,0.713365,0.377824,0.805573,0.561586,0.909091,0.964372,0,10
5.0000,4.0,27.0,-0.493476,0.675154,0.556876,0.495405,0.909091,0.773843,1,6
5.0000,4.0,28.0,-0.392891,0.027405,0.489041,0.504368,0.909091,0.748888,0,6
5.0000,4.0,29.0,0.259722,-0.027623,0.315504,0.403510,0.909091,0.561262,-1,9
5.0000,4.0,30.0,-0.795008,0.108623,0.173396,0.162369,0.909091,0.249067,1,2
5.0000,4.0,31.0,-0.611698,0.021389,0.277610,0.161088,0.909091,0.299893,0,6
5.0000,5.0,0.0,0.019759,-0.341148,0.331795,0.495357,0.909091,0.661255,0,9
5.0000,5.0,1.0,1.038359,0.152073,0.525281,0.814919,0.909091,1.077560,0,14
5.0000,5.0,2.0,0.967300,-0.014456,0.634229,0.447310,0.909091,0.764424,0,13
5.0000,5.0,3.0,1.030934,0.685444,0.502793,0.902959,0.909091,1.154355,0,14
5.0000,5.0,4.0,0.212594,0.076526,0.043064,0.357702,0.909091,0.379234,1,10
5.0000,5.0,5.0,-0.132371,-0.082370,0.125980,0.203920,0.909091,0.266910,0,5
5.0000,5.0,6.0,0.551700,0.023241,0.506600,0.279831,0.909091,0.533131,1,10
5.0000,5.0,7.0,-0.268286,-0.009481,0.427860,0.411750,0.909091,0.625680,0,5
5.0000,5.0,8.0,0.647465,0.232551,0.559934,0.446888,0.909091,0.726855,0,10
5.0000,5.0,9.0,-0.036480,-0.985295,0.155938,0.506331,0.909091,0.584301,0,4
5.0000,5.0,10.0,-0.508842,-0.760618,0.019418,0.459769,0.909091,0.469478,0,4
5.0000,5.0,11.0,-0.334418,-0.738848,0.423064,0.538125,0.909091,0.749657,0,5
5.0000,5.0,12.0,0.490684,-0.355181,0.404295,0.894653,0.909091,1.096800,0,9
5.0000,5.0,13.0,1.211803,-0.357465,1.434587,1.418276,0.909091,2.135570,0,13
5.0000,5.0,14.0,-0.390437,-0.766987,0.546728,0.572307,0.909091,0.845671,0,4
5.0000,5.0,15.0,0.740942,-0.430180,0.572728,0.544573,0.909091,0.830938,0,9
5.0000,5.0,16.0,0.066597,0.424834,0.488322,0.516535,0.909091,0.760696,-1,10
5.0000,5.0,17.0,0.744240,0.207846,0.687864,0.331220,0.909091,0.675152,1,10
5.0000,5.0,18.0,1.491429,0.143059,0.908324,1.200390,0.909091,1.654552,0,14
5.0000,5.0,19.0,0.255759,0.041667,0.544399,0.405093,0.909091,0.677292,0,10
5.0000,5.0,20.0,0.196512,-0.002407,0.267849,0.275790,0.909091,0.409714,0,9
5.0000,5.0,21.0,-0.738467,0.366209,0.924395,0.556870,0.909091,1.019068,0,6
5.0000,5.0,22.0,0.135556,-0.738116,0.160532,0.178004,0.909091,0.258270,1,9
5.0000,5.0,23.0,0.190759,-0.154030,0.273393,0.442855,0.909091,0.579552,1,9
5.0000,5.0,24.0,-0.182626,-0.012155,0.325725,0.248403,0.909091,0.411266,1,5
5.0000,5.0,25.0,0.947613,0.110281,0.391975,0.494938,0.909091,0.690925,0,14
5.0000,5.0,26.0,0.063136,-0.742276,0.090036,0.065384,0.909091,0.110402,0,9
5.0000,5.0,27.0,0.129017,-0.512411,0.211414,0.485603,0.909091,0.591310,0,9
5.0000,5.0,28.0,0.342889,-0.965501,0.419252,0.977715,0.909091,1.187341,0,8
5.0000,5.0,29.0,-0.098264,-0.080941,0.500711,0.144208,0.909091,0.394563,0,5
5.0000,5.0,30.0,-0.954700,-0.683129,0.329992,0.668432,0.909091,0.833428,0,1
5.0000,5.0,31.0,-0.192806,-0.873048,0.156722,0.471044,0.909091,0.549405,0,4
5.0000,6.0,0.0,-0.125513,-0.500100,0.286889,0.501689,0.909091,0.645134,-1,5
5.0000,6.0,1.0,0.333076,-1.101291,0.560550,1.292995,0.909091,1.573270,0,8
5.0000,6.0,2.0,-0.285459,-0.702643,0.650240,0.486662,0.909091,0.811782,0,5
5.0000,6.0,3.0,0.600437,-0.200774,0.147539,0.459253,0.909091,0.533022,0,9
5.0000,6.0,4.0,0.348031,-0.021772,0.267357,0.499513,0.909091,0.633192,-1,9
5.0000,6.0,5.0,-0.042862,0.047246,0.338269,0.045321,0.909091,0.214455,0,6
5.0000,6.0,6.0,-0.346826,0.761892,1.072234,0.555867,0.909091,1.091984,1,7
5.0000,6.0,7.0,-0.167792,0.887269,0.381110,0.450072,0.909091,0.640626,-1,7
5.0000,6.0,8.0,0.276686,-0.156458,0.306761,0.608283,0.909091,0.761664,0,9
5.0000,6.0,9.0,-0.551304,-0.693567,0.266073,0.385061,0.909091,0.518097,0,5
5.0000,6.0,10.0,-0.302213,-0.696764,0.247806,0.514043,0.909091,0.637946,0,5
5.0000,6.0,11.0,0.172788,0.040255,0.399590,0.240836,0.909091,0.440631,1,10
5.0000,6.0,12.0,-0.554282,-0.427337,0.779077,0.763899,0.909091,1.153437,0,5
5.0000,6.0,13.0,-0.521160,-0.340023,0.600516,0.832548,0.909091,1.132806,-1,5
5.0000,6.0,14.0,0.461418,-1.027367,0.259265,1.141171,0.909091,1.270804,0,8
5.0000,6.0,15.0,-0.232431,-0.827256,0.042410,0.463700,0.909091,0.484905,0,4
5.0000,6.0,16.0,-0.017926,-0.775107,0.820679,0.047640,0.909091,0.457980,0,4
5.0000,6.0,17.0,-0.726811,0.365881,0.854623,0.556318,0.909091,0.983629,0,6
5.0000,6.0,18.0,0.061078,-0.081054,0.894974,0.096908,0.909091,0.544395,0,9
5.0000,6.0,19.0,0.120736,1.509289,1.542477,1.208024,0.909091,1.979262,0,11
5.0000,6.0,20.0,0.224755,-0.248450,0.049984,0.701074,0.909091,0.726066,0,9
5.0000,6.0,21.0,0.364350,-0.339428,0.043536,0.988458,0.909091,1.010226,0,9
5.0000,6.0,22.0,0.281843,-0.212259,0.386122,0.730741,0.909091,0.923802,0,9
5.0000,6.0,23.0,-0.420601,0.594481,0.310977,0.692327,0.909091,0.847815,-1,6
5.0000,6.0,24.0,-0.241861,-0.095596,0.494525,0.440622,0.909091,0.687884,0,5
5.0000,6.0,25.0,0.909095,-0.129014,0.284640,0.425356,0.909091,0.567676,0,13
5.0000,6.0,26.0,0.407164,-0.312612,0.260561,0.958471,0.909091,1.088752,0,9
5.0000,6.0,27.0,0.658579,0.048115,0.562132,0.103242,0.909091,0.384308,0,10
5.0000,6.0,28.0,-0.233832,-0.359416,0.468246,0.842598,0.909091,1.076721,-1,5
5.0000,6.0,29.0,-0.685293,0.668812,0.344094,0.218348,0.909091,0.390395,0,6
5.0000,6.0,30.0,-0.791117,0.139463,0.124354,0.215339,0.909091,0.277516,0,2
5.0000,6.0,31.0,-0.312081,-0.339606,0.760193,0.955173,0.909091,1.335269,0,5
5.0000,7.0,0.0,-0.720054,-0.028568,0.683052,0.039718,0.909091,0.381245,0,5
5.0000,7.0,1.0,0.601750,0.174840,0.120599,0.401650,0.909091,0.461949,0,10
5.0000,7.0,2.0,0.679399,0.093175,0.374140,0.132495,0.909091,0.319565,0,10
5.0000,7.0,3.0,0.129089,-0.722537,0.254236,0.166995,0.909091,0.294113,0,9
5.0000,7.0,4.0,-0.606224,-0.057343,0.717223,0.195664,0.909091,0.554276,1,5
5.0000,7.0,5.0,0.575981,0.653047,1.447885,0.376495,0.909091,1.100437,-1,10
5.0000,7.0,6.0,-0.496537,-1.292068,1.331293,1.406071,0.909091,2.071718,-1,4
5.0000,7.0,7.0,0.286550,0.710956,1.227767,0.484380,0.909091,1.098264,0,10
5.0000,7.0,8.0,0.031457,-0.595610,0.547982,0.195887,0.909091,0.469878,-1,9
5.0000,7.0,9.0,-1.047965,0.175664,0.873913,0.888666,0.909091,1.325623,0,2
5.0000,7.0,10.0,-0.031684,-1.083046,1.424781,0.728429,0.909091,1.440820,-1,4
5.0000,7.0,11.0,0.158200,0.962682,0.326006,0.631192,0.909091,0.794195,1,11
5.0000,7.0,12.0,0.167151,1.181116,0.896460,1.051607,0.909091,1.499838,0,11
5.0000,7.0,13.0,0.200565,0.325766,0.429327,0.757190,0.909091,0.971853,0,10
5.0000,7.0,14.0,-0.213495,-0.782246,0.303311,0.364371,0.909091,0.516026,0,4
5.0000,7.0,15.0,0.063045,-1.010571,0.912268,0.596106,0.909091,1.052240,0,8
5.0000,7.0,16.0,0.963404,-0.057239,0.570151,0.464111,0.909091,0.749187,1,13
5.0000,7.0,17.0,0.240687,-0.923275,0.621243,0.702567,0.909091,1.013188,0,8
5.0000,7.0,18.0,0.932684,-0.617196,0.233351,0.653006,0.909091,0.769681,1,13
5.0000,7.0,19.0,0.831513,-0.092035,0.538797,0.188103,0.909091,0.457501,1,13
5.0000,7.0,20.0,-0.049210,0.063185,0.182515,0.064974,0.909091,0.156232,0,6
5.0000,7.0,21.0,0.101388,-0.053047,0.348047,0.118336,0.909091,0.292359,0,9
5.0000,7.0,22.0,-0.248454,-0.557244,0.486132,0.640222,0.909091,0.883288,-1,5
5.0000,7.0,23.0,0.436376,0.631153,0.552398,0.618593,0.909091,0.894792,-1,10
5.0000,7.0,24.0,0.339110,-0.656629,0.162262,0.590623,0.909091,0.671753,0,9
5.0000,7.0,25.0,0.015773,-0.363309,0.102416,0.502288,0.909091,0.553496,0,9
5.0000,7.0,26.0,-0.513486,-0.276334,0.254550,0.773732,0.909091,0.901007,0,5
5.0000,7.0,27.0,-0.125736,-0.770971,0.420542,0.171326,0.909091,0.381596,-1,4
5.0000,7.0,28.0,0.002107,0.386402,0.460599,0.499662,0.909091,0.729962,0,10
5.0000,7.0,29.0,-0.747892,-0.370921,0.132573,0.560502,0.909091,0.626789,0,5
5.0000,7.0,30.0,-0.711005,-0.039466,0.437324,0.049645,0.909091,0.268307,0,5
5.0000,7.0,31.0,-1.003700,1.242124,0.894821,2.146277,0.909091,2.593688,0,3
5.0000,8.0,0.0,-0.006886,-0.688160,0.835366,0.051321,0.909091,0.469004,0,5
5.0000,8.0,1.0,-0.083330,0.155830,0.808040,0.250440,0.909091,0.654460,0,6
5.0000,8.0,2.0,1.278647,-0.318206,0.399844,1.378673,0.909091,1.578595,0,13
5.0000,8.0,3.0,0.188335,-0.896501,0.055029,0.518250,0.909091,0.545765,0,8
5.0000,8.0,4.0,0.264061,-0.514761,0.201923,0.751154,0.909091,0.852116,0,9
5.0000,8.0,5.0,0.663149,-0.269002,0.159468,0.494698,0.909091,0.574432,0,9
5.0000,8.0,6.0,-0.047097,-0.586485,0.217918,0.224327,0.909091,0.333286,0,5
5.0000,8.0,7.0,-0.767182,-0.713308,0.136406,0.213591,0.909091,0.281794,0,1
5.0000,8.0,8.0,-0.613215,-0.467900,0.110778,0.613087,0.909091,0.668476,0,5
5.0000,8.0,9.0,-1.194341,-0.750104,0.182743,1.255156,0.909091,1.346528,0,0
5.0000,8.0,10.0,-1.122786,-0.546801,0.320456,1.241812,0.909091,1.402040,0,1
5.0000,8.0,11.0,-0.413998,-0.001070,0.359341,0.487061,0.909091,0.666731,0,5
5.0000,8.0,12.0,-0.171136,-0.473775,0.232321,0.635619,0.909091,0.751780,0,5
5.0000,8.0,13.0,-0.354204,0.223773,0.733589,0.821232,0.909091,1.188026,0,6
5.0000,8.0,14.0,0.826880,-0.829760,1.373682,0.444724,0.909091,1.131565,0,12
5.0000,8.0,15.0,-0.623608,0.196942,0.524460,0.409735,0.909091,0.671966,0,6
5.0000,8.0,16.0,-0.002510,-0.331605,0.485988,0.485952,0.909091,0.728946,0,5
5.0000,8.0,17.0,0.085953,0.450947,0.303205,0.513154,0.909091,0.664756,0,10
5.0000,8.0,18.0,0.304481,-0.114468,0.385463,0.566472,0.909091,0.759204,0,9
5.0000,8.0,19.0,-0.198260,0.451093,0.482957,0.723770,0.909091,0.965249,0,6
5.0000,8.0,20.0,-0.381517,-0.700650,0.183675,0.567329,0.909091,0.659167,0,5
5.0000,8.0,21.0,0.056652,-1.059815,1.013526,0.703735,0.909091,1.210497,1,8
5.0000,8.0,22.0,-0.499830,-0.564887,0.603350,0.653503,0.909091,0.955178,-1,5
5.0000,8.0,23.0,-0.194580,0.252149,0.156435,0.646353,0.909091,0.724571,0,6
5.0000,8.0,24.0,0.523406,-0.005093,0.411984,0.331855,0.909091,0.537847,0,9
5.0000,8.0,25.0,-0.205079,-0.633877,0.067867,0.410261,0.909091,0.444195,0,5
5.0000,8.0,26.0,-0.358003,-1.050290,0.143353,1.213624,0.909091,1.285300,0,4
5.0000,8.0,27.0,-0.581699,-0.426867,0.154467,0.711702,0.909091,0.788935,0,5
5.0000,8.0,28.0,-0.561028,-0.237490,0.269676,0.611688,0.909091,0.746525,1,5
5.0000,8.0,29.0,-0.496389,0.225580,0.265248,0.712052,0.909091,0.844676,0,6
5.0000,8.0,30.0,-0.566393,-0.023975,0.151321,0.250286,0.909091,0.325947,0,5
5.0000,8.0,31.0,-1.235926,-0.110741,0.827933,0.945400,0.909091,1.359366,0,1
5.0000,9.0,0.0,-0.690387,0.780216,1.587159,0.232465,0.909091,1.026045,0,7
5.0000,9.0,1.0,0.272183,-0.857127,0.702629,0.598218,0.909091,0.949533,0,8
5.0000,9.0,2.0,1.473349,-0.122596,0.503912,1.108201,0.909091,1.360157,0,13
5.0000,9.0,3.0,0.424645,-1.009697,0.424150,1.118482,0.909091,1.330557,-1,8
5.0000,9.0,4.0,-0.194046,0.100187,0.231816,0.352863,0.909091,0.468771,0,6
5.0000,9.0,5.0,0.484575,-0.296188,0.261625,0.852799,0.909091,0.983611,0,9
5.0000,9.0,6.0,-0.254433,-0.044197,0.453179,0.404646,0.909091,0.631235,0,5
5.0000,9.0,7.0,-0.825385,-0.036325,0.344186,0.116837,0.909091,0.288930,0,1
5.0000,9.0,8.0,-0.773189,-0.454760,0.322777,0.540962,0.909091,0.702351,0,1
5.0000,9.0,9.0,-0.790057,-0.028251,0.253130,0.065107,0.909091,0.191672,0,1
5.0000,9.0,10.0,-0.594204,-0.097113,0.305879,0.268890,0.909091,0.421829,0,5
5.0000,9.0,11.0,-0.963342,0.922593,0.650096,1.142451,0.909091,1.467499,0,3
5.0000,9.0,12.0,-0.388346,0.127902,0.214676,0.629088,0.909091,0.736426,-1,6
5.0000,9.0,13.0,-0.319305,-0.430632,0.859381,0.948330,0.909091,1.378020,0,5
5.0000,9.0,14.0,0.350713,0.622809,0.179456,0.647300,0.909091,0.737028,0,10
5.0000,9.0,15.0,0.270953,0.992227,0.034632,0.953601,0.909091,0.970918,0,11
5.0000,9.0,16.0,0.471244,0.716866,0.479701,0.503217,0.909091,0.743067,1,10
5.0000,9.0,17.0,-0.741101,0.852632,0.660486,0.374666,0.909091,0.704909,0,7
5.0000,9.0,18.0,-0.316654,0.649360,0.214133,0.579624,0.909091,0.686691,0,6
5.0000,9.0,19.0,0.552323,0.359669,0.393848,0.782441,0.909091,0.979365,0,10
5.0000,9.0,20.0,-0.197329,-0.084384,0.402026,0.336754,0.909091,0.537767,1,5
5.0000,9.0,21.0,0.427482,0.773750,0.408374,0.564354,0.909091,0.768541,0,11
5.0000,9.0,22.0,-0.643107,0.712668,0.235067,0.234346,0.909091,0.351879,0,6
5.0000,9.0,23.0,-0.189008,0.461986,0.320856,0.690160,0.909091,0.850588,0,6
5.0000,9.0,24.0,-0.272252,-0.303097,0.378373,0.869331,0.909091,1.058517,0,5
5.0000,9.0,25.0,0.035640,-0.504512,0.290558,0.378446,0.909091,0.523725,0,9
5.0000,9.0,26.0,0.008889,-1.040022,0.157092,0.632332,0.909091,0.710878,0,8
5.0000,9.0,27.0,-0.612802,-1.188845,0.685787,1.240351,0.909091,1.583244,-1,4
5.0000,9.0,28.0,0.249085,-0.688941,0.421039,0.432915,0.909091,0.643435,1,9
5.0000,9.0,29.0,-0.251792,-0.740849,0.652215,0.420528,0.909091,0.746635,0,5
5.0000,9.0,30.0,-0.180016,-0.010111,0.164546,0.242631,0.909091,0.324904,0,5
5.0000,9.0,31.0,-0.382158,0.748829,0.423941,0.562625,0.909091,0.774595,1,6
5.0000,10.0,0.0,0.357304,-0.501792,0.365930,0.876642,0.909091,1.059607,0,9
5.0000,10.0,1.0,0.326656,0.051286,0.364205,0.504764,0.909091,0.686866,0,10
5.0000,10.0,2.0,1.231365,-0.387854,0.451506,1.440162,0.909091,1.665915,1,13
5.0000,10.0,3.0,0.277723,-0.763952,0.570371,0.475213,0.909091,0.760398,0,8
5.0000,10.0,4.0,-0.714562,-0.096499,0.232784,0.113142,0.909091,0.229535,0,5
5.0000,10.0,5.0,-0.176264,-0.308761,0.523341,0.690513,0.909091,0.952184,0,5
5.0000,10.0,6.0,0.418819,0.972364,0.381067,1.015257,0.909091,1.205790,0,11
5.0000,10.0,7.0,-0.185578,0.852258,0.218200,0.409586,0.909091,0.518686,0,7
5.0000,10.0,8.0,-0.758719,0.598189,0.267762,0.309865,0.909091,0.443747,0,2
5.0000,10.0,9.0,0.167637,0.200314,0.467507,0.490023,0.909091,0.723777,0,10
5.0000,10.0,10.0,-0.771859,-0.223168,0.741717,0.376403,0.909091,0.747261,0,1
5.0000,10.0,11.0,-0.046925,0.029055,0.135019,0.036590,0.909091,0.104100,1,6
5.0000,10.0,12.0,0.341576,0.032024,0.439502,0.501092,0.909091,0.720843,-1,10
5.0000,10.0,13.0,0.600388,0.585748,0.306963,0.435846,0.909091,0.589328,0,10
5.0000,10.0,14.0,0.990897,0.216414,1.199963,0.837922,0.909091,1.437904,0,14
5.0000,10.0,15.0,0.367600,1.107331,0.250711,1.331312,0.909091,1.456668,0,11
5.0000,10.0,16.0,-0.184719,0.734232,0.489553,0.280335,0.909091,0.525111,0,6
5.0000,10.0,17.0,-0.158081,-0.589782,0.657107,0.389445,0.909091,0.717998,-1,5
5.0000,10.0,18.0,-0.430493,0.716681,0.848061,0.544254,0.909091,0.968284,-1,6
5.0000,10.0,19.0,0.959131,-0.447014,0.187276,0.960325,0.909091,1.053962,0,13
5.0000,10.0,20.0,0.479496,-0.236789,0.332273,0.762148,0.909091,0.928285,0,9
5.0000,10.0,21.0,0.744813,0.154956,0.645046,0.217926,0.909091,0.540449,0,10
5.0000,10.0,22.0,-0.643379,-0.106613,1.230595,0.198720,0.909091,0.814018,0,5
5.0000,10.0,23.0,-0.902221,0.889150,0.281158,0.818698,0.909091,0.959277,0,3
5.0000,10.0,24.0,-0.380001,0.865883,0.129587,0.727516,0.909091,0.792309,0,7
5.0000,10.0,25.0,0.131922,0.425798,0.616911,0.615467,0.909091,0.923923,-1,10
5.0000,10.0,26.0,0.158357,-0.595746,0.360170,0.378529,0.909091,0.558614,0,9
5.0000,10.0,27.0,-0.737640,0.128278,0.650752,0.164018,0.909091,0.489394,1,6
5.0000,10.0,28.0,0.616389,0.449335,0.421543,0.629587,0.909091,0.840359,0,10
5.0000,10.0,29.0,-0.105875,0.690388,0.422961,0.142658,0.909091,0.354139,0,6
5.0000,10.0,30.0,-0.057979,-0.172715,0.588916,0.255369,0.909091,0.549827,0,5
5.0000,10.0,31.0,-1.400631,-0.001161,1.174815,0.853708,0.909091,1.441115,0,1
5.0000,11.0,0.0,0.254515,0.568871,0.234985,0.628210,0.909091,0.745702,0,10
5.0000,11.0,1.0,0.734802,0.579390,0.082924,0.329356,0.909091,0.370818,0,10
5.0000,11.0,2.0,0.595538,0.204484,0.208127,0.476346,0.909091,0.580409,0,10
5.0000,11.0,3.0,-0.255447,-0.010896,0.555219,0.390629,0.909091,0.668239,1,5
5.0000,11.0,4.0,-0.170073,0.451086,0.376329,0.664733,0.909091,0.852898,-1,6
5.0000,11.0,5.0,-0.482891,-0.246016,0.522298,0.774337,0.909091,1.035486,0,5
5.0000,11.0,6.0,0.813433,-0.022032,0.395517,0.091076,0.909091,0.288835,0,13
5.0000,11.0,7.0,0.458029,0.596267,0.363390,0.654678,0.909091,0.836373,0,10
5.0000,11.0,8.0,-0.633744,0.795647,0.258686,0.299831,0.909091,0.429174,0,7
5.0000,11.0,9.0,-0.484006,0.819506,0.257024,0.566959,0.909091,0.695472,0,7
5.0000,11.0,10.0,0.414634,0.761696,1.225521,0.562499,0.909091,1.175260,0,11
5.0000,11.0,11.0,-0.669517,0.067944,0.353678,0.109540,0.909091,0.286379,0,6
5.0000,11.0,12.0,-0.479312,-0.810921,0.679157,0.558871,0.909091,0.898450,-1,4
5.0000,11.0,13.0,-0.357060,0.734890,0.309876,0.552776,0.909091,0.707715,0,6
5.0000,11.0,14.0,-0.813736,0.817181,0.313125,0.389995,0.909091,0.546557,0,3
5.0000,11.0,15.0,-0.262584,0.705518,0.057279,0.447038,0.909091,0.475677,0,6
5.0000,11.0,16.0,-0.422931,1.118610,0.411795,1.355288,0.909091,1.561185,0,7
5.0000,11.0,17.0,-0.044600,0.323726,0.057705,0.496926,0.909091,0.525779,0,6
5.0000,11.0,18.0,-0.168532,0.520774,0.302464,0.548321,0.909091,0.699552,0,6
5.0000,11.0,19.0,0.607182,0.145431,0.665144,0.330872,0.909091,0.663445,1,10
5.0000,11.0,20.0,-0.250344,-0.993472,0.441666,0.917157,0.909091,1.137990,0,4
5.0000,11.0,21.0,0.790614,-0.608319,0.462929,0.326961,0.909091,0.558426,-1,13
5.0000,11.0,22.0,1.262738,0.373546,1.532667,1.436051,0.909091,2.202385,1,14
5.0000,11.0,23.0,-0.729029,-0.017151,0.360483,0.033195,0.909091,0.213436,1,5
5.0000,11.0,24.0,-0.129892,0.873132,1.112165,0.338168,0.909091,0.894251,0,7
5.0000,11.0,25.0,0.234678,-0.762828,0.315339,0.394448,0.909091,0.552118,0,8
5.0000,11.0,26.0,-0.126834,-0.415955,0.089984,0.613830,0.909091,0.658822,0,5
5.0000,11.0,27.0,-0.643875,-0.682735,0.338494,0.245418,0.909091,0.414665,0,5
5.0000,11.0,28.0,0.482218,-0.593928,0.840172,0.626926,0.909091,1.047012,-1,9
5.0000,11.0,29.0,0.657028,0.088240,0.258342,0.151126,0.909091,0.280297,0,10
5.0000,11.0,30.0,0.086824,0.536194,0.097841,0.369968,0.909091,0.418889,0,10
5.0000,11.0,31.0,-0.481860,0.715883,0.366309,0.489412,0.909091,0.672567,0,6
5.0000,12.0,0.0,0.916173,0.047948,0.507130,0.326953,0.909091,0.580518,0,14
5.0000,12.0,1.0,0.621178,0.180845,0.025534,0.379514,0.909091,0.392282,1,10
5.0000,12.0,2.0,0.476838,-0.014271,0.184030,0.416320,0.909091,0.508335,0,9
5.0000,12.0,3.0,1.122989,-0.327244,0.294089,1.318741,0.909091,1.465785,0,13
5.0000,12.0,4.0,0.719699,0.090786,0.268297,0.102768,0.909091,0.236916,0,10
5.0000,12.0,5.0,0.061589,0.003204,0.383638,0.042711,0.909091,0.234530,0,10
5.0000,12.0,6.0,-0.062840,-0.574851,0.175012,0.262244,0.909091,0.349750,0,5
5.0000,12.0,7.0,0.230702,0.183761,0.789312,0.584146,0.909091,0.978802,0,10
5.0000,12.0,8.0,-0.872634,-0.181432,0.736498,0.445014,0.909091,0.813263,0,1
5.0000,12.0,9.0,-0.240120,1.216648,1.349697,1.230987,0.909091,1.905835,-1,7
5.0000,12.0,10.0,-0.692916,-0.659128,0.493723,0.223098,0.909091,0.469960,1,5
5.0000,12.0,11.0,0.068031,0.317254,0.760677,0.513291,0.909091,0.893629,-1,10
5.0000,12.0,12.0,-0.987713,-0.579230,0.164499,0.873273,0.909091,0.955522,0,1
5.0000,12.0,13.0,-0.470181,-0.270786,0.360560,0.837283,0.909091,1.017563,0,5
5.0000,12.0,14.0,-1.388095,0.038482,0.938257,0.857750,0.909091,1.326878,0,2
5.0000,12.0,15.0,-0.105286,0.615987,0.060591,0.241442,0.909091,0.271737,0,6
5.0000,12.0,16.0,0.315140,0.546371,0.040690,0.762236,0.909091,0.782581,0,10
5.0000,12.0,17.0,0.375677,0.323863,0.380988,0.977833,0.909091,1.168328,0,10
5.0000,12.0,18.0,-0.229796,-0.160025,0.188759,0.533682,0.909091,0.628061,1,5
5.0000,12.0,19.0,-0.177274,0.032498,0.078230,0.245219,0.909091,0.284334,0,6
5.0000,12.0,20.0,-0.371826,-0.272384,0.155765,0.913099,0.909091,0.990981,0,5
5.0000,12.0,21.0,-0.018521,-0.508043,0.404791,0.363869,0.909091,0.566265,0,5
5.0000,12.0,22.0,-0.150073,0.495419,0.529286,0.557111,0.909091,0.821754,0,6
5.0000,12.0,23.0,-0.194534,-0.085565,0.367962,0.332600,0.909091,0.516580,1,5
5.0000,12.0,24.0,0.975534,0.227054,0.522629,0.819123,0.909091,1.080437,0,14
5.0000,12.0,25.0,0.171639,0.240352,0.387272,0.577429,0.909091,0.771065,-1,10
5.0000,12.0,26.0,-0.036935,-0.300414,0.334210,0.467824,0.909091,0.634929,0,5
5.0000,12.0,27.0,-0.648779,-0.403486,0.339879,0.613484,0.909091,0.783423,0,5
5.0000,12.0,28.0,-0.860643,0.436364,0.340434,0.699588,0.909091,0.869805,0,2
5.0000,12.0,29.0,-0.009071,0.340990,0.053311,0.492587,0.909091,0.519242,0,6
5.0000,12.0,30.0,0.204756,0.683719,0.973742,0.346810,0.909091,0.833681,-1,10
5.0000,12.0,31.0,0.234326,0.092625,0.264682,0.422116,0.909091,0.554457,0,10
5.0000,13.0,0.0,-0.470802,0.059618,0.487522,0.454358,0.909091,0.698119,0,6
5.0000,13.0,1.0,0.827801,0.204090,0.785246,0.404097,0.909091,0.796720,0,14
5.0000,13.0,2.0,0.013740,0.064453,0.026870,0.047242,0.909091,0.060677,-1,10
5.0000,13.0,3.0,0.250810,-0.047478,0.100708,0.400840,0.909091,0.451194,0,9
5.0000,13.0,4.0,0.291914,-0.579591,0.187095,0.667898,0.909091,0.761445,0,9
5.0000,13.0,5.0,1.071152,-0.403868,0.586059,1.273485,0.909091,1.566515,0,13
5.0000,13.0,6.0,-0.200974,-0.713797,0.501244,0.319387,0.909091,0.570009,0,5
5.0000,13.0,7.0,0.442665,-1.143492,0.931410,1.379741,0.909091,1.845446,0,8
5.0000,13.0,8.0,-0.149681,0.080545,0.142912,0.234612,0.909091,0.306068,1,6
5.0000,13.0,9.0,0.526481,0.173790,0.262847,0.548291,0.909091,0.679715,1,10
5.0000,13.0,10.0,-0.030361,-0.599533,0.306762,0.187789,0.909091,0.341170,0,5
5.0000,13.0,11.0,0.247396,-0.727856,0.233998,0.411870,0.909091,0.528870,0,9
5.0000,13.0,12.0,-0.558742,-0.246059,0.165368,0.632727,0.909091,0.715411,1,5
5.0000,13.0,13.0,-0.634569,0.419869,0.652692,0.625658,0.909091,0.952004,1,6
5.0000,13.0,14.0,-0.056230,0.045538,0.244747,0.055134,0.909091,0.177507,0,6
5.0000,13.0,15.0,0.127435,0.697223,0.471700,0.175658,0.909091,0.411507,0,10
5.0000,13.0,16.0,0.393412,0.224720,0.233138,0.823728,0.909091,0.940298,0,10
5.0000,13.0,17.0,-0.212839,-0.435650,0.144226,0.771323,0.909091,0.843435,0,5
5.0000,13.0,18.0,0.364802,-0.761410,0.193835,0.564817,0.909091,0.661734,0,8
5.0000,13.0,19.0,0.151435,-0.239655,0.743155,0.535255,0.909091,0.906833,0,9
5.0000,13.0,20.0,-1.028961,-0.168112,0.736327,0.827618,0.909091,1.195781,0,1
5.0000,13.0,21.0,-0.048060,0.262704,0.357965,0.421719,0.909091,0.600701,0,6
5.0000,13.0,22.0,0.128602,-0.808408,0.332574,0.215102,0.909091,0.381389,0,8
5.0000,13.0,23.0,-0.245246,-0.035719,0.066100,0.382512,0.909091,0.415562,0,5
5.0000,13.0,24.0,-0.111703,-0.284809,0.208172,0.536753,0.909091,0.640839,0,5
5.0000,13.0,25.0,-0.334040,-0.738141,0.215574,0.537709,0.909091,0.645496,0,5
5.0000,13.0,26.0,-0.786172,-0.925319,0.665854,0.638980,0.909091,0.971907,-1,0
5.0000,13.0,27.0,-0.363125,0.322931,0.069406,0.975603,0.909091,1.010306,0,6
5.0000,13.0,28.0,-0.080442,0.573300,0.043831,0.286327,0.909091,0.308243,1,6
5.0000,13.0,29.0,0.212515,0.310060,0.636913,0.766914,0.909091,1.085371,-1,10
5.0000,13.0,30.0,-0.159432,-1.163459,0.925944,1.023759,0.909091,1.486732,-1,4
5.0000,13.0,31.0,-0.477092,0.385372,0.044880,0.920418,0.909091,0.942858,0,6
5.0000,14.0,0.0,-0.952011,0.165850,0.388341,0.618185,0.909091,0.812356,1,2
5.0000,14.0,1.0,-0.722158,-0.033432,0.306714,0.041806,0.909091,0.195163,0,5
5.0000,14.0,2.0,0.153209,0.203371,0.279021,0.467186,0.909091,0.606697,-1,10
5.0000,14.0,3.0,0.557141,-0.202907,0.226141,0.548804,0.909091,0.661875,0,9
5.0000,14.0,4.0,0.031182,-0.373902,0.366602,0.509488,0.909091,0.692789,-1,9
5.0000,14.0,5.0,0.407180,-0.838629,0.349814,0.667181,0.909091,0.842088,-1,8
5.0000,14.0,6.0,0.654013,0.107826,0.587282,0.185600,0.909091,0.479241,1,10
5.0000,14.0,7.0,0.210444,0.206535,0.257509,0.590914,0.909091,0.719668,0,10
5.0000,14.0,8.0,0.102450,-0.124855,0.313421,0.219264,0.909091,0.375974,0,9
5.0000,14.0,9.0,0.649994,-0.184024,0.522781,0.341300,0.909091,0.602691,0,9
5.0000,14.0,10.0,-0.677486,0.245844,0.507375,0.436904,0.909091,0.690591,0,6
5.0000,14.0,11.0,0.113231,-0.538106,0.389605,0.407424,0.909091,0.602226,0,9
5.0000,14.0,12.0,-0.749812,0.173174,0.456415,0.257638,0.909091,0.485845,0,6
5.0000,14.0,13.0,0.129306,-0.826192,0.644560,0.243311,0.909091,0.565591,0,8
5.0000,14.0,14.0,0.601001,0.343214,0.327669,0.680774,0.909091,0.844609,0,10
5.0000,14.0,15.0,1.346523,0.370693,0.526607,1.441663,0.909091,1.704966,1,14
5.0000,14.0,16.0,0.224429,-0.092092,0.576032,0.402208,0.909091,0.690224,1,9
5.0000,14.0,17.0,-0.441576,-0.144458,0.830490,0.623938,0.909091,1.039183,0,5
5.0000,14.0,18.0,0.739194,-0.198015,0.311606,0.309321,0.909091,0.465124,-1,9
5.0000,14.0,19.0,1.277702,0.313236,1.087765,1.371367,0.909091,1.915250,0,14
5.0000,14.0,20.0,0.310576,-0.111719,0.295443,0.568483,0.909091,0.716205,0,9
5.0000,14.0,21.0,-0.233779,-0.205140,0.135735,0.634233,0.909091,0.702101,0,5
5.0000,14.0,22.0,-0.629424,-0.671001,0.308979,0.272844,0.909091,0.427334,0,5
5.0000,14.0,23.0,-0.656715,-0.159066,0.499878,0.279426,0.909091,0.529365,0,5
5.0000,14.0,24.0,0.059293,-1.025422,0.649971,0.628974,0.909091,0.953959,0,8
5.0000,14.0,25.0,-0.255032,0.047096,0.084530,0.407932,0.909091,0.450197,0,6
5.0000,14.0,26.0,0.001414,-0.372121,0.138739,0.501036,0.909091,0.570406,0,9
5.0000,14.0,27.0,-0.180893,0.003838,0.225148,0.243677,0.909091,0.356251,0,6
5.0000,14.0,28.0,0.061581,0.579303,0.313861,0.252007,0.909091,0.408938,0,10
5.0000,14.0,29.0,-0.062014,-0.093279,0.176785,0.114730,0.909091,0.203122,0,5
5.0000,14.0,30.0,0.088101,-0.094479,0.236691,0.148187,0.909091,0.266532,0,9
5.0000,14.0,31.0,-0.732502,0.295208,0.102033,0.492799,0.909091,0.543816,0,6
5.0000,15.0,0.0,0.237783,-0.046773,0.056051,0.376490,0.909091,0.404515,0,9
5.0000,15.0,1.0,-0.095980,0.077980,0.665495,0.136987,0.909091,0.469734,1,6
5.0000,15.0,2.0,0.896747,0.688153,1.423874,0.487028,0.909091,1.198965,0,14
5.0000,15.0,3.0,-0.090140,-0.626843,0.454811,0.199286,0.909091,0.426691,0,5
5.0000,15.0,4.0,-0.190818,0.655554,0.506366,0.348317,0.909091,0.601500,1,6
5.0000,15.0,5.0,0.530888,-0.184987,0.564952,0.563283,0.909091,0.845759,0,9
5.0000,15.0,6.0,-0.809746,0.101562,0.674164,0.169066,0.909091,0.506148,0,2
5.0000,15.0,7.0,-0.356419,-0.559769,0.664357,0.766601,0.909091,1.098780,0,5
5.0000,15.0,8.0,1.002191,0.250436,0.258328,0.940745,0.909091,1.069909,0,14
5.0000,15.0,9.0,0.272357,-0.223079,0.122861,0.738170,0.909091,0.799600,0,9
5.0000,15.0,10.0,-0.085398,-0.416818,0.290262,0.546250,0.909091,0.691381,0,5
5.0000,15.0,11.0,0.054901,0.013488,0.385403,0.037709,0.909091,0.230411,0,10
5.0000,15.0,12.0,-0.901813,-0.002823,1.492519,0.269074,0.909091,1.015334,0,1
5.0000,15.0,13.0,0.774639,-0.070033,0.181537,0.087200,0.909091,0.177968,0,13
5.0000,15.0,14.0,0.286849,-0.466370,0.691744,0.867404,0.909091,1.213276,0,9
5.0000,15.0,15.0,0.681583,0.807751,0.478514,0.276798,0.909091,0.516055,0,11
5.0000,15.0,16.0,-0.011868,1.250289,0.233900,0.837307,0.909091,0.954257,0,7
5.0000,15.0,17.0,-0.654882,1.226445,1.403565,1.237204,0.909091,1.938987,-1,7
5.0000,15.0,18.0,0.051781,-0.669731,0.303260,0.092795,0.909091,0.244425,0,9
5.0000,15.0,19.0,-0.468217,-0.119091,0.641329,0.542212,0.909091,0.862876,0,5
5.0000,15.0,20.0,-0.445786,-0.663662,0.197417,0.567134,0.909091,0.665843,0,5
5.0000,15.0,21.0,0.045566,-0.507375,0.074999,0.380143,0.909091,0.417643,0,9
5.0000,15.0,22.0,0.317852,-0.946252,0.147358,0.896971,0.909091,0.970650,0,8
5.0000,15.0,23.0,-0.032059,-0.747349,0.333564,0.040533,0.909091,0.207315,0,5
5.0000,15.0,24.0,-1.029004,-0.617502,0.415206,0.943941,0.909091,1.151544,0,1
5.0000,15.0,25.0,0.020839,-0.096106,0.167656,0.090042,0.909091,0.173870,0,9
5.0000,15.0,26.0,0.582998,-0.577387,0.402140,0.481105,0.909091,0.682175,0,9
5.0000,15.0,27.0,0.490092,0.249636,0.319135,0.769260,0.909091,0.928827,1,10
5.0000,15.0,28.0,-0.441215,-0.152132,0.365050,0.639561,0.909091,0.822086,0,5
5.0000,15.0,29.0,-0.135884,0.730824,0.311299,0.178733,0.909091,0.334383,0,6
5.0000,15.0,30.0,0.139381,0.250324,0.311351,0.531264,0.909091,0.686940,0,10
5.0000,15.0,31.0,-0.358763,0.746356,0.380729,0.555699,0.909091,0.746063,-1,6
5.0000,16.0,0.0,0.379285,-0.324662,0.171883,0.978436,0.909091,1.064378,0,9
5.0000,16.0,1.0,0.115292,-1.044307,0.359649,0.755040,0.909091,0.934865,0,8
5.0000,16.0,2.0,-0.102322,-0.724008,0.149163,0.119510,0.909091,0.194092,0,5
5.0000,16.0,3.0,-0.332567,-0.952103,0.549104,0.929939,0.909091,1.204491,0,4
5.0000,16.0,4.0,0.052934,-0.203911,0.256954,0.314858,0.909091,0.443335,0,9
5.0000,16.0,5.0,0.063724,0.217695,0.133802,0.353214,0.909091,0.420115,0,10
5.0000,16.0,6.0,0.607446,-0.111408,0.423222,0.267103,0.909091,0.478714,0,9
5.0000,16.0,7.0,-0.070164,-0.830388,0.426319,0.156549,0.909091,0.369708,0,4
5.0000,16.0,8.0,0.576171,-0.057692,0.024206,0.254341,0.909091,0.266444,0,9
5.0000,16.0,9.0,0.738340,0.106739,0.942005,0.125634,0.909091,0.596637,0,10
5.0000,16.0,10.0,-0.320611,-1.365962,0.516184,1.394240,0.909091,1.652332,0,4
5.0000,16.0,11.0,-0.208561,-0.732590,0.753292,0.331813,0.909091,0.708459,0,5
5.0000,16.0,12.0,0.686950,-0.797115,0.606497,0.257033,0.909091,0.560281,0,8
5.0000,16.0,13.0,0.659318,-0.633793,0.440764,0.277951,0.909091,0.498333,0,9
5.0000,16.0,14.0,0.504172,0.503447,0.894853,0.759022,0.909091,1.206448,-1,10
5.0000,16.0,15.0,-0.173793,0.096643,0.190638,0.305720,0.909091,0.401039,0,6
5.0000,16.0,16.0,-0.091146,0.532458,0.402430,0.383571,0.909091,0.584786,0,6
5.0000,16.0,17.0,-0.610744,-0.005405,0.591656,0.159039,0.909091,0.454867,0,5
5.0000,16.0,18.0,0.173129,0.120656,0.409798,0.343581,0.909091,0.548480,0,10
5.0000,16.0,19.0,0.968948,-0.569436,0.331885,0.830731,0.909091,0.996674,1,13
5.0000,16.0,20.0,0.274569,-0.593623,0.187623,0.614621,0.909091,0.708433,0,9
5.0000,16.0,21.0,0.128617,-0.345060,0.092998,0.624982,0.909091,0.671481,0,9
5.0000,16.0,22.0,-0.077061,-0.425218,0.269307,0.528592,0.909091,0.663246,0,5
5.0000,16.0,23.0,-0.599251,-0.705017,0.215314,0.297930,0.909091,0.405587,0,5
5.0000,16.0,24.0,-0.920468,-0.093079,0.444565,0.392757,0.909091,0.615039,0,1
5.0000,16.0,25.0,-0.199956,-0.368540,0.114746,0.775881,0.909091,0.833254,-1,5
5.0000,16.0,26.0,-0.092884,0.100214,0.077024,0.163633,0.909091,0.202145,0,6
5.0000,16.0,27.0,0.111240,0.572532,0.026131,0.334539,0.909091,0.347605,1,10
5.0000,16.0,28.0,-0.142668,0.553721,0.464914,0.430412,0.909091,0.662869,1,6
5.0000,16.0,29.0,0.814617,0.918160,1.525454,0.669262,0.909091,1.431989,-1,15
5.0000,16.0,30.0,-0.288253,-0.503556,0.735762,0.809697,0.909091,1.177578,0,5
5.0000,16.0,31.0,0.282971,1.101565,0.980406,1.220969,0.909091,1.711172,-1,11
5.0000,17.0,0.0,0.601114,-0.099402,0.302186,0.259263,0.909091,0.410356,0,9
5.0000,17.0,1.0,1.207563,-0.735125,0.816945,1.249156,0.909091,1.657629,0,13
5.0000,17.0,2.0,-0.298447,-0.050847,0.031209,0.475851,0.909091,0.491456,0,5
5.0000,17.0,3.0,-0.110240,0.247307,0.168631,0.473641,0.909091,0.557956,0,6
5.0000,17.0,4.0,0.205131,0.705366,0.232321,0.332137,0.909091,0.448297,0,10
5.0000,17.0,5.0,0.136417,0.572630,0.043782,0.380095,0.909091,0.401986,0,10
5.0000,17.0,6.0,-0.072440,0.393127,0.288457,0.542264,0.909091,0.686493,-1,6
5.0000,17.0,7.0,0.520096,-0.245528,0.076590,0.707741,0.909091,0.746036,-1,9
5.0000,17.0,8.0,0.628615,0.144145,0.679653,0.290854,0.909091,0.630680,1,10
5.0000,17.0,9.0,0.288885,-0.418412,0.483129,0.922091,0.909091,1.163656,0,9
5.0000,17.0,10.0,-0.243198,-0.083375,0.426934,0.425804,0.909091,0.639271,0,5
5.0000,17.0,11.0,-0.085162,0.747896,0.225445,0.093783,0.909091,0.206506,-1,6
5.0000,17.0,12.0,-0.215160,0.461754,0.572076,0.744997,0.909091,1.031035,1,6
5.0000,17.0,13.0,0.643967,0.033617,0.644968,0.113325,0.909091,0.435809,0,10
5.0000,17.0,14.0,-0.329663,-0.999551,0.447701,1.060327,0.909091,1.284177,0,4
5.0000,17.0,15.0,-0.919361,0.196225,0.254477,0.595735,0.909091,0.722973,0,2
5.0000,17.0,16.0,-1.096693,0.730737,0.641497,1.083135,0.909091,1.403884,0,2
5.0000,17.0,17.0,0.066996,1.124614,0.031853,0.821749,0.909091,0.837676,0,11
5.0000,17.0,18.0,0.070039,0.841077,0.281338,0.175582,0.909091,0.316251,0,11
5.0000,17.0,19.0,0.631249,0.285403,0.230340,0.565621,0.909091,0.680791,-1,10
5.0000,17.0,20.0,0.172278,0.216899,0.395171,0.533243,0.909091,0.730829,0,10
5.0000,17.0,21.0,-0.200492,-0.808688,0.409148,0.366704,0.909091,0.571278,0,4
5.0000,17.0,22.0,-0.928163,-0.381811,0.305517,0.891147,0.909091,1.043906,0,1
5.0000,17.0,23.0,-0.119708,-0.313039,0.571607,0.584723,0.909091,0.870527,0,5
5.0000,17.0,24.0,-0.967997,-1.179810,0.697178,1.915579,0.909091,2.264168,0,0
5.0000,17.0,25.0,-0.016473,-0.809132,0.790104,0.083150,0.909091,0.478202,-1,4
5.0000,17.0,26.0,-0.087619,0.308342,0.096569,0.528992,0.909091,0.577277,0,6
5.0000,17.0,27.0,-0.041538,0.700440,0.964338,0.056932,0.909091,0.539101,0,6
5.0000,17.0,28.0,-0.293352,-0.333826,0.109651,0.929047,0.909091,0.983872,0,5
5.0000,17.0,29.0,0.056412,-0.594898,0.065371,0.216195,0.909091,0.248881,1,9
5.0000,17.0,30.0,-0.418186,-0.656708,0.735800,0.596683,0.909091,0.964583,0,5
5.0000,17.0,31.0,0.758858,-0.183641,0.114193,0.283623,0.909091,0.340719,0,13
5.0000,18.0,0.0,-0.009036,-0.353441,0.387024,0.498231,0.909091,0.691743,0,5
5.0000,18.0,1.0,0.801337,-0.129767,0.532496,0.208139,0.909091,0.474387,0,13
5.0000,18.0,2.0,-0.320038,-0.043610,0.218466,0.492975,0.909091,0.602208,0,5
5.0000,18.0,3.0,-0.270306,0.830081,0.215895,0.541747,0.909091,0.649695,0,7
5.0000,18.0,4.0,-0.345930,-0.071342,0.165519,0.537553,0.909091,0.620313,0,5
5.0000,18.0,5.0,-0.163796,0.668321,0.243134,0.275042,0.909091,0.396609,-1,6
5.0000,18.0,6.0,0.228588,-0.158442,0.147920,0.528151,0.909091,0.602111,0,9
5.0000,18.0,7.0,0.165525,-0.115080,0.437300,0.318411,0.909091,0.537061,-1,9
5.0000,18.0,8.0,-0.868399,0.357857,0.261885,0.725447,0.909091,0.856390,0,2
5.0000,18.0,9.0,-0.530089,0.512414,0.085113,0.697632,0.909091,0.740189,0,6
5.0000,18.0,10.0,-0.849891,0.706354,0.775786,0.357496,0.909091,0.745389,0,2
5.0000,18.0,11.0,0.412119,0.002432,0.496085,0.488362,0.909091,0.736405,1,10
5.0000,18.0,12.0,-0.716748,-0.594331,0.528030,0.303456,0.909091,0.567471,0,5
5.0000,18.0,13.0,0.300462,-0.634578,0.174769,0.581666,0.909091,0.669051,0,9
5.0000,18.0,14.0,-0.368200,-0.891411,0.374424,0.787085,0.909091,0.974297,0,4
5.0000,18.0,15.0,-0.268711,-0.330476,0.361412,0.890210,0.909091,1.070916,-1,5
5.0000,18.0,16.0,-0.071397,0.804519,0.201807,0.119162,0.909091,0.220065,1,7
5.0000,18.0,17.0,0.152498,0.925365,0.548310,0.516277,0.909091,0.790432,1,11
5.0000,18.0,18.0,0.688895,0.496635,0.266720,0.479840,0.909091,0.613200,1,10
5.0000,18.0,19.0,-0.079745,-0.162371,0.057545,0.258883,0.909091,0.287656,1,5
5.0000,18.0,20.0,-0.345840,-0.131598,0.149596,0.630874,0.909091,0.705672,0,5
5.0000,18.0,21.0,-0.177222,0.152729,0.106438,0.412312,0.909091,0.465531,0,6
5.0000,18.0,22.0,-0.177350,-0.377587,0.344332,0.728941,0.909091,0.901107,0,5
5.0000,18.0,23.0,-0.976655,-0.028106,0.052846,0.478105,0.909091,0.504528,0,1
5.0000,18.0,24.0,-0.595244,0.087852,0.133660,0.253188,0.909091,0.320017,0,6
5.0000,18.0,25.0,-0.057145,0.571067,0.153525,0.264074,0.909091,0.340837,0,6
5.0000,18.0,26.0,-0.565624,0.264498,0.544458,0.652357,0.909091,0.924586,0,6
5.0000,18.0,27.0,-1.453998,-0.153488,0.568788,1.132305,0.909091,1.416699,0,1
5.0000,18.0,28.0,-0.784951,-0.253577,0.165936,0.448692,0.909091,0.531660,0,1
5.0000,18.0,29.0,-0.047175,-0.447626,0.300403,0.474409,0.909091,0.624610,0,5
5.0000,18.0,30.0,0.224480,0.302956,0.039395,0.783021,0.909091,0.802718,-1,10
5.0000,18.0,31.0,0.128883,-0.016533,0.213119,0.143306,0.909091,0.249866,1,9
5.0000,19.0,0.0,-0.015500,0.563793,0.576911,0.252621,0.909091,0.541077,-1,6
5.0000,19.0,1.0,0.593354,0.776776,0.694313,0.333325,0.909091,0.680481,-1,11
5.0000,19.0,2.0,-0.164882,-0.333404,0.394912,0.688981,0.909091,0.886437,0,5
5.0000,19.0,3.0,-0.254816,0.617810,0.402822,0.536541,0.909091,0.737952,-1,6
5.0000,19.0,4.0,-0.063653,-0.117399,0.200262,0.154903,0.909091,0.255034,-1,5
5.0000,19.0,5.0,0.100444,0.412958,0.709464,0.571019,0.909091,0.925751,0,10
5.0000,19.0,6.0,0.896542,0.215270,0.986221,0.577725,0.909091,1.070836,1,14
5.0000,19.0,7.0,-0.509406,-0.146702,0.648189,0.525237,0.909091,0.849332,1,5
5.0000,19.0,8.0,-0.571628,1.264018,1.198862,1.319233,0.909091,1.918664,0,7
5.0000,19.0,9.0,-0.961880,0.631248,0.567492,0.727670,0.909091,1.011416,1,2
5.0000,19.0,10.0,0.151166,0.819732,0.490037,0.276622,0.909091,0.521640,0,11
5.0000,19.0,11.0,-0.181849,0.035213,0.264619,0.256213,0.909091,0.388523,1,6
5.0000,19.0,12.0,-0.419178,0.399267,0.653909,0.982186,0.909091,1.309141,-1,6
5.0000,19.0,13.0,0.045710,-0.982581,0.503683,0.505842,0.909091,0.757684,0,8
5.0000,19.0,14.0,-0.011072,0.131140,0.218859,0.146135,0.909091,0.255565,0,6
5.0000,19.0,15.0,-0.459715,-0.044084,0.029609,0.456514,0.909091,0.471318,0,5
5.0000,19.0,16.0,-0.390311,0.004026,0.095476,0.498769,0.909091,0.546507,0,6
5.0000,19.0,17.0,-0.075896,-0.366743,0.354333,0.549290,0.909091,0.726456,0,5
5.0000,19.0,18.0,0.542709,0.639514,0.155268,0.453164,0.909091,0.530798,0,10
5.0000,19.0,19.0,0.147247,0.164586,0.036224,0.375653,0.909091,0.393765,0,10
5.0000,19.0,20.0,0.085020,0.419283,0.201973,0.543887,0.909091,0.644874,0,10
5.0000,19.0,21.0,-0.503668,-0.042080,0.096315,0.384311,0.909091,0.432469,0,5
5.0000,19.0,22.0,-0.931237,-0.158604,0.260606,0.545231,0.909091,0.675534,0,1
5.0000,19.0,23.0,-0.760300,-0.103301,0.130751,0.125748,0.909091,0.191123,1,1
5.0000,19.0,24.0,-0.695678,0.049066,0.178467,0.066127,0.909091,0.155360,0,6
5.0000,19.0,25.0,-0.359303,0.158435,0.374102,0.688202,0.909091,0.875253,0,6
5.0000,19.0,26.0,-1.450178,-0.392369,0.718692,1.571932,0.909091,1.931278,0,1
5.0000,19.0,27.0,-0.343155,-0.917384,0.119583,0.841655,0.909091,0.901446,0,4
5.0000,19.0,28.0,-0.597357,-0.469405,0.582217,0.638547,0.909091,0.929655,1,5
5.0000,19.0,29.0,0.290278,0.223618,0.275721,0.765360,0.909091,0.903220,0,10
5.0000,19.0,30.0,0.439259,0.287567,0.272609,0.901785,0.909091,1.038089,0,10
5.0000,19.0,31.0,0.976189,0.028414,0.324298,0.476995,0.909091,0.639144,0,14
5.0000,20.0,0.0,0.513044,-0.705940,0.365202,0.445049,0.909091,0.627650,0,9
5.0000,20.0,1.0,-0.162300,0.145255,0.107133,0.367140,0.909091,0.420707,0,6
5.0000,20.0,2.0,0.366671,0.286438,0.347699,0.933717,0.909091,1.107567,0,10
5.0000,20.0,3.0,0.522808,-0.037562,0.658092,0.345115,0.909091,0.674162,0,9
5.0000,20.0,4.0,-0.728703,-0.342233,0.399197,0.543801,0.909091,0.743399,0,5
5.0000,20.0,5.0,-1.312486,0.002315,0.307641,0.826218,0.909091,0.980038,0,2
5.0000,20.0,6.0,-0.455647,0.121727,0.766556,0.564269,0.909091,0.947547,0,6
5.0000,20.0,7.0,0.263225,-0.104304,0.673645,0.491563,0.909091,0.828385,0,9
5.0000,20.0,8.0,-0.375492,-0.786418,0.309753,0.588523,0.909091,0.743399,0,4
5.0000,20.0,9.0,-0.290615,-0.106977,0.043501,0.536895,0.909091,0.558646,0,5
5.0000,20.0,10.0,0.053402,-0.286712,0.357881,0.462852,0.909091,0.641792,0,9
5.0000,20.0,11.0,0.257649,-0.787258,0.356539,0.458675,0.909091,0.636945,0,8
5.0000,20.0,12.0,0.239678,0.162793,0.189614,0.558093,0.909091,0.652900,0,10
5.0000,20.0,13.0,0.699297,-0.396101,0.747312,0.567021,0.909091,0.940677,0,9
5.0000,20.0,14.0,-0.003144,0.933256,0.953574,0.352232,0.909091,0.829019,-1,7
5.0000,20.0,15.0,-0.791981,-0.014041,0.646851,0.061739,0.909091,0.385164,1,1
5.0000,20.0,16.0,-0.434230,0.383036,0.330292,0.973555,0.909091,1.138701,0,6
5.0000,20.0,17.0,-0.008156,-0.234392,0.312828,0.351879,0.909091,0.508292,-1,5
5.0000,20.0,18.0,0.060795,0.556546,0.247473,0.297160,0.909091,0.420896,0,10
5.0000,20.0,19.0,-0.099163,0.288818,0.103009,0.522137,0.909091,0.573642,0,6
5.0000,20.0,20.0,0.009204,0.911965,0.456418,0.296020,0.909091,0.524230,0,11
5.0000,20.0,21.0,-0.259510,-0.401601,0.218650,0.885797,0.909091,0.995122,0,5
5.0000,20.0,22.0,0.071638,-0.224850,0.095549,0.376182,0.909091,0.423956,1,9
5.0000,20.0,23.0,-0.079970,-0.284308,0.551388,0.488726,0.909091,0.764420,0,5
5.0000,20.0,24.0,-0.564598,-0.706961,0.815835,0.355936,0.909091,0.763854,0,5
5.0000,20.0,25.0,-0.400646,0.194588,0.134555,0.759097,0.909091,0.826375,1,6
5.0000,20.0,26.0,-0.361744,0.042302,0.829838,0.515288,0.909091,0.930207,0,6
5.0000,20.0,27.0,0.106945,-0.815210,0.283070,0.185759,0.909091,0.327294,0,8
5.0000,20.0,28.0,0.421107,-0.316355,0.414844,0.953338,0.909091,1.160760,0,9
5.0000,20.0,29.0,-0.188299,-0.697014,0.462317,0.300984,0.909091,0.532142,0,5
5.0000,20.0,30.0,0.522504,-0.565693,0.234060,0.613250,0.909091,0.730280,0,9
5.0000,20.0,31.0,0.811569,0.032326,0.342252,0.093425,0.909091,0.264551,0,14
5.0000,21.0,0.0,0.827025,-0.279792,0.469150,0.552631,0.909091,0.787206,0,13
5.0000,21.0,1.0,0.178596,0.257418,0.376449,0.622404,0.909091,0.810629,0,10
5.0000,21.0,2.0,0.664112,1.369474,1.068366,1.312217,0.909091,1.846400,-1,11
5.0000,21.0,3.0,1.396219,0.421152,1.277217,1.493993,0.909091,2.132602,0,14
5.0000,21.0,4.0,0.217075,0.150489,0.222812,0.489570,0.909091,0.600976,0,10
5.0000,21.0,5.0,-0.619055,0.038141,0.723099,0.156700,0.909091,0.518249,1,6
5.0000,21.0,6.0,-1.493539,1.313842,1.330657,3.767480,0.909091,4.432809,0,3
5.0000,21.0,7.0,-1.085812,-0.066378,0.427017,0.763852,0.909091,0.977361,0,1
5.0000,21.0,8.0,0.138077,-0.074791,0.137179,0.204999,0.909091,0.273589,0,9
5.0000,21.0,9.0,-0.215285,0.025983,0.238000,0.319771,0.909091,0.438770,1,6
5.0000,21.0,10.0,-0.887020,0.218132,0.448229,0.560028,0.909091,0.784142,0,2
5.0000,21.0,11.0,-0.318717,-0.350177,0.141835,0.967431,0.909091,1.038348,-1,5
5.0000,21.0,12.0,0.200495,-0.320230,0.134203,0.752260,0.909091,0.819362,0,9
5.0000,21.0,13.0,-0.107636,-0.674476,0.161956,0.160486,0.909091,0.241464,0,5
5.0000,21.0,14.0,0.212842,-0.566081,0.188349,0.551676,0.909091,0.645850,1,9
5.0000,21.0,15.0,0.719763,-0.142016,0.185424,0.192841,0.909091,0.285553,0,9
5.0000,21.0,16.0,0.436364,0.361179,0.458763,0.969394,0.909091,1.198776,0,10
5.0000,21.0,17.0,-0.412518,0.441969,0.187061,0.955905,0.909091,1.049436,-1,6
5.0000,21.0,18.0,-0.499117,-0.204457,0.267164,0.663860,0.909091,0.797442,0,5
5.0000,21.0,19.0,-0.131246,0.184164,0.270127,0.385392,0.909091,0.520455,0,6
5.0000,21.0,20.0,-0.135759,0.995612,1.293215,0.674012,0.909091,1.320619,0,7
5.0000,21.0,21.0,0.026967,-1.208838,0.710532,0.842491,0.909091,1.197757,-1,8
5.0000,21.0,22.0,0.347909,0.303686,0.183458,0.950302,0.909091,1.042032,1,10
5.0000,21.0,23.0,0.589157,0.875140,1.033926,0.526198,0.909091,1.043162,-1,11
5.0000,21.0,24.0,0.691369,0.212940,0.212116,0.357843,0.909091,0.463901,0,10
5.0000,21.0,25.0,0.206407,-0.186205,0.527987,0.540772,0.909091,0.804765,0,9
5.0000,21.0,26.0,0.571004,-1.180129,0.507359,1.279216,0.909091,1.532895,0,8
5.0000,21.0,27.0,-0.778693,-0.795915,1.203719,0.293416,0.909091,0.895276,0,0
5.0000,21.0,28.0,0.590426,0.739310,0.312623,0.312292,0.909091,0.468603,0,10
5.0000,21.0,29.0,0.670742,0.070339,0.043117,0.110941,0.909091,0.132500,0,10
5.0000,21.0,30.0,0.668882,0.122514,0.471881,0.192682,0.909091,0.428622,1,10
5.0000,21.0,31.0,0.323851,-0.672647,0.817593,0.559194,0.909091,0.967990,0,9
5.0000,22.0,0.0,-0.129899,0.222048,0.154725,0.460126,0.909091,0.537488,0,6
5.0000,22.0,1.0,0.195122,0.439430,0.220489,0.730587,0.909091,0.840831,0,10
5.0000,22.0,2.0,0.428170,-0.298609,0.317875,0.927288,0.909091,1.086225,0,9
5.0000,22.0,3.0,-0.420603,-0.165690,0.416916,0.686551,0.909091,0.895009,0,5
5.0000,22.0,4.0,-0.008205,-0.208346,0.103171,0.300514,0.909091,0.352100,0,5
5.0000,22.0,5.0,0.074008,-0.103018,0.444971,0.142878,0.909091,0.365363,0,9
5.0000,22.0,6.0,0.247617,0.845060,0.395319,0.527307,0.909091,0.724966,0,11
5.0000,22.0,7.0,-0.632141,-0.000980,0.611931,0.121799,0.909091,0.427764,0,5
5.0000,22.0,8.0,0.180758,-0.716567,0.175242,0.274801,0.909091,0.362422,0,9
5.0000,22.0,9.0,0.379224,-0.306296,0.375192,0.959837,0.909091,1.147433,0,9
5.0000,22.0,10.0,0.128001,0.559751,0.074472,0.390155,0.909091,0.427391,0,10
5.0000,22.0,11.0,0.023431,0.073849,0.204442,0.060994,0.909091,0.163215,-1,10
5.0000,22.0,12.0,-0.083290,-0.805867,0.279780,0.136350,0.909091,0.276240,0,4
5.0000,22.0,13.0,0.621435,-0.717208,0.056877,0.262008,0.909091,0.290447,0,9
5.0000,22.0,14.0,0.370548,-1.106195,0.888149,1.331062,0.909091,1.775136,0,8
5.0000,22.0,15.0,0.195342,0.222893,0.389643,0.592862,0.909091,0.787684,-1,10
5.0000,22.0,16.0,0.014515,-0.603170,0.252137,0.174665,0.909091,0.300733,0,9
5.0000,22.0,17.0,0.021037,0.074673,0.051443,0.061070,0.909091,0.086792,0,10
5.0000,22.0,18.0,0.281166,0.212027,0.181791,0.729281,0.909091,0.820176,0,10
5.0000,22.0,19.0,0.065235,0.803383,0.036401,0.110538,0.909091,0.128738,0,11
5.0000,22.0,20.0,-0.086440,0.462371,0.477333,0.498773,0.909091,0.737440,0,6
5.0000,22.0,21.0,-0.031936,-0.539568,0.372919,0.308547,0.909091,0.495007,-1,5
5.0000,22.0,22.0,-0.222525,0.149809,0.397118,0.499068,0.909091,0.697627,0,6
5.0000,22.0,23.0,-0.337830,-0.806360,1.076489,0.593674,0.909091,1.131918,-1,4
5.0000,22.0,24.0,0.062921,0.455866,0.685681,0.478740,0.909091,0.821581,0,10
5.0000,22.0,25.0,1.039739,-0.730899,0.512562,0.939621,0.909091,1.195902,1,13
5.0000,22.0,26.0,0.577235,-0.934987,0.615219,0.715384,0.909091,1.022994,0,8
5.0000,22.0,27.0,-0.114464,-0.418719,0.081640,0.589885,0.909091,0.630705,0,5
5.0000,22.0,28.0,0.159137,-0.042039,0.404632,0.214371,0.909091,0.416687,0,9
5.0000,22.0,29.0,0.367968,0.349749,0.122414,0.994700,0.909091,1.055907,0,10
5.0000,22.0,30.0,-0.113462,0.846485,0.464106,0.250878,0.909091,0.482931,0,7
5.0000,22.0,31.0,-0.993942,0.388614,0.926890,1.080506,0.909091,1.543951,0,2
5.0000,23.0,0.0,-0.761581,-0.036765,0.296707,0.048437,0.909091,0.196791,0,1
5.0000,23.0,1.0,-0.299444,0.243599,0.198241,0.815554,0.909091,0.914675,0,6
5.0000,23.0,2.0,-0.227429,-0.620487,0.151392,0.478828,0.909091,0.554524,0,5
5.0000,23.0,3.0,-0.219494,-1.372060,0.341367,1.191504,0.909091,1.362188,0,4
5.0000,23.0,4.0,-0.472362,-0.631892,0.720362,0.577716,0.909091,0.937897,-1,5
5.0000,23.0,5.0,0.045830,0.818990,0.249307,0.113635,0.909091,0.238288,0,11
5.0000,23.0,6.0,0.421613,0.597588,0.660055,0.686024,0.909091,1.016051,0,10
5.0000,23.0,7.0,-0.360744,1.095011,1.837950,1.306575,0.909091,2.225550,-1,7
5.0000,23.0,8.0,-0.349749,-0.256328,0.300600,0.880792,0.909091,1.031092,0,5
5.0000,23.0,9.0,0.174500,0.497261,0.111857,0.604099,0.909091,0.660028,0,10
5.0000,23.0,10.0,-0.095672,0.531090,0.147675,0.393000,0.909091,0.466837,0,6
5.0000,23.0,11.0,-0.154156,0.104495,0.177507,0.278114,0.909091,0.366867,0,6
5.0000,23.0,12.0,0.427379,-0.211023,0.637255,0.775390,0.909091,1.094018,1,9
5.0000,23.0,13.0,0.514281,-0.759281,1.011540,0.450287,0.909091,0.956057,1,8
5.0000,23.0,14.0,0.796018,0.148554,0.289274,0.239109,0.909091,0.383746,0,14
5.0000,23.0,15.0,1.057691,-0.093095,0.112850,0.746455,0.909091,0.802880,0,13
5.0000,23.0,16.0,0.623597,-0.181204,0.252664,0.376164,0.909091,0.502497,0,9
5.0000,23.0,17.0,-0.300704,0.200060,0.724415,0.730747,0.909091,1.092954,1,6
5.0000,23.0,18.0,0.084979,0.752716,0.055223,0.094875,0.909091,0.122487,0,11
5.0000,23.0,19.0,-0.010785,0.780382,0.340092,0.049993,0.909091,0.220039,0,7
5.0000,23.0,20.0,-1.036368,0.473218,1.080656,1.153137,0.909091,1.693464,1,2
5.0000,23.0,21.0,-0.247412,0.426703,0.211711,0.847565,0.909091,0.953420,0,6
5.0000,23.0,22.0,-0.931284,0.548027,0.275898,0.749107,0.909091,0.887056,0,2
5.0000,23.0,23.0,0.092973,0.731999,0.462022,0.103801,0.909091,0.334812,0,10
5.0000,23.0,24.0,-0.208861,-0.097554,0.160508,0.379177,0.909091,0.459431,0,5
5.0000,23.0,25.0,0.085417,0.209291,0.094449,0.362596,0.909091,0.409821,0,10
5.0000,23.0,26.0,0.106387,0.287387,0.083437,0.531580,0.909091,0.573299,-1,10
5.0000,23.0,27.0,-0.004925,-0.105963,0.370742,0.101756,0.909091,0.287127,-1,5
5.0000,23.0,28.0,-0.789696,0.679860,0.447601,0.249795,0.909091,0.473595,0,2
5.0000,23.0,29.0,0.461193,0.399168,0.464126,0.939512,0.909091,1.171576,1,10
5.0000,23.0,30.0,0.383414,0.056138,0.227679,0.527261,0.909091,0.641100,0,10
5.0000,23.0,31.0,0.586654,-0.270902,0.534874,0.621908,0.909091,0.889345,0,9
5.0000,24.0,0.0,0.140613,-0.320844,0.137709,0.630689,0.909091,0.699543,0,9
5.0000,24.0,1.0,-0.151374,0.104993,0.405088,0.273397,0.909091,0.475941,0,6
5.0000,24.0,2.0,-0.114892,-0.787753,0.157273,0.165592,0.909091,0.244228,1,4
5.0000,24.0,3.0,-0.033037,-0.524174,0.917473,0.339682,0.909091,0.798419,0,5
5.0000,24.0,4.0,-1.179522,-0.720169,0.988336,1.209210,0.909091,1.703377,0,1
5.0000,24.0,5.0,-0.472630,0.085372,1.406123,0.482369,0.909091,1.185431,0,6
5.0000,24.0,6.0,1.705121,0.232464,1.073288,2.528898,0.909091,3.065542,0,14
5.0000,24.0,7.0,0.811409,-0.942541,0.380795,0.743306,0.909091,0.933704,0,12
5.0000,24.0,8.0,0.164370,-0.565113,0.391036,0.451414,0.909091,0.646932,-1,9
5.0000,24.0,9.0,-0.425538,0.382172,0.090940,0.981231,0.909091,1.026702,0,6
5.0000,24.0,10.0,-0.650358,0.843532,0.435549,0.371271,0.909091,0.589045,0,7
5.0000,24.0,11.0,0.172867,0.511125,0.287830,0.575613,0.909091,0.719528,0,10
5.0000,24.0,12.0,-0.644804,0.833633,0.519393,0.355139,0.909091,0.614836,0,7
5.0000,24.0,13.0,-0.406657,0.755479,0.637387,0.562165,0.909091,0.880858,0,7
5.0000,24.0,14.0,0.092954,-0.583518,0.241686,0.283482,0.909091,0.404325,0,9
5.0000,24.0,15.0,0.552941,-0.072411,0.205202,0.317437,0.909091,0.420038,0,9
5.0000,24.0,16.0,0.584130,-0.084220,0.172712,0.269799,0.909091,0.356155,0,9
5.0000,24.0,17.0,0.849642,-0.858328,0.563579,0.571412,0.909091,0.853202,0,12
5.0000,24.0,18.0,0.423085,0.441846,0.160192,0.948999,0.909091,1.029095,0,10
5.0000,24.0,19.0,-0.136627,0.335006,0.431266,0.634103,0.909091,0.849736,0,6
5.0000,24.0,20.0,0.532856,-0.638332,0.161941,0.472355,0.909091,0.553325,1,9
5.0000,24.0,21.0,-0.047727,-0.143007,0.532903,0.186939,0.909091,0.453391,-1,5
5.0000,24.0,22.0,-1.069194,0.507726,0.456839,1.191760,0.909091,1.420179,0,2
5.0000,24.0,23.0,-0.916587,0.509262,0.157184,0.764493,0.909091,0.843085,0,2
5.0000,24.0,24.0,-0.789106,0.255424,0.210642,0.456417,0.909091,0.561738,0,2
5.0000,24.0,25.0,-0.368303,0.615980,0.209990,0.665417,0.909091,0.770412,0,6
5.0000,24.0,26.0,0.172900,-0.115366,0.131615,0.333959,0.909091,0.399766,0,9
5.0000,24.0,27.0,-0.491275,-0.220194,0.212634,0.709917,0.909091,0.816234,1,5
5.0000,24.0,28.0,-0.801729,0.296782,0.681249,0.540578,0.909091,0.881203,0,2
5.0000,24.0,29.0,-0.760824,-0.090177,0.656234,0.105604,0.909091,0.433721,0,1
5.0000,24.0,30.0,-0.227392,-0.567857,0.731666,0.577980,0.909091,0.943813,0,5
5.0000,24.0,31.0,1.069827,-0.087923,0.538806,0.763116,0.909091,1.032519,0,13
5.0000,25.0,0.0,0.654974,-0.461107,0.212330,0.560604,0.909091,0.666769,0,9
5.0000,25.0,1.0,0.384517,-0.626337,0.597127,0.649947,0.909091,0.948510,0,9
5.0000,25.0,2.0,0.482267,-0.344675,0.804668,0.903035,0.909091,1.305369,0,9
5.0000,25.0,3.0,-0.524949,0.916337,0.130988,0.740608,0.909091,0.806102,0,7
5.0000,25.0,4.0,-0.486266,0.804346,0.200054,0.539717,0.909091,0.639744,0,7
5.0000,25.0,5.0,0.245944,0.671808,0.294432,0.442924,0.909091,0.590140,1,10
5.0000,25.0,6.0,0.263272,0.419200,0.585300,0.881717,0.909091,1.174367,-1,10
5.0000,25.0,7.0,-0.059951,-0.492208,0.324867,0.420158,0.909091,0.582591,0,5
5.0000,25.0,8.0,-0.244588,-0.175811,0.655741,0.593854,0.909091,0.921725,1,5
5.0000,25.0,9.0,-0.477567,0.694673,0.418511,0.503659,0.909091,0.712914,0,6
5.0000,25.0,10.0,0.029224,0.141987,0.221260,0.172846,0.909091,0.283476,1,10
5.0000,25.0,11.0,0.737577,0.266530,0.256811,0.447173,0.909091,0.575579,0,10
5.0000,25.0,12.0,0.269001,-0.252513,0.174831,0.788437,0.909091,0.875853,-1,9
5.0000,25.0,13.0,0.272786,0.542449,0.429768,0.712339,0.909091,0.927223,0,10
5.0000,25.0,14.0,-0.443160,-0.129089,0.458464,0.592844,0.909091,0.822076,0,5
5.0000,25.0,15.0,-0.054982,0.598505,0.326010,0.207922,0.909091,0.370927,0,6
5.0000,25.0,16.0,0.724328,-0.122338,0.178179,0.154031,0.909091,0.243121,0,9
5.0000,25.0,17.0,0.833919,-0.240536,0.277205,0.492016,0.909091,0.630619,0,13
5.0000,25.0,18.0,0.213085,-0.079668,0.032938,0.362656,0.909091,0.379125,0,9
5.0000,25.0,19.0,0.002741,-0.221812,0.144511,0.326976,0.909091,0.399232,0,9
5.0000,25.0,20.0,0.336873,-0.802433,0.818450,0.587496,0.909091,0.996721,0,8
5.0000,25.0,21.0,-0.168659,0.663305,1.203972,0.291202,0.909091,0.893188,-1,6
5.0000,25.0,22.0,-0.860613,-0.819134,0.920551,0.504913,0.909091,0.965188,0,0
5.0000,25.0,23.0,-0.194726,0.345044,0.185092,0.757859,0.909091,0.850405,0,6
5.0000,25.0,24.0,-0.057555,0.273528,0.084063,0.447477,0.909091,0.489509,0,6
5.0000,25.0,25.0,-0.433765,0.704904,0.261489,0.545660,0.909091,0.676405,0,6
5.0000,25.0,26.0,-0.080584,-0.014936,0.073221,0.066578,0.909091,0.103188,0,5
5.0000,25.0,27.0,0.179025,-0.414068,0.626244,0.718995,0.909091,1.032116,-1,9
5.0000,25.0,28.0,0.409215,-0.755455,0.207143,0.561250,0.909091,0.664821,0,8
5.0000,25.0,29.0,-0.103143,-1.386195,0.381471,0.939116,0.909091,1.129851,0,4
5.0000,25.0,30.0,0.778987,-0.595309,0.462305,0.332618,0.909091,0.563771,0,13
5.0000,25.0,31.0,0.525275,-1.057972,0.114545,1.142741,0.909091,1.200013,0,8
5.0000,26.0,0.0,-0.208152,-0.523421,0.573306,0.626610,0.909091,0.913263,0,5
5.0000,26.0,1.0,-0.895977,0.186039,0.728732,0.511838,0.909091,0.876204,0,2
5.0000,26.0,2.0,-0.153399,0.113547,0.227251,0.291447,0.909091,0.405073,0,6
5.0000,26.0,3.0,0.155325,0.699212,0.281998,0.229505,0.909091,0.370504,0,10
5.0000,26.0,4.0,-0.816991,0.434021,0.602153,0.614454,0.909091,0.915531,1,2
5.0000,26.0,5.0,-0.438255,-0.131615,0.501276,0.602901,0.909091,0.853539,-1,5
5.0000,26.0,6.0,0.277556,-0.766489,0.868828,0.476503,0.909091,0.910917,1,8
5.0000,26.0,7.0,-1.052515,-0.067842,0.112758,0.700654,0.909091,0.757034,0,1
5.0000,26.0,8.0,-1.587755,-0.258537,0.923020,1.874709,0.909091,2.336219,-1,1
5.0000,26.0,9.0,-0.063375,-0.274960,0.076765,0.455538,0.909091,0.493921,0,5
5.0000,26.0,10.0,-0.477104,-0.191774,0.264160,0.673827,0.909091,0.805907,0,5
5.0000,26.0,11.0,0.496809,-0.426511,0.194203,0.870388,0.909091,0.967489,0,9
5.0000,26.0,12.0,0.094231,-0.060679,0.345211,0.114764,0.909091,0.287369,-1,9
5.0000,26.0,13.0,-0.567535,0.320202,0.245629,0.725682,0.909091,0.848497,0,6
5.0000,26.0,14.0,-0.221715,0.921978,0.331754,0.658902,0.909091,0.824779,0,7
5.0000,26.0,15.0,0.028933,0.186120,0.076329,0.261565,0.909091,0.299729,0,10
5.0000,26.0,16.0,-0.104247,-0.136370,0.035449,0.243255,0.909091,0.260979,0,5
5.0000,26.0,17.0,0.001177,-0.304167,0.050270,0.460410,0.909091,0.485545,0,9
5.0000,26.0,18.0,-0.019662,-0.194257,0.047532,0.274453,0.909091,0.298219,0,5
5.0000,26.0,19.0,0.242575,-0.489689,0.536783,0.756726,0.909091,1.025117,-1,9
5.0000,26.0,20.0,0.965703,-0.113648,0.340144,0.550779,0.909091,0.720851,1,13
5.0000,26.0,21.0,0.361635,-0.699872,0.728288,0.563433,0.909091,0.927577,1,9
5.0000,26.0,22.0,0.404972,-0.288304,0.941270,0.929522,0.909091,1.400157,0,9
5.0000,26.0,23.0,-1.008927,0.576376,0.915437,0.939931,0.909091,1.397649,0,2
5.0000,26.0,24.0,-0.108969,0.350934,0.233589,0.593279,0.909091,0.710074,1,6
5.0000,26.0,25.0,0.080976,0.333295,0.071989,0.542136,0.909091,0.578131,0,10
5.0000,26.0,26.0,-0.289422,0.135289,0.208472,0.585184,0.909091,0.689420,1,6
5.0000,26.0,27.0,-0.710569,0.828536,1.649353,0.309164,0.909091,1.133841,0,7
5.0000,26.0,28.0,0.817909,-0.790053,0.896607,0.349590,0.909091,0.797893,0,12
5.0000,26.0,29.0,-0.058142,-1.039484,0.367333,0.660936,0.909091,0.844603,0,4
5.0000,26.0,30.0,-0.267126,0.094939,0.508972,0.483520,0.909091,0.738006,-1,6
5.0000,26.0,31.0,0.240161,-1.119774,0.471085,1.162888,0.909091,1.398430,-1,8
5.0000,27.0,0.0,0.436488,0.425909,0.537783,0.952167,0.909091,1.221058,0,10
5.0000,27.0,1.0,0.639164,0.146106,0.052224,0.277974,0.909091,0.304086,0,10
5.0000,27.0,2.0,0.514124,0.271993,0.093862,0.765590,0.909091,0.812521,0,10
5.0000,27.0,3.0,0.115464,0.366526,0.337286,0.608299,0.909091,0.776942,0,10
5.0000,27.0,4.0,0.109032,-0.608914,0.708972,0.260395,0.909091,0.614881,0,9
5.0000,27.0,5.0,0.098224,0.763842,0.195410,0.119394,0.909091,0.217099,0,11
5.0000,27.0,6.0,0.445841,0.324289,0.886778,0.937497,0.909091,1.380886,1,10
5.0000,27.0,7.0,-0.697383,-0.022377,0.363042,0.048200,0.909091,0.229721,1,5
5.0000,27.0,8.0,-0.706630,0.510679,0.639185,0.448642,0.909091,0.768235,1,6
5.0000,27.0,9.0,0.143270,0.018752,0.302246,0.170982,0.909091,0.322105,0,10
5.0000,27.0,10.0,-0.431952,-0.417590,0.791124,0.962452,0.909091,1.358014,1,5
5.0000,27.0,11.0,0.932272,0.113195,0.138483,0.458005,0.909091,0.527246,0,14
5.0000,27.0,12.0,0.906421,0.311054,1.820090,0.777998,0.909091,1.688043,0,14
5.0000,27.0,13.0,-0.546225,-0.387141,0.123397,0.797535,0.909091,0.859234,1,5
5.0000,27.0,14.0,-0.525822,0.128112,0.346539,0.458254,0.909091,0.631523,0,6
5.0000,27.0,15.0,0.212649,0.573196,0.537658,0.537073,0.909091,0.805902,-1,10
5.0000,27.0,16.0,-0.247388,-0.422794,0.246979,0.850772,0.909091,0.974261,0,5
5.0000,27.0,17.0,0.032075,-0.737308,0.363415,0.039302,0.909091,0.221009,0,9
5.0000,27.0,18.0,-0.200634,-0.230683,0.162274,0.619019,0.909091,0.700156,-1,5
5.0000,27.0,19.0,-0.595282,0.393944,0.250038,0.702318,0.909091,0.827337,0,6
5.0000,27.0,20.0,0.179874,0.072069,0.231411,0.285211,0.909091,0.400917,0,10
5.0000,27.0,21.0,0.150502,0.942476,1.443767,0.558905,0.909091,1.280788,-1,11
5.0000,27.0,22.0,-0.527019,-0.675200,0.901466,0.440708,0.909091,0.891440,0,5
5.0000,27.0,23.0,0.539534,-0.058657,0.117092,0.329411,0.909091,0.387957,1,9
5.0000,27.0,24.0,0.111889,-0.570579,0.449894,0.339570,0.909091,0.564518,0,9
5.0000,27.0,25.0,0.096895,-0.000326,0.009924,0.087464,0.909091,0.092425,0,9
5.0000,27.0,26.0,0.047170,-0.114985,0.056151,0.135503,0.909091,0.163579,1,9
5.0000,27.0,27.0,0.244214,-0.025705,0.345904,0.375338,0.909091,0.548290,0,9
5.0000,27.0,28.0,-0.377018,0.362724,0.488296,0.999839,0.909091,1.243987,-1,6
5.0000,27.0,29.0,-0.284030,-0.743314,0.266802,0.477172,0.909091,0.610573,-1,5
5.0000,27.0,30.0,0.279566,0.030557,0.066877,0.436347,0.909091,0.469786,0,10
5.0000,27.0,31.0,-0.109453,-0.021828,0.249178,0.111331,0.909091,0.235921,1,5
5.0000,28.0,0.0,0.771859,-0.959475,0.177272,0.730159,0.909091,0.818795,0,12
5.0000,28.0,1.0,0.844758,-0.221512,0.262063,0.472877,0.909091,0.603908,1,13
5.0000,28.0,2.0,0.458184,-0.180169,0.099654,0.676725,0.909091,0.726552,1,9
5.0000,28.0,3.0,0.169669,-0.261711,0.344990,0.611277,0.909091,0.783772,0,9
5.0000,28.0,4.0,-0.029882,0.356497,0.138619,0.506261,0.909091,0.575571,0,6
5.0000,28.0,5.0,-0.086089,0.105341,0.396970,0.162097,0.909091,0.360582,0,6
5.0000,28.0,6.0,-0.852166,-0.335372,0.888819,0.672991,0.909091,1.117400,0,1
5.0000,28.0,7.0,0.217047,-0.598354,0.199871,0.497344,0.909091,0.597280,0,9
5.0000,28.0,8.0,-0.643514,-0.749652,0.225258,0.241875,0.909091,0.354504,0,5
5.0000,28.0,9.0,-0.000919,-0.797899,0.273675,0.066544,0.909091,0.203382,0,4
5.0000,28.0,10.0,0.430050,0.110243,0.159011,0.573151,0.909091,0.652657,1,10
5.0000,28.0,11.0,0.247057,-0.097986,0.574788,0.453715,0.909091,0.741109,0,9
5.0000,28.0,12.0,-0.459866,-1.367030,0.650994,1.458720,0.909091,1.784217,0,4
5.0000,28.0,13.0,-0.100197,-0.217598,0.121590,0.400810,0.909091,0.461605,-1,5
5.0000,28.0,14.0,0.275818,0.137587,0.432295,0.570033,0.909091,0.786180,0,10
5.0000,28.0,15.0,0.709800,-0.263371,0.010976,0.446435,0.909091,0.451923,0,9
5.0000,28.0,16.0,0.640258,-0.271193,0.576748,0.529145,0.909091,0.817519,0,9
5.0000,28.0,17.0,-0.783909,-0.046650,0.378571,0.071335,0.909091,0.260620,1,1
5.0000,28.0,18.0,-0.496915,-0.106552,0.139856,0.474436,0.909091,0.544364,0,5
5.0000,28.0,19.0,-0.295947,-0.060017,0.359720,0.481301,0.909091,0.661161,0,5
5.0000,28.0,20.0,0.547797,0.250419,0.317620,0.662736,0.909091,0.821546,0,10
5.0000,28.0,21.0,0.699866,-0.605863,0.167068,0.289278,0.909091,0.372812,0,9
5.0000,28.0,22.0,0.756448,-0.011187,0.285125,0.035280,0.909091,0.177842,1,13
5.0000,28.0,23.0,0.643654,-0.170825,0.563772,0.322288,0.909091,0.604174,0,9
5.0000,28.0,24.0,-0.284935,0.576893,0.295321,0.663045,0.909091,0.810706,1,6
5.0000,28.0,25.0,-0.020765,0.100827,0.123991,0.097185,0.909091,0.159180,0,6
5.0000,28.0,26.0,0.274459,0.240186,0.460950,0.774516,0.909091,1.004991,0,10
5.0000,28.0,27.0,-0.596963,-0.398846,0.317804,0.698012,0.909091,0.856914,0,5
5.0000,28.0,28.0,0.279654,-0.175790,0.355632,0.652189,0.909091,0.830005,0,9
5.0000,28.0,29.0,-0.182336,-1.117949,0.428335,1.029548,0.909091,1.243715,-1,4
5.0000,28.0,30.0,-0.047452,0.111098,0.364096,0.129203,0.909091,0.311251,0,6
5.0000,28.0,31.0,0.505149,-0.368899,0.682903,0.873937,0.909091,1.215388,0,9
5.0000,29.0,0.0,0.376458,-0.906169,0.383794,0.828873,0.909091,1.020770,0,8
5.0000,29.0,1.0,-0.086977,-0.391726,0.222752,0.561506,0.909091,0.672882,-1,5
5.0000,29.0,2.0,0.277529,0.345274,0.273475,0.913486,0.909091,1.050223,0,10
5.0000,29.0,3.0,-0.220178,0.636050,0.168116,0.438546,0.909091,0.522604,0,6
5.0000,29.0,4.0,-0.127810,1.048342,1.104231,0.787718,0.909091,1.339834,0,7
5.0000,29.0,5.0,0.194450,-0.747932,0.476437,0.303132,0.909091,0.541350,0,9
5.0000,29.0,6.0,0.598035,0.154340,0.258195,0.365935,0.909091,0.495033,0,10
5.0000,29.0,7.0,0.385523,-0.685783,0.095810,0.577271,0.909091,0.625176,0,9
5.0000,29.0,8.0,-0.012931,-1.046537,0.351991,0.647780,0.909091,0.823776,0,4
5.0000,29.0,9.0,0.191588,-0.580676,1.203569,0.477810,0.909091,1.079594,0,9
5.0000,29.0,10.0,0.014498,0.731946,0.617053,0.032154,0.909091,0.340680,0,10
5.0000,29.0,11.0,-0.137744,-0.300148,0.333357,0.603497,0.909091,0.770176,-1,5
5.0000,29.0,12.0,0.243860,-0.555740,0.113721,0.634559,0.909091,0.691420,0,9
5.0000,29.0,13.0,0.365605,-0.260565,0.306530,0.892876,0.909091,1.046141,0,9
5.0000,29.0,14.0,-0.683419,-0.540600,0.567816,0.410445,0.909091,0.694353,0,5
5.0000,29.0,15.0,0.543079,-0.157496,0.357759,0.481634,0.909091,0.660513,0,9
5.0000,29.0,16.0,0.244476,-0.538923,0.085202,0.669214,0.909091,0.711815,0,9
5.0000,29.0,17.0,0.407802,-0.136955,0.144664,0.637988,0.909091,0.710320,0,9
5.0000,29.0,18.0,0.142780,0.221563,0.103761,0.483452,0.909091,0.535332,0,10
5.0000,29.0,19.0,0.039761,0.659642,0.392694,0.095489,0.909091,0.291836,0,10
5.0000,29.0,20.0,-0.042981,0.656767,0.396154,0.101561,0.909091,0.299638,-1,6
5.0000,29.0,21.0,0.273359,-0.245972,0.182959,0.783538,0.909091,0.875018,0,9
5.0000,29.0,22.0,-0.289043,0.084940,0.194667,0.501840,0.909091,0.599173,0,6
5.0000,29.0,23.0,-0.268733,-0.135086,0.174713,0.554275,0.909091,0.641631,0,5
5.0000,29.0,24.0,0.038011,-0.306603,0.240480,0.475613,0.909091,0.595853,0,9
5.0000,29.0,25.0,0.554720,0.342077,0.133838,0.768954,0.909091,0.835873,1,10
5.0000,29.0,26.0,1.043844,-0.049832,0.575925,0.662817,0.909091,0.950779,0,13
5.0000,29.0,27.0,0.017965,-0.672467,0.058084,0.069110,0.909091,0.098152,0,9
5.0000,29.0,28.0,-0.025633,-0.653525,0.063158,0.095502,0.909091,0.127081,0,5
5.0000,29.0,29.0,0.025899,-0.742146,0.529055,0.036489,0.909091,0.301016,0,9
5.0000,29.0,30.0,-0.999772,0.228169,0.720637,0.887502,0.909091,1.247821,-1,2
5.0000,29.0,31.0,-1.015275,-0.366400,0.841366,1.131594,0.909091,1.552277,0,1
5.0000,30.0,0.0,0.077101,0.076754,0.302397,0.109574,0.909091,0.260772,1,10
5.0000,30.0,1.0,-0.513559,-0.573388,0.242440,0.614512,0.909091,0.735732,0,5
5.0000,30.0,2.0,-0.568854,0.132503,0.079064,0.380209,0.909091,0.419742,1,6
5.0000,30.0,3.0,-0.579699,0.032154,0.062116,0.227511,0.909091,0.258569,0,6
5.0000,30.0,4.0,-0.557516,0.098698,0.161419,0.344503,0.909091,0.425212,0,6
5.0000,30.0,5.0,0.205872,0.215729,0.239744,0.600242,0.909091,0.720114,0,10
5.0000,30.0,6.0,0.537514,0.681740,0.445025,0.417115,0.909091,0.639628,-1,10
5.0000,30.0,7.0,0.687320,-0.628780,0.610183,0.261858,0.909091,0.566950,0,9
5.0000,30.0,8.0,-0.450139,-0.067783,0.888190,0.491322,0.909091,0.935416,1,5
5.0000,30.0,9.0,0.672795,1.101102,2.136576,1.078791,0.909091,2.147079,-1,11
5.0000,30.0,10.0,-0.224574,-0.418124,0.552063,0.810374,0.909091,1.086406,-1,5
5.0000,30.0,11.0,-0.744391,0.568448,0.877805,0.350957,0.909091,0.789860,0,6
5.0000,30.0,12.0,0.712322,-0.190393,0.511024,0.297158,0.909091,0.552671,1,9
5.0000,30.0,13.0,0.237401,-0.085025,0.231616,0.417248,0.909091,0.533055,1,9
5.0000,30.0,14.0,0.063888,-0.292144,1.117909,0.480427,0.909091,1.039382,1,9
5.0000,30.0,15.0,-0.545751,-0.053405,0.501914,0.311881,0.909091,0.562838,0,5
5.0000,30.0,16.0,0.566992,-0.759232,0.214139,0.361532,0.909091,0.468601,0,8
5.0000,30.0,17.0,0.237499,-0.729306,0.238021,0.392245,0.909091,0.511256,0,9
5.0000,30.0,18.0,-0.078463,-0.182873,0.145062,0.299206,0.909091,0.371737,0,5
5.0000,30.0,19.0,0.395179,-0.539358,0.756208,0.809307,0.909091,1.187411,1,9
5.0000,30.0,20.0,0.315119,-0.079012,0.142156,0.524446,0.909091,0.595524,0,9
5.0000,30.0,21.0,-0.209785,0.023491,0.242123,0.307627,0.909091,0.428689,0,6
5.0000,30.0,22.0,-0.571831,-0.721207,0.497603,0.340943,0.909091,0.589745,-1,5
5.0000,30.0,23.0,0.303780,-0.632649,0.065742,0.588930,0.909091,0.621801,1,9
5.0000,30.0,24.0,0.268267,-0.776847,0.578492,0.468279,0.909091,0.757525,-1,8
5.0000,30.0,25.0,0.873029,0.139108,0.328444,0.356072,0.909091,0.520294,0,14
5.0000,30.0,26.0,0.357713,0.576923,0.206423,0.733665,0.909091,0.836877,-1,10
5.0000,30.0,27.0,0.091475,-0.198468,0.269395,0.348972,0.909091,0.483670,0,9
5.0000,30.0,28.0,0.359283,-0.960055,0.069198,0.973826,0.909091,1.008425,0,8
5.0000,30.0,29.0,0.332847,-0.573361,0.432398,0.725663,0.909091,0.941862,0,9
5.0000,30.0,30.0,0.532114,0.654925,0.977227,0.452547,0.909091,0.941161,-1,10
5.0000,30.0,31.0,-0.282022,-1.140694,0.751803,1.271604,0.909091,1.647506,0,4
5.0000,31.0,0.0,-0.582381,0.132518,0.080825,0.353217,0.909091,0.393629,1,6
5.0000,31.0,1.0,-0.178629,0.023473,0.051114,0.243660,0.909091,0.269217,0,6
5.0000,31.0,2.0,-0.202105,-0.281701,0.022101,0.709735,0.909091,0.720786,0,5
5.0000,31.0,3.0,-0.352879,-0.406137,0.484534,0.989065,0.909091,1.231332,-1,5
5.0000,31.0,4.0,-0.351335,0.016799,0.392534,0.499208,0.909091,0.695475,0,6
5.0000,31.0,5.0,-0.227100,0.882332,0.290212,0.567775,0.909091,0.712881,0,7
5.0000,31.0,6.0,0.674138,0.828468,0.653143,0.320065,0.909091,0.646636,0,11
5.0000,31.0,7.0,0.353455,0.220183,0.580445,0.813781,0.909091,1.104004,1,10
5.0000,31.0,8.0,-0.036599,-0.936387,0.782975,0.372767,0.909091,0.764254,1,4
5.0000,31.0,9.0,-0.311081,-1.011946,1.204323,1.070896,0.909091,1.673058,-1,4
5.0000,31.0,10.0,-0.649114,0.467586,1.097430,0.559995,0.909091,1.108710,0,6
5.0000,31.0,11.0,-0.102452,1.201914,0.175698,0.927408,0.909091,1.015257,0,7
5.0000,31.0,12.0,-0.084682,0.892302,0.197599,0.307548,0.909091,0.406348,0,7
5.0000,31.0,13.0,-0.362468,0.617553,0.657966,0.661114,0.909091,0.990097,0,6
5.0000,31.0,14.0,0.657905,1.628825,1.775228,2.278356,0.909091,3.165970,-1,11
5.0000,31.0,15.0,-0.300641,-0.512955,0.237136,0.809400,0.909091,0.927968,1,5
5.0000,31.0,16.0,-0.296950,-0.732770,0.536406,0.495257,0.909091,0.763460,0,5
5.0000,31.0,17.0,0.229945,0.014741,0.128000,0.344673,0.909091,0.408673,0,10
5.0000,31.0,18.0,0.079873,-0.634271,0.999762,0.172908,0.909091,0.672789,0,9
5.0000,31.0,19.0,1.175299,0.943180,1.255386,1.807493,0.909091,2.435187,0,15
5.0000,31.0,20.0,0.040595,0.376210,0.288736,0.515247,0.909091,0.659615,0,10
5.0000,31.0,21.0,-0.036467,0.526281,0.273452,0.337634,0.909091,0.474359,0,6
5.0000,31.0,22.0,-0.140897,0.293765,0.310419,0.601582,0.909091,0.756792,0,6
5.0000,31.0,23.0,0.715674,-0.365711,0.674254,0.558215,0.909091,0.895342,0,9
5.0000,31.0,24.0,-0.250678,0.139642,0.130762,0.532392,0.909091,0.597773,0,6
5.0000,31.0,25.0,-0.051098,0.189446,0.259002,0.283526,0.909091,0.413027,0,6
5.0000,31.0,26.0,0.705555,0.396414,0.085277,0.563835,0.909091,0.606473,0,10
5.0000,31.0,27.0,0.720433,-0.024518,0.181191,0.037705,0.909091,0.128300,0,9
5.0000,31.0,28.0,0.640993,-0.742794,0.140701,0.241322,0.909091,0.311673,1,9
5.0000,31.0,29.0,0.757347,-0.604995,0.909225,0.298414,0.909091,0.753026,0,13
5.0000,31.0,30.0,0.666153,0.717196,0.269451,0.210536,0.909091,0.345261,0,10
5.0000,31.0,31.0,0.007211,0.004909,0.215653,0.011119,0.909091,0.118946,0,10
6.0000,0.0,0.0,0.344910,0.645845,0.545434,0.583913,0.806452,0.856630,-1,10
6.0000,0.0,1.0,-0.296252,-0.645354,0.259216,0.538797,0.806452,0.668405,0,5
6.0000,0.0,2.0,0.122546,0.205601,0.279222,0.444099,0.806452,0.583710,0,10
6.0000,0.0,3.0,-0.109009,-0.799953,0.852267,0.130474,0.806452,0.556608,0,4
6.0000,0.0,4.0,-0.223056,-0.729597,0.418390,0.332386,0.806452,0.541581,0,5
6.0000,0.0,5.0,-0.737261,0.383276,1.151291,0.517074,0.806452,1.092719,0,6
6.0000,0.0,6.0,0.043554,1.510588,0.786936,0.871485,0.806452,1.264953,0,11
6.0000,0.0,7.0,0.483876,0.135039,0.103570,0.555030,0.806452,0.606815,0,10
6.0000,0.0,8.0,0.011567,0.323491,0.284626,0.505597,0.806452,0.647910,0,10
6.0000,0.0,9.0,0.683632,0.920592,0.692989,0.445682,0.806452,0.792176,0,11
6.0000,0.0,10.0,-0.532010,-0.131702,1.068156,0.455076,0.806452,0.989154,0,5
6.0000,0.0,11.0,0.724143,1.105706,0.379890,0.932582,0.806452,1.122528,0,11
6.0000,0.0,12.0,0.428071,0.350956,0.315507,0.974805,0.806452,1.132558,0,10
6.0000,0.0,13.0,-0.555209,0.605360,0.030244,0.441720,0.806452,0.456842,0,6
6.0000,0.0,14.0,-0.248294,0.640469,0.239908,0.470293,0.806452,0.590247,0,6
6.0000,0.0,15.0,-0.039043,0.826134,0.500809,0.077847,0.806452,0.328252,0,7
6.0000,0.0,16.0,1.029981,0.027764,0.357012,0.529634,0.806452,0.708140,0,14
6.0000,0.0,17.0,1.004851,-0.310698,0.219827,0.960772,0.806452,1.070686,0,13
6.0000,0.0,18.0,0.176077,-0.039414,0.076807,0.280205,0.806452,0.318608,0,9
6.0000,0.0,19.0,0.205757,0.220973,0.237765,0.636918,0.806452,0.755800,0,10
6.0000,0.0,20.0,-0.057421,-0.477013,0.257602,0.452968,0.806452,0.581769,-1,5
6.0000,0.0,21.0,0.740144,-0.204003,0.160215,0.291230,0.806452,0.371337,1,9
6.0000,0.0,22.0,0.497648,-0.133649,0.719936,0.527467,0.806452,0.887435,0,9
6.0000,0.0,23.0,-0.576966,0.580341,0.683782,0.446262,0.806452,0.788154,0,6
6.0000,0.0,24.0,-1.559779,-0.295305,1.079147,1.563445,0.806452,2.103019,0,1
6.0000,0.0,25.0,-0.987577,0.142306,0.515353,0.587842,0.806452,0.845519,0,2
6.0000,0.0,26.0,-0.094675,0.866358,0.401855,0.210518,0.806452,0.411446,0,7
6.0000,0.0,27.0,-0.334491,-0.079921,0.036340,0.564871,0.806452,0.583041,0,5
6.0000,0.0,28.0,-0.029787,-0.227101,0.376131,0.375847,0.806452,0.563913,0,5
6.0000,0.0,29.0,-0.015841,-1.126030,1.192588,0.675541,0.806452,1.271835,0,4
6.0000,0.0,30.0,0.124605,0.843471,0.798332,0.218336,0.806452,0.617502,0,11
6.0000,0.0,31.0,0.360104,0.741656,0.034820,0.513580,0.806452,0.530990,0,10
6.0000,1.0,0.0,0.064088,0.802663,0.682760,0.070445,0.806452,0.411825,-1,11
6.0000,1.0,1.0,0.061999,-0.550461,0.238268,0.312280,0.806452,0.431414,0,9
6.0000,1.0,2.0,0.258071,0.021853,0.247545,0.427450,0.806452,0.551223,0,10
6.0000,1.0,3.0,0.364438,0.979643,0.991362,0.943386,0.806452,1.439067,0,11
6.0000,1.0,4.0,0.165228,-0.870668,0.275006,0.351455,0.806452,0.488958,0,8
6.0000,1.0,5.0,0.844502,-0.088616,0.609652,0.160511,0.806452,0.465337,1,13
6.0000,1.0,6.0,0.002445,0.481009,0.283261,0.418189,0.806452,0.559820,-1,10
6.0000,1.0,7.0,0.114751,-0.004382,0.376890,0.151647,0.806452,0.340092,0,9
6.0000,1.0,8.0,-0.274942,0.821703,0.454956,0.485810,0.806452,0.713288,0,7
6.0000,1.0,9.0,0.380593,0.612346,1.062555,0.650114,0.806452,1.181391,0,10
6.0000,1.0,10.0,-0.941057,0.866398,0.188876,0.727634,0.806452,0.822071,0,3
6.0000,1.0,11.0,-0.199086,1.006185,0.314572,0.755309,0.806452,0.912594,0,7
6.0000,1.0,12.0,-0.015274,0.535107,0.151531,0.314456,0.806452,0.390222,0,6
6.0000,1.0,13.0,-0.711667,0.572673,0.497376,0.281289,0.806452,0.529977,0,6
6.0000,1.0,14.0,0.616667,1.005461,0.795774,0.753542,0.806452,1.151429,0,11
6.0000,1.0,15.0,0.026251,0.358406,0.149074,0.527070,0.806452,0.601608,0,10
6.0000,1.0,16.0,0.061737,0.640434,0.425922,0.130942,0.806452,0.343903,-1,10
6.0000,1.0,17.0,0.685957,-0.441667,0.200495,0.510378,0.806452,0.610626,0,9
6.0000,1.0,18.0,0.498830,0.327158,0.427196,0.858887,0.806452,1.072485,0,10
6.0000,1.0,19.0,-0.410927,0.340618,0.409883,0.984132,0.806452,1.189074,0,6
6.0000,1.0,20.0,-0.160260,0.079034,0.211930,0.286983,0.806452,0.392948,0,6
6.0000,1.0,21.0,0.594095,0.541501,0.250014,0.489450,0.806452,0.614457,0,10
6.0000,1.0,22.0,-0.096753,0.794712,0.207831,0.105613,0.806452,0.209528,0,7
6.0000,1.0,23.0,0.422839,0.527032,0.254668,0.803498,0.806452,0.930831,0,10
6.0000,1.0,24.0,0.222448,0.492942,0.768498,0.714841,0.806452,1.099091,0,10
6.0000,1.0,25.0,-0.462595,0.823689,0.343850,0.534003,0.806452,0.705928,0,7
6.0000,1.0,26.0,0.007167,0.063805,0.066798,0.081842,0.806452,0.115241,0,10
6.0000,1.0,27.0,-0.178461,0.000747,0.390772,0.271822,0.806452,0.467208,0,6
6.0000,1.0,28.0,0.424970,-0.926712,0.487452,0.797025,0.806452,1.040751,0,8
6.0000,1.0,29.0,-0.514447,-0.336674,0.341923,0.835996,0.806452,1.006957,1,5
6.0000,1.0,30.0,0.137085,-0.924959,0.875277,0.419453,0.806452,0.857091,0,8
6.0000,1.0,31.0,0.260636,0.395282,0.392684,0.901333,0.806452,1.097675,0,10
6.0000,2.0,0.0,0.139035,-0.143103,0.164023,0.349546,0.806452,0.431557,0,9
6.0000,2.0,1.0,-0.631748,-0.225192,0.136887,0.440655,0.806452,0.509098,0,5
6.0000,2.0,2.0,0.103389,-0.172002,0.375530,0.344739,0.806452,0.532504,0,9
6.0000,2.0,3.0,-0.343552,0.950232,1.876289,0.853686,0.806452,1.791831,0,7
6.0000,2.0,4.0,0.169700,-1.034948,0.385716,0.755392,0.806452,0.948250,0,8
6.0000,2.0,5.0,-0.331974,0.056225,0.345217,0.537098,0.806452,0.709707,0,6
6.0000,2.0,6.0,0.641215,-0.209497,0.186888,0.392737,0.806452,0.486181,1,9
6.0000,2.0,7.0,0.643687,-0.631685,0.629196,0.241546,0.806452,0.556144,0,9
6.0000,2.0,8.0,-0.170359,-0.333862,0.307709,0.721278,0.806452,0.875132,1,5
6.0000,2.0,9.0,-0.829228,-0.375203,0.174839,0.591672,0.806452,0.679091,0,1
6.0000,2.0,10.0,-0.850743,0.445347,0.277938,0.600902,0.806452,0.739870,0,2
6.0000,2.0,11.0,-0.464965,0.040838,0.346137,0.458622,0.806452,0.631690,0,6
6.0000,2.0,12.0,-0.024403,0.189179,0.385780,0.298543,0.806452,0.491433,0,6
6.0000,2.0,13.0,-0.725511,0.766419,0.413343,0.122620,0.806452,0.329292,0,7
6.0000,2.0,14.0,-0.701779,0.182341,0.021917,0.261359,0.806452,0.272317,1,6
6.0000,2.0,15.0,-0.599188,0.005809,0.304681,0.176122,0.806452,0.328462,0,6
6.0000,2.0,16.0,-0.309248,0.566501,0.288153,0.704731,0.806452,0.848808,0,6
6.0000,2.0,17.0,0.385293,-0.149310,0.273989,0.687965,0.806452,0.824960,0,9
6.0000,2.0,18.0,1.224639,-0.267942,0.668389,1.146508,0.806452,1.480702,-1,13
6.0000,2.0,19.0,0.727087,0.802349,1.100013,0.164018,0.806452,0.714025,0,11
6.0000,2.0,20.0,-0.127018,-0.173332,0.426538,0.386963,0.806452,0.600232,-1,5
6.0000,2.0,21.0,-0.080397,0.480429,0.085555,0.473078,0.806452,0.515855,0,6
6.0000,2.0,22.0,0.014192,0.103780,0.305611,0.135501,0.806452,0.288307,1,10
6.0000,2.0,23.0,-0.565440,0.552651,0.628946,0.523440,0.806452,0.837913,0,6
6.0000,2.0,24.0,-0.755972,-0.747223,0.783412,0.120912,0.806452,0.512618,1,1
6.0000,2.0,25.0,0.007345,0.226649,0.523875,0.367880,0.806452,0.629817,0,10
6.0000,2.0,26.0,0.484978,0.085172,0.213189,0.471488,0.806452,0.578083,0,10
6.0000,2.0,27.0,0.403239,-0.019356,0.422222,0.514881,0.806452,0.725992,1,9
6.0000,2.0,28.0,-0.335025,-0.550455,0.222290,0.761397,0.806452,0.872542,0,5
6.0000,2.0,29.0,0.195999,-0.032724,0.304951,0.316324,0.806452,0.468800,-1,9
6.0000,2.0,30.0,-0.369295,0.294215,0.386540,0.955906,0.806452,1.149176,-1,6
6.0000,2.0,31.0,0.077476,-0.759101,0.208778,0.056948,0.806452,0.161337,0,8
6.0000,3.0,0.0,-0.092628,-0.103375,0.320891,0.202915,0.806452,0.363360,0,5
6.0000,3.0,1.0,-0.697036,-0.230685,0.304742,0.365378,0.806452,0.517749,-1,5
6.0000,3.0,2.0,-0.050307,-0.032966,0.320198,0.077977,0.806452,0.238077,0,5
6.0000,3.0,3.0,-0.202721,-0.861109,0.394103,0.412624,0.806452,0.609676,1,4
6.0000,3.0,4.0,0.470508,-0.934728,0.773019,0.777120,0.806452,1.163630,-1,8
6.0000,3.0,5.0,0.263349,0.149784,0.028791,0.600229,0.806452,0.614624,0,10
6.0000,3.0,6.0,-0.033732,0.127768,0.217899,0.183655,0.806452,0.292605,0,6
6.0000,3.0,7.0,0.397520,0.674001,0.185478,0.552363,0.806452,0.645102,0,10
6.0000,3.0,8.0,0.563978,0.171872,0.959297,0.466198,0.806452,0.945846,1,10
6.0000,3.0,9.0,-0.934277,-0.254554,0.859400,0.689465,0.806452,1.119166,0,1
6.0000,3.0,10.0,-0.205046,1.063711,0.463080,0.890556,0.806452,1.122096,0,7
6.0000,3.0,11.0,0.519494,0.487256,0.249183,0.736784,0.806452,0.861376,0,10
6.0000,3.0,12.0,0.581285,-0.403699,0.159921,0.704697,0.806452,0.784657,0,9
6.0000,3.0,13.0,0.056640,-0.070182,0.280901,0.115258,0.806452,0.255708,-1,9
6.0000,3.0,14.0,-0.519083,0.070086,0.254709,0.387300,0.806452,0.514654,0,6
6.0000,3.0,15.0,-0.528965,-0.897159,0.575612,0.591795,0.806452,0.879601,-1,4
6.0000,3.0,16.0,-0.620213,0.319236,0.203153,0.607645,0.806452,0.709221,0,6
6.0000,3.0,17.0,-0.197584,-0.343307,0.145284,0.781737,0.806452,0.854379,0,5
6.0000,3.0,18.0,0.219391,-0.787511,0.314098,0.341796,0.806452,0.498845,0,8
6.0000,3.0,19.0,-0.643457,-0.114283,0.643986,0.199256,0.806452,0.521249,1,5
6.0000,3.0,20.0,0.226948,0.899647,0.686505,0.548404,0.806452,0.891656,1,11
6.0000,3.0,21.0,-0.244657,0.074934,0.136821,0.447079,0.806452,0.515489,0,6
6.0000,3.0,22.0,-0.632515,0.620266,0.261498,0.275816,0.806452,0.406565,0,6
6.0000,3.0,23.0,0.056651,-0.082024,0.074522,0.129641,0.806452,0.166902,0,9
6.0000,3.0,24.0,0.187456,0.096880,0.547783,0.366039,0.806452,0.639931,0,10
6.0000,3.0,25.0,1.075630,-0.613660,0.390922,0.926462,0.806452,1.121924,0,13
6.0000,3.0,26.0,-0.095144,-0.620950,0.347107,0.208133,0.806452,0.381686,-1,5
6.0000,3.0,27.0,-0.517806,0.096686,0.176412,0.425302,0.806452,0.513508,0,6
6.0000,3.0,28.0,0.113967,-0.179600,0.148911,0.377089,0.806452,0.451544,0,9
6.0000,3.0,29.0,-0.461994,-0.633060,0.573507,0.555155,0.806452,0.841909,-1,5
6.0000,3.0,30.0,0.025872,0.578687,0.203283,0.224548,0.806452,0.326189,0,10
6.0000,3.0,31.0,0.092485,-0.087056,0.066503,0.178917,0.806452,0.212168,0,9
6.0000,4.0,0.0,0.042239,0.836763,0.238148,0.096425,0.806452,0.215499,1,11
6.0000,4.0,1.0,0.017627,0.270190,0.382053,0.445174,0.806452,0.636201,-1,10
6.0000,4.0,2.0,0.674937,-0.246890,0.423785,0.418781,0.806452,0.630673,1,9
6.0000,4.0,3.0,0.714576,-0.335447,0.528001,0.506133,0.806452,0.770133,-1,9
6.0000,4.0,4.0,-0.194660,0.261327,0.121209,0.687048,0.806452,0.747653,0,6
6.0000,4.0,5.0,0.104388,0.115820,0.196685,0.240659,0.806452,0.339002,0,10
6.0000,4.0,6.0,-0.627959,-0.057002,0.159886,0.147999,0.806452,0.227942,0,5
6.0000,4.0,7.0,-0.026858,0.142988,0.111871,0.208137,0.806452,0.264072,0,6
6.0000,4.0,8.0,-0.620230,0.081138,0.520203,0.189804,0.806452,0.449905,0,6
6.0000,4.0,9.0,-0.054180,-0.881793,0.688747,0.192589,0.806452,0.536962,0,4
6.0000,4.0,10.0,-0.066923,0.075793,0.442376,0.132210,0.806452,0.353398,1,6
6.0000,4.0,11.0,0.713665,0.889015,0.464612,0.349419,0.806452,0.581726,-1,11
6.0000,4.0,12.0,1.019851,-0.157005,0.438086,0.694932,0.806452,0.913975,0,13
6.0000,4.0,13.0,0.637855,-0.729468,0.540444,0.169520,0.806452,0.439742,0,9
6.0000,4.0,14.0,-0.235429,0.017990,0.483072,0.386590,0.806452,0.628126,0,6
6.0000,4.0,15.0,0.366231,-0.782574,0.644787,0.532767,0.806452,0.855160,-1,8
6.0000,4.0,16.0,-0.941321,0.016048,0.148646,0.311075,0.806452,0.385398,0,2
6.0000,4.0,17.0,-0.637099,-0.472839,0.200834,0.533760,0.806452,0.634177,0,5
6.0000,4.0,18.0,-0.007883,-0.871155,0.825327,0.144799,0.806452,0.557462,0,4
6.0000,4.0,19.0,-0.692928,-1.001887,0.488003,0.681249,0.806452,0.925250,0,4
6.0000,4.0,20.0,-0.115831,-0.414111,0.194059,0.611151,0.806452,0.708180,0,5
6.0000,4.0,21.0,-0.208654,-0.238380,0.439529,0.675516,0.806452,0.895281,0,5
6.0000,4.0,22.0,-0.692117,0.892807,0.850837,0.364061,0.806452,0.789480,0,7
6.0000,4.0,23.0,0.236606,-0.547414,0.140984,0.633077,0.806452,0.703570,0,9
6.0000,4.0,24.0,0.730677,-0.679214,0.152704,0.124280,0.806452,0.200632,0,9
6.0000,4.0,25.0,0.781291,-0.287637,0.945359,0.461117,0.806452,0.933796,0,13
6.0000,4.0,26.0,-0.776196,-1.101525,0.974410,0.977521,0.806452,1.464725,0,0
6.0000,4.0,27.0,-0.523927,-0.383042,0.197897,0.828872,0.806452,0.927821,0,5
6.0000,4.0,28.0,-0.126228,-0.155262,0.211891,0.349626,0.806452,0.455572,-1,5
6.0000,4.0,29.0,-0.629149,0.115101,0.559627,0.225222,0.806452,0.505035,0,6
6.0000,4.0,30.0,0.630016,0.600841,0.448050,0.313080,0.806452,0.537105,0,10
6.0000,4.0,31.0,-0.356695,0.085329,0.225750,0.580915,0.806452,0.693790,0,6
6.0000,5.0,0.0,-0.149851,0.065995,0.135927,0.251448,0.806452,0.319412,-1,6
6.0000,5.0,1.0,0.011061,-0.640163,0.514747,0.099814,0.806452,0.357187,0,9
6.0000,5.0,2.0,-0.160443,0.747024,0.447847,0.199393,0.806452,0.423316,-1,6
6.0000,5.0,3.0,-0.235028,-0.169900,0.336621,0.591071,0.806452,0.759382,1,5
6.0000,5.0,4.0,0.245798,0.685861,0.388090,0.404805,0.806452,0.598850,-1,10
6.0000,5.0,5.0,-0.341570,-0.031361,0.010578,0.524093,0.806452,0.529382,0,5
6.0000,5.0,6.0,-0.139897,-0.061248,0.109848,0.227585,0.806452,0.282509,0,5
6.0000,5.0,7.0,0.275405,0.157373,0.189600,0.633516,0.806452,0.728317,0,10
6.0000,5.0,8.0,-0.101884,0.832457,0.167218,0.160924,0.806452,0.244533,0,7
6.0000,5.0,9.0,0.078081,0.467415,0.606799,0.491469,0.806452,0.794869,-1,10
6.0000,5.0,10.0,0.137114,-0.600391,0.167509,0.320335,0.806452,0.404089,0,9
6.0000,5.0,11.0,0.313255,0.174723,0.225725,0.714120,0.806452,0.826983,0,10
6.0000,5.0,12.0,0.024918,-0.694424,0.260264,0.032599,0.806452,0.162731,0,9
6.0000,5.0,13.0,-0.103174,-0.189717,0.823732,0.380158,0.806452,0.792024,1,5
6.0000,5.0,14.0,0.721479,-0.099124,0.371981,0.090711,0.806452,0.276702,0,9
6.0000,5.0,15.0,-0.055756,-0.551083,0.318043,0.304795,0.806452,0.463816,0,5
6.0000,5.0,16.0,-0.781766,-0.471358,0.208875,0.471244,0.806452,0.575682,0,1
6.0000,5.0,17.0,-1.099302,-0.660280,0.986723,0.926977,0.806452,1.420338,0,1
6.0000,5.0,18.0,-0.054909,0.805961,0.198347,0.064744,0.806452,0.163918,-1,7
6.0000,5.0,19.0,-0.039758,-0.081638,0.074617,0.115598,0.806452,0.152907,0,5
6.0000,5.0,20.0,0.121999,0.410617,0.143389,0.624426,0.806452,0.696121,0,10
6.0000,5.0,21.0,0.272430,-0.122824,0.592801,0.564279,0.806452,0.860679,0,9
6.0000,5.0,22.0,-0.260217,0.363615,0.264783,0.905787,0.806452,1.038178,0,6
6.0000,5.0,23.0,-0.165627,-0.172355,0.621153,0.458597,0.806452,0.769174,-1,5
6.0000,5.0,24.0,0.561274,-1.332073,0.219755,1.145656,0.806452,1.255534,0,8
6.0000,5.0,25.0,0.737021,-1.119079,0.593641,0.963605,0.806452,1.260426,0,8
6.0000,5.0,26.0,0.689703,-0.020358,0.271727,0.035263,0.806452,0.171126,0,9
6.0000,5.0,27.0,0.125810,-0.782267,0.575083,0.144794,0.806452,0.432336,0,8
6.0000,5.0,28.0,-0.238945,0.558065,0.430234,0.614850,0.806452,0.829967,0,6
6.0000,5.0,29.0,-0.135038,0.530941,0.146463,0.463535,0.806452,0.536767,0,6
6.0000,5.0,30.0,0.133434,1.154243,0.561580,0.842255,0.806452,1.123045,0,11
6.0000,5.0,31.0,-0.755270,0.227944,0.305618,0.342071,0.806452,0.494880,0,2
6.0000,6.0,0.0,-0.013877,0.091812,0.254835,0.117616,0.806452,0.245034,0,6
6.0000,6.0,1.0,0.253979,-0.855283,0.321326,0.505743,0.806452,0.666406,1,8
6.0000,6.0,2.0,0.353706,-0.078038,0.132537,0.570730,0.806452,0.636999,0,9
6.0000,6.0,3.0,0.383347,-0.145943,0.115824,0.681952,0.806452,0.739864,0,9
6.0000,6.0,4.0,0.085575,-0.131010,0.137518,0.239824,0.806452,0.308583,0,9
6.0000,6.0,5.0,-0.331736,-0.005903,0.201158,0.510535,0.806452,0.611114,0,5
6.0000,6.0,6.0,-0.570017,-0.245959,1.296023,0.602495,0.806452,1.250506,0,5
6.0000,6.0,7.0,0.460806,0.512258,0.065380,0.790674,0.806452,0.823364,1,10
6.0000,6.0,8.0,0.333921,0.272721,0.415263,0.914622,0.806452,1.122254,0,10
6.0000,6.0,9.0,-0.056587,-0.657470,0.120150,0.098996,0.806452,0.159071,0,5
6.0000,6.0,10.0,0.017096,-0.754677,0.531806,0.007264,0.806452,0.273167,-1,8
6.0000,6.0,11.0,0.059900,0.162320,0.348769,0.269594,0.806452,0.443978,1,10
6.0000,6.0,12.0,0.439144,0.079097,0.298442,0.531641,0.806452,0.680862,-1,10
6.0000,6.0,13.0,1.178647,0.791918,1.172765,1.115210,0.806452,1.701593,0,15
6.0000,6.0,14.0,0.051918,0.381761,0.632992,0.543475,0.806452,0.859971,1,10
6.0000,6.0,15.0,0.801992,-0.496381,0.434660,0.456400,0.806452,0.673730,1,13
6.0000,6.0,16.0,-0.020855,-0.124958,0.181150,0.172712,0.806452,0.263287,0,5
6.0000,6.0,17.0,-0.308750,-0.375151,0.480437,0.972414,0.806452,1.212633,0,5
6.0000,6.0,18.0,-0.056819,0.878922,0.779347,0.188913,0.806452,0.578587,0,7
6.0000,6.0,19.0,0.110433,0.004560,0.359815,0.144545,0.806452,0.324453,0,10
6.0000,6.0,20.0,-0.060601,0.893345,0.344912,0.224684,0.806452,0.397140,0,7
6.0000,6.0,21.0,-0.868329,0.618484,0.427727,0.372962,0.806452,0.586826,1,2
6.0000,6.0,22.0,-0.145662,1.229523,0.542680,0.875387,0.806452,1.146727,0,7
6.0000,6.0,23.0,-0.412259,0.569571,0.732734,0.723986,0.806452,1.090353,0,6
6.0000,6.0,24.0,0.546094,-0.436229,0.448161,0.752781,0.806452,0.976862,1,9
6.0000,6.0,25.0,0.821462,-0.042971,0.353748,0.074045,0.806452,0.250919,0,13
6.0000,6.0,26.0,0.524105,-0.421611,0.115820,0.810288,0.806452,0.868198,0,9
6.0000,6.0,27.0,0.547501,-0.342982,0.174762,0.772473,0.806452,0.859854,0,9
6.0000,6.0,28.0,-0.050531,-0.735730,0.598508,0.026789,0.806452,0.326043,-1,5
6.0000,6.0,29.0,-0.411525,0.751902,0.077100,0.510803,0.806452,0.549353,0,7
6.0000,6.0,30.0,-0.551925,0.795386,0.140398,0.352918,0.806452,0.423117,0,7
6.0000,6.0,31.0,-0.013449,0.756540,0.450403,0.006656,0.806452,0.231857,0,7
6.0000,7.0,0.0,-0.230320,0.153123,0.388247,0.548981,0.806452,0.743105,-1,6
6.0000,7.0,1.0,-0.061473,-0.099150,0.367133,0.158319,0.806452,0.341885,0,5
6.0000,7.0,2.0,0.498255,0.631724,0.680469,0.502380,0.806452,0.842615,0,10
6.0000,7.0,3.0,0.666116,-0.688573,0.320493,0.149778,0.806452,0.310025,0,9
6.0000,7.0,4.0,0.576401,-0.476496,0.545236,0.639725,0.806452,0.912343,0,9
6.0000,7.0,5.0,-0.628716,-0.781809,1.487485,0.208664,0.806452,0.952407,-1,4
6.0000,7.0,6.0,0.624638,1.209857,0.831909,1.068096,0.806452,1.484051,1,11
6.0000,7.0,7.0,0.087046,0.292377,0.184497,0.535356,0.806452,0.627605,-1,10
6.0000,7.0,8.0,-0.155353,-0.362819,0.158353,0.701742,0.806452,0.780919,0,5
6.0000,7.0,9.0,-0.714402,-0.839139,0.310557,0.229290,0.806452,0.384569,-1,4
6.0000,7.0,10.0,-0.666400,0.149392,0.215916,0.230624,0.806452,0.338582,0,6
6.0000,7.0,11.0,-0.702826,-0.651664,0.364765,0.157772,0.806452,0.340154,0,5
6.0000,7.0,12.0,0.075171,-0.000368,0.058066,0.094147,0.806452,0.123180,0,9
6.0000,7.0,13.0,-0.301997,-0.238134,0.526651,0.828254,0.806452,1.091580,0,5
6.0000,7.0,14.0,-0.107439,-0.701212,0.388662,0.116354,0.806452,0.310685,0,5
6.0000,7.0,15.0,0.080376,0.138346,0.323801,0.246506,0.806452,0.408406,0,10
6.0000,7.0,16.0,-0.739157,-0.376280,0.562688,0.516950,0.806452,0.798294,0,5
6.0000,7.0,17.0,0.195940,-0.199456,0.265565,0.574578,0.806452,0.707361,1,9
6.0000,7.0,18.0,0.110669,-0.636616,0.690957,0.204605,0.806452,0.550084,0,9
6.0000,7.0,19.0,0.633369,0.593293,0.740956,0.321588,0.806452,0.692066,0,10
6.0000,7.0,20.0,-0.272848,0.114483,0.110204,0.550604,0.806452,0.605706,0,6
6.0000,7.0,21.0,-0.093369,0.155095,0.184625,0.296165,0.806452,0.388477,0,6
6.0000,7.0,22.0,0.013514,-0.050622,0.259810,0.070563,0.806452,0.200468,0,9
6.0000,7.0,23.0,0.383790,-0.036374,0.239774,0.531413,0.806452,0.651300,-1,9
6.0000,7.0,24.0,-0.232588,0.541430,0.470832,0.638051,0.806452,0.873467,0,6
6.0000,7.0,25.0,-0.010728,-0.743445,0.040552,0.004828,0.806452,0.025104,0,5
6.0000,7.0,26.0,0.008693,-0.858530,0.172024,0.119823,0.806452,0.205835,0,8
6.0000,7.0,27.0,0.244824,-0.652076,0.332765,0.445625,0.806452,0.612008,0,9
6.0000,7.0,28.0,-0.218754,-0.586177,0.520571,0.515935,0.806452,0.776220,-1,5
6.0000,7.0,29.0,-0.691188,0.295190,0.065297,0.480092,0.806452,0.512740,0,6
6.0000,7.0,30.0,-0.612785,0.279227,0.136193,0.571607,0.806452,0.639704,0,6
6.0000,7.0,31.0,-0.821993,-0.083701,0.261797,0.118369,0.806452,0.249268,0,1
6.0000,8.0,0.0,-1.104865,-0.681147,1.126491,0.927030,0.806452,1.490275,0,1
6.0000,8.0,1.0,0.480749,0.472738,0.317426,0.829008,0.806452,0.987721,1,10
6.0000,8.0,2.0,-0.344404,0.141378,0.056271,0.669655,0.806452,0.697791,1,6
6.0000,8.0,3.0,-0.168618,0.040923,0.165575,0.266250,0.806452,0.349038,0,6
6.0000,8.0,4.0,-0.203176,-0.642866,0.229218,0.376941,0.806452,0.491550,1,5
6.0000,8.0,5.0,-0.339284,-0.208627,0.129501,0.802070,0.806452,0.866821,1,5
6.0000,8.0,6.0,-0.265306,0.024590,0.205096,0.440160,0.806452,0.542708,0,6
6.0000,8.0,7.0,0.104160,-0.207279,0.096507,0.416946,0.806452,0.465200,0,9
6.0000,8.0,8.0,-0.441087,-0.473968,0.172924,0.881602,0.806452,0.968064,1,5
6.0000,8.0,9.0,-0.843922,-0.343202,0.529426,0.603570,0.806452,0.868283,0,1
6.0000,8.0,10.0,-0.447476,0.564984,0.163834,0.701877,0.806452,0.783794,0,6
6.0000,8.0,11.0,-0.928714,-0.036386,0.309568,0.289012,0.806452,0.443796,0,1
6.0000,8.0,12.0,-0.053394,0.129805,0.535327,0.201630,0.806452,0.469293,0,6
6.0000,8.0,13.0,0.816846,-1.014345,1.547855,0.835550,0.806452,1.609477,0,12
6.0000,8.0,14.0,0.300325,0.103924,0.188217,0.569539,0.806452,0.663647,1,10
6.0000,8.0,15.0,-0.008904,-0.453901,0.825590,0.461194,0.806452,0.873989,0,5
6.0000,8.0,16.0,0.042416,0.480587,0.169209,0.434299,0.806452,0.518903,0,10
6.0000,8.0,17.0,0.421245,0.702274,0.363228,0.515014,0.806452,0.696628,0,10
6.0000,8.0,18.0,-0.594256,0.056938,0.462135,0.213743,0.806452,0.444811,0,6
6.0000,8.0,19.0,0.267046,-0.740551,0.239798,0.413811,0.806452,0.533710,0,9
6.0000,8.0,20.0,0.336031,-0.075835,0.497257,0.560668,0.806452,0.809296,0,9
6.0000,8.0,21.0,-0.216895,0.973324,0.172863,0.712948,0.806452,0.799380,1,7
6.0000,8.0,22.0,-0.786237,0.461559,0.535133,0.487680,0.806452,0.755247,0,2
6.0000,8.0,23.0,0.000912,-0.350576,0.149927,0.519219,0.806452,0.594182,0,9
6.0000,8.0,24.0,-0.442976,0.168682,0.392846,0.682406,0.806452,0.878829,0,6
6.0000,8.0,25.0,0.371101,-0.690612,0.563404,0.538201,0.806452,0.819904,0,9
6.0000,8.0,26.0,-0.752505,-0.959970,0.462799,0.573685,0.806452,0.805085,0,0
6.0000,8.0,27.0,-0.807040,-0.725516,0.689674,0.170962,0.806452,0.515799,0,1
6.0000,8.0,28.0,0.664377,-0.036304,0.924756,0.073093,0.806452,0.535470,1,9
6.0000,8.0,29.0,-0.839189,-0.187387,0.448714,0.339447,0.806452,0.563804,0,1
6.0000,8.0,30.0,-1.178580,0.500956,0.381028,1.211216,0.806452,1.401730,0,2
6.0000,8.0,31.0,-0.711889,0.709332,0.580811,0.109504,0.806452,0.399909,0,6
6.0000,9.0,0.0,-0.333852,-0.937813,1.391764,0.813085,0.806452,1.508967,-1,4
6.0000,9.0,1.0,0.054278,1.017850,0.750916,0.522312,0.806452,0.897770,0,11
6.0000,9.0,2.0,-0.234893,-0.273471,0.198435,0.784897,0.806452,0.884115,-1,5
6.0000,9.0,3.0,0.026766,-0.353237,0.061368,0.526139,0.806452,0.556823,-1,9
6.0000,9.0,4.0,0.241425,0.072754,0.252483,0.438733,0.806452,0.564974,0,10
6.0000,9.0,5.0,-0.313159,0.467729,0.445632,0.898994,0.806452,1.121810,0,6
6.0000,9.0,6.0,0.093935,-0.683266,0.261205,0.111964,0.806452,0.242567,1,9
6.0000,9.0,7.0,-0.028119,-0.217929,0.114658,0.357429,0.806452,0.414758,-1,5
6.0000,9.0,8.0,0.101536,-0.007189,0.269255,0.130758,0.806452,0.265385,0,9
6.0000,9.0,9.0,-0.430446,0.639025,0.228792,0.580246,0.806452,0.694642,0,6
6.0000,9.0,10.0,-0.589185,0.359996,0.420602,0.693028,0.806452,0.903330,0,6
6.0000,9.0,11.0,-0.840602,-0.697223,0.710533,0.236021,0.806452,0.591287,1,1
6.0000,9.0,12.0,0.112890,0.347198,0.374525,0.619795,0.806452,0.807057,0,10
6.0000,9.0,13.0,0.307985,1.086884,0.300355,1.125676,0.806452,1.275854,0,11
6.0000,9.0,14.0,0.650694,0.576489,0.311114,0.328050,0.806452,0.483607,1,10
6.0000,9.0,15.0,0.712208,0.926844,0.985351,0.456733,0.806452,0.949408,0,11
6.0000,9.0,16.0,-0.638670,0.623063,0.764516,0.262120,0.806452,0.644378,0,6
6.0000,9.0,17.0,0.350922,0.685987,0.124274,0.536287,0.806452,0.598424,0,10
6.0000,9.0,18.0,-0.231256,0.639125,0.242520,0.440093,0.806452,0.561353,0,6
6.0000,9.0,19.0,-0.256703,-0.252419,0.471258,0.789704,0.806452,1.025333,1,5
6.0000,9.0,20.0,0.997554,0.304894,0.585258,0.935114,0.806452,1.227743,0,14
6.0000,9.0,21.0,-0.204658,0.648902,0.813204,0.370434,0.806452,0.777036,0,6
6.0000,9.0,22.0,-0.002905,-0.036193,0.136034,0.058603,0.806452,0.126620,0,5
6.0000,9.0,23.0,0.020896,0.013628,0.468693,0.052724,0.806452,0.287071,0,10
6.0000,9.0,24.0,-0.628576,0.537229,0.244320,0.436509,0.806452,0.558669,0,6
6.0000,9.0,25.0,-0.527794,-0.358110,0.339810,0.819375,0.806452,0.989280,0,5
6.0000,9.0,26.0,-1.508743,0.145180,0.271965,1.030549,0.806452,1.166531,0,2
6.0000,9.0,27.0,-1.084531,-0.521528,0.300924,1.076303,0.806452,1.226765,0,1
6.0000,9.0,28.0,-0.512161,0.140450,0.252191,0.512210,0.806452,0.638305,0,6
6.0000,9.0,29.0,-0.979580,0.901714,0.808107,0.959501,0.806452,1.363554,0,3
6.0000,9.0,30.0,-0.079710,0.265641,0.286167,0.488059,0.806452,0.631142,1,6
6.0000,9.0,31.0,-1.130890,0.464751,1.217676,1.212888,0.806452,1.821726,0,2
6.0000,10.0,0.0,-0.518118,0.310321,0.090858,0.806267,0.806452,0.851696,0,6
6.0000,10.0,1.0,-0.530847,0.063825,0.193971,0.356010,0.806452,0.452995,0,6
6.0000,10.0,2.0,0.101179,0.504967,0.386485,0.457693,0.806452,0.650935,0,10
6.0000,10.0,3.0,-0.081970,-0.431345,0.216985,0.544055,0.806452,0.652547,0,5
6.0000,10.0,4.0,-0.490774,-0.028476,0.120139,0.407816,0.806452,0.467886,0,5
6.0000,10.0,5.0,-0.692477,0.082850,0.803885,0.086960,0.806452,0.488902,0,6
6.0000,10.0,6.0,0.928920,-0.342405,0.845666,0.796944,0.806452,1.219777,0,13
6.0000,10.0,7.0,0.018214,0.410771,0.083208,0.509508,0.806452,0.551112,0,10
6.0000,10.0,8.0,0.536132,0.425880,1.087466,0.782686,0.806452,1.326419,0,10
6.0000,10.0,9.0,-1.152240,0.099466,0.376608,0.778837,0.806452,0.967141,0,2
6.0000,10.0,10.0,-0.786765,1.040032,0.597043,0.851230,0.806452,1.149752,0,3
6.0000,10.0,11.0,-0.226041,-0.015691,0.250097,0.368372,0.806452,0.493421,0,5
6.0000,10.0,12.0,0.030285,-0.604685,0.725229,0.172667,0.806452,0.535282,0,9
6.0000,10.0,13.0,0.665830,0.252968,0.753310,0.441254,0.806452,0.817909,1,10
6.0000,10.0,14.0,-0.191165,-0.063197,0.490974,0.330897,0.806452,0.576385,0,5
6.0000,10.0,15.0,0.686207,-0.495679,0.363356,0.437368,0.806452,0.619045,0,9
6.0000,10.0,16.0,0.706338,0.107537,0.555989,0.112719,0.806452,0.390714,0,10
6.0000,10.0,17.0,0.597846,0.377772,0.156216,0.678026,0.806452,0.756134,0,10
6.0000,10.0,18.0,0.180752,0.708623,0.712622,0.253211,0.806452,0.609523,0,10
6.0000,10.0,19.0,-0.290358,-0.264234,0.458783,0.859397,0.806452,1.088788,0,5
6.0000,10.0,20.0,0.754362,-0.542593,0.099881,0.337459,0.806452,0.387400,0,13
6.0000,10.0,21.0,0.500398,-0.849648,0.606385,0.528490,0.806452,0.831683,0,8
6.0000,10.0,22.0,0.271308,0.646371,0.084106,0.500681,0.806452,0.542734,0,10
6.0000,10.0,23.0,0.543337,0.965393,0.722555,0.754555,0.806452,1.115833,0,11
6.0000,10.0,24.0,-0.235857,0.431107,0.268045,0.830828,0.806452,0.964850,0,6
6.0000,10.0,25.0,-0.178949,-0.209830,0.677988,0.560901,0.806452,0.899895,-1,5
6.0000,10.0,26.0,-0.974131,0.566597,0.862725,0.741031,0.806452,1.172394,-1,2
6.0000,10.0,27.0,-0.486378,-0.804523,0.404370,0.474722,0.806452,0.676907,0,4
6.0000,10.0,28.0,-0.966161,0.072299,0.516176,0.417230,0.806452,0.675318,1,2
6.0000,10.0,29.0,0.152334,0.043319,0.097003,0.235799,0.806452,0.284301,-1,10
6.0000,10.0,30.0,-0.076525,0.271448,0.238216,0.492995,0.806452,0.612103,0,6
6.0000,10.0,31.0,-0.165305,-0.691056,0.288380,0.234852,0.806452,0.379042,-1,5
6.0000,11.0,0.0,-0.564974,-0.237689,0.176382,0.597759,0.806452,0.685950,0,5
6.0000,11.0,1.0,-0.137164,-0.099986,0.884739,0.271715,0.806452,0.714085,1,5
6.0000,11.0,2.0,-0.180369,1.250920,0.846375,0.945876,0.806452,1.369063,0,7
6.0000,11.0,3.0,-0.496711,0.174054,0.540791,0.609093,0.806452,0.879488,0,6
6.0000,11.0,4.0,-0.196210,0.555228,0.225337,0.535413,0.806452,0.648081,0,6
6.0000,11.0,5.0,-0.059874,0.008124,0.402743,0.077995,0.806452,0.279366,1,6
6.0000,11.0,6.0,-0.334002,0.282922,0.388819,0.929504,0.806452,1.123913,1,6
6.0000,11.0,7.0,0.203668,0.583901,0.353541,0.489882,0.806452,0.666652,0,10
6.0000,11.0,8.0,-0.484152,1.018955,0.326388,0.985446,0.806452,1.148640,0,7
6.0000,11.0,9.0,-0.579603,0.499816,0.206928,0.595280,0.806452,0.698744,0,6
6.0000,11.0,10.0,-1.127411,0.121790,0.812246,0.799969,0.806452,1.206092,1,2
6.0000,11.0,11.0,0.097821,0.679208,0.382075,0.122359,0.806452,0.313396,0,10
6.0000,11.0,12.0,0.380809,0.675379,0.838399,0.553846,0.806452,0.973045,0,10
6.0000,11.0,13.0,-0.776193,-0.062319,0.126794,0.046599,0.806452,0.109996,1,1
6.0000,11.0,14.0,-0.915244,0.631630,0.628553,0.477289,0.806452,0.791565,0,2
6.0000,11.0,15.0,0.081368,0.354802,0.277879,0.575248,0.806452,0.714188,0,10
6.0000,11.0,16.0,-0.744649,0.291377,0.336044,0.451767,0.806452,0.619789,0,6
6.0000,11.0,17.0,0.111717,0.701982,0.458749,0.122904,0.806452,0.352279,0,10
6.0000,11.0,18.0,-0.705954,-0.237869,0.622694,0.372786,0.806452,0.684134,-1,5
6.0000,11.0,19.0,-0.028330,-1.037249,0.291320,0.545227,0.806452,0.690887,0,4
6.0000,11.0,20.0,0.434824,-0.914938,0.168077,0.759513,0.806452,0.843552,0,8
6.0000,11.0,21.0,0.605386,-0.497561,0.609704,0.549470,0.806452,0.854322,0,9
6.0000,11.0,22.0,-0.111282,0.765843,0.229646,0.109872,0.806452,0.224695,0,7
6.0000,11.0,23.0,-0.713128,0.318158,0.185854,0.491614,0.806452,0.584541,0,6
6.0000,11.0,24.0,-0.665551,-0.257010,0.342232,0.448843,0.806452,0.619959,1,5
6.0000,11.0,25.0,-0.978179,0.705611,1.194733,0.610356,0.806452,1.207723,0,2
6.0000,11.0,26.0,0.058025,0.049219,0.329165,0.096073,0.806452,0.260656,1,10
6.0000,11.0,27.0,0.267375,-0.580179,0.488611,0.618377,0.806452,0.862683,0,9
6.0000,11.0,28.0,-0.481737,-0.688073,0.214065,0.457662,0.806452,0.564695,0,5
6.0000,11.0,29.0,0.032473,-0.475551,0.118153,0.436463,0.806452,0.495539,0,9
6.0000,11.0,30.0,-0.094007,0.136315,0.379701,0.261287,0.806452,0.451138,0,6
6.0000,11.0,31.0,-0.278101,-0.574591,0.206682,0.646968,0.806452,0.750309,0,5
6.0000,12.0,0.0,-0.345027,-0.912352,0.520287,0.756429,0.806452,1.016572,0,4
6.0000,12.0,1.0,0.875985,-0.928037,0.370134,0.712874,0.806452,0.897941,0,12
6.0000,12.0,2.0,0.695673,0.085443,0.782997,0.087585,0.806452,0.479084,0,10
6.0000,12.0,3.0,-0.073328,1.496292,1.109104,0.863751,0.806452,1.418304,-1,7
6.0000,12.0,4.0,0.308978,-0.017679,0.417187,0.494312,0.806452,0.702905,0,9
6.0000,12.0,5.0,0.796098,-0.844884,0.205973,0.301312,0.806452,0.404298,0,12
6.0000,12.0,6.0,0.103490,-0.709146,0.308772,0.104245,0.806452,0.258631,-1,9
6.0000,12.0,7.0,0.854904,0.011461,1.378117,0.113471,0.806452,0.802530,0,14
6.0000,12.0,8.0,0.265010,1.701373,0.487731,2.279642,0.806452,2.523507,0,11
6.0000,12.0,9.0,0.037160,0.434114,0.163277,0.497067,0.806452,0.578706,-1,10
6.0000,12.0,10.0,0.062637,-0.022656,0.230749,0.084577,0.806452,0.199951,0,9
6.0000,12.0,11.0,-0.238062,-0.476381,0.253450,0.773647,0.806452,0.900372,0,5
6.0000,12.0,12.0,-0.548086,-0.104299,0.111124,0.373488,0.806452,0.429050,1,5
6.0000,12.0,13.0,-0.811388,0.008630,0.466305,0.045417,0.806452,0.278570,0,2
6.0000,12.0,14.0,-0.288312,-0.393697,0.397916,0.943597,0.806452,1.142555,-1,5
6.0000,12.0,15.0,-0.561819,0.462042,0.056849,0.690045,0.806452,0.718469,0,6
6.0000,12.0,16.0,-0.129962,0.545104,0.215187,0.424099,0.806452,0.531693,0,6
6.0000,12.0,17.0,-0.080350,1.198170,0.241222,0.762319,0.806452,0.882930,0,7
6.0000,12.0,18.0,-0.137571,0.796315,0.457456,0.178868,0.806452,0.407595,0,7
6.0000,12.0,19.0,0.075110,-0.075424,0.210229,0.141126,0.806452,0.246241,0,9
6.0000,12.0,20.0,0.440858,-0.230118,0.028346,0.809132,0.806452,0.823305,0,9
6.0000,12.0,21.0,0.196882,-0.094896,0.156451,0.382139,0.806452,0.460365,-1,9
6.0000,12.0,22.0,0.412050,0.479370,0.870738,0.898746,0.806452,1.334115,0,10
6.0000,12.0,23.0,-0.614309,-0.314746,0.251770,0.614106,0.806452,0.739991,0,5
6.0000,12.0,24.0,-0.671720,-0.843965,0.207969,0.257899,0.806452,0.361883,0,4
6.0000,12.0,25.0,-0.327847,-0.983007,0.460481,0.925621,0.806452,1.155862,-1,4
6.0000,12.0,26.0,-0.867233,0.192703,0.522357,0.403366,0.806452,0.664544,0,2
6.0000,12.0,27.0,0.266123,0.595250,0.813949,0.585310,0.806452,0.992284,0,10
6.0000,12.0,28.0,0.212056,-0.943678,0.440083,0.626504,0.806452,0.846546,0,8
6.0000,12.0,29.0,-0.108723,-0.225954,0.234486,0.460591,0.806452,0.577834,0,5
6.0000,12.0,30.0,-0.061253,-0.852853,0.475049,0.141254,0.806452,0.378778,0,4
6.0000,12.0,31.0,-0.964237,-0.174408,0.392071,0.596991,0.806452,0.793027,0,1
6.0000,13.0,0.0,-0.249369,-0.150195,0.138905,0.577742,0.806452,0.647195,0,5
6.0000,13.0,1.0,0.278075,-0.676273,0.287824,0.470663,0.806452,0.614575,-1,9
6.0000,13.0,2.0,-0.044367,0.135162,0.254304,0.204041,0.806452,0.331193,1,6
6.0000,13.0,3.0,0.091526,0.092379,0.335231,0.184966,0.806452,0.352581,-1,10
6.0000,13.0,4.0,0.526224,-0.854340,0.101867,0.495995,0.806452,0.546928,1,8
6.0000,13.0,5.0,0.231776,-0.759432,0.317753,0.350904,0.806452,0.509781,1,8
6.0000,13.0,6.0,-0.276465,-0.791774,0.679687,0.452640,0.806452,0.792483,0,4
6.0000,13.0,7.0,-0.524418,0.648770,0.609490,0.430009,0.806452,0.734755,1,6
6.0000,13.0,8.0,0.229381,1.161195,0.831671,1.057571,0.806452,1.473407,0,11
6.0000,13.0,9.0,0.691948,0.311351,0.716923,0.499197,0.806452,0.857658,0,10
6.0000,13.0,10.0,-0.454410,-0.622135,0.368775,0.583166,0.806452,0.767554,-1,5
6.0000,13.0,11.0,-0.588649,0.333761,0.448191,0.681025,0.806452,0.905120,0,6
6.0000,13.0,12.0,0.051253,-0.047670,0.286773,0.088717,0.806452,0.232103,0,9
6.0000,13.0,13.0,0.053760,-0.816758,0.813778,0.076767,0.806452,0.483656,-1,8
6.0000,13.0,14.0,-0.333281,0.490920,0.076081,0.877718,0.806452,0.915758,0,6
6.0000,13.0,15.0,-0.744009,0.433710,0.697567,0.494115,0.806452,0.842899,0,6
6.0000,13.0,16.0,0.437673,0.214070,0.214574,0.781326,0.806452,0.888613,0,10
6.0000,13.0,17.0,0.724546,0.807958,0.612284,0.172302,0.806452,0.478444,0,11
6.0000,13.0,18.0,-0.442128,-0.169038,0.176886,0.684161,0.806452,0.772603,0,5
6.0000,13.0,19.0,-0.208361,-0.851862,0.235755,0.406929,0.806452,0.524806,0,4
6.0000,13.0,20.0,0.336589,-0.072945,0.225170,0.557515,0.806452,0.670100,0,9
6.0000,13.0,21.0,0.088850,-0.582805,0.194870,0.275729,0.806452,0.373164,0,9
6.0000,13.0,22.0,-0.548055,-0.457175,0.235460,0.724607,0.806452,0.842337,0,5
6.0000,13.0,23.0,0.014895,-0.887298,0.061156,0.180855,0.806452,0.211433,0,8
6.0000,13.0,24.0,0.129086,-0.613736,0.376850,0.278884,0.806452,0.467309,0,9
6.0000,13.0,25.0,-0.547981,-0.636265,0.304091,0.403662,0.806452,0.555708,0,5
6.0000,13.0,26.0,-0.761950,-0.602156,0.928367,0.234149,0.806452,0.698333,1,1
6.0000,13.0,27.0,-0.674384,0.590456,0.465522,0.274336,0.806452,0.507097,0,6
6.0000,13.0,28.0,-0.631912,-0.287915,0.616434,0.549592,0.806452,0.857809,0,5
6.0000,13.0,29.0,-0.239089,-0.951002,1.214113,0.702124,0.806452,1.309180,1,4
6.0000,13.0,30.0,-0.049593,-0.062668,0.311728,0.100969,0.806452,0.256834,0,5
6.0000,13.0,31.0,-0.629062,-0.901016,0.183114,0.441499,0.806452,0.533056,0,4
6.0000,14.0,0.0,-0.246165,-0.124610,0.126518,0.524559,0.806452,0.587818,0,5
6.0000,14.0,1.0,0.175824,-0.061094,0.364528,0.297789,0.806452,0.480053,0,9
6.0000,14.0,2.0,-1.003698,-0.141606,0.751791,0.625487,0.806452,1.001382,0,1
6.0000,14.0,3.0,0.583213,-0.025646,0.362763,0.214825,0.806452,0.396207,0,9
6.0000,14.0,4.0,-0.031994,-0.866652,0.393033,0.144165,0.806452,0.340682,-1,4
6.0000,14.0,5.0,0.096070,0.237183,0.295637,0.461995,0.806452,0.609813,-1,10
6.0000,14.0,6.0,-0.834799,-0.271807,0.804102,0.500834,0.806452,0.902885,0,1
6.0000,14.0,7.0,-0.253017,-0.589580,1.202389,0.574343,0.806452,1.175538,-1,5
6.0000,14.0,8.0,1.500256,0.280651,1.709136,1.322742,0.806452,2.177310,0,14
6.0000,14.0,9.0,0.065816,0.849979,0.570775,0.140950,0.806452,0.426337,0,11
6.0000,14.0,10.0,0.128171,-0.170534,0.331586,0.383402,0.806452,0.549195,0,9
6.0000,14.0,11.0,-0.828772,-0.752581,0.370853,0.219730,0.806452,0.405156,0,0
6.0000,14.0,12.0,0.013659,-0.792101,0.348847,0.026253,0.806452,0.200676,-1,8
6.0000,14.0,13.0,-0.459874,0.246948,0.119804,0.815490,0.806452,0.875392,0,6
6.0000,14.0,14.0,-0.026214,0.686014,0.167147,0.041391,0.806452,0.124965,0,6
6.0000,14.0,15.0,0.410137,0.317082,0.127452,0.967340,0.806452,1.031066,0,10
6.0000,14.0,16.0,0.476933,0.863496,0.034495,0.591254,0.806452,0.608501,0,11
6.0000,14.0,17.0,0.372821,0.906835,0.428790,0.755570,0.806452,0.969965,0,11
6.0000,14.0,18.0,-0.189092,0.181132,0.398491,0.523661,0.806452,0.722906,-1,6
6.0000,14.0,19.0,-0.367924,-0.969653,0.759693,0.918527,0.806452,1.298374,0,4
6.0000,14.0,20.0,-0.075166,-0.713105,0.318483,0.061345,0.806452,0.220587,0,5
6.0000,14.0,21.0,0.684239,-0.642486,0.488702,0.181340,0.806452,0.425691,-1,9
6.0000,14.0,22.0,-0.069350,0.001914,0.634808,0.087421,0.806452,0.404825,0,6
6.0000,14.0,23.0,-0.253668,-1.178195,0.516328,1.115753,0.806452,1.373917,0,4
6.0000,14.0,24.0,-0.763765,-0.112448,0.585858,0.111066,0.806452,0.403995,0,1
6.0000,14.0,25.0,0.533379,-0.627383,0.161916,0.445806,0.806452,0.526765,0,9
6.0000,14.0,26.0,0.749012,-0.580482,0.161718,0.265964,0.806452,0.346823,0,9
6.0000,14.0,27.0,0.140264,-0.061538,0.356380,0.228565,0.806452,0.406756,0,9
6.0000,14.0,28.0,-0.014543,0.932986,0.326001,0.289748,0.806452,0.452748,0,7
6.0000,14.0,29.0,0.569532,0.886806,0.901532,0.496280,0.806452,0.947046,0,11
6.0000,14.0,30.0,-0.310634,-0.437049,0.093090,0.936977,0.806452,0.983522,0,5
6.0000,14.0,31.0,-0.501561,-0.809897,0.193555,0.458676,0.806452,0.555453,0,4
6.0000,15.0,0.0,0.294409,0.053556,0.042321,0.499814,0.806452,0.520975,0,10
6.0000,15.0,1.0,0.023492,-0.253838,0.517864,0.421039,0.806452,0.679971,0,9
6.0000,15.0,2.0,-1.294743,-0.766685,0.969373,1.125510,0.806452,1.610196,0,0
6.0000,15.0,3.0,0.008900,0.162627,0.243557,0.240788,0.806452,0.362566,0,10
6.0000,15.0,4.0,0.029283,-0.289135,0.350189,0.476351,0.806452,0.651445,-1,9
6.0000,15.0,5.0,-0.056950,0.420338,0.335452,0.526428,0.806452,0.694154,0,6
6.0000,15.0,6.0,0.749685,0.244304,0.521760,0.373202,0.806452,0.634082,0,10
6.0000,15.0,7.0,-0.436216,0.382392,0.414148,0.969809,0.806452,1.176882,0,6
6.0000,15.0,8.0,-0.597003,0.517921,0.249040,0.528895,0.806452,0.653415,0,6
6.0000,15.0,9.0,-0.874811,0.255854,0.693765,0.549180,0.806452,0.896063,0,2
6.0000,15.0,10.0,0.391617,-0.121302,0.573926,0.633812,0.806452,0.920775,0,9
6.0000,15.0,11.0,-0.009574,-1.070502,0.297408,0.601430,0.806452,0.750134,0,4
6.0000,15.0,12.0,0.307461,-0.864302,0.751040,0.608384,0.806452,0.983904,0,8
6.0000,15.0,13.0,-0.250334,0.013559,0.576817,0.411931,0.806452,0.700340,0,6
6.0000,15.0,14.0,0.075637,1.261950,0.595120,0.739268,0.806452,1.036828,0,11
6.0000,15.0,15.0,0.173820,-0.071416,0.475167,0.304870,0.806452,0.542453,-1,9
6.0000,15.0,16.0,0.132847,0.946362,0.272780,0.465102,0.806452,0.601492,0,11
6.0000,15.0,17.0,0.051632,0.029563,0.239245,0.077297,0.806452,0.196920,1,10
6.0000,15.0,18.0,0.212874,-0.094734,0.342461,0.413759,0.806452,0.584990,1,9
6.0000,15.0,19.0,1.025129,0.003306,1.621164,0.512264,0.806452,1.322846,0,14
6.0000,15.0,20.0,-0.531798,-0.017595,0.120120,0.322109,0.806452,0.382169,0,5
6.0000,15.0,21.0,-0.301370,-0.657829,0.466936,0.526768,0.806452,0.760236,-1,5
6.0000,15.0,22.0,-1.122766,0.055938,0.142106,0.698407,0.806452,0.769460,0,2
6.0000,15.0,23.0,-0.817986,-0.585876,0.308221,0.324014,0.806452,0.478125,1,1
6.0000,15.0,24.0,-0.173961,0.106231,0.252516,0.353139,0.806452,0.479397,1,6
6.0000,15.0,25.0,-0.138152,-0.242656,0.246327,0.542970,0.806452,0.666134,0,5
6.0000,15.0,26.0,0.675196,-0.541169,0.454743,0.366477,0.806452,0.593848,0,9
6.0000,15.0,27.0,-0.055642,-0.673174,0.463141,0.076798,0.806452,0.308369,0,5
6.0000,15.0,28.0,0.724931,0.289632,0.478371,0.451800,0.806452,0.690985,1,10
6.0000,15.0,29.0,-0.355186,0.413794,0.341689,0.988244,0.806452,1.159089,0,6
6.0000,15.0,30.0,0.057648,-0.189544,0.165663,0.322124,0.806452,0.404955,0,9
6.0000,15.0,31.0,-0.032397,-0.948671,0.441652,0.336696,0.806452,0.557522,0,4
6.0000,16.0,0.0,0.275304,0.085680,0.340023,0.510479,0.806452,0.680490,0,10
6.0000,16.0,1.0,0.132531,-0.011328,0.069182,0.183662,0.806452,0.218253,0,9
6.0000,16.0,2.0,-0.234738,-0.329902,0.268887,0.847176,0.806452,0.981620,0,5
6.0000,16.0,3.0,-0.787543,-0.205343,0.597331,0.312368,0.806452,0.611033,1,1
6.0000,16.0,4.0,-0.235539,0.616314,0.397387,0.488988,0.806452,0.687682,0,6
6.0000,16.0,5.0,-0.833626,0.658946,0.177264,0.248451,0.806452,0.337083,0,2
6.0000,16.0,6.0,-0.046731,0.409631,0.199255,0.526090,0.806452,0.625717,0,6
6.0000,16.0,7.0,0.823092,0.545225,0.242989,0.404178,0.806452,0.525673,0,14
6.0000,16.0,8.0,0.304644,0.711142,0.767045,0.477593,0.806452,0.861116,0,10
6.0000,16.0,9.0,-0.103634,-0.403128,1.125118,0.598732,0.806452,1.161291,-1,5
6.0000,16.0,10.0,1.177823,0.663331,0.561996,1.023242,0.806452,1.304240,1,14
6.0000,16.0,11.0,0.398680,-0.132455,0.161808,0.650624,0.806452,0.731528,-1,9
6.0000,16.0,12.0,0.573374,0.496460,0.103388,0.613504,0.806452,0.665198,0,10
6.0000,16.0,13.0,0.533028,0.183485,0.104471,0.556156,0.806452,0.608391,0,10
6.0000,16.0,14.0,0.034590,0.492995,0.207164,0.407049,0.806452,0.510631,0,10
6.0000,16.0,15.0,-0.712230,0.207928,0.343816,0.308294,0.806452,0.480202,0,6
6.0000,16.0,16.0,-0.340349,1.088097,0.423525,1.164445,0.806452,1.376208,0,7
6.0000,16.0,17.0,-0.477983,0.826457,0.195568,0.518790,0.806452,0.616574,0,7
6.0000,16.0,18.0,-0.518203,0.312699,0.512217,0.808571,0.806452,1.064679,-1,6
6.0000,16.0,19.0,-0.785759,-0.880368,0.666388,0.374948,0.806452,0.708142,0,0
6.0000,16.0,20.0,-0.399842,-0.026040,0.375653,0.519427,0.806452,0.707254,1,5
6.0000,16.0,21.0,-0.336949,0.168200,0.248393,0.718718,0.806452,0.842914,-1,6
6.0000,16.0,22.0,-0.957019,-0.134158,0.261603,0.494761,0.806452,0.625563,0,1
6.0000,16.0,23.0,-0.858847,-0.004984,0.454804,0.119976,0.806452,0.347378,0,1
6.0000,16.0,24.0,0.059508,-0.806212,0.320967,0.069525,0.806452,0.230009,0,8
6.0000,16.0,25.0,-0.003050,0.222544,0.174622,0.359667,0.806452,0.446978,0,6
6.0000,16.0,26.0,0.091562,0.421531,0.325608,0.566809,0.806452,0.729613,0,10
6.0000,16.0,27.0,0.103367,-0.133740,0.222173,0.270590,0.806452,0.381677,0,9
6.0000,16.0,28.0,-0.115946,0.445661,0.250826,0.578894,0.806452,0.704307,0,6
6.0000,16.0,29.0,-0.375156,-0.498297,0.173419,0.878615,0.806452,0.965325,-1,5
6.0000,16.0,30.0,0.104953,0.086193,0.689730,0.196442,0.806452,0.541307,1,10
6.0000,16.0,31.0,0.756316,-1.131094,0.462951,1.001219,0.806452,1.232695,0,12
6.0000,17.0,0.0,0.989127,-0.820275,0.902358,0.766383,0.806452,1.217562,0,12
6.0000,17.0,1.0,0.330250,-0.046784,0.139954,0.527875,0.806452,0.597852,0,9
6.0000,17.0,2.0,0.542585,-0.717470,0.167898,0.335652,0.806452,0.419601,0,9
6.0000,17.0,3.0,0.188591,-0.881107,0.493346,0.423945,0.806452,0.670618,0,8
6.0000,17.0,4.0,0.808696,0.242691,0.588752,0.410377,0.806452,0.704752,0,14
6.0000,17.0,5.0,-0.667918,0.643649,0.312993,0.194787,0.806452,0.351284,0,6
6.0000,17.0,6.0,0.072513,0.321188,0.246373,0.546494,0.806452,0.669680,0,10
6.0000,17.0,7.0,0.139421,0.088900,0.538011,0.259838,0.806452,0.528843,0,10
6.0000,17.0,8.0,-0.860213,0.160688,0.403962,0.320796,0.806452,0.522777,0,2
6.0000,17.0,9.0,0.026915,0.902231,0.152377,0.219491,0.806452,0.295679,0,11
6.0000,17.0,10.0,0.228117,0.338207,0.182957,0.839753,0.806452,0.931231,-1,10
6.0000,17.0,11.0,-0.069663,-0.089617,0.125312,0.153236,0.806452,0.215892,0,5
6.0000,17.0,12.0,0.021491,0.399520,0.225849,0.517747,0.806452,0.630672,-1,10
6.0000,17.0,13.0,0.342873,-0.010129,0.205330,0.517151,0.806452,0.619816,0,9
6.0000,17.0,14.0,-0.325464,0.248018,0.148783,0.868130,0.806452,0.942521,0,6
6.0000,17.0,15.0,-0.032390,0.198651,0.117877,0.321469,0.806452,0.380407,-1,6
6.0000,17.0,16.0,-0.478073,-0.171956,0.138792,0.637845,0.806452,0.707241,1,5
6.0000,17.0,17.0,-0.301359,0.129671,0.150732,0.614353,0.806452,0.689719,0,6
6.0000,17.0,18.0,0.225859,0.328403,0.329809,0.829285,0.806452,0.994189,0,10
6.0000,17.0,19.0,0.524568,-0.616196,0.273753,0.481442,0.806452,0.618318,0,9
6.0000,17.0,20.0,0.158488,-1.098044,0.951732,0.841626,0.806452,1.317492,0,8
6.0000,17.0,21.0,0.122971,0.721496,0.331375,0.130943,0.806452,0.296630,0,10
6.0000,17.0,22.0,0.044540,-0.003893,0.352547,0.064313,0.806452,0.240587,1,9
6.0000,17.0,23.0,-0.399490,-0.355510,0.052472,0.997019,0.806452,1.023255,0,5
6.0000,17.0,24.0,-0.214239,-0.423223,0.118771,0.796485,0.806452,0.855870,0,5
6.0000,17.0,25.0,-0.308587,-0.523504,0.138254,0.793616,0.806452,0.862743,0,5
6.0000,17.0,26.0,-0.758229,-0.099835,0.325306,0.088634,0.806452,0.251287,0,1
6.0000,17.0,27.0,-0.080090,0.552723,0.122588,0.328464,0.806452,0.389758,1,6
6.0000,17.0,28.0,-0.029777,0.251670,0.275208,0.420214,0.806452,0.557818,-1,6
6.0000,17.0,29.0,-0.632838,-0.263473,0.221028,0.509949,0.806452,0.620463,0,5
6.0000,17.0,30.0,-0.616724,-0.490037,0.713199,0.541470,0.806452,0.898069,0,5
6.0000,17.0,31.0,0.579869,-0.801305,0.195029,0.310163,0.806452,0.407678,1,8
6.0000,18.0,0.0,0.012215,0.453565,0.739464,0.462265,0.806452,0.831997,-1,10
6.0000,18.0,1.0,0.575321,-0.116436,0.124550,0.335067,0.806452,0.397342,0,9
6.0000,18.0,2.0,0.331362,-0.028349,0.109775,0.516883,0.806452,0.571771,0,9
6.0000,18.0,3.0,0.624582,-0.512539,0.633167,0.489175,0.806452,0.805759,0,9
6.0000,18.0,4.0,0.822661,0.359548,0.279033,0.577143,0.806452,0.716659,0,14
6.0000,18.0,5.0,0.096752,0.521035,0.396417,0.418811,0.806452,0.617020,0,10
6.0000,18.0,6.0,-0.887724,0.250458,0.237367,0.567694,0.806452,0.686377,0,2
6.0000,18.0,7.0,-0.920985,-0.063294,0.377503,0.293270,0.806452,0.482021,0,1
6.0000,18.0,8.0,-0.556491,-0.271424,0.245968,0.674902,0.806452,0.797887,0,5
6.0000,18.0,9.0,-0.098742,0.417348,0.198664,0.581020,0.806452,0.680352,0,6
6.0000,18.0,10.0,0.503153,0.958271,0.798474,0.797931,0.806452,1.197168,0,11
6.0000,18.0,11.0,0.399936,0.092486,0.047377,0.583746,0.806452,0.607434,1,10
6.0000,18.0,12.0,0.630856,-0.111335,0.504744,0.215776,0.806452,0.468148,1,9
6.0000,18.0,13.0,-0.020462,-0.429645,0.324561,0.493606,0.806452,0.655886,-1,5
6.0000,18.0,14.0,0.361380,0.435233,0.076110,0.970548,0.806452,1.008603,0,10
6.0000,18.0,15.0,0.335467,0.213008,0.033700,0.808693,0.806452,0.825543,1,10
6.0000,18.0,16.0,0.176947,-0.109414,0.044822,0.364256,0.806452,0.386667,1,9
6.0000,18.0,17.0,0.211877,-0.018871,0.271168,0.341890,0.806452,0.477474,0,9
6.0000,18.0,18.0,-0.276811,0.036744,0.042465,0.463787,0.806452,0.485019,0,6
6.0000,18.0,19.0,0.035269,0.083379,0.143883,0.115028,0.806452,0.186969,0,10
6.0000,18.0,20.0,0.012694,-0.409796,0.174309,0.508740,0.806452,0.595894,0,9
6.0000,18.0,21.0,0.679374,0.026099,0.573086,0.048629,0.806452,0.335173,-1,10
6.0000,18.0,22.0,-0.053225,1.035256,1.045683,0.559167,0.806452,1.082008,0,7
6.0000,18.0,23.0,-0.212770,-0.724455,0.301847,0.312765,0.806452,0.463688,0,5
6.0000,18.0,24.0,-0.850747,-0.197428,0.113230,0.381428,0.806452,0.438043,0,1
6.0000,18.0,25.0,-0.718753,-0.579247,0.053381,0.266956,0.806452,0.293646,0,5
6.0000,18.0,26.0,-1.060859,-0.668988,0.609463,0.843634,0.806452,1.148366,0,1
6.0000,18.0,27.0,-0.451047,0.043237,0.265289,0.480424,0.806452,0.613068,0,6
6.0000,18.0,28.0,0.405828,-0.279390,0.434558,0.924996,0.806452,1.142275,0,9
6.0000,18.0,29.0,0.146546,-0.737902,0.486573,0.171439,0.806452,0.414725,-1,9
6.0000,18.0,30.0,0.348853,0.135850,0.104318,0.660999,0.806452,0.713158,1,10
6.0000,18.0,31.0,0.533085,-0.020231,0.300041,0.320260,0.806452,0.470280,1,9
6.0000,19.0,0.0,0.874198,-0.800570,0.279320,0.380705,0.806452,0.520365,0,12
6.0000,19.0,1.0,0.679869,-0.764506,0.521363,0.137159,0.806452,0.397840,1,8
6.0000,19.0,2.0,-0.013043,-0.036637,0.144807,0.060258,0.806452,0.132661,-1,5
6.0000,19.0,3.0,0.111308,0.699670,0.086415,0.124041,0.806452,0.167249,0,10
6.0000,19.0,4.0,0.132827,0.654906,0.243325,0.214711,0.806452,0.336374,0,10
6.0000,19.0,5.0,-0.633318,0.622342,0.725938,0.271219,0.806452,0.634187,-1,6
6.0000,19.0,6.0,-0.127243,0.771601,0.179792,0.140924,0.806452,0.230820,0,7
6.0000,19.0,7.0,-0.262898,0.885788,0.416742,0.586405,0.806452,0.794776,1,7
6.0000,19.0,8.0,-0.142002,0.086528,0.183335,0.261438,0.806452,0.353106,1,6
6.0000,19.0,9.0,-0.276685,0.088540,0.121377,0.516383,0.806452,0.577072,1,6
6.0000,19.0,10.0,-0.784710,0.077892,0.347432,0.070542,0.806452,0.244258,1,2
6.0000,19.0,11.0,0.103603,0.009858,0.348903,0.134335,0.806452,0.308786,-1,10
6.0000,19.0,12.0,-0.570277,0.113876,0.035425,0.341486,0.806452,0.359199,0,6
6.0000,19.0,13.0,-0.241068,0.166811,0.124337,0.595895,0.806452,0.658064,0,6
6.0000,19.0,14.0,-0.027127,0.113603,0.140927,0.155844,0.806452,0.226308,1,6
6.0000,19.0,15.0,0.374784,0.148443,0.097094,0.688280,0.806452,0.736827,0,10
6.0000,19.0,16.0,0.105671,0.296527,0.526473,0.567912,0.806452,0.831149,0,10
6.0000,19.0,17.0,-0.338020,0.716232,0.279283,0.507229,0.806452,0.646870,0,6
6.0000,19.0,18.0,-0.199699,0.290406,0.098543,0.739531,0.806452,0.788802,0,6
6.0000,19.0,19.0,-0.532875,-0.011550,0.138904,0.318311,0.806452,0.387763,0,5
6.0000,19.0,20.0,-0.236441,-0.383286,0.034589,0.862585,0.806452,0.879880,0,5
6.0000,19.0,21.0,-0.103780,-0.325919,0.092136,0.593206,0.806452,0.639274,-1,5
6.0000,19.0,22.0,-0.516454,0.115414,0.027455,0.458139,0.806452,0.471866,0,6
6.0000,19.0,23.0,-0.526926,-0.073363,0.189856,0.374967,0.806452,0.469895,0,5
6.0000,19.0,24.0,-0.708438,-0.716525,0.096750,0.108813,0.806452,0.157188,0,5
6.0000,19.0,25.0,-0.431740,-0.501404,0.157741,0.844729,0.806452,0.923599,0,5
6.0000,19.0,26.0,0.043762,-0.087154,0.352311,0.125706,0.806452,0.301862,-1,9
6.0000,19.0,27.0,-0.710620,0.437516,0.313681,0.496991,0.806452,0.653832,0,6
6.0000,19.0,28.0,-0.781906,-0.503132,0.276764,0.424173,0.806452,0.562555,0,1
6.0000,19.0,29.0,-0.784355,-1.262634,0.956035,1.148456,0.806452,1.626474,0,0
6.0000,19.0,30.0,-0.249326,0.101928,0.047485,0.492445,0.806452,0.516188,1,6
6.0000,19.0,31.0,-0.299215,0.087725,0.631412,0.544417,0.806452,0.860123,-1,6
6.0000,20.0,0.0,0.716183,0.225709,0.215112,0.342750,0.806452,0.450306,1,10
6.0000,20.0,1.0,1.150377,0.159700,0.763087,0.895242,0.806452,1.276786,0,14
6.0000,20.0,2.0,-0.139996,0.037512,0.460359,0.208306,0.806452,0.438486,1,6
6.0000,20.0,3.0,0.449488,0.221311,0.224462,0.781261,0.806452,0.893492,0,10
6.0000,20.0,4.0,0.742715,0.539586,0.372805,0.339634,0.806452,0.526036,-1,10
6.0000,20.0,5.0,0.895720,0.086242,0.675825,0.261753,0.806452,0.599665,0,14
6.0000,20.0,6.0,-0.176991,-0.056199,0.361473,0.295419,0.806452,0.476155,0,5
6.0000,20.0,7.0,-1.163017,0.434875,0.557230,1.262572,0.806452,1.541187,0,2
6.0000,20.0,8.0,-0.557602,-0.649999,0.221887,0.365165,0.806452,0.476109,0,5
6.0000,20.0,9.0,-0.047072,-0.329292,0.121773,0.527462,0.806452,0.588348,0,5
6.0000,20.0,10.0,-0.474967,-0.629256,0.381285,0.543351,0.806452,0.733994,0,5
6.0000,20.0,11.0,-0.614591,-0.634250,0.187679,0.282618,0.806452,0.376457,-1,5
6.0000,20.0,12.0,-0.735770,0.057924,0.513075,0.033619,0.806452,0.290157,1,6
6.0000,20.0,13.0,0.412095,0.315553,0.520529,0.964553,0.806452,1.224818,0,10
6.0000,20.0,14.0,-0.631697,0.301909,0.446650,0.568384,0.806452,0.791709,0,6
6.0000,20.0,15.0,-0.094063,-0.123967,0.252828,0.239103,0.806452,0.365517,0,5
6.0000,20.0,16.0,-0.361429,-0.934203,0.719687,0.822105,0.806452,1.181949,0,4
6.0000,20.0,17.0,-1.232544,0.374913,0.915405,1.279906,0.806452,1.737608,0,2
6.0000,20.0,18.0,-0.024526,0.692030,0.726128,0.034650,0.806452,0.397714,0,6
6.0000,20.0,19.0,-1.101723,0.065705,1.237291,0.685315,0.806452,1.303960,-1,2
6.0000,20.0,20.0,-0.344291,-0.708610,0.284481,0.515224,0.806452,0.657465,1,5
6.0000,20.0,21.0,-0.047718,-0.343959,0.547642,0.536096,0.806452,0.809918,-1,5
6.0000,20.0,22.0,-0.299843,0.280195,0.301938,0.895100,0.806452,1.046069,-1,6
6.0000,20.0,23.0,-1.046550,0.133548,0.321697,0.703527,0.806452,0.864375,0,2
6.0000,20.0,24.0,-0.410994,-0.297372,0.030048,0.945623,0.806452,0.960647,0,5
6.0000,20.0,25.0,-0.660162,-0.075869,0.399951,0.116356,0.806452,0.316331,0,5
6.0000,20.0,26.0,0.106469,-0.836114,0.346329,0.174209,0.806452,0.347374,0,8
6.0000,20.0,27.0,-0.208403,0.101953,0.295864,0.415749,0.806452,0.563681,-1,6
6.0000,20.0,28.0,-0.115103,-0.210589,0.175501,0.441256,0.806452,0.529007,0,5
6.0000,20.0,29.0,0.335870,-0.613828,0.171821,0.633200,0.806452,0.719111,1,9
6.0000,20.0,30.0,0.136602,-0.093796,0.064813,0.261514,0.806452,0.293920,-1,9
6.0000,20.0,31.0,0.300487,0.094047,0.125370,0.554798,0.806452,0.617483,0,10
6.0000,21.0,0.0,-0.064209,-0.016270,0.317237,0.084085,0.806452,0.242703,0,5
6.0000,21.0,1.0,0.618777,-0.884214,0.726649,0.411466,0.806452,0.774791,1,8
6.0000,21.0,2.0,-0.313163,-1.158388,0.522353,1.209711,0.806452,1.470888,0,4
6.0000,21.0,3.0,-0.127416,-0.393303,0.048919,0.643972,0.806452,0.668431,0,5
6.0000,21.0,4.0,0.063731,-0.355549,0.259022,0.554739,0.806452,0.684250,-1,9
6.0000,21.0,5.0,-0.342114,0.078049,0.121370,0.566528,0.806452,0.627213,0,6
6.0000,21.0,6.0,0.254385,0.159220,0.562878,0.604020,0.806452,0.885458,0,10
6.0000,21.0,7.0,-0.436302,0.831516,0.476540,0.573610,0.806452,0.811880,0,7
6.0000,21.0,8.0,-0.036981,-0.147000,0.107811,0.221238,0.806452,0.275144,0,5
6.0000,21.0,9.0,-0.401426,-0.031882,0.356119,0.521439,0.806452,0.699499,0,5
6.0000,21.0,10.0,0.577591,0.001411,0.738162,0.221089,0.806452,0.590170,0,10
6.0000,21.0,11.0,-0.140578,-0.454696,0.336209,0.611474,0.806452,0.779579,0,5
6.0000,21.0,12.0,-0.942860,-0.732928,1.482700,0.509139,0.806452,1.250488,0,1
6.0000,21.0,13.0,0.666380,-0.647654,0.091266,0.191080,0.806452,0.236713,1,9
6.0000,21.0,14.0,0.104661,-0.577838,0.272395,0.310117,0.806452,0.446314,0,9
6.0000,21.0,15.0,-0.209082,-0.643691,0.083188,0.387848,0.806452,0.429442,0,5
6.0000,21.0,16.0,-0.155240,-0.331206,0.186367,0.689370,0.806452,0.782553,-1,5
6.0000,21.0,17.0,0.217185,0.380782,0.259126,0.826041,0.806452,0.955604,0,10
6.0000,21.0,18.0,0.935490,0.036098,0.818855,0.305746,0.806452,0.715174,-1,14
6.0000,21.0,19.0,0.745047,0.670139,0.820356,0.134965,0.806452,0.545143,1,10
6.0000,21.0,20.0,0.329458,-0.028124,0.607609,0.515524,0.806452,0.819329,0,9
6.0000,21.0,21.0,-0.136233,0.971183,0.522535,0.534753,0.806452,0.796020,0,7
6.0000,21.0,22.0,0.441905,0.000044,0.139922,0.476172,0.806452,0.546133,0,10
6.0000,21.0,23.0,-0.227106,-0.026687,0.454404,0.374369,0.806452,0.601570,-1,5
6.0000,21.0,24.0,-0.411714,-0.392470,0.116013,0.988728,0.806452,1.046735,0,5
6.0000,21.0,25.0,-0.008527,-0.173222,0.027250,0.261893,0.806452,0.275518,0,5
6.0000,21.0,26.0,0.153437,-0.200506,0.297288,0.491357,0.806452,0.640001,0,9
6.0000,21.0,27.0,0.825687,0.189852,0.168483,0.323446,0.806452,0.407688,0,14
6.0000,21.0,28.0,0.463368,-0.173200,0.056831,0.663786,0.806452,0.692202,0,9
6.0000,21.0,29.0,0.199684,-0.014997,0.469631,0.316527,0.806452,0.551343,0,9
6.0000,21.0,30.0,-0.271866,0.080163,0.183122,0.498169,0.806452,0.589731,0,6
6.0000,21.0,31.0,-0.008228,0.558843,0.496000,0.262041,0.806452,0.510041,-1,6
6.0000,22.0,0.0,-0.251991,-0.134112,0.323991,0.551798,0.806452,0.713793,1,5
6.0000,22.0,1.0,0.103548,0.418649,0.081340,0.587346,0.806452,0.628015,0,10
6.0000,22.0,2.0,-0.290053,0.053643,0.130722,0.494503,0.806452,0.559864,0,6
6.0000,22.0,3.0,0.108148,-0.073580,0.391051,0.185550,0.806452,0.381076,1,9
6.0000,22.0,4.0,-0.153325,-1.153207,0.714083,0.883090,0.806452,1.240132,-1,4
6.0000,22.0,5.0,-0.149760,0.371442,0.498260,0.691074,0.806452,0.940204,0,6
6.0000,22.0,6.0,-0.818592,0.572984,0.285677,0.347443,0.806452,0.490282,-1,2
6.0000,22.0,7.0,-0.307169,-0.047421,0.428607,0.508890,0.806452,0.723194,1,5
6.0000,22.0,8.0,-0.169798,0.370235,0.118190,0.731030,0.806452,0.790126,1,6
6.0000,22.0,9.0,0.214390,0.260798,0.363279,0.725732,0.806452,0.907372,0,10
6.0000,22.0,10.0,-0.248229,1.245143,0.744006,1.101525,0.806452,1.473528,0,7
6.0000,22.0,11.0,0.578121,-0.127225,0.228129,0.348244,0.806452,0.462308,0,9
6.0000,22.0,12.0,0.882052,-0.673195,0.020232,0.346287,0.806452,0.356403,0,13
6.0000,22.0,13.0,0.870303,-0.703116,0.683480,0.302210,0.806452,0.643950,0,13
6.0000,22.0,14.0,-0.005631,0.409402,0.652299,0.507902,0.806452,0.834051,-1,6
6.0000,22.0,15.0,0.054276,-1.047237,0.286229,0.584480,0.806452,0.727595,0,8
6.0000,22.0,16.0,0.110698,-0.501843,0.253009,0.479001,0.806452,0.605505,0,9
6.0000,22.0,17.0,-0.213777,-0.083984,0.750837,0.400579,0.806452,0.775997,-1,5
6.0000,22.0,18.0,-0.721705,-0.265318,0.257726,0.414737,0.806452,0.543600,1,5
6.0000,22.0,19.0,-0.799344,0.184342,0.555738,0.278540,0.806452,0.556409,1,2
6.0000,22.0,20.0,0.103997,1.050819,0.304625,0.657736,0.806452,0.810048,0,11
6.0000,22.0,21.0,0.053810,0.089897,0.210777,0.137637,0.806452,0.243025,0,10
6.0000,22.0,22.0,0.764599,0.085296,0.749623,0.069139,0.806452,0.443951,-1,14
6.0000,22.0,23.0,0.797258,0.748178,0.731701,0.163732,0.806452,0.529583,1,14
6.0000,22.0,24.0,0.071183,-0.250222,0.332697,0.452373,0.806452,0.618721,1,9
6.0000,22.0,25.0,0.201698,0.021276,0.196457,0.322505,0.806452,0.420734,0,10
6.0000,22.0,26.0,0.903777,-0.348298,0.408497,0.737239,0.806452,0.941487,0,13
6.0000,22.0,27.0,0.185950,0.150024,0.145477,0.455344,0.806452,0.528083,0,10
6.0000,22.0,28.0,0.826578,-0.202306,0.348754,0.351469,0.806452,0.525846,0,13
6.0000,22.0,29.0,1.478618,0.091959,0.740419,0.848361,0.806452,1.218570,0,14
6.0000,22.0,30.0,0.178493,0.560814,0.338032,0.486670,0.806452,0.655687,0,10
6.0000,22.0,31.0,0.972436,-0.270861,0.667948,0.817993,0.806452,1.151967,0,13
6.0000,23.0,0.0,0.633181,0.149580,0.163889,0.282414,0.806452,0.364359,0,10
6.0000,23.0,1.0,-0.055252,0.528149,0.229879,0.353152,0.806452,0.468092,-1,6
6.0000,23.0,2.0,0.160472,-0.327361,0.199734,0.697115,0.806452,0.796982,-1,9
6.0000,23.0,3.0,-0.355238,0.266298,0.183469,0.914093,0.806452,1.005828,0,6
6.0000,23.0,4.0,-0.015120,-0.437201,0.322990,0.483720,0.806452,0.645214,0,5
6.0000,23.0,5.0,-1.122825,-0.375704,0.760408,1.233439,0.806452,1.613643,0,1
6.0000,23.0,6.0,-0.120268,0.665692,0.764375,0.176447,0.806452,0.558635,0,6
6.0000,23.0,7.0,0.710571,-0.744074,0.818085,0.110878,0.806452,0.519921,1,9
6.0000,23.0,8.0,0.060681,-0.139730,0.203190,0.226707,0.806452,0.328302,0,9
6.0000,23.0,9.0,0.068065,0.759550,0.086801,0.045688,0.806452,0.089088,0,11
6.0000,23.0,10.0,-0.346750,0.612635,0.173374,0.641991,0.806452,0.728678,0,6
6.0000,23.0,11.0,-0.025167,0.270394,0.299110,0.448241,0.806452,0.597796,-1,6
6.0000,23.0,12.0,0.828191,-0.395720,0.142794,0.589404,0.806452,0.660801,0,13
6.0000,23.0,13.0,0.788600,0.146759,0.167691,0.190088,0.806452,0.273934,0,14
6.0000,23.0,14.0,0.677500,0.540323,0.205123,0.365773,0.806452,0.468335,0,10
6.0000,23.0,15.0,0.228348,-0.145030,0.099904,0.529626,0.806452,0.579578,0,9
6.0000,23.0,16.0,0.685190,0.132272,0.244152,0.175030,0.806452,0.297106,0,10
6.0000,23.0,17.0,1.220100,0.726247,0.889098,1.054269,0.806452,1.498818,0,14
6.0000,23.0,18.0,0.185304,-0.269577,0.283944,0.681046,0.806452,0.823019,0,9
6.0000,23.0,19.0,-0.028296,-0.063914,0.173116,0.088335,0.806452,0.174893,0,5
6.0000,23.0,20.0,0.335983,0.562156,0.102544,0.737494,0.806452,0.788766,0,10
6.0000,23.0,21.0,-0.167075,0.627553,0.446398,0.327875,0.806452,0.551074,0,6
6.0000,23.0,22.0,-0.701047,-0.554932,1.069293,0.319682,0.806452,0.854329,0,5
6.0000,23.0,23.0,-0.375160,0.916265,0.117569,0.779962,0.806452,0.838746,0,7
6.0000,23.0,24.0,-0.029575,0.858782,0.483473,0.127398,0.806452,0.369134,0,7
6.0000,23.0,25.0,0.004872,-0.321635,0.408060,0.503195,0.806452,0.707225,-1,9
6.0000,23.0,26.0,0.861124,0.583671,0.880883,0.411186,0.806452,0.851627,0,14
6.0000,23.0,27.0,-0.027350,0.193282,0.358079,0.308116,0.806452,0.487155,0,6
6.0000,23.0,28.0,0.181494,-0.885778,1.361195,0.418951,0.806452,1.099548,0,8
6.0000,23.0,29.0,0.814290,0.873111,0.727055,0.401961,0.806452,0.765489,0,15
6.0000,23.0,30.0,0.079798,0.703503,0.214245,0.073625,0.806452,0.180748,1,10
6.0000,23.0,31.0,0.479016,0.683292,0.661259,0.465984,0.806452,0.796613,0,10
6.0000,24.0,0.0,0.817679,0.214855,0.242257,0.365411,0.806452,0.486540,1,14
6.0000,24.0,1.0,0.320122,0.541430,0.622986,0.768339,0.806452,1.079832,0,10
6.0000,24.0,2.0,0.254131,-0.741822,0.281746,0.391048,0.806452,0.531921,0,9
6.0000,24.0,3.0,-0.474917,-0.063798,0.246779,0.462873,0.806452,0.586263,0,5
6.0000,24.0,4.0,0.219295,-0.358358,0.534048,0.830147,0.806452,1.097171,-1,9
6.0000,24.0,5.0,-0.679255,0.493347,0.056134,0.447634,0.806452,0.475702,0,6
6.0000,24.0,6.0,-0.588905,0.265510,0.396028,0.597230,0.806452,0.795244,0,6
6.0000,24.0,7.0,-0.296826,0.468322,0.350539,0.879786,0.806452,1.055055,0,6
6.0000,24.0,8.0,0.105205,-0.184646,0.438076,0.373087,0.806452,0.592125,-1,9
6.0000,24.0,9.0,0.419970,0.931921,0.066725,0.813618,0.806452,0.846981,0,11
6.0000,24.0,10.0,0.002430,1.205109,0.400050,0.704309,0.806452,0.904334,0,11
6.0000,24.0,11.0,-0.040343,0.426219,0.741056,0.507379,0.806452,0.877907,-1,6
6.0000,24.0,12.0,0.894211,-0.916266,0.410726,0.729278,0.806452,0.934641,0,12
6.0000,24.0,13.0,0.314289,-0.381025,0.468653,0.977208,0.806452,1.211534,0,9
6.0000,24.0,14.0,0.985592,0.772970,0.688381,0.673778,0.806452,1.017968,1,15
6.0000,24.0,15.0,0.510418,-0.330644,0.249339,0.839667,0.806452,0.964336,0,9
6.0000,24.0,16.0,0.120355,0.268780,0.006202,0.554458,0.806452,0.557559,0,10
6.0000,24.0,17.0,0.115786,0.202399,0.582869,0.426113,0.806452,0.717547,-1,10
6.0000,24.0,18.0,0.313373,-1.285182,0.641401,1.206051,0.806452,1.526752,0,8
6.0000,24.0,19.0,0.312301,0.163665,0.399841,0.690915,0.806452,0.890835,-1,10
6.0000,24.0,20.0,0.089183,0.258970,0.135443,0.489976,0.806452,0.557698,1,10
6.0000,24.0,21.0,-0.051280,0.329580,0.403119,0.531117,0.806452,0.732677,0,6
6.0000,24.0,22.0,0.067287,0.635116,0.124098,0.145993,0.806452,0.208042,0,10
6.0000,24.0,23.0,0.211207,0.855288,0.662015,0.419444,0.806452,0.750451,0,11
6.0000,24.0,24.0,0.262768,0.185094,0.781298,0.669946,0.806452,1.060595,1,10
6.0000,24.0,25.0,-0.076607,-0.051719,0.115219,0.118413,0.806452,0.176023,0,5
6.0000,24.0,26.0,-0.490114,-0.285752,0.046523,0.829025,0.806452,0.852287,0,5
6.0000,24.0,27.0,-0.441172,-0.037109,0.053660,0.488879,0.806452,0.515710,1,5
6.0000,24.0,28.0,-0.798869,0.108980,0.285531,0.129327,0.806452,0.272092,0,2
6.0000,24.0,29.0,-0.130723,-0.329770,0.037446,0.641757,0.806452,0.660480,0,5
6.0000,24.0,30.0,-0.080759,-0.115898,0.425623,0.207104,0.806452,0.419915,1,5
6.0000,24.0,31.0,0.511583,-0.844896,0.927967,0.501287,0.806452,0.965270,-1,8
6.0000,25.0,0.0,0.047654,0.066949,0.055069,0.103914,0.806452,0.131449,0,10
6.0000,25.0,1.0,-0.174843,-0.230491,0.171122,0.592585,0.806452,0.678146,0,5
6.0000,25.0,2.0,0.062135,-0.427347,0.230669,0.524955,0.806452,0.640289,0,9
6.0000,25.0,3.0,-0.415047,-0.707875,0.105125,0.515614,0.806452,0.568177,0,5
6.0000,25.0,4.0,-0.551884,-0.451547,0.410580,0.723870,0.806452,0.929160,0,5
6.0000,25.0,5.0,-1.054458,0.339443,0.767429,1.103256,0.806452,1.486970,0,2
6.0000,25.0,6.0,0.522799,0.736451,0.193047,0.369371,0.806452,0.465894,0,10
6.0000,25.0,7.0,0.283550,1.159206,0.733923,1.164325,0.806452,1.531287,0,11
6.0000,25.0,8.0,-0.377627,0.231740,0.278076,0.854790,0.806452,0.993828,0,6
6.0000,25.0,9.0,0.485294,0.815035,0.517967,0.490752,0.806452,0.749735,0,11
6.0000,25.0,10.0,0.123525,0.216657,0.178688,0.467630,0.806452,0.556974,1,10
6.0000,25.0,11.0,0.447377,0.651375,0.614639,0.544947,0.806452,0.852267,0,10
6.0000,25.0,12.0,1.104756,0.071552,0.399500,0.696073,0.806452,0.895823,1,14
6.0000,25.0,13.0,0.413872,-0.094069,0.952339,0.576857,0.806452,1.053026,0,9
6.0000,25.0,14.0,-0.012785,1.332447,0.822744,0.658813,0.806452,1.070185,0,7
6.0000,25.0,15.0,0.089608,0.225071,0.054677,0.430085,0.806452,0.457424,0,10
6.0000,25.0,16.0,0.016205,0.171144,0.191705,0.259347,0.806452,0.355199,0,10
6.0000,25.0,17.0,0.285796,0.427424,0.513444,0.916974,0.806452,1.173697,-1,10
6.0000,25.0,18.0,-0.155846,-0.788917,0.180210,0.208800,0.806452,0.298905,0,4
6.0000,25.0,19.0,0.040836,-1.047452,0.457591,0.573565,0.806452,0.802360,0,8
6.0000,25.0,20.0,-0.517838,-0.126492,0.308656,0.474813,0.806452,0.629141,0,5
6.0000,25.0,21.0,-0.625330,-0.754641,0.468237,0.193506,0.806452,0.427625,0,4
6.0000,25.0,22.0,-0.207160,0.041918,0.440484,0.344431,0.806452,0.564673,0,6
6.0000,25.0,23.0,-0.844159,-0.185119,0.478486,0.343085,0.806452,0.582328,0,1
6.0000,25.0,24.0,-1.435804,-0.077186,0.936339,0.751623,0.806452,1.219793,0,1
6.0000,25.0,25.0,0.226890,-0.429881,0.431026,0.814969,0.806452,1.030482,0,9
6.0000,25.0,26.0,-0.597280,0.046497,0.200355,0.198377,0.806452,0.298555,-1,6
6.0000,25.0,27.0,-0.696488,-0.024234,0.778615,0.030468,0.806452,0.419776,0,5
6.0000,25.0,28.0,-0.538016,-0.550685,0.288096,0.581807,0.806452,0.725855,0,5
6.0000,25.0,29.0,-0.124222,-0.011175,0.291720,0.168771,0.806452,0.314631,0,5
6.0000,25.0,30.0,0.719979,-0.538984,0.619154,0.341653,0.806452,0.651230,0,9
6.0000,25.0,31.0,-0.471295,0.391651,0.313649,0.921439,0.806452,1.078263,0,6
6.0000,26.0,0.0,-0.211837,0.189276,0.415156,0.585807,0.806452,0.793385,0,6
6.0000,26.0,1.0,0.347145,-0.793612,0.182307,0.534507,0.806452,0.625660,0,8
6.0000,26.0,2.0,0.797340,-0.152115,0.350125,0.208853,0.806452,0.383916,0,13
6.0000,26.0,3.0,-0.072407,-0.240256,0.231255,0.436222,0.806452,0.551850,0,5
6.0000,26.0,4.0,0.305153,-0.623486,0.273165,0.586701,0.806452,0.723284,0,9
6.0000,26.0,5.0,-0.512512,-0.022019,0.276833,0.363327,0.806452,0.501743,1,5
6.0000,26.0,6.0,-0.036700,0.264026,0.371960,0.444445,0.806452,0.630425,0,6
6.0000,26.0,7.0,-0.170706,-0.037453,0.055254,0.268142,0.806452,0.295769,0,5
6.0000,26.0,8.0,-0.504973,0.125817,0.312488,0.499136,0.806452,0.655380,0,6
6.0000,26.0,9.0,-0.761831,0.981208,0.548130,0.647471,0.806452,0.921536,0,3
6.0000,26.0,10.0,-0.457570,-0.071826,0.455104,0.498651,0.806452,0.726203,-1,5
6.0000,26.0,11.0,0.345050,-0.644674,0.225916,0.585801,0.806452,0.698759,-1,9
6.0000,26.0,12.0,0.059365,0.051383,0.295456,0.099172,0.806452,0.246900,0,10
6.0000,26.0,13.0,-0.750330,0.392765,0.112283,0.517087,0.806452,0.573229,0,2
6.0000,26.0,14.0,-0.699125,0.074215,0.192768,0.070013,0.806452,0.166397,0,6
6.0000,26.0,15.0,-0.366920,0.180411,0.357971,0.752586,0.806452,0.931571,1,6
6.0000,26.0,16.0,0.796760,0.032599,0.400211,0.038244,0.806452,0.238349,0,14
6.0000,26.0,17.0,0.777439,0.056571,0.403850,0.041538,0.806452,0.243463,0,14
6.0000,26.0,18.0,0.188762,-0.084246,0.157781,0.350931,0.806452,0.429822,0,9
6.0000,26.0,19.0,0.589824,-0.440252,0.041459,0.659660,0.806452,0.680389,0,9
6.0000,26.0,20.0,0.390396,-0.186573,0.087616,0.761390,0.806452,0.805198,0,9
6.0000,26.0,21.0,0.403389,-0.681741,0.087257,0.541953,0.806452,0.585582,1,9
6.0000,26.0,22.0,0.045046,-1.072091,0.796319,0.621570,0.806452,1.019730,1,8
6.0000,26.0,23.0,0.401710,-0.177229,0.289054,0.737008,0.806452,0.881535,0,9
6.0000,26.0,24.0,-0.510754,-0.050785,0.501203,0.384700,0.806452,0.635301,1,5
6.0000,26.0,25.0,-0.159328,0.387889,0.058400,0.706940,0.806452,0.736140,0,6
6.0000,26.0,26.0,0.277294,0.193784,0.318992,0.709744,0.806452,0.869240,1,10
6.0000,26.0,27.0,0.969374,-0.216847,0.725821,0.702777,0.806452,1.065687,1,13
6.0000,26.0,28.0,0.290302,-0.487596,0.144714,0.839663,0.806452,0.912020,0,9
6.0000,26.0,29.0,0.085520,-0.373983,0.300148,0.582236,0.806452,0.732310,0,9
6.0000,26.0,30.0,1.157413,-0.531759,1.586857,1.156690,0.806452,1.950118,0,13
6.0000,26.0,31.0,-0.070973,1.239942,0.655963,0.742050,0.806452,1.070032,0,7
6.0000,27.0,0.0,-0.187397,-0.428378,0.310784,0.736958,0.806452,0.892349,0,5
6.0000,27.0,1.0,0.612890,-0.582875,0.048380,0.374689,0.806452,0.398878,0,9
6.0000,27.0,2.0,0.671235,-0.939751,0.251511,0.508887,0.806452,0.634643,0,8
6.0000,27.0,3.0,0.612001,-0.649144,0.206192,0.265805,0.806452,0.368901,0,9
6.0000,27.0,4.0,0.362200,-0.380447,0.122597,1.004668,0.806452,1.065967,0,9
6.0000,27.0,5.0,0.169743,-0.599635,0.479446,0.386974,0.806452,0.626697,0,9
6.0000,27.0,6.0,-0.563311,-0.785581,0.727958,0.321569,0.806452,0.685548,0,4
6.0000,27.0,7.0,-0.417419,0.110053,0.119853,0.598835,0.806452,0.658761,0,6
6.0000,27.0,8.0,-0.551336,-0.545101,0.256571,0.566517,0.806452,0.694802,1,5
6.0000,27.0,9.0,-0.225894,0.142259,0.231515,0.519696,0.806452,0.635453,1,6
6.0000,27.0,10.0,-0.680013,0.821807,1.407007,0.208949,0.806452,0.912452,0,7
6.0000,27.0,11.0,0.200008,-0.082077,0.144983,0.370736,0.806452,0.443227,1,9
6.0000,27.0,12.0,-0.517382,-0.226171,0.247647,0.675245,0.806452,0.799068,0,5
6.0000,27.0,13.0,-0.212849,0.155802,0.115243,0.520554,0.806452,0.578175,0,6
6.0000,27.0,14.0,0.103173,-0.001613,0.091782,0.132860,0.806452,0.178751,0,9
6.0000,27.0,15.0,-0.132246,0.151883,0.232368,0.353863,0.806452,0.470046,0,6
6.0000,27.0,16.0,-0.375142,-0.443366,0.341098,0.962514,0.806452,1.133063,0,5
6.0000,27.0,17.0,-0.213010,-0.461157,0.206310,0.748551,0.806452,0.851706,-1,5
6.0000,27.0,18.0,-0.358779,0.124880,0.452111,0.643671,0.806452,0.869727,-1,6
6.0000,27.0,19.0,0.704952,-0.660377,0.419311,0.146705,0.806452,0.356361,0,9
6.0000,27.0,20.0,0.180673,0.060647,0.222348,0.307121,0.806452,0.418295,0,10
6.0000,27.0,21.0,0.160571,-0.778095,0.355975,0.210548,0.806452,0.388535,0,8
6.0000,27.0,22.0,0.345993,0.399887,0.220220,0.993314,0.806452,1.103424,-1,10
6.0000,27.0,23.0,-0.127052,-0.009747,0.412104,0.173515,0.806452,0.379567,0,5
6.0000,27.0,24.0,0.650729,-0.633738,0.496761,0.229031,0.806452,0.477412,-1,9
6.0000,27.0,25.0,-0.087001,0.395076,0.394465,0.578462,0.806452,0.775695,1,6
6.0000,27.0,26.0,1.065025,0.105149,0.679684,0.685959,0.806452,1.025801,0,14
6.0000,27.0,27.0,-0.381280,0.521104,0.854902,0.834713,0.806452,1.262164,0,6
6.0000,27.0,28.0,-0.257864,-0.960382,0.130128,0.763160,0.806452,0.828224,0,4
6.0000,27.0,29.0,0.208111,-0.482230,0.112411,0.705055,0.806452,0.761260,0,9
6.0000,27.0,30.0,-0.045622,-0.029488,0.016671,0.072400,0.806452,0.080736,0,5
6.0000,27.0,31.0,0.131791,0.032054,0.332846,0.189964,0.806452,0.356387,0,10
6.0000,28.0,0.0,0.396732,0.059064,0.491714,0.544705,0.806452,0.790562,0,10
6.0000,28.0,1.0,0.846107,-0.674328,0.273842,0.260429,0.806452,0.397350,0,13
6.0000,28.0,2.0,0.651219,0.018207,0.124059,0.083762,0.806452,0.145792,0,10
6.0000,28.0,3.0,0.073715,-0.016360,0.307015,0.094698,0.806452,0.248206,0,9
6.0000,28.0,4.0,0.052150,-0.936482,0.706764,0.320686,0.806452,0.674068,0,8
6.0000,28.0,5.0,0.799526,0.374641,0.163827,0.550814,0.806452,0.632728,0,14
6.0000,28.0,6.0,0.480210,0.214144,0.455269,0.720680,0.806452,0.948314,1,10
6.0000,28.0,7.0,-0.270937,0.213942,0.319353,0.740805,0.806452,0.900481,-1,6
6.0000,28.0,8.0,0.060057,-0.272878,0.066924,0.476871,0.806452,0.510333,1,9
6.0000,28.0,9.0,-0.052307,-0.335147,0.186017,0.535485,0.806452,0.628493,0,5
6.0000,28.0,10.0,0.524898,-0.785918,0.221425,0.391062,0.806452,0.501775,0,8
6.0000,28.0,11.0,0.374761,-0.200319,0.222461,0.793040,0.806452,0.904270,1,9
6.0000,28.0,12.0,0.152759,0.324153,0.132321,0.679494,0.806452,0.745655,-1,10
6.0000,28.0,13.0,0.348026,0.008350,0.283416,0.518950,0.806452,0.660659,1,10
6.0000,28.0,14.0,-0.425110,0.093573,0.209770,0.566385,0.806452,0.671269,0,6
6.0000,28.0,15.0,-0.828830,-0.023966,0.575230,0.073468,0.806452,0.361083,1,1
6.0000,28.0,16.0,-0.128639,0.686690,0.862867,0.166696,0.806452,0.598129,-1,6
6.0000,28.0,17.0,-0.865240,-0.273679,0.185261,0.560597,0.806452,0.653228,0,1
6.0000,28.0,18.0,-0.435278,0.358202,0.364411,0.969788,0.806452,1.151994,0,6
6.0000,28.0,19.0,0.663660,0.278129,0.214947,0.486386,0.806452,0.593860,0,10
6.0000,28.0,20.0,-0.044156,0.428006,0.521074,0.508333,0.806452,0.768870,0,6
6.0000,28.0,21.0,0.121756,-0.758850,0.122926,0.125871,0.806452,0.187334,0,8
6.0000,28.0,22.0,-0.061353,-0.168776,0.106159,0.283897,0.806452,0.336977,0,5
6.0000,28.0,23.0,0.157186,-0.766925,0.379717,0.197566,0.806452,0.387425,1,8
6.0000,28.0,24.0,0.810464,-1.232757,1.182791,1.194078,0.806452,1.785474,1,12
6.0000,28.0,25.0,-0.109461,-0.012520,0.463150,0.144131,0.806452,0.375706,0,5
6.0000,28.0,26.0,0.890168,-0.545500,0.791524,0.546019,0.806452,0.941781,0,13
6.0000,28.0,27.0,-0.480039,-0.574262,0.108079,0.638588,0.806452,0.692628,0,5
6.0000,28.0,28.0,-0.488752,-0.813950,0.283299,0.484113,0.806452,0.625762,0,4
6.0000,28.0,29.0,-0.209290,-0.560112,0.073512,0.551904,0.806452,0.588660,0,5
6.0000,28.0,30.0,0.009114,-0.198089,0.343122,0.312113,0.806452,0.483674,0,9
6.0000,28.0,31.0,-0.876920,0.029970,0.719559,0.164294,0.806452,0.524073,0,2
6.0000,29.0,0.0,-0.682316,0.309486,0.648029,0.506366,0.806452,0.830381,1,6
6.0000,29.0,1.0,0.900950,0.083810,0.242706,0.270492,0.806452,0.391845,0,14
6.0000,29.0,2.0,0.525031,-0.363379,0.409216,0.826201,0.806452,1.030809,0,9
6.0000,29.0,3.0,0.528367,-0.433807,0.133909,0.791042,0.806452,0.857997,1,9
6.0000,29.0,4.0,0.331709,-0.249977,0.582057,0.875984,0.806452,1.167012,1,9
6.0000,29.0,5.0,0.083460,0.496455,0.279983,0.448320,0.806452,0.588312,-1,10
6.0000,29.0,6.0,-0.611180,-0.042212,0.391857,0.167222,0.806452,0.363150,0,5
6.0000,29.0,7.0,0.514490,-0.346382,0.220744,0.841357,0.806452,0.951730,0,9
6.0000,29.0,8.0,0.222566,0.201234,0.283072,0.630925,0.806452,0.772461,0,10
6.0000,29.0,9.0,-0.087689,0.119226,0.302922,0.221918,0.806452,0.373379,0,6
6.0000,29.0,10.0,0.026957,-0.264107,0.202806,0.439311,0.806452,0.540714,-1,9
6.0000,29.0,11.0,-0.133748,0.353673,0.170448,0.658600,0.806452,0.743824,0,6
6.0000,29.0,12.0,-0.096401,-0.249730,0.268299,0.484795,0.806452,0.618945,-1,5
6.0000,29.0,13.0,-0.045036,0.620040,0.567094,0.152287,0.806452,0.435834,-1,6
6.0000,29.0,14.0,-0.107546,-0.655711,0.105742,0.168821,0.806452,0.221692,0,5
6.0000,29.0,15.0,0.064955,-0.735842,0.316398,0.040903,0.806452,0.199102,0,9
6.0000,29.0,16.0,0.783822,-0.387552,0.602721,0.535663,0.806452,0.837023,0,13
6.0000,29.0,17.0,-0.515481,-0.087747,0.335949,0.417076,0.806452,0.585050,1,5
6.0000,29.0,18.0,-0.731720,0.752778,0.339339,0.114084,0.806452,0.283753,0,7
6.0000,29.0,19.0,0.106715,0.439786,0.262317,0.570804,0.806452,0.701962,0,10
6.0000,29.0,20.0,-0.826185,0.236766,0.533137,0.422469,0.806452,0.689037,-1,2
6.0000,29.0,21.0,0.210268,-0.439237,0.152264,0.771896,0.806452,0.848028,0,9
6.0000,29.0,22.0,0.042640,-0.077777,0.149708,0.112715,0.806452,0.187569,0,9
6.0000,29.0,23.0,0.305990,0.156630,0.144415,0.670609,0.806452,0.742816,0,10
6.0000,29.0,24.0,0.074254,0.128830,0.256250,0.221561,0.806452,0.349686,-1,10
6.0000,29.0,25.0,-0.678481,-0.507986,0.207604,0.423802,0.806452,0.527604,0,5
6.0000,29.0,26.0,-0.204488,-0.844713,0.480808,0.385694,0.806452,0.626098,0,4
6.0000,29.0,27.0,0.129187,-0.634535,0.242534,0.240858,0.806452,0.362125,0,9
6.0000,29.0,28.0,0.475488,-1.060737,0.190589,1.090816,0.806452,1.186110,0,8
6.0000,29.0,29.0,0.111383,-0.671719,0.384496,0.153225,0.806452,0.345473,0,9
6.0000,29.0,30.0,0.652911,0.149681,0.199884,0.250391,0.806452,0.350333,0,10
6.0000,29.0,31.0,-0.001286,0.728871,0.215623,0.006214,0.806452,0.114025,0,6
6.0000,30.0,0.0,-0.627669,0.486886,0.425199,0.527735,0.806452,0.740335,0,6
6.0000,30.0,1.0,0.223885,-0.329850,0.251881,0.826480,0.806452,0.952420,0,9
6.0000,30.0,2.0,-0.645859,0.147414,0.284392,0.256879,0.806452,0.399075,0,6
6.0000,30.0,3.0,0.051004,0.051266,0.202153,0.091462,0.806452,0.192538,0,10
6.0000,30.0,4.0,-0.621472,0.644945,0.440869,0.255802,0.806452,0.476236,-1,6
6.0000,30.0,5.0,0.029116,-0.090308,0.013700,0.121072,0.806452,0.127922,0,9
6.0000,30.0,6.0,-0.175357,-0.175751,0.253274,0.484983,0.806452,0.611621,0,5
6.0000,30.0,7.0,-0.166588,-0.161968,0.677187,0.439744,0.806452,0.778337,0,5
6.0000,30.0,8.0,1.185598,0.520413,0.988915,1.189815,0.806452,1.684273,0,14
6.0000,30.0,9.0,0.283072,-0.836878,0.755481,0.522557,0.806452,0.900298,0,8
6.0000,30.0,10.0,-0.413532,0.193840,0.134472,0.763231,0.806452,0.830468,0,6
6.0000,30.0,11.0,-0.681113,0.224462,0.404989,0.368224,0.806452,0.570719,0,6
6.0000,30.0,12.0,-0.251875,0.288682,0.210848,0.836657,0.806452,0.942081,0,6
6.0000,30.0,13.0,0.618735,0.176943,0.146980,0.364563,0.806452,0.438053,1,10
6.0000,30.0,14.0,-0.028457,-0.038835,0.031663,0.067094,0.806452,0.082925,-1,5
6.0000,30.0,15.0,-0.010652,0.052700,0.494801,0.071751,0.806452,0.319151,-1,6
6.0000,30.0,16.0,0.156422,-0.876613,0.209996,0.345519,0.806452,0.450517,1,8
6.0000,30.0,17.0,0.196954,-0.375827,0.205763,0.786087,0.806452,0.888969,-1,9
6.0000,30.0,18.0,-0.147517,0.288960,0.014312,0.632897,0.806452,0.640053,0,6
6.0000,30.0,19.0,-0.263750,0.462269,0.245290,0.840958,0.806452,0.963604,1,6
6.0000,30.0,20.0,-0.314473,0.819418,0.681434,0.537673,0.806452,0.878391,0,7
6.0000,30.0,21.0,0.757273,-0.050537,0.334501,0.027474,0.806452,0.194725,0,13
6.0000,30.0,22.0,0.413626,-0.658209,0.124383,0.564498,0.806452,0.626689,1,9
6.0000,30.0,23.0,-0.171151,-0.386989,0.438441,0.731045,0.806452,0.950266,0,5
6.0000,30.0,24.0,0.286810,0.216445,0.411709,0.768313,0.806452,0.974168,0,10
6.0000,30.0,25.0,-0.064482,-0.847641,0.712604,0.135293,0.806452,0.491595,0,4
6.0000,30.0,26.0,0.851179,-0.036451,0.092233,0.117202,0.806452,0.163318,1,13
6.0000,30.0,27.0,0.654077,-0.007594,0.191551,0.076990,0.806452,0.172766,0,9
6.0000,30.0,28.0,0.866379,-0.490078,0.574876,0.579339,0.806452,0.866777,0,13
6.0000,30.0,29.0,-0.395784,-0.112421,0.337042,0.616855,0.806452,0.785376,1,5
6.0000,30.0,30.0,0.632393,-0.039206,0.220540,0.125492,0.806452,0.235762,0,9
6.0000,30.0,31.0,-0.049272,0.259294,0.119532,0.445916,0.806452,0.505683,-1,6
6.0000,31.0,0.0,-0.389178,-0.014827,0.370407,0.520301,0.806452,0.705504,-1,5
6.0000,31.0,1.0,0.298666,-0.196826,0.279175,0.743758,0.806452,0.883346,0,9
6.0000,31.0,2.0,0.066268,0.515625,0.068383,0.390042,0.806452,0.424234,0,10
6.0000,31.0,3.0,0.013507,0.101538,0.243137,0.131879,0.806452,0.253447,1,10
6.0000,31.0,4.0,0.240506,0.407025,0.471493,0.859692,0.806452,1.095439,-1,10
6.0000,31.0,5.0,-0.003298,-0.158425,0.463007,0.231903,0.806452,0.463406,-1,5
6.0000,31.0,6.0,-0.210247,0.830039,0.453070,0.373635,0.806452,0.600171,-1,7
6.0000,31.0,7.0,-0.809851,-0.131831,0.816334,0.182493,0.806452,0.590660,0,1
6.0000,31.0,8.0,0.066429,0.735650,0.138186,0.042560,0.806452,0.111653,0,10
6.0000,31.0,9.0,0.545998,0.348515,0.508624,0.778386,0.806452,1.032698,0,10
6.0000,31.0,10.0,-0.661026,0.829528,0.382897,0.238640,0.806452,0.430089,0,7
6.0000,31.0,11.0,0.013162,1.198921,0.497514,0.706144,0.806452,0.954901,0,11
6.0000,31.0,12.0,-0.371734,0.046649,0.391597,0.540530,0.806452,0.736329,0,6
6.0000,31.0,13.0,0.434966,0.474822,0.496046,0.886779,0.806452,1.134801,0,10
6.0000,31.0,14.0,-0.362929,-0.116836,0.389023,0.630260,0.806452,0.824772,0,5
6.0000,31.0,15.0,-0.749580,0.788669,0.546864,0.153026,0.806452,0.426458,-1,7
6.0000,31.0,16.0,0.184494,-0.110606,0.205737,0.381440,0.806452,0.484308,0,9
6.0000,31.0,17.0,-0.050919,0.072516,0.344795,0.112853,0.806452,0.285250,0,6
6.0000,31.0,18.0,-0.242901,0.356803,0.270129,0.874533,0.806452,1.009597,0,6
6.0000,31.0,19.0,-0.899041,-0.206639,0.608773,0.503908,0.806452,0.808295,0,1
6.0000,31.0,20.0,0.093153,0.010645,0.176975,0.118852,0.806452,0.207340,0,10
6.0000,31.0,21.0,0.185483,0.673135,0.863558,0.296518,0.806452,0.728297,-1,10
6.0000,31.0,22.0,0.219048,-0.868320,0.631280,0.461969,0.806452,0.777609,0,8
6.0000,31.0,23.0,0.469873,0.489932,0.500191,0.818061,0.806452,1.068157,0,10
6.0000,31.0,24.0,0.087321,-0.376309,0.873717,0.584432,0.806452,1.021291,0,9
6.0000,31.0,25.0,0.965005,-0.305319,1.175347,0.852419,0.806452,1.440092,-1,13
6.0000,31.0,26.0,0.364033,0.266762,0.185493,0.916451,0.806452,1.009197,0,10
6.0000,31.0,27.0,-0.029736,0.136423,0.130900,0.197238,0.806452,0.262688,1,6
6.0000,31.0,28.0,0.585905,0.206456,0.476774,0.491443,0.806452,0.729830,0,10
6.0000,31.0,29.0,-0.225602,-0.619075,0.377172,0.464350,0.806452,0.652936,0,5
6.0000,31.0,30.0,0.238535,0.377048,0.112861,0.867598,0.806452,0.924028,0,10
6.0000,31.0,31.0,0.015488,-0.036669,0.222196,0.060872,0.806452,0.171970,1,9
7.0000,0.0,0.0,-0.137372,0.180487,0.079987,0.464081,0.724638,0.504074,0,6
7.0000,0.0,1.0,-0.010301,0.692832,0.380624,0.033919,0.724638,0.224231,0,6
7.0000,0.0,2.0,-0.453507,0.976927,0.210606,0.851966,0.724638,0.957269,1,7
7.0000,0.0,3.0,0.004316,0.244568,0.484071,0.443510,0.724638,0.685546,-1,10
7.0000,0.0,4.0,0.124419,-0.228223,0.113877,0.533768,0.724638,0.590706,0,9
7.0000,0.0,5.0,-0.375184,0.119161,0.403310,0.668526,0.724638,0.870181,0,6
7.0000,0.0,6.0,-0.031864,-0.438062,0.312998,0.520277,0.724638,0.676776,1,5
7.0000,0.0,7.0,-0.028261,-0.081934,0.084475,0.157245,0.724638,0.199482,-1,5
7.0000,0.0,8.0,0.268524,0.160968,0.059422,0.669853,0.724638,0.699564,0,10
7.0000,0.0,9.0,0.548790,0.397520,0.277575,0.780644,0.724638,0.919431,0,10
7.0000,0.0,10.0,-0.444991,0.568433,0.284430,0.698241,0.724638,0.840456,0,6
7.0000,0.0,11.0,-0.263705,-0.100859,0.339126,0.555900,0.724638,0.725463,0,5
7.0000,0.0,12.0,-0.174214,-0.615712,0.395041,0.375477,0.724638,0.572998,0,5
7.0000,0.0,13.0,-0.664855,-0.118750,0.439514,0.181468,0.724638,0.401225,0,5
7.0000,0.0,14.0,-0.588533,0.312709,0.348727,0.670326,0.724638,0.844689,0,6
7.0000,0.0,15.0,0.267919,0.949664,0.473926,0.712750,0.724638,0.949713,0,11
7.0000,0.0,16.0,-0.605789,0.061967,0.383217,0.209715,0.724638,0.401324,0,6
7.0000,0.0,17.0,0.288554,0.377786,0.377902,0.975914,0.724638,1.164865,0,10
7.0000,0.0,18.0,1.148286,0.728532,0.603371,0.877365,0.724638,1.179051,0,14
7.0000,0.0,19.0,-0.223195,0.477417,0.227820,0.766347,0.724638,0.880257,1,6
7.0000,0.0,20.0,0.339477,0.171552,0.110881,0.762089,0.724638,0.817530,1,10
7.0000,0.0,21.0,0.786430,-0.040172,0.105052,0.025578,0.724638,0.078104,0,13
7.0000,0.0,22.0,0.702310,0.019810,0.159213,0.027088,0.724638,0.106694,0,10
7.0000,0.0,23.0,0.679213,0.795400,0.656723,0.116822,0.724638,0.445183,0,11
7.0000,0.0,24.0,0.537965,-0.617777,0.676195,0.440009,0.724638,0.778107,0,9
7.0000,0.0,25.0,0.532711,-0.087112,0.666822,0.402344,0.724638,0.735755,1,9
7.0000,0.0,26.0,0.038723,-1.039037,0.844145,0.504217,0.724638,0.926290,0,8
7.0000,0.0,27.0,0.917464,0.144118,0.595783,0.384115,0.724638,0.682006,0,14
7.0000,0.0,28.0,-0.276680,-0.161754,0.107768,0.683158,0.724638,0.737042,1,5
7.0000,0.0,29.0,-0.014695,0.349408,0.667357,0.557986,0.724638,0.891664,0,6
7.0000,0.0,30.0,0.418432,-0.089780,0.146702,0.598692,0.724638,0.672043,0,9
7.0000,0.0,31.0,-0.042387,0.110478,0.074749,0.206923,0.724638,0.244297,0,6
7.0000,1.0,0.0,-0.000776,0.030001,0.674985,0.103547,0.724638,0.441039,0,6
7.0000,1.0,1.0,-0.909240,1.354092,0.517862,1.397138,0.724638,1.656069,0,3
7.0000,1.0,2.0,-0.143308,0.961156,1.052943,0.485137,0.724638,1.011609,-1,7
7.0000,1.0,3.0,0.067997,-1.057074,0.140323,0.563198,0.724638,0.633360,0,8
7.0000,1.0,4.0,0.130209,-0.520103,0.449194,0.499078,0.724638,0.723675,0,9
7.0000,1.0,5.0,0.711325,0.185295,0.109993,0.259960,0.724638,0.314957,0,10
7.0000,1.0,6.0,0.336122,0.556794,0.104495,0.758463,0.724638,0.810711,0,10
7.0000,1.0,7.0,-0.090700,0.350407,0.015138,0.623148,0.724638,0.630717,0,6
7.0000,1.0,8.0,0.040017,0.386721,0.093059,0.567566,0.724638,0.614095,0,10
7.0000,1.0,9.0,0.272833,0.529178,0.021613,0.750340,0.724638,0.761147,0,10
7.0000,1.0,10.0,0.355595,0.694786,0.134736,0.523002,0.724638,0.590370,0,10
7.0000,1.0,11.0,-0.271283,0.939989,0.242935,0.695125,0.724638,0.816592,1,7
7.0000,1.0,12.0,-0.079091,0.425162,0.495389,0.577922,0.724638,0.825616,0,6
7.0000,1.0,13.0,0.201533,0.784270,0.581097,0.289882,0.724638,0.580431,0,11
7.0000,1.0,14.0,-1.087892,0.233175,0.603335,0.926939,0.724638,1.228607,0,2
7.0000,1.0,15.0,-0.171221,1.338875,0.551475,0.772623,0.724638,1.048361,0,7
7.0000,1.0,16.0,0.017465,0.556771,0.347812,0.288576,0.724638,0.462482,-1,10
7.0000,1.0,17.0,0.615376,-0.358851,0.309790,0.643701,0.724638,0.798596,0,9
7.0000,1.0,18.0,0.467254,0.653287,0.551414,0.506807,0.724638,0.782514,0,10
7.0000,1.0,19.0,-0.336160,-0.221415,0.167521,0.859296,0.724638,0.943056,0,5
7.0000,1.0,20.0,0.444932,-0.261816,0.195228,0.885255,0.724638,0.982869,0,9
7.0000,1.0,21.0,0.337670,0.416061,0.185217,1.000857,0.724638,1.093465,0,10
7.0000,1.0,22.0,0.833315,-0.112912,0.941504,0.164134,0.724638,0.634886,0,13
7.0000,1.0,23.0,-0.101700,0.802261,0.568258,0.109256,0.724638,0.393385,0,7
7.0000,1.0,24.0,-0.953548,-0.172203,0.740496,0.527056,0.724638,0.897304,0,1
7.0000,1.0,25.0,-0.406822,0.709368,0.305127,0.506117,0.724638,0.658680,0,6
7.0000,1.0,26.0,-0.540246,-0.106654,0.392201,0.414683,0.724638,0.610783,0,5
7.0000,1.0,27.0,0.035198,-0.147778,0.468283,0.268073,0.724638,0.502214,0,9
7.0000,1.0,28.0,-0.590312,-0.214540,0.776612,0.511089,0.724638,0.899396,-1,5
7.0000,1.0,29.0,-0.036749,-1.163356,0.549357,0.634082,0.724638,0.908760,0,4
7.0000,1.0,30.0,-0.011400,0.296996,0.249261,0.520183,0.724638,0.644814,-1,6
7.0000,1.0,31.0,0.471125,-0.035728,0.163043,0.473609,0.724638,0.555130,0,9
7.0000,2.0,0.0,0.019666,0.377854,0.108252,0.560054,0.724638,0.614181,0,10
7.0000,2.0,1.0,-0.580109,0.248619,0.148614,0.597977,0.724638,0.672284,1,6
7.0000,2.0,2.0,-0.095958,0.658452,0.961543,0.154330,0.724638,0.635101,0,6
7.0000,2.0,3.0,0.543615,-0.850021,0.909864,0.411835,0.724638,0.866767,1,8
7.0000,2.0,4.0,-0.829202,-0.317559,0.913513,0.531778,0.724638,0.988535,0,1
7.0000,2.0,5.0,1.013546,-0.078992,0.088425,0.494325,0.724638,0.538537,0,13
7.0000,2.0,6.0,0.570818,0.185141,0.110943,0.494483,0.724638,0.549954,0,10
7.0000,2.0,7.0,0.040534,0.192533,0.071488,0.359161,0.724638,0.394905,0,10
7.0000,2.0,8.0,0.532070,0.150872,0.385207,0.512132,0.724638,0.704735,0,10
7.0000,2.0,9.0,0.156560,0.332561,0.029562,0.728963,0.724638,0.743744,0,10
7.0000,2.0,10.0,0.160255,0.476412,0.323460,0.642164,0.724638,0.803894,-1,10
7.0000,2.0,11.0,-0.643376,0.211084,0.624496,0.398840,0.724638,0.711088,0,6
7.0000,2.0,12.0,0.507532,-0.770547,0.723590,0.378223,0.724638,0.740019,0,8
7.0000,2.0,13.0,-0.365933,0.594403,0.345150,0.687633,0.724638,0.860208,0,6
7.0000,2.0,14.0,-0.624053,0.601053,0.713587,0.301672,0.724638,0.658466,1,6
7.0000,2.0,15.0,-0.185672,0.090515,0.297562,0.397872,0.724638,0.546653,0,6
7.0000,2.0,16.0,0.448218,0.457589,0.875886,0.907884,0.724638,1.345827,-1,10
7.0000,2.0,17.0,1.008022,-0.162310,0.746787,0.631597,0.724638,1.004991,-1,13
7.0000,2.0,18.0,-0.174036,0.033748,0.036317,0.318262,0.724638,0.336421,0,6
7.0000,2.0,19.0,-0.533327,-0.081866,0.069873,0.393988,0.724638,0.428925,1,5
7.0000,2.0,20.0,-0.030881,0.027134,0.538563,0.110193,0.724638,0.379475,0,6
7.0000,2.0,21.0,-0.018727,0.713335,0.134269,0.017817,0.724638,0.084952,0,6
7.0000,2.0,22.0,0.017591,1.065570,0.369751,0.538970,0.724638,0.723845,0,11
7.0000,2.0,23.0,-0.723526,0.342767,0.219269,0.497179,0.724638,0.606813,1,6
7.0000,2.0,24.0,-0.270168,1.018971,0.787108,0.877766,0.724638,1.271320,1,7
7.0000,2.0,25.0,-0.183545,0.011543,0.374393,0.328660,0.724638,0.515856,0,6
7.0000,2.0,26.0,-0.192504,0.949306,0.214059,0.560552,0.724638,0.667582,1,7
7.0000,2.0,27.0,-0.094693,1.060751,1.072808,0.605479,0.724638,1.141883,0,7
7.0000,2.0,28.0,0.640630,0.405578,0.874180,0.590143,0.724638,1.027233,1,10
7.0000,2.0,29.0,-0.218473,-0.986920,0.892026,0.705153,0.724638,1.151166,0,4
7.0000,2.0,30.0,0.569263,-0.265441,0.383239,0.650390,0.724638,0.842009,1,9
7.0000,2.0,31.0,0.249828,-0.649069,0.311599,0.463474,0.724638,0.619274,-1,9
7.0000,3.0,0.0,-0.199990,0.286590,0.143495,0.772478,0.724638,0.844226,0,6
7.0000,3.0,1.0,-0.159431,0.125651,0.102968,0.401559,0.724638,0.453043,0,6
7.0000,3.0,2.0,0.102383,-0.400929,0.160291,0.630836,0.724638,0.710981,-1,9
7.0000,3.0,3.0,0.074797,0.268693,0.222803,0.528114,0.724638,0.639515,-1,10
7.0000,3.0,4.0,-0.381219,-0.344566,0.382997,1.023176,0.724638,1.214674,0,5
7.0000,3.0,5.0,0.726567,-0.153614,0.722386,0.185939,0.724638,0.547132,-1,9
7.0000,3.0,6.0,0.167841,0.196292,0.213939,0.553824,0.724638,0.660793,0,10
7.0000,3.0,7.0,0.140886,0.372910,0.228508,0.707847,0.724638,0.822101,0,10
7.0000,3.0,8.0,-0.502405,0.695547,0.358632,0.399579,0.724638,0.578895,0,6
7.0000,3.0,9.0,0.452963,0.234139,0.284551,0.826082,0.724638,0.968358,0,10
7.0000,3.0,10.0,0.011174,-0.268836,0.175153,0.483412,0.724638,0.570989,0,9
7.0000,3.0,11.0,-0.232005,0.412502,0.385832,0.867951,0.724638,1.060866,-1,6
7.0000,3.0,12.0,0.141653,-0.403854,0.198111,0.696665,0.724638,0.795720,0,9
7.0000,3.0,13.0,0.579545,-0.053673,0.581785,0.258988,0.724638,0.549880,0,9
7.0000,3.0,14.0,-0.450412,-0.938872,0.703160,0.758627,0.724638,1.110207,0,4
7.0000,3.0,15.0,0.552321,-0.239722,0.521695,0.643728,0.724638,0.904576,0,9
7.0000,3.0,16.0,-0.317991,-1.031979,0.072174,0.974553,0.724638,1.010640,0,4
7.0000,3.0,17.0,-0.143886,-0.636182,0.323271,0.275393,0.724638,0.437029,0,5
7.0000,3.0,18.0,-0.191931,0.083643,0.167462,0.401052,0.724638,0.484783,0,6
7.0000,3.0,19.0,-0.640334,-0.020969,0.706922,0.113072,0.724638,0.466533,0,5
7.0000,3.0,20.0,-0.479997,-1.190047,0.834983,1.136855,0.724638,1.554347,-1,4
7.0000,3.0,21.0,-0.634849,0.534216,0.046548,0.417450,0.724638,0.440724,0,6
7.0000,3.0,22.0,-0.471273,0.655306,0.117711,0.497884,0.724638,0.556739,0,6
7.0000,3.0,23.0,-0.295870,0.165561,0.325975,0.715018,0.724638,0.878006,0,6
7.0000,3.0,24.0,-0.113344,-0.430657,0.268369,0.622164,0.724638,0.756348,0,5
7.0000,3.0,25.0,-0.576096,-0.669628,0.588241,0.282606,0.724638,0.576726,0,5
7.0000,3.0,26.0,-0.013937,0.053559,0.302217,0.121467,0.724638,0.272576,0,6
7.0000,3.0,27.0,-0.442944,-0.728104,0.251963,0.467626,0.724638,0.593608,0,5
7.0000,3.0,28.0,-0.199198,0.067491,0.136348,0.396120,0.724638,0.464294,1,6
7.0000,3.0,29.0,-0.707544,0.492220,0.412612,0.408285,0.724638,0.614591,0,6
7.0000,3.0,30.0,-0.152482,0.607962,0.414339,0.347624,0.724638,0.554793,-1,6
7.0000,3.0,31.0,0.027626,-0.349943,0.771686,0.562766,0.724638,0.948609,-1,9
7.0000,4.0,0.0,-0.499585,-0.389190,0.192720,0.885925,0.724638,0.982285,0,5
7.0000,4.0,1.0,-0.258788,0.362644,0.463744,0.933577,0.724638,1.165449,0,6
7.0000,4.0,2.0,-0.035910,0.014864,0.311147,0.108662,0.724638,0.264235,0,6
7.0000,4.0,3.0,0.298111,0.775947,0.892265,0.457061,0.724638,0.903194,0,11
7.0000,4.0,4.0,0.078862,-0.582600,0.463507,0.279465,0.724638,0.511219,0,9
7.0000,4.0,5.0,-0.834186,-0.291390,0.023295,0.507277,0.724638,0.518925,0,1
7.0000,4.0,6.0,-0.683320,-0.118924,0.074530,0.156943,0.724638,0.194208,0,5
7.0000,4.0,7.0,-0.236824,-0.130527,0.050443,0.560194,0.724638,0.585416,1,5
7.0000,4.0,8.0,-0.210844,0.222369,0.054451,0.689656,0.724638,0.716881,1,6
7.0000,4.0,9.0,-0.377345,0.208978,0.244504,0.841675,0.724638,0.963927,0,6
7.0000,4.0,10.0,0.384359,-0.073924,0.148633,0.600037,0.724638,0.674353,0,9
7.0000,4.0,11.0,0.624737,0.469636,0.058930,0.550956,0.724638,0.580421,0,10
7.0000,4.0,12.0,0.626499,0.089090,0.223247,0.200754,0.724638,0.312377,0,10
7.0000,4.0,13.0,0.799314,0.605459,0.597046,0.220223,0.724638,0.518745,0,14
7.0000,4.0,14.0,0.335646,-0.101932,0.097680,0.633915,0.724638,0.682755,0,9
7.0000,4.0,15.0,-0.277623,-0.126325,0.360696,0.618046,0.724638,0.798394,0,5
7.0000,4.0,16.0,-0.036457,-0.882090,0.450189,0.156030,0.724638,0.381125,0,4
7.0000,4.0,17.0,-0.736413,0.013079,0.411209,0.004603,0.724638,0.210207,0,6
7.0000,4.0,18.0,-0.166890,-0.592531,0.477173,0.409287,0.724638,0.647873,0,5
7.0000,4.0,19.0,0.308802,-0.751981,0.105611,0.462991,0.724638,0.515797,0,8
7.0000,4.0,20.0,-0.055300,-0.786933,0.936181,0.038226,0.724638,0.506316,-1,4
7.0000,4.0,21.0,-0.547623,0.163859,0.111189,0.503324,0.724638,0.558919,0,6
7.0000,4.0,22.0,-0.123714,0.373470,0.507724,0.676659,0.724638,0.930521,0,6
7.0000,4.0,23.0,0.535364,-0.307891,0.098313,0.782044,0.724638,0.831200,0,9
7.0000,4.0,24.0,0.604669,0.104775,0.879810,0.268547,0.724638,0.708451,0,10
7.0000,4.0,25.0,0.108308,-1.692142,0.865840,1.627591,0.724638,2.060511,0,8
7.0000,4.0,26.0,0.147243,-0.569214,0.190095,0.421975,0.724638,0.517023,1,9
7.0000,4.0,27.0,-0.415891,-0.167088,0.179856,0.736754,0.724638,0.826683,0,5
7.0000,4.0,28.0,0.106631,-0.046745,0.246437,0.204029,0.724638,0.327248,0,9
7.0000,4.0,29.0,0.405527,0.792272,0.075673,0.514828,0.724638,0.552665,0,11
7.0000,4.0,30.0,0.597310,0.988944,0.261215,0.660450,0.724638,0.791057,0,11
7.0000,4.0,31.0,1.282687,0.676986,1.250485,0.907709,0.724638,1.532951,0,14
7.0000,5.0,0.0,-0.154612,-0.219963,0.809899,0.574021,0.724638,0.978970,-1,5
7.0000,5.0,1.0,-1.256953,1.192111,1.080645,2.241581,0.724638,2.781903,0,3
7.0000,5.0,2.0,-0.566945,-0.506452,0.329621,0.604247,0.724638,0.769057,0,5
7.0000,5.0,3.0,-0.834379,0.149206,0.102895,0.233514,0.724638,0.284962,0,2
7.0000,5.0,4.0,-0.607559,0.098865,0.046193,0.253291,0.724638,0.276388,0,6
7.0000,5.0,5.0,-0.633465,-0.310992,0.118662,0.578577,0.724638,0.637908,1,5
7.0000,5.0,6.0,-0.989618,-0.188250,0.728413,0.646341,0.724638,1.010547,-1,1
7.0000,5.0,7.0,0.039823,-0.135856,0.249005,0.248821,0.724638,0.373324,0,9
7.0000,5.0,8.0,0.039359,-0.134424,0.213940,0.245916,0.724638,0.352886,0,9
7.0000,5.0,9.0,0.103157,0.503778,0.167532,0.487304,0.724638,0.571069,0,10
7.0000,5.0,10.0,0.189182,0.376850,0.043173,0.802280,0.724638,0.823866,0,10
7.0000,5.0,11.0,0.495392,0.197291,0.212465,0.681840,0.724638,0.788073,0,10
7.0000,5.0,12.0,1.160406,0.647149,0.809438,0.904486,0.724638,1.309205,0,14
7.0000,5.0,13.0,-0.474621,0.382108,0.237529,0.932842,0.724638,1.051606,0,6
7.0000,5.0,14.0,0.219565,-0.125429,0.560115,0.519309,0.724638,0.799367,1,9
7.0000,5.0,15.0,-0.826504,-0.841987,0.266057,0.269429,0.724638,0.402457,0,0
7.0000,5.0,16.0,-0.684354,-0.582557,0.391752,0.253902,0.724638,0.449778,0,5
7.0000,5.0,17.0,0.128127,-0.441108,0.704757,0.635076,0.724638,0.987455,0,9
7.0000,5.0,18.0,-1.297904,-1.207181,0.707931,2.314015,0.724638,2.667980,0,0
7.0000,5.0,19.0,-0.214547,-0.873470,0.906839,0.437368,0.724638,0.890788,-1,4
7.0000,5.0,20.0,-0.092044,0.824584,0.370764,0.119135,0.724638,0.304517,0,7
7.0000,5.0,21.0,-1.015272,0.114604,0.633458,0.553262,0.724638,0.869991,0,2
7.0000,5.0,22.0,-0.609233,-0.573383,0.203966,0.383459,0.724638,0.485442,0,5
7.0000,5.0,23.0,0.074705,-0.230748,0.303558,0.464600,0.724638,0.616379,1,9
7.0000,5.0,24.0,0.731804,-0.061930,0.200552,0.037406,0.724638,0.137682,1,9
7.0000,5.0,25.0,0.753087,-0.356052,0.092753,0.498322,0.724638,0.544699,0,13
7.0000,5.0,26.0,0.667956,-0.467162,0.428136,0.486380,0.724638,0.700448,-1,9
7.0000,5.0,27.0,0.018371,0.326197,0.345207,0.548097,0.724638,0.720700,1,10
7.0000,5.0,28.0,-0.244971,0.215625,0.261525,0.739940,0.724638,0.870702,0,6
7.0000,5.0,29.0,-0.058512,0.683186,0.329582,0.073170,0.724638,0.237962,0,6
7.0000,5.0,30.0,-0.074982,1.149645,0.243036,0.667638,0.724638,0.789156,0,7
7.0000,5.0,31.0,0.458052,0.583740,0.433078,0.648829,0.724638,0.865368,0,10
7.0000,6.0,0.0,-0.317706,-0.157651,0.441688,0.720839,0.724638,0.941683,1,5
7.0000,6.0,1.0,-0.280328,1.105176,0.356709,1.037713,0.724638,1.216067,0,7
7.0000,6.0,2.0,-0.274351,0.348806,0.134273,0.954929,0.724638,1.022065,1,6
7.0000,6.0,3.0,-0.238956,0.204610,0.159499,0.707930,0.724638,0.787680,1,6
7.0000,6.0,4.0,-0.543783,0.208646,0.440292,0.602744,0.724638,0.822890,0,6
7.0000,6.0,5.0,-0.148778,-0.623748,0.423457,0.308449,0.724638,0.520177,-1,5
7.0000,6.0,6.0,0.267227,0.332804,0.586179,0.937209,0.724638,1.230298,0,10
7.0000,6.0,7.0,1.037820,-0.140113,0.707111,0.646488,0.724638,1.000043,0,13
7.0000,6.0,8.0,-0.626461,-0.101677,0.602957,0.219451,0.724638,0.520930,1,5
7.0000,6.0,9.0,0.741671,0.014988,0.269438,0.003776,0.724638,0.138495,0,10
7.0000,6.0,10.0,0.219046,0.162851,0.278104,0.588319,0.724638,0.727371,0,10
7.0000,6.0,11.0,0.118753,-0.054476,0.421861,0.230181,0.724638,0.441112,0,9
7.0000,6.0,12.0,0.500281,0.888870,1.058463,0.569702,0.724638,1.098934,0,11
7.0000,6.0,13.0,-0.204876,0.753413,0.732654,0.286391,0.724638,0.652718,0,7
7.0000,6.0,14.0,-0.018960,0.633418,0.229586,0.125081,0.724638,0.239874,0,6
7.0000,6.0,15.0,-0.254055,-0.036370,0.143521,0.470443,0.724638,0.542203,0,5
7.0000,6.0,16.0,-0.193125,0.220915,0.340978,0.651996,0.724638,0.822485,0,6
7.0000,6.0,17.0,-0.006201,-0.866022,0.162203,0.113677,0.724638,0.194779,0,4
7.0000,6.0,18.0,-0.088479,-0.917369,0.296349,0.286835,0.724638,0.435009,0,4
7.0000,6.0,19.0,-0.001130,-0.046780,0.446504,0.114254,0.724638,0.337506,-1,5
7.0000,6.0,20.0,-0.022329,0.475625,0.107234,0.459251,0.724638,0.512868,0,6
7.0000,6.0,21.0,0.198463,0.764593,0.670717,0.274800,0.724638,0.610158,0,11
7.0000,6.0,22.0,-0.280504,-0.223192,0.623346,0.809600,0.724638,1.121273,0,5
7.0000,6.0,23.0,0.383034,0.580970,0.326409,0.715482,0.724638,0.878687,1,10
7.0000,6.0,24.0,-0.108691,0.031964,0.289572,0.197616,0.724638,0.342402,0,6
7.0000,6.0,25.0,0.453291,-0.867466,0.453992,0.588348,0.724638,0.815344,0,8
7.0000,6.0,26.0,0.776550,-1.272999,0.699709,0.980585,0.724638,1.330439,0,12
7.0000,6.0,27.0,-0.620826,-0.617562,0.105600,0.276792,0.724638,0.329592,0,5
7.0000,6.0,28.0,-0.028809,-0.648084,0.343307,0.102839,0.724638,0.274492,-1,5
7.0000,6.0,29.0,-0.899295,0.055844,0.356628,0.207449,0.724638,0.385763,0,2
7.0000,6.0,30.0,0.096127,0.567846,0.386196,0.336305,0.724638,0.529403,0,10
7.0000,6.0,31.0,-0.384123,0.625655,0.288445,0.624707,0.724638,0.768930,-1,6
7.0000,7.0,0.0,0.070442,-0.016366,0.228220,0.138981,0.724638,0.253091,0,9
7.0000,7.0,1.0,0.142755,0.283164,0.244138,0.655396,0.724638,0.777465,-1,10
7.0000,7.0,2.0,-0.064510,-0.337499,0.049903,0.586268,0.724638,0.611219,0,5
7.0000,7.0,3.0,0.097928,-0.452329,0.145011,0.569949,0.724638,0.642455,0,9
7.0000,7.0,4.0,0.014723,-0.566164,0.361568,0.266547,0.724638,0.447331,0,9
7.0000,7.0,5.0,-0.468087,0.086054,0.170794,0.528580,0.724638,0.613977,0,6
7.0000,7.0,6.0,-0.647359,-0.498330,0.808305,0.465456,0.724638,0.869609,0,5
7.0000,7.0,7.0,0.909077,0.061277,0.659137,0.234347,0.724638,0.563915,1,14
7.0000,7.0,8.0,-0.042332,-0.532057,0.417124,0.356633,0.724638,0.565195,1,5
7.0000,7.0,9.0,-0.012342,-0.447849,0.395875,0.500061,0.724638,0.697999,0,5
7.0000,7.0,10.0,-0.319759,-0.711685,0.442667,0.486501,0.724638,0.707835,0,5
7.0000,7.0,11.0,-0.580594,-0.458078,0.190133,0.655423,0.724638,0.750490,0,5
7.0000,7.0,12.0,-0.002755,-0.972637,0.888595,0.349244,0.724638,0.793542,-1,4
7.0000,7.0,13.0,1.324772,0.017323,1.451231,0.549456,0.724638,1.275072,0,14
7.0000,7.0,14.0,-0.581825,0.945895,1.062889,0.571418,0.724638,1.102862,-1,7
7.0000,7.0,15.0,-0.723099,-0.569448,0.465596,0.254726,0.724638,0.487523,1,5
7.0000,7.0,16.0,-0.539912,0.055758,0.169773,0.350206,0.724638,0.435093,0,6
7.0000,7.0,17.0,-0.306845,-0.125063,0.368076,0.650424,0.724638,0.834462,0,5
7.0000,7.0,18.0,0.234654,-0.355741,0.382594,0.890913,0.724638,1.082210,0,9
7.0000,7.0,19.0,0.586955,-1.126972,0.735295,0.946619,0.724638,1.314266,0,8
7.0000,7.0,20.0,-0.193224,-0.041558,0.194993,0.361228,0.724638,0.458724,0,5
7.0000,7.0,21.0,-0.959456,0.394508,0.307121,0.844521,0.724638,0.998082,0,2
7.0000,7.0,22.0,-1.054527,0.675315,0.469043,0.729957,0.724638,0.964478,1,2
7.0000,7.0,23.0,-0.361012,0.123991,0.162960,0.677596,0.724638,0.759076,0,6
7.0000,7.0,24.0,0.044137,-0.068708,0.374169,0.151091,0.724638,0.338176,-1,9
7.0000,7.0,25.0,0.630874,0.363582,0.682630,0.615356,0.724638,0.956671,1,10
7.0000,7.0,26.0,0.813208,-0.628613,1.269825,0.200463,0.724638,0.835376,0,13
7.0000,7.0,27.0,-0.666347,-0.880070,0.314000,0.282919,0.724638,0.439919,0,4
7.0000,7.0,28.0,-0.302005,-0.435174,0.154701,0.952322,0.724638,1.029672,0,5
7.0000,7.0,29.0,-0.595311,-0.228929,0.074546,0.528497,0.724638,0.565770,0,5
7.0000,7.0,30.0,-0.827929,-0.108115,0.588310,0.148641,0.724638,0.442796,1,1
7.0000,7.0,31.0,0.186592,0.167306,0.138260,0.533501,0.724638,0.602631,0,10
7.0000,8.0,0.0,0.839804,-0.491777,1.417223,0.483906,0.724638,1.192518,0,13
7.0000,8.0,1.0,-0.570591,0.481927,0.377989,0.640245,0.724638,0.829239,0,6
7.0000,8.0,2.0,0.076094,0.037029,0.049333,0.154794,0.724638,0.179461,0,10
7.0000,8.0,3.0,0.319888,0.262440,0.105829,0.920925,0.724638,0.973840,0,10
7.0000,8.0,4.0,0.647290,0.056441,0.992222,0.124149,0.724638,0.620260,0,10
7.0000,8.0,5.0,-1.016937,-0.005016,0.348326,0.447559,0.724638,0.621723,1,1
7.0000,8.0,6.0,-1.095103,0.046729,0.558860,0.595756,0.724638,0.875186,1,2
7.0000,8.0,7.0,-0.265190,0.040724,0.874134,0.490836,0.724638,0.927903,1,6
7.0000,8.0,8.0,0.343369,0.697473,0.181367,0.515149,0.724638,0.605833,0,10
7.0000,8.0,9.0,-0.046247,0.743047,0.067965,0.020020,0.724638,0.054003,0,6
7.0000,8.0,10.0,-0.520261,0.552481,0.132837,0.608067,0.724638,0.674485,0,6
7.0000,8.0,11.0,-0.635928,-0.059578,0.160303,0.147423,0.724638,0.227575,-1,5
7.0000,8.0,12.0,-0.358022,-0.144495,0.223074,0.714686,0.724638,0.826223,1,5
7.0000,8.0,13.0,0.257196,0.427015,0.711157,0.898879,0.724638,1.254458,0,10
7.0000,8.0,14.0,0.545726,0.131058,0.276177,0.444352,0.724638,0.582440,0,10
7.0000,8.0,15.0,0.277011,0.092158,0.479955,0.562649,0.724638,0.802627,-1,10
7.0000,8.0,16.0,-0.655363,0.816511,0.189022,0.169150,0.724638,0.263661,0,7
7.0000,8.0,17.0,-0.809285,0.809510,0.420403,0.179897,0.724638,0.390099,0,3
7.0000,8.0,18.0,-0.636099,-0.124978,0.194209,0.240329,0.724638,0.337434,0,5
7.0000,8.0,19.0,0.026211,-0.210488,0.209564,0.386386,0.724638,0.491168,0,9
7.0000,8.0,20.0,-0.144804,-0.022580,0.214935,0.256358,0.724638,0.363826,0,5
7.0000,8.0,21.0,0.108302,0.416623,0.092401,0.628132,0.724638,0.674333,0,10
7.0000,8.0,22.0,-0.242329,0.018362,0.167369,0.442332,0.724638,0.526016,0,6
7.0000,8.0,23.0,-0.394618,-0.546406,0.108079,0.787065,0.724638,0.841104,-1,5
7.0000,8.0,24.0,-0.694260,-0.717021,0.516800,0.071694,0.724638,0.330094,0,5
7.0000,8.0,25.0,-0.510168,-0.277392,0.086673,0.797029,0.724638,0.840365,0,5
7.0000,8.0,26.0,-0.618987,0.252184,0.372382,0.522468,0.724638,0.708659,0,6
7.0000,8.0,27.0,0.238268,-0.552972,0.021294,0.639600,0.724638,0.650247,0,9
7.0000,8.0,28.0,0.395189,-0.499667,0.509236,0.883455,0.724638,1.138072,-1,9
7.0000,8.0,29.0,-0.603018,0.250047,0.285837,0.551197,0.724638,0.694116,0,6
7.0000,8.0,30.0,0.014114,0.626115,0.281178,0.137650,0.724638,0.278238,0,10
7.0000,8.0,31.0,-0.321797,-0.330040,0.442988,0.999481,0.724638,1.220975,0,5
7.0000,9.0,0.0,-0.749355,-0.037734,0.199694,0.013193,0.724638,0.113039,0,5
7.0000,9.0,1.0,-0.200474,-0.389183,0.121253,0.821134,0.724638,0.881761,-1,5
7.0000,9.0,2.0,-0.165763,0.206120,0.318445,0.569080,0.724638,0.728303,0,6
7.0000,9.0,3.0,0.756906,-0.025138,0.476608,0.006471,0.724638,0.244775,0,13
7.0000,9.0,4.0,0.002858,-0.826829,0.239683,0.051120,0.724638,0.170962,0,8
7.0000,9.0,5.0,-0.094895,-0.736013,0.093964,0.077827,0.724638,0.124809,0,5
7.0000,9.0,6.0,-0.055433,-0.635716,0.376967,0.143842,0.724638,0.332326,0,5
7.0000,9.0,7.0,1.152169,-0.787507,0.764814,0.946752,0.724638,1.329159,0,12
7.0000,9.0,8.0,-0.021035,0.035051,0.177435,0.110021,0.724638,0.198738,0,6
7.0000,9.0,9.0,-0.002233,0.648610,0.236686,0.094823,0.724638,0.213166,0,6
7.0000,9.0,10.0,-0.189893,0.737441,0.049669,0.256787,0.724638,0.281621,0,6
7.0000,9.0,11.0,-0.054434,0.408003,0.208957,0.566708,0.724638,0.671187,0,6
7.0000,9.0,12.0,0.047664,-0.294829,0.612080,0.535691,0.724638,0.841731,1,9
7.0000,9.0,13.0,1.258792,-0.865499,1.712337,1.201429,0.724638,2.057598,-1,12
7.0000,9.0,14.0,-0.444018,0.357758,0.155083,0.978429,0.724638,1.055970,0,6
7.0000,9.0,15.0,-0.392210,-0.187050,0.336751,0.792849,0.724638,0.961225,0,5
7.0000,9.0,16.0,-0.277136,0.048859,0.332125,0.514233,0.724638,0.680295,0,6
7.0000,9.0,17.0,0.068001,0.716120,0.204276,0.052092,0.724638,0.154230,0,10
7.0000,9.0,18.0,-0.077339,0.011605,0.210980,0.145925,0.724638,0.251415,0,6
7.0000,9.0,19.0,-0.123989,0.656194,0.134296,0.204010,0.724638,0.271159,0,6
7.0000,9.0,20.0,-0.431703,0.698855,0.160637,0.495681,0.724638,0.575999,0,6
7.0000,9.0,21.0,-0.162922,0.296260,0.140645,0.710258,0.724638,0.780580,-1,6
7.0000,9.0,22.0,0.274490,-0.227032,0.483435,0.808461,0.724638,1.050178,1,9
7.0000,9.0,23.0,-0.677063,-0.063038,0.662279,0.085472,0.724638,0.416611,0,5
7.0000,9.0,24.0,0.393254,0.093750,0.438452,0.622319,0.724638,0.841545,1,10
7.0000,9.0,25.0,-0.564904,-0.504115,0.068008,0.612965,0.724638,0.646969,0,5
7.0000,9.0,26.0,-0.750650,-0.046197,0.367395,0.019222,0.724638,0.202919,0,1
7.0000,9.0,27.0,0.134116,-0.769447,0.310392,0.145216,0.724638,0.300412,0,8
7.0000,9.0,28.0,-0.212354,-0.168996,0.133377,0.587585,0.724638,0.654274,0,5
7.0000,9.0,29.0,0.173794,0.382832,0.234472,0.769837,0.724638,0.887074,1,10
7.0000,9.0,30.0,-0.295536,0.584208,0.908564,0.660517,0.724638,1.114799,0,6
7.0000,9.0,31.0,0.084190,-0.811343,0.517567,0.092464,0.724638,0.351248,0,8
7.0000,10.0,0.0,-0.686814,-0.646073,0.238943,0.141300,0.724638,0.260771,0,5
7.0000,10.0,1.0,0.049484,-0.130450,0.248617,0.246218,0.724638,0.370527,0,9
7.0000,10.0,2.0,-0.686760,0.518439,0.435091,0.378123,0.724638,0.595668,0,6
7.0000,10.0,3.0,-0.076616,-0.005828,0.031393,0.144197,0.724638,0.159894,1,5
7.0000,10.0,4.0,0.101344,0.138173,0.094935,0.321510,0.724638,0.368977,-1,10
7.0000,10.0,5.0,0.001292,-0.140204,0.066618,0.243502,0.724638,0.276811,-1,9
7.0000,10.0,6.0,-0.086063,-0.475756,0.194245,0.515530,0.724638,0.612653,1,5
7.0000,10.0,7.0,0.149357,-0.762709,0.798039,0.172941,0.724638,0.571961,0,8
7.0000,10.0,8.0,0.120334,0.594467,0.354933,0.316318,0.724638,0.493785,0,10
7.0000,10.0,9.0,0.611963,-0.076924,0.594970,0.213783,0.724638,0.511268,-1,9
7.0000,10.0,10.0,-0.442280,0.827427,0.145723,0.529092,0.724638,0.601953,0,7
7.0000,10.0,11.0,0.215948,0.916259,0.365153,0.532536,0.724638,0.715112,0,11
7.0000,10.0,12.0,0.020985,0.514562,0.669566,0.382968,0.724638,0.717751,-1,10
7.0000,10.0,13.0,-0.306194,-0.800326,0.975004,0.484786,0.724638,0.972288,0,4
7.0000,10.0,14.0,-0.731137,0.846014,0.615123,0.179181,0.724638,0.486742,0,7
7.0000,10.0,15.0,0.433731,0.584916,0.665544,0.675666,0.724638,1.008438,-1,10
7.0000,10.0,16.0,0.584863,-0.096398,0.096157,0.298607,0.724638,0.346685,0,9
7.0000,10.0,17.0,0.580194,0.522995,0.187170,0.544337,0.724638,0.637922,1,10
7.0000,10.0,18.0,0.574135,-0.031157,0.563104,0.255014,0.724638,0.536567,0,9
7.0000,10.0,19.0,-0.508767,0.115248,0.212766,0.496701,0.724638,0.603085,0,6
7.0000,10.0,20.0,-0.002443,0.225611,0.238673,0.409366,0.724638,0.528703,0,6
7.0000,10.0,21.0,0.066646,0.507719,0.196975,0.430636,0.724638,0.529123,-1,10
7.0000,10.0,22.0,0.759202,0.648437,0.356881,0.121494,0.724638,0.299935,0,14
7.0000,10.0,23.0,0.258994,0.713335,0.190377,0.403120,0.724638,0.498309,0,10
7.0000,10.0,24.0,0.031878,0.683417,0.419687,0.052495,0.724638,0.262339,0,10
7.0000,10.0,25.0,-0.420286,-0.420893,0.024060,0.981631,0.724638,0.993661,0,5
7.0000,10.0,26.0,-0.660848,-0.440674,0.389402,0.529686,0.724638,0.724386,-1,5
7.0000,10.0,27.0,-0.659621,-0.407554,0.454222,0.559146,0.724638,0.786257,1,5
7.0000,10.0,28.0,-0.184605,0.112275,0.319714,0.428658,0.724638,0.588515,0,6
7.0000,10.0,29.0,-0.638435,0.251113,0.683452,0.484031,0.724638,0.825757,0,6
7.0000,10.0,30.0,0.249971,-0.531553,0.342672,0.707882,0.724638,0.879218,0,9
7.0000,10.0,31.0,-0.162156,0.035011,0.385738,0.295624,0.724638,0.488493,0,6
7.0000,11.0,0.0,-0.787438,-1.017080,0.576362,0.684570,0.724638,0.972751,-1,0
7.0000,11.0,1.0,-0.060406,0.008403,0.041437,0.126770,0.724638,0.147488,0,6
7.0000,11.0,2.0,0.052760,-0.220709,0.068665,0.423361,0.724638,0.457694,0,9
7.0000,11.0,3.0,0.193184,0.013546,0.251252,0.348207,0.724638,0.473833,0,10
7.0000,11.0,4.0,0.026844,-0.397255,0.364982,0.555100,0.724638,0.737591,-1,9
7.0000,11.0,5.0,-0.079688,0.233543,0.223769,0.475758,0.724638,0.587643,0,6
7.0000,11.0,6.0,0.453682,0.114066,0.198615,0.593491,0.724638,0.692799,0,10
7.0000,11.0,7.0,0.332148,0.384451,0.282217,1.015939,0.724638,1.157048,1,10
7.0000,11.0,8.0,-0.554288,0.072783,0.393668,0.335805,0.724638,0.532638,0,6
7.0000,11.0,9.0,0.045274,-0.436736,0.359347,0.530604,0.724638,0.710278,-1,9
7.0000,11.0,10.0,-0.345425,0.463619,0.212053,0.946925,0.724638,1.052952,0,6
7.0000,11.0,11.0,-0.899565,0.786370,0.550301,0.346621,0.724638,0.621772,0,3
7.0000,11.0,12.0,-0.780517,0.961642,0.667848,0.517376,0.724638,0.851300,0,3
7.0000,11.0,13.0,0.210538,0.061062,0.122617,0.411611,0.724638,0.472920,0,10
7.0000,11.0,14.0,0.207427,0.452948,0.489661,0.774584,0.724638,1.019415,-1,10
7.0000,11.0,15.0,0.303845,-0.884191,0.201221,0.615105,0.724638,0.715716,0,8
7.0000,11.0,16.0,0.571274,-0.124211,0.239907,0.374504,0.724638,0.494457,0,9
7.0000,11.0,17.0,-0.079642,0.601583,0.255652,0.239001,0.724638,0.366827,0,6
7.0000,11.0,18.0,0.855065,0.958481,0.385734,0.649822,0.724638,0.842690,0,15
7.0000,11.0,19.0,0.217076,0.351199,0.287945,0.856781,0.724638,1.000753,0,10
7.0000,11.0,20.0,0.925780,0.132146,0.150854,0.379921,0.724638,0.455348,0,14
7.0000,11.0,21.0,0.221235,-0.006640,0.053498,0.401493,0.724638,0.428242,0,9
7.0000,11.0,22.0,-0.065302,-0.053914,0.259238,0.155314,0.724638,0.284933,0,5
7.0000,11.0,23.0,-0.239291,0.034552,0.433569,0.444211,0.724638,0.660995,0,6
7.0000,11.0,24.0,-0.126677,1.162643,0.995989,0.755683,0.724638,1.253678,0,7
7.0000,11.0,25.0,-0.350675,-0.238873,0.338707,0.897428,0.724638,1.066782,1,5
7.0000,11.0,26.0,-0.780587,0.801168,0.911437,0.130518,0.724638,0.586236,-1,3
7.0000,11.0,27.0,0.427788,-0.035306,0.573993,0.534181,0.724638,0.821178,0,9
7.0000,11.0,28.0,-0.607012,-0.823241,0.037416,0.250025,0.724638,0.268733,0,4
7.0000,11.0,29.0,-0.936155,-0.863937,0.650794,0.604287,0.724638,0.929685,0,0
7.0000,11.0,30.0,0.250549,-1.469553,0.433939,1.026320,0.724638,1.243290,0,8
7.0000,11.0,31.0,-0.563553,-0.766669,0.135454,0.270650,0.724638,0.338377,0,4
7.0000,12.0,0.0,-0.643746,-0.177668,0.249532,0.329643,0.724638,0.454409,0,5
7.0000,12.0,1.0,-0.365752,-0.076527,0.415136,0.606476,0.724638,0.814044,0,5
7.0000,12.0,2.0,0.445978,-0.007527,0.252907,0.501816,0.724638,0.628269,0,9
7.0000,12.0,3.0,0.298552,-0.879471,0.761024,0.598419,0.724638,0.978931,0,8
7.0000,12.0,4.0,-0.845433,0.141081,0.573689,0.234257,0.724638,0.521101,-1,2
7.0000,12.0,5.0,-0.566160,-0.366175,0.103171,0.748454,0.724638,0.800040,0,5
7.0000,12.0,6.0,-0.379248,0.000891,0.167578,0.556430,0.724638,0.640219,0,6
7.0000,12.0,7.0,-0.046357,0.063985,0.190396,0.147724,0.724638,0.242922,0,6
7.0000,12.0,8.0,-0.108987,-0.797444,0.420931,0.116853,0.724638,0.327319,0,4
7.0000,12.0,9.0,-0.194350,-1.082248,0.514163,0.835343,0.724638,1.092425,-1,4
7.0000,12.0,10.0,-0.833378,0.017664,0.529210,0.062697,0.724638,0.327302,0,2
7.0000,12.0,11.0,0.527314,0.439486,0.611288,0.792530,0.724638,1.098174,0,10
7.0000,12.0,12.0,0.095683,0.629329,0.838998,0.204828,0.724638,0.624327,0,10
7.0000,12.0,13.0,-0.284497,-0.241963,0.145368,0.849289,0.724638,0.921973,1,5
7.0000,12.0,14.0,0.116945,0.061514,0.187121,0.233786,0.724638,0.327347,0,10
7.0000,12.0,15.0,-0.012484,-0.648112,0.620466,0.096980,0.724638,0.407213,0,5
7.0000,12.0,16.0,0.642695,-0.060502,0.660822,0.136113,0.724638,0.466524,0,9
7.0000,12.0,17.0,0.004685,0.721773,0.090324,0.009580,0.724638,0.054741,0,10
7.0000,12.0,18.0,0.025380,0.677878,0.400620,0.056244,0.724638,0.256554,-1,10
7.0000,12.0,19.0,0.137633,-0.420307,0.166289,0.675713,0.724638,0.758857,0,9
7.0000,12.0,20.0,0.669012,-0.015647,0.131772,0.064887,0.724638,0.130773,0,9
7.0000,12.0,21.0,0.321024,-0.352610,0.675017,1.008939,0.724638,1.346447,-1,9
7.0000,12.0,22.0,-0.847164,0.568618,0.271383,0.359948,0.724638,0.495640,0,2
7.0000,12.0,23.0,-0.890959,-0.121435,0.026835,0.282496,0.724638,0.295914,0,1
7.0000,12.0,24.0,-0.619384,-0.151425,0.154752,0.322252,0.724638,0.399628,0,5
7.0000,12.0,25.0,-0.135311,-0.443655,0.069369,0.644812,0.724638,0.679496,0,5
7.0000,12.0,26.0,0.105665,-0.035759,0.305056,0.195003,0.724638,0.347531,0,9
7.0000,12.0,27.0,0.145873,-0.759768,0.264760,0.165521,0.724638,0.297901,0,8
7.0000,12.0,28.0,-0.631623,-0.625584,0.230751,0.244414,0.724638,0.359790,0,5
7.0000,12.0,29.0,-0.046135,-1.053690,0.707000,0.535860,0.724638,0.889359,0,4
7.0000,12.0,30.0,0.019150,-0.744704,0.063755,0.004500,0.724638,0.036377,0,9
7.0000,12.0,31.0,0.064015,-0.954134,0.385287,0.341565,0.724638,0.534208,0,8
7.0000,13.0,0.0,0.157883,-0.695363,0.339861,0.217426,0.724638,0.387357,0,9
7.0000,13.0,1.0,0.573750,-0.414482,0.144111,0.716437,0.724638,0.788493,0,9
7.0000,13.0,2.0,0.046930,-0.272800,0.039181,0.506602,0.724638,0.526192,0,9
7.0000,13.0,3.0,0.119299,-0.066000,0.050895,0.242351,0.724638,0.267798,0,9
7.0000,13.0,4.0,0.551041,0.044577,0.865294,0.315833,0.724638,0.748480,0,10
7.0000,13.0,5.0,-0.796626,-0.801943,0.092218,0.150424,0.724638,0.196533,0,0
7.0000,13.0,6.0,-1.048090,-0.327995,0.600873,1.016741,0.724638,1.317177,0,1
7.0000,13.0,7.0,-0.139687,0.146988,0.486104,0.402939,0.724638,0.645991,0,6
7.0000,13.0,8.0,-0.387365,0.434558,0.796653,0.987875,0.724638,1.386202,0,6
7.0000,13.0,9.0,-0.829797,-0.895970,0.436895,0.408567,0.724638,0.627014,-1,0
7.0000,13.0,10.0,-0.714592,0.288426,0.138228,0.448162,0.724638,0.517276,0,6
7.0000,13.0,11.0,-0.754070,-0.322657,0.142567,0.477198,0.724638,0.548482,0,1
7.0000,13.0,12.0,-0.735159,-0.698076,0.030765,0.066869,0.724638,0.082252,0,5
7.0000,13.0,13.0,-0.482205,-0.779672,0.440295,0.425649,0.724638,0.645796,0,4
7.0000,13.0,14.0,0.040251,-0.409953,0.873230,0.554037,0.724638,0.990652,-1,9
7.0000,13.0,15.0,-0.612646,0.512546,0.128970,0.499718,0.724638,0.564203,0,6
7.0000,13.0,16.0,-0.185312,0.908355,0.489500,0.449365,0.724638,0.694116,0,7
7.0000,13.0,17.0,0.595005,0.824056,0.224990,0.272102,0.724638,0.384597,0,11
7.0000,13.0,18.0,0.399981,0.184380,0.322809,0.783291,0.724638,0.944696,1,10
7.0000,13.0,19.0,-0.025865,-0.858839,0.511382,0.106289,0.724638,0.361980,0,4
7.0000,13.0,20.0,0.141695,-0.135585,0.276892,0.385490,0.724638,0.523936,1,9
7.0000,13.0,21.0,0.741540,-0.909305,0.679418,0.335443,0.724638,0.675152,0,8
7.0000,13.0,22.0,-0.332564,-0.016727,0.550236,0.551508,0.724638,0.826626,0,5
7.0000,13.0,23.0,-0.987703,-0.274176,0.262231,0.814543,0.724638,0.945658,0,1
7.0000,13.0,24.0,-1.064462,-0.469527,0.638209,1.028833,0.724638,1.347937,0,1
7.0000,13.0,25.0,0.082900,-0.517205,0.049954,0.430300,0.724638,0.455277,0,9
7.0000,13.0,26.0,0.005068,-0.862982,0.174730,0.108016,0.724638,0.195381,0,8
7.0000,13.0,27.0,-0.435580,-0.446009,0.086144,0.938872,0.724638,0.981944,0,5
7.0000,13.0,28.0,-0.341187,-0.066498,0.190132,0.590022,0.724638,0.685088,1,5
7.0000,13.0,29.0,-0.135018,0.595663,0.640024,0.340217,0.724638,0.660229,0,6
7.0000,13.0,30.0,-0.117599,-0.308304,0.076749,0.639004,0.724638,0.677378,0,5
7.0000,13.0,31.0,-0.092106,-0.311521,0.286156,0.602338,0.724638,0.745416,0,5
7.0000,14.0,0.0,0.956673,-0.010134,0.038652,0.312752,0.724638,0.332079,0,13
7.0000,14.0,1.0,1.083590,-0.277018,0.290825,1.005154,0.724638,1.150567,0,13
7.0000,14.0,2.0,0.357540,-0.162165,0.097381,0.748823,0.724638,0.797514,1,9
7.0000,14.0,3.0,0.053833,-0.091775,0.232777,0.187809,0.724638,0.304197,0,9
7.0000,14.0,4.0,-0.071357,-0.690945,0.430477,0.078030,0.724638,0.293268,0,5
7.0000,14.0,5.0,-0.571197,-0.628186,0.371782,0.353635,0.724638,0.539526,0,5
7.0000,14.0,6.0,-0.001314,0.178904,0.510983,0.318333,0.724638,0.573824,0,6
7.0000,14.0,7.0,-0.739744,1.347116,0.186201,0.938404,0.724638,1.031505,0,7
7.0000,14.0,8.0,-1.205044,1.177501,1.208289,2.153145,0.724638,2.757289,0,3
7.0000,14.0,9.0,-0.314246,-0.639606,0.587097,0.570940,0.724638,0.864489,-1,5
7.0000,14.0,10.0,-0.644697,0.704416,0.718347,0.130498,0.724638,0.489671,0,6
7.0000,14.0,11.0,-0.297318,0.146754,0.255651,0.680141,0.724638,0.807967,-1,6
7.0000,14.0,12.0,-0.870472,-0.513394,0.625826,0.507197,0.724638,0.820110,1,1
7.0000,14.0,13.0,-0.680856,0.365782,0.244821,0.540161,0.724638,0.662571,0,6
7.0000,14.0,14.0,-0.818950,0.805536,0.480279,0.189635,0.724638,0.429774,0,3
7.0000,14.0,15.0,-0.916315,0.803041,0.404710,0.417172,0.724638,0.619527,0,3
7.0000,14.0,16.0,-0.722927,-0.117789,0.336311,0.120285,0.724638,0.288440,0,5
7.0000,14.0,17.0,0.389656,0.183295,0.067140,0.786432,0.724638,0.820003,0,10
7.0000,14.0,18.0,0.386304,0.038098,0.563452,0.566468,0.724638,0.848194,0,10
7.0000,14.0,19.0,-0.670221,0.179989,0.147382,0.292828,0.724638,0.366519,0,6
7.0000,14.0,20.0,-0.059586,0.193955,0.439045,0.377656,0.724638,0.597178,0,6
7.0000,14.0,21.0,-0.130405,-0.992919,0.294027,0.533607,0.724638,0.680620,0,4
7.0000,14.0,22.0,-0.133118,-1.307338,0.970206,0.707331,0.724638,1.192434,0,4
7.0000,14.0,23.0,-0.016743,-0.024966,0.205968,0.103589,0.724638,0.206573,0,5
7.0000,14.0,24.0,0.044287,-0.538808,0.049412,0.343085,0.724638,0.367791,0,9
7.0000,14.0,25.0,0.342364,-0.600109,0.162918,0.668299,0.724638,0.749758,0,9
7.0000,14.0,26.0,0.551721,-0.683943,0.559565,0.315681,0.724638,0.595463,0,9
7.0000,14.0,27.0,-0.478744,-0.010380,0.496727,0.450395,0.724638,0.698758,0,5
7.0000,14.0,28.0,-0.163279,0.431413,0.641878,0.713585,0.724638,1.034524,-1,6
7.0000,14.0,29.0,0.130417,-0.697466,0.072981,0.162144,0.724638,0.198635,0,9
7.0000,14.0,30.0,0.096117,-0.818852,0.367194,0.118117,0.724638,0.301714,0,8
7.0000,14.0,31.0,0.820960,0.006451,0.090565,0.043995,0.724638,0.089278,0,14
7.0000,15.0,0.0,0.697317,-0.013027,0.179384,0.029876,0.724638,0.119568,0,9
7.0000,15.0,1.0,0.466889,0.215567,0.069255,0.769280,0.724638,0.803907,0,10
7.0000,15.0,2.0,0.579786,0.330721,0.471774,0.704491,0.724638,0.940378,1,10
7.0000,15.0,3.0,-0.691994,-0.078685,0.295473,0.085844,0.724638,0.233580,0,5
7.0000,15.0,4.0,-1.264998,-0.482738,0.664161,1.120040,0.724638,1.452120,0,1
7.0000,15.0,5.0,-0.194652,-0.020583,0.139105,0.353142,0.724638,0.422695,0,5
7.0000,15.0,6.0,0.054586,-0.182769,0.569419,0.350807,0.724638,0.635516,0,9
7.0000,15.0,7.0,-0.127773,0.993532,0.043090,0.529991,0.724638,0.551536,0,7
7.0000,15.0,8.0,-0.395868,0.889418,0.331258,0.675118,0.724638,0.840748,0,7
7.0000,15.0,9.0,-0.630907,-0.062961,0.657803,0.160254,0.724638,0.489156,0,5
7.0000,15.0,10.0,0.896914,0.449143,0.732852,0.657299,0.724638,1.023725,1,14
7.0000,15.0,11.0,0.192987,0.280559,0.254806,0.750643,0.724638,0.878046,-1,10
7.0000,15.0,12.0,0.430671,-0.551191,0.263188,0.751192,0.724638,0.882786,0,9
7.0000,15.0,13.0,0.160805,0.124044,0.267190,0.401439,0.724638,0.535034,1,10
7.0000,15.0,14.0,0.158911,-0.171919,0.763662,0.487891,0.724638,0.869722,1,9
7.0000,15.0,15.0,-0.696571,-0.024743,0.156907,0.034452,0.724638,0.112905,0,5
7.0000,15.0,16.0,-0.677735,-0.239071,0.198304,0.401771,0.724638,0.500922,0,5
7.0000,15.0,17.0,-0.093860,0.300254,0.391324,0.593710,0.724638,0.789371,0,6
7.0000,15.0,18.0,-0.500252,0.613812,0.164233,0.520368,0.724638,0.602485,0,6
7.0000,15.0,19.0,-1.096017,0.367488,0.701623,1.120598,0.724638,1.471410,0,2
7.0000,15.0,20.0,-0.031193,0.778498,0.334522,0.015618,0.724638,0.182879,0,7
7.0000,15.0,21.0,-0.156160,0.044663,0.141321,0.290377,0.724638,0.361037,0,6
7.0000,15.0,22.0,-0.856992,-0.003954,0.687161,0.097317,0.724638,0.440897,0,1
7.0000,15.0,23.0,0.142059,-0.753592,0.215778,0.157471,0.724638,0.265360,0,8
7.0000,15.0,24.0,-0.276984,-0.496065,0.097888,0.824431,0.724638,0.873375,0,5
7.0000,15.0,25.0,-0.363825,-0.280560,0.070775,0.966371,0.724638,1.001758,0,5
7.0000,15.0,26.0,-0.290139,-0.565686,0.561718,0.694364,0.724638,0.975223,-1,5
7.0000,15.0,27.0,0.820277,0.058564,0.115286,0.072386,0.724638,0.130029,1,14
7.0000,15.0,28.0,0.735450,-0.200388,0.380009,0.279166,0.724638,0.469171,0,9
7.0000,15.0,29.0,-0.156684,-0.257482,0.100996,0.644376,0.724638,0.694874,0,5
7.0000,15.0,30.0,0.199299,-0.317247,0.094857,0.803385,0.724638,0.850813,0,9
7.0000,15.0,31.0,0.505265,-0.487417,0.223027,0.766431,0.724638,0.877944,0,9
7.0000,16.0,0.0,-0.073274,-0.148573,0.171968,0.303204,0.724638,0.389188,0,5
7.0000,16.0,1.0,0.113298,-0.139381,0.162244,0.342568,0.724638,0.423690,0,9
7.0000,16.0,2.0,0.316565,0.149687,0.064880,0.704499,0.724638,0.736939,-1,10
7.0000,16.0,3.0,0.058126,0.278554,0.137336,0.524320,0.724638,0.592988,0,10
7.0000,16.0,4.0,-0.167220,-0.178930,0.240525,0.518080,0.724638,0.638343,-1,5
7.0000,16.0,5.0,-0.097855,0.656637,0.342548,0.160050,0.724638,0.331324,0,6
7.0000,16.0,6.0,0.106743,0.743522,0.424572,0.094607,0.724638,0.306893,0,10
7.0000,16.0,7.0,0.060859,0.761015,0.488800,0.033196,0.724638,0.277596,0,11
7.0000,16.0,8.0,-0.776356,0.422519,0.324630,0.493055,0.724638,0.655370,0,2
7.0000,16.0,9.0,-0.520842,0.087410,0.284483,0.428586,0.724638,0.570828,1,6
7.0000,16.0,10.0,-0.601426,0.852195,0.469877,0.310918,0.724638,0.545856,0,7
7.0000,16.0,11.0,-0.000878,-0.202491,0.270577,0.365005,0.724638,0.500293,-1,5
7.0000,16.0,12.0,0.624343,0.146285,0.381269,0.302430,0.724638,0.493065,-1,10
7.0000,16.0,13.0,-0.035658,1.094902,0.303842,0.587416,0.724638,0.739337,0,7
7.0000,16.0,14.0,-0.099926,1.322786,0.389129,0.636091,0.724638,0.830655,0,7
7.0000,16.0,15.0,-0.516205,0.716070,0.262412,0.360951,0.724638,0.492157,0,6
7.0000,16.0,16.0,-0.706382,0.161695,0.603934,0.215111,0.724638,0.517078,0,6
7.0000,16.0,17.0,-1.012249,-0.376786,0.287853,0.971309,0.724638,1.115236,1,1
7.0000,16.0,18.0,-0.724349,0.176660,0.656572,0.234091,0.724638,0.562377,1,6
7.0000,16.0,19.0,0.127257,0.281961,0.571877,0.625552,0.724638,0.911491,0,10
7.0000,16.0,20.0,-0.845623,0.431135,0.169873,0.568674,0.724638,0.653611,0,2
7.0000,16.0,21.0,-0.422495,0.016034,0.487284,0.531299,0.724638,0.774941,0,6
7.0000,16.0,22.0,0.045231,0.608074,0.231961,0.189933,0.724638,0.305914,0,10
7.0000,16.0,23.0,0.003673,0.022323,0.339933,0.100284,0.724638,0.270251,0,10
7.0000,16.0,24.0,0.137127,-0.903593,0.291400,0.339175,0.724638,0.484875,0,8
7.0000,16.0,25.0,0.056574,-0.140427,0.236617,0.270500,0.724638,0.388808,0,9
7.0000,16.0,26.0,-0.085510,0.197392,0.348143,0.414311,0.724638,0.588383,0,6
7.0000,16.0,27.0,0.749157,0.676491,0.437223,0.085795,0.724638,0.304406,1,10
7.0000,16.0,28.0,-0.095101,-0.024158,0.313288,0.173343,0.724638,0.329987,0,5
7.0000,16.0,29.0,-0.675932,-0.193693,0.744777,0.313485,0.724638,0.685874,-1,5
7.0000,16.0,30.0,0.307923,-0.812279,0.158365,0.499377,0.724638,0.578559,0,8
7.0000,16.0,31.0,-0.267183,-0.304381,0.269165,0.914154,0.724638,1.048736,1,5
7.0000,17.0,0.0,-0.241401,0.641814,0.579279,0.460512,0.724638,0.750152,-1,6
7.0000,17.0,1.0,-0.585782,0.048730,0.457182,0.240867,0.724638,0.469458,0,6
7.0000,17.0,2.0,0.662364,-0.088104,0.262962,0.136956,0.724638,0.268436,0,9
7.0000,17.0,3.0,-0.351048,-0.070512,0.270467,0.597708,0.724638,0.732941,0,5
7.0000,17.0,4.0,-0.563291,-0.498688,0.306115,0.626432,0.724638,0.779490,0,5
7.0000,17.0,5.0,-0.849427,-0.212800,0.385356,0.389839,0.724638,0.582517,0,1
7.0000,17.0,6.0,-0.866919,-0.121267,0.049134,0.234310,0.724638,0.258877,0,1
7.0000,17.0,7.0,-0.476420,-0.161495,0.229676,0.644608,0.724638,0.759445,1,5
7.0000,17.0,8.0,0.237665,0.118056,0.117017,0.540011,0.724638,0.598520,1,10
7.0000,17.0,9.0,0.169672,-0.176661,0.151183,0.518408,0.724638,0.594000,0,9
7.0000,17.0,10.0,-0.127613,0.425594,0.387810,0.652199,0.724638,0.846105,0,6
7.0000,17.0,11.0,-0.119271,0.542991,0.547422,0.429537,0.724638,0.703248,0,6
7.0000,17.0,12.0,0.794254,-0.254630,0.599388,0.401735,0.724638,0.701429,0,13
7.0000,17.0,13.0,-0.593154,0.173758,1.052921,0.421891,0.724638,0.948352,0,6
7.0000,17.0,14.0,0.654489,0.654967,0.271794,0.165119,0.724638,0.301016,0,10
7.0000,17.0,15.0,0.108150,0.153639,0.362478,0.361153,0.724638,0.542393,0,10
7.0000,17.0,16.0,0.344688,-0.801358,0.248865,0.519767,0.724638,0.644200,0,8
7.0000,17.0,17.0,-0.293612,-0.872552,0.356191,0.577685,0.724638,0.755781,0,4
7.0000,17.0,18.0,-0.758606,-1.197673,0.367810,0.938990,0.724638,1.122895,0,0
7.0000,17.0,19.0,-0.552914,-0.643310,0.365993,0.365943,0.724638,0.548939,0,5
7.0000,17.0,20.0,-0.272835,0.438817,0.556539,0.910075,0.724638,1.188344,1,6
7.0000,17.0,21.0,0.724759,0.268352,0.035432,0.412374,0.724638,0.430090,0,10
7.0000,17.0,22.0,0.695267,0.207490,0.713089,0.319663,0.724638,0.676208,-1,10
7.0000,17.0,23.0,-0.650606,0.260064,0.208992,0.478701,0.724638,0.583197,0,6
7.0000,17.0,24.0,-0.213924,-0.230205,0.130604,0.710247,0.724638,0.775549,0,5
7.0000,17.0,25.0,-0.770455,-0.498453,0.051814,0.393832,0.724638,0.419739,0,1
7.0000,17.0,26.0,-0.353203,-0.430866,0.250675,0.992855,0.724638,1.118193,0,5
7.0000,17.0,27.0,0.099500,0.325553,0.274095,0.624220,0.724638,0.761267,-1,10
7.0000,17.0,28.0,-0.651574,0.735699,0.164586,0.112044,0.724638,0.194338,0,6
7.0000,17.0,29.0,-0.670041,1.082416,1.770048,0.788790,0.724638,1.673814,0,7
7.0000,17.0,30.0,0.472979,-0.679961,0.927320,0.463323,0.724638,0.926983,0,9
7.0000,17.0,31.0,0.578267,0.243337,0.522288,0.592565,0.724638,0.853709,0,10
7.0000,18.0,0.0,0.605631,-0.420875,0.340858,0.644813,0.724638,0.815242,0,9
7.0000,18.0,1.0,-0.105995,-0.099389,0.203027,0.263560,0.724638,0.365073,0,5
7.0000,18.0,2.0,0.689624,-0.242346,0.231484,0.393990,0.724638,0.509732,0,9
7.0000,18.0,3.0,0.475468,0.342233,0.056404,0.926288,0.724638,0.954490,0,10
7.0000,18.0,4.0,0.185474,0.208563,0.240742,0.612993,0.724638,0.733364,0,10
7.0000,18.0,5.0,-0.079098,0.756393,0.499006,0.053691,0.724638,0.303194,0,7
7.0000,18.0,6.0,-0.866207,-0.327243,0.299248,0.603803,0.724638,0.753427,0,1
7.0000,18.0,7.0,0.098332,-0.144191,0.339122,0.328168,0.724638,0.497729,0,9
7.0000,18.0,8.0,0.720793,0.496441,0.484673,0.394206,0.724638,0.636542,0,10
7.0000,18.0,9.0,0.191049,0.214730,0.263903,0.636050,0.724638,0.768002,-1,10
7.0000,18.0,10.0,0.686045,-0.510008,0.383502,0.394554,0.724638,0.586305,1,9
7.0000,18.0,11.0,-0.177316,-0.302937,0.108225,0.746097,0.724638,0.800209,0,5
7.0000,18.0,12.0,0.260398,-0.190343,0.611088,0.715758,0.724638,1.021302,0,9
7.0000,18.0,13.0,0.435707,1.342071,0.552202,1.127263,0.724638,1.403364,0,11
7.0000,18.0,14.0,0.002192,0.320493,0.157589,0.541210,0.724638,0.620004,0,10
7.0000,18.0,15.0,-0.585395,0.184284,0.819039,0.460360,0.724638,0.869880,-1,6
7.0000,18.0,16.0,-0.412879,-0.896526,0.499925,0.684823,0.724638,0.934785,-1,4
7.0000,18.0,17.0,-0.798637,0.048204,0.065245,0.040683,0.724638,0.073306,0,2
7.0000,18.0,18.0,-0.521663,-0.165457,0.314486,0.563574,0.724638,0.720817,0,5
7.0000,18.0,19.0,-0.763566,-1.055807,0.486135,0.751402,0.724638,0.994469,-1,0
7.0000,18.0,20.0,0.110990,-0.588111,0.231111,0.314357,0.724638,0.429913,0,9
7.0000,18.0,21.0,0.447690,0.022613,0.466484,0.503344,0.724638,0.736586,0,10
7.0000,18.0,22.0,-0.167743,-0.334204,0.205460,0.751887,0.724638,0.854617,-1,5
7.0000,18.0,23.0,-0.037427,0.430138,0.107754,0.532892,0.724638,0.586769,1,6
7.0000,18.0,24.0,-0.260704,0.142010,0.373418,0.621506,0.724638,0.808216,0,6
7.0000,18.0,25.0,-0.935087,-0.536989,0.312133,0.621732,0.724638,0.777799,0,1
7.0000,18.0,26.0,0.120549,-0.464786,0.191855,0.587396,0.724638,0.683323,0,9
7.0000,18.0,27.0,0.255663,-0.257252,0.382294,0.832584,0.724638,1.023731,0,9
7.0000,18.0,28.0,-0.315734,0.083776,0.224802,0.594655,0.724638,0.707057,0,6
7.0000,18.0,29.0,-0.549451,-0.546443,0.734315,0.560894,0.724638,0.928052,0,5
7.0000,18.0,30.0,-1.077133,-1.345445,1.325000,2.043688,0.724638,2.706188,0,0
7.0000,18.0,31.0,0.609098,-0.878073,0.180209,0.353718,0.724638,0.443823,0,8
7.0000,19.0,0.0,-0.177122,-0.796327,0.462236,0.247414,0.724638,0.478532,0,4
7.0000,19.0,1.0,-0.365015,-0.401997,0.120789,1.019121,0.724638,1.079516,0,5
7.0000,19.0,2.0,-0.013592,-0.032993,0.152868,0.106679,0.724638,0.183113,0,5
7.0000,19.0,3.0,0.352064,0.012958,0.169518,0.558238,0.724638,0.642997,0,10
7.0000,19.0,4.0,0.900413,0.494420,0.111842,0.605994,0.724638,0.661915,0,14
7.0000,19.0,5.0,0.360430,0.661348,0.637930,0.564660,0.724638,0.883624,0,10
7.0000,19.0,6.0,-1.083842,0.103782,1.856241,0.654038,0.724638,1.582158,0,2
7.0000,19.0,7.0,-0.147498,0.561634,0.490904,0.439527,0.724638,0.684979,-1,6
7.0000,19.0,8.0,0.208192,-0.650703,0.096144,0.380584,0.724638,0.428656,0,9
7.0000,19.0,9.0,0.054787,-0.301777,0.276698,0.549330,0.724638,0.687679,-1,9
7.0000,19.0,10.0,0.887560,0.329710,0.525037,0.649821,0.724638,0.912340,0,14
7.0000,19.0,11.0,0.072552,0.104735,0.288673,0.225995,0.724638,0.370331,0,10
7.0000,19.0,12.0,0.028139,-0.297030,0.440837,0.525820,0.724638,0.746239,-1,9
7.0000,19.0,13.0,0.044335,0.434281,0.207061,0.532854,0.724638,0.636385,1,10
7.0000,19.0,14.0,0.112457,0.824862,0.824071,0.151906,0.724638,0.563942,0,11
7.0000,19.0,15.0,0.771462,0.671302,0.488821,0.101844,0.724638,0.346254,1,14
7.0000,19.0,16.0,-0.003767,-0.007141,0.362325,0.096517,0.724638,0.277680,0,5
7.0000,19.0,17.0,-0.730347,0.414199,0.452322,0.491845,0.724638,0.718006,0,6
7.0000,19.0,18.0,-0.021550,0.230259,0.191146,0.421827,0.724638,0.517400,-1,6
7.0000,19.0,19.0,-0.676219,-0.079426,0.781369,0.105671,0.724638,0.496355,0,5
7.0000,19.0,20.0,0.153389,0.072416,0.346419,0.311399,0.724638,0.484608,1,10
7.0000,19.0,21.0,-0.708571,-0.128771,0.418872,0.149353,0.724638,0.358789,0,5
7.0000,19.0,22.0,-0.002751,0.105587,0.246312,0.184199,0.724638,0.307355,0,6
7.0000,19.0,23.0,-0.511693,0.159554,0.717279,0.572831,0.724638,0.931471,0,6
7.0000,19.0,24.0,0.048337,-0.552495,0.266841,0.315481,0.724638,0.448902,0,9
7.0000,19.0,25.0,-0.582981,-0.607499,0.353621,0.367281,0.724638,0.544092,1,5
7.0000,19.0,26.0,-0.637355,-0.101916,0.093620,0.199319,0.724638,0.246129,0,5
7.0000,19.0,27.0,-0.745408,0.032986,0.190237,0.010657,0.724638,0.105776,0,6
7.0000,19.0,28.0,-0.095383,-0.547774,0.260894,0.380511,0.724638,0.510958,0,5
7.0000,19.0,29.0,0.817642,-0.157259,0.304837,0.227774,0.724638,0.380193,1,13
7.0000,19.0,30.0,-0.109454,-0.204485,0.124550,0.463418,0.724638,0.525693,-1,5
7.0000,19.0,31.0,0.152366,-0.327447,0.120884,0.717707,0.724638,0.778149,0,9
7.0000,20.0,0.0,0.867213,-0.042995,0.360681,0.131706,0.724638,0.312047,0,13
7.0000,20.0,1.0,0.105138,-0.352486,0.158139,0.645061,0.724638,0.724130,0,9
7.0000,20.0,2.0,0.425212,-0.565070,0.130543,0.726390,0.724638,0.791662,0,9
7.0000,20.0,3.0,-0.019517,-0.073689,0.291751,0.143652,0.724638,0.289527,0,5
7.0000,20.0,4.0,0.578208,0.339164,0.292681,0.713256,0.724638,0.859597,0,10
7.0000,20.0,5.0,0.530472,0.306379,0.275860,0.791012,0.724638,0.928942,0,10
7.0000,20.0,6.0,1.404712,0.485476,1.118011,1.107369,0.724638,1.666375,0,14
7.0000,20.0,7.0,0.131140,0.023398,0.080580,0.231631,0.724638,0.271921,0,10
7.0000,20.0,8.0,0.075699,-0.179810,0.018047,0.367051,0.724638,0.376075,0,9
7.0000,20.0,9.0,-0.041074,-0.228880,0.044502,0.429540,0.724638,0.451792,0,5
7.0000,20.0,10.0,-0.249052,0.024083,0.400856,0.455899,0.724638,0.656326,1,6
7.0000,20.0,11.0,-0.616008,0.823895,0.733158,0.236159,0.724638,0.602738,0,7
7.0000,20.0,12.0,-1.022012,0.057163,0.749097,0.486544,0.724638,0.861092,1,2
7.0000,20.0,13.0,-0.752069,0.626094,1.011689,0.151626,0.724638,0.657470,0,2
7.0000,20.0,14.0,-0.046556,-0.852377,0.223477,0.108204,0.724638,0.219942,0,4
7.0000,20.0,15.0,0.049716,0.060483,0.372553,0.146860,0.724638,0.333137,0,10
7.0000,20.0,16.0,0.493440,0.697587,1.137924,0.413474,0.724638,0.982436,0,10
7.0000,20.0,17.0,0.395312,0.337038,0.551604,1.014425,0.724638,1.290227,-1,10
7.0000,20.0,18.0,-0.019235,0.720243,0.510367,0.013489,0.724638,0.268673,0,6
7.0000,20.0,19.0,0.877463,-0.063920,0.772815,0.170455,0.724638,0.556862,0,13
7.0000,20.0,20.0,-0.602386,-0.103731,0.600413,0.271736,0.724638,0.571942,0,5
7.0000,20.0,21.0,0.012265,0.647617,0.232160,0.097778,0.724638,0.213858,-1,10
7.0000,20.0,22.0,-0.087653,0.951817,0.617870,0.365962,0.724638,0.674897,0,7
7.0000,20.0,23.0,0.911346,0.006495,0.322617,0.207164,0.724638,0.368472,0,14
7.0000,20.0,24.0,0.111156,0.261034,0.327159,0.567886,0.724638,0.731466,0,10
7.0000,20.0,25.0,0.271970,0.044401,0.266912,0.503492,0.724638,0.636948,0,10
7.0000,20.0,26.0,-0.590549,0.483247,0.189875,0.596199,0.724638,0.691136,0,6
7.0000,20.0,27.0,-0.740619,0.066279,0.366839,0.039442,0.724638,0.222861,0,6
7.0000,20.0,28.0,0.132477,-0.622198,0.288818,0.280457,0.724638,0.424866,0,9
7.0000,20.0,29.0,0.221889,-0.105400,0.087883,0.490504,0.724638,0.534446,-1,9
7.0000,20.0,30.0,0.058924,0.416949,0.166839,0.563462,0.724638,0.646881,0,10
7.0000,20.0,31.0,0.115096,0.064646,0.213874,0.233905,0.724638,0.340842,1,10
7.0000,21.0,0.0,0.779002,0.827866,0.131259,0.171788,0.724638,0.237417,0,15
7.0000,21.0,1.0,0.552793,0.180920,0.237827,0.526309,0.724638,0.645222,0,10
7.0000,21.0,2.0,0.138642,-0.593538,0.263251,0.351612,0.724638,0.483238,1,9
7.0000,21.0,3.0,-0.660347,-0.551828,0.307302,0.343244,0.724638,0.496895,0,5
7.0000,21.0,4.0,-0.277466,-0.320528,0.464504,0.943867,0.724638,1.176119,-1,5
7.0000,21.0,5.0,0.583969,-0.245170,0.188175,0.583346,0.724638,0.677434,0,9
7.0000,21.0,6.0,-0.033815,-0.267639,0.175588,0.490224,0.724638,0.578018,0,5
7.0000,21.0,7.0,0.146220,0.550394,0.140618,0.462361,0.724638,0.532670,0,10
7.0000,21.0,8.0,0.202124,0.020594,0.114234,0.367867,0.724638,0.424984,1,10
7.0000,21.0,9.0,0.015376,-0.488837,0.204156,0.432913,0.724638,0.534991,0,9
7.0000,21.0,10.0,0.624070,-0.234227,0.026426,0.479752,0.724638,0.492965,0,9
7.0000,21.0,11.0,0.407973,-0.239767,0.133630,0.885657,0.724638,0.952472,0,9
7.0000,21.0,12.0,0.456075,-0.587114,0.168423,0.644447,0.724638,0.728658,0,9
7.0000,21.0,13.0,-0.317560,-0.457574,0.286677,0.938063,0.724638,1.081402,0,5
7.0000,21.0,14.0,-0.083997,-0.628942,0.211584,0.189072,0.724638,0.294864,0,5
7.0000,21.0,15.0,0.746954,-0.572982,0.675681,0.245935,0.724638,0.583776,0,9
7.0000,21.0,16.0,-0.708106,-1.025305,0.228450,0.650667,0.724638,0.764892,0,4
7.0000,21.0,17.0,-0.075047,-0.953886,0.602060,0.353913,0.724638,0.654943,0,4
7.0000,21.0,18.0,-0.259931,-0.031127,0.083646,0.476921,0.724638,0.518744,-1,5
7.0000,21.0,19.0,-0.071074,-0.062794,0.377225,0.170024,0.724638,0.358637,1,5
7.0000,21.0,20.0,0.499264,0.391951,0.244999,0.885553,0.724638,1.008053,0,10
7.0000,21.0,21.0,0.183615,-0.244995,0.838693,0.676804,0.724638,1.096150,0,9
7.0000,21.0,22.0,-0.710339,0.513511,0.493767,0.368948,0.724638,0.615832,0,6
7.0000,21.0,23.0,0.146349,0.018912,0.497544,0.257980,0.724638,0.506752,1,10
7.0000,21.0,24.0,-0.391247,-0.730650,0.565940,0.502100,0.724638,0.785070,-1,5
7.0000,21.0,25.0,-0.050675,0.208790,0.031037,0.398743,0.724638,0.414262,0,6
7.0000,21.0,26.0,0.080835,0.148045,0.313474,0.311383,0.724638,0.468120,-1,10
7.0000,21.0,27.0,-0.290197,-0.101584,0.301737,0.593630,0.724638,0.744498,1,5
7.0000,21.0,28.0,0.713460,0.114453,0.188170,0.120378,0.724638,0.214463,1,10
7.0000,21.0,29.0,0.006358,-0.180704,0.328486,0.322233,0.724638,0.486476,0,9
7.0000,21.0,30.0,-0.578726,0.051593,0.398126,0.258991,0.724638,0.458053,0,6
7.0000,21.0,31.0,0.063820,0.589624,0.185313,0.246503,0.724638,0.339159,0,10
7.0000,22.0,0.0,0.851178,0.604002,0.171663,0.304546,0.724638,0.390378,0,14
7.0000,22.0,1.0,0.867924,0.464984,0.574230,0.575272,0.724638,0.862387,0,14
7.0000,22.0,2.0,0.278985,0.033505,0.041657,0.506239,0.724638,0.527067,0,10
7.0000,22.0,3.0,-0.010179,0.226885,0.169299,0.412558,0.724638,0.497208,0,6
7.0000,22.0,4.0,0.268195,0.580873,0.198127,0.629144,0.724638,0.728208,0,10
7.0000,22.0,5.0,0.006188,-0.053577,0.057496,0.120165,0.724638,0.148913,0,9
7.0000,22.0,6.0,-0.043099,-0.293649,0.147164,0.530891,0.724638,0.604472,-1,5
7.0000,22.0,7.0,0.148665,0.022517,0.185852,0.263616,0.724638,0.356542,1,10
7.0000,22.0,8.0,-0.110944,0.274619,0.310805,0.587832,0.724638,0.743235,1,6
7.0000,22.0,9.0,-0.543292,-0.225819,0.803784,0.637626,0.724638,1.039519,0,5
7.0000,22.0,10.0,0.772906,-0.042333,0.461436,0.020251,0.724638,0.250969,0,13
7.0000,22.0,11.0,-0.219283,-0.105204,0.482313,0.485271,0.724638,0.726428,0,5
7.0000,22.0,12.0,0.654603,-0.449317,0.127919,0.528801,0.724638,0.592760,0,9
7.0000,22.0,13.0,0.673806,-0.740392,0.216129,0.086637,0.724638,0.194702,0,9
7.0000,22.0,14.0,0.140830,-0.309293,0.127277,0.681319,0.724638,0.744957,1,9
7.0000,22.0,15.0,0.147822,-0.424766,0.130489,0.690538,0.724638,0.755783,0,9
7.0000,22.0,16.0,-0.023629,-0.826744,0.551431,0.055837,0.724638,0.331552,0,4
7.0000,22.0,17.0,0.719452,-0.009774,0.116616,0.011574,0.724638,0.069882,0,9
7.0000,22.0,18.0,0.263594,0.123254,0.241979,0.592169,0.724638,0.713158,1,10
7.0000,22.0,19.0,0.911656,0.042387,0.544679,0.223272,0.724638,0.495611,0,14
7.0000,22.0,20.0,0.077884,-0.153118,0.726776,0.317379,0.724638,0.680767,0,9
7.0000,22.0,21.0,-0.611491,0.916080,0.338242,0.443706,0.724638,0.612827,0,7
7.0000,22.0,22.0,0.282534,0.617098,0.518299,0.574579,0.724638,0.833729,0,10
7.0000,22.0,23.0,-0.917168,-0.071924,0.465433,0.264510,0.724638,0.497226,0,1
7.0000,22.0,24.0,-0.177075,0.373593,0.040276,0.778496,0.724638,0.798634,0,6
7.0000,22.0,25.0,-0.371786,0.201720,0.621411,0.828163,0.724638,1.138869,0,6
7.0000,22.0,26.0,0.797260,0.883334,1.335134,0.318287,0.724638,0.985854,0,15
7.0000,22.0,27.0,0.097846,-0.052870,0.301431,0.195687,0.724638,0.346403,0,9
7.0000,22.0,28.0,0.957099,-0.211446,0.445806,0.619781,0.724638,0.842684,0,13
7.0000,22.0,29.0,0.107399,0.771897,0.218125,0.098779,0.724638,0.207841,0,11
7.0000,22.0,30.0,0.104764,0.701981,0.071843,0.113574,0.724638,0.149496,0,10
7.0000,22.0,31.0,-0.122396,0.217700,0.585907,0.510500,0.724638,0.803454,0,6
7.0000,23.0,0.0,0.739900,-0.205111,0.380147,0.287870,0.724638,0.477944,0,9
7.0000,23.0,1.0,0.924722,-0.861918,0.536043,0.564700,0.724638,0.832721,0,12
7.0000,23.0,2.0,0.284080,0.247023,0.075118,0.857563,0.724638,0.895122,0,10
7.0000,23.0,3.0,0.660687,0.382881,0.373172,0.566564,0.724638,0.753150,0,10
7.0000,23.0,4.0,-0.065368,0.122537,0.039046,0.247202,0.724638,0.266725,0,6
7.0000,23.0,5.0,-0.051561,0.354572,0.371915,0.579626,0.724638,0.765584,0,6
7.0000,23.0,6.0,-0.677623,-0.515682,0.184246,0.392910,0.724638,0.485034,0,5
7.0000,23.0,7.0,-0.627555,0.122195,0.394842,0.251451,0.724638,0.448872,0,6
7.0000,23.0,8.0,0.052887,-0.608001,1.107518,0.196399,0.724638,0.750158,0,9
7.0000,23.0,9.0,0.262000,0.668941,0.193372,0.454235,0.724638,0.550921,0,10
7.0000,23.0,10.0,0.820692,0.882366,0.427894,0.354445,0.724638,0.568392,0,15
7.0000,23.0,11.0,0.791281,0.055808,0.217953,0.041655,0.724638,0.150631,0,14
7.0000,23.0,12.0,0.385736,0.145909,0.036636,0.714142,0.724638,0.732460,0,10
7.0000,23.0,13.0,0.337416,-0.209873,0.133283,0.837578,0.724638,0.904220,0,9
7.0000,23.0,14.0,0.762699,0.020865,0.137720,0.005573,0.724638,0.074433,0,14
7.0000,23.0,15.0,0.090587,0.147683,0.165183,0.323639,0.724638,0.406231,0,10
7.0000,23.0,16.0,0.524016,0.001628,0.083794,0.358986,0.724638,0.400884,-1,10
7.0000,23.0,17.0,0.229296,0.016827,0.246020,0.418528,0.724638,0.541538,-1,10
7.0000,23.0,18.0,0.036495,0.823124,0.914465,0.057935,0.724638,0.515167,0,11
7.0000,23.0,19.0,-0.066865,-0.656048,0.656305,0.120260,0.724638,0.448412,0,5
7.0000,23.0,20.0,0.914998,0.613644,0.560842,0.437554,0.724638,0.717975,0,14
7.0000,23.0,21.0,0.063604,1.008513,0.214842,0.465085,0.724638,0.572507,0,11
7.0000,23.0,22.0,0.359005,0.225547,0.083473,0.874460,0.724638,0.916197,0,10
7.0000,23.0,23.0,0.025441,0.404517,0.041878,0.549873,0.724638,0.570812,0,10
7.0000,23.0,24.0,-0.058480,0.091481,0.247067,0.191651,0.724638,0.315184,0,6
7.0000,23.0,25.0,0.003837,0.918159,0.593671,0.222283,0.724638,0.519119,-1,11
7.0000,23.0,26.0,-1.195718,0.829342,0.547799,1.071608,0.724638,1.345508,0,3
7.0000,23.0,27.0,0.029529,0.608638,0.466927,0.178775,0.724638,0.412238,0,10
7.0000,23.0,28.0,0.698941,-0.377652,0.339291,0.522496,0.724638,0.692142,0,9
7.0000,23.0,29.0,0.118406,-0.159491,0.661879,0.389244,0.724638,0.720183,0,9
7.0000,23.0,30.0,0.078306,0.678694,0.511230,0.101026,0.724638,0.356641,-1,10
7.0000,23.0,31.0,0.776643,-0.444329,0.173374,0.473401,0.724638,0.560088,1,13
7.0000,24.0,0.0,0.619580,0.814966,0.276283,0.216979,0.724638,0.355121,0,11
7.0000,24.0,1.0,0.641640,-0.210871,0.189289,0.401440,0.724638,0.496085,0,9
7.0000,24.0,2.0,0.644332,0.349002,0.711917,0.587525,0.724638,0.943483,1,10
7.0000,24.0,3.0,-0.242469,0.096411,0.116641,0.514341,0.724638,0.572662,0,6
7.0000,24.0,4.0,-0.367794,0.225944,0.201740,0.875601,0.724638,0.976471,1,6
7.0000,24.0,5.0,-0.519349,0.700313,0.860678,0.364709,0.724638,0.795048,0,6
7.0000,24.0,6.0,-0.887160,0.016940,0.280348,0.157216,0.724638,0.297391,0,2
7.0000,24.0,7.0,-0.511199,0.876941,0.345353,0.524891,0.724638,0.697568,0,7
7.0000,24.0,8.0,0.069166,1.051969,0.249434,0.555939,0.724638,0.680656,0,11
7.0000,24.0,9.0,-0.334387,0.423737,0.535417,0.992047,0.724638,1.259755,0,6
7.0000,24.0,10.0,0.101573,0.167955,0.035285,0.378829,0.724638,0.396471,1,10
7.0000,24.0,11.0,-0.013650,0.282331,0.468233,0.502814,0.724638,0.736930,0,6
7.0000,24.0,12.0,0.258726,0.184575,0.376913,0.701579,0.724638,0.890035,0,10
7.0000,24.0,13.0,0.716449,-0.604030,0.367814,0.191291,0.724638,0.375198,0,9
7.0000,24.0,14.0,0.502423,0.144635,0.419853,0.562686,0.724638,0.772613,0,10
7.0000,24.0,15.0,0.258824,0.798249,0.433058,0.412586,0.724638,0.629115,-1,11
7.0000,24.0,16.0,0.049611,-0.150119,0.029978,0.282644,0.724638,0.297634,1,9
7.0000,24.0,17.0,-0.278148,-0.181396,0.429404,0.724190,0.724638,0.938892,1,5
7.0000,24.0,18.0,-1.116883,0.464034,0.843634,1.110785,0.724638,1.532602,1,2
7.0000,24.0,19.0,-0.151351,-0.451334,0.232796,0.664644,0.724638,0.781042,0,5
7.0000,24.0,20.0,0.501540,-0.477973,0.420371,0.789669,0.724638,0.999855,0,9
7.0000,24.0,21.0,0.269074,0.666671,0.172036,0.468977,0.724638,0.554996,0,10
7.0000,24.0,22.0,0.570853,0.607276,0.211743,0.392335,0.724638,0.498207,0,10
7.0000,24.0,23.0,-0.165625,0.565671,0.202400,0.466318,0.724638,0.567518,0,6
7.0000,24.0,24.0,0.254887,0.541803,0.115240,0.693924,0.724638,0.751544,0,10
7.0000,24.0,25.0,0.058672,-0.043536,0.654092,0.140360,0.724638,0.467406,-1,9
7.0000,24.0,26.0,-1.150966,0.029809,0.504460,0.626488,0.724638,0.878718,0,2
7.0000,24.0,27.0,-0.080525,-0.050691,0.256883,0.170148,0.724638,0.298589,0,5
7.0000,24.0,28.0,-0.216671,-0.743992,1.128551,0.310897,0.724638,0.875173,-1,5
7.0000,24.0,29.0,-0.480735,1.099231,0.470324,1.070402,0.724638,1.305564,0,7
7.0000,24.0,30.0,0.622066,0.658968,0.245545,0.209767,0.724638,0.332540,0,10
7.0000,24.0,31.0,0.041766,-0.136308,0.540853,0.250961,0.724638,0.521388,0,9
7.0000,25.0,0.0,0.446137,0.665896,0.230004,0.516565,0.724638,0.631567,0,10
7.0000,25.0,1.0,0.180306,0.269611,0.319561,0.709813,0.724638,0.869593,0,10
7.0000,25.0,2.0,-0.743151,0.617965,0.876360,0.163122,0.724638,0.601302,-1,6
7.0000,25.0,3.0,-0.310418,-0.558923,0.047084,0.732894,0.724638,0.756436,0,5
7.0000,25.0,4.0,-0.564841,-0.495263,0.370596,0.629352,0.724638,0.814650,0,5
7.0000,25.0,5.0,0.456723,-0.673628,0.596252,0.493569,0.724638,0.791695,-1,9
7.0000,25.0,6.0,-0.473918,0.280902,0.285864,0.870195,0.724638,1.013127,0,6
7.0000,25.0,7.0,0.427633,0.512866,0.155735,0.834611,0.724638,0.912478,0,10
7.0000,25.0,8.0,-0.286749,0.492032,1.104957,0.845686,0.724638,1.398164,-1,6
7.0000,25.0,9.0,-1.126581,-0.698142,1.583316,0.846406,0.724638,1.638065,1,1
7.0000,25.0,10.0,-0.236716,0.149484,0.734343,0.595121,0.724638,0.962292,0,6
7.0000,25.0,11.0,0.675592,-0.864024,0.981012,0.237756,0.724638,0.728262,1,8
7.0000,25.0,12.0,-0.255964,-0.456781,0.074032,0.859068,0.724638,0.896084,0,5
7.0000,25.0,13.0,-0.183561,-0.838403,0.302732,0.310662,0.724638,0.462028,0,4
7.0000,25.0,14.0,0.591986,-0.943868,0.692528,0.548852,0.724638,0.895116,0,8
7.0000,25.0,15.0,0.057237,-0.066865,0.004028,0.159984,0.724638,0.161998,0,9
7.0000,25.0,16.0,0.133215,-0.082891,0.093687,0.286570,0.724638,0.333414,-1,9
7.0000,25.0,17.0,0.112508,0.485648,0.215678,0.537554,0.724638,0.645393,-1,10
7.0000,25.0,18.0,-0.117521,-0.314209,0.255545,0.644232,0.724638,0.772005,0,5
7.0000,25.0,19.0,0.134946,0.198467,0.290863,0.495342,0.724638,0.640773,-1,10
7.0000,25.0,20.0,0.970383,-0.165852,0.351007,0.553464,0.724638,0.728967,0,13
7.0000,25.0,21.0,0.522175,-0.060987,0.216016,0.394230,0.724638,0.502238,-1,9
7.0000,25.0,22.0,0.417018,0.078906,0.147056,0.585608,0.724638,0.659136,1,10
7.0000,25.0,23.0,0.218607,-0.130435,0.089996,0.526341,0.724638,0.571339,0,9
7.0000,25.0,24.0,0.206432,0.263430,0.357249,0.752407,0.724638,0.931031,0,10
7.0000,25.0,25.0,-0.956908,0.297589,0.584802,0.776706,0.724638,1.069107,0,2
7.0000,25.0,26.0,-0.250684,-0.204731,0.078247,0.728459,0.724638,0.767582,0,5
7.0000,25.0,27.0,-0.688993,-0.448301,0.137900,0.487059,0.724638,0.556009,1,5
7.0000,25.0,28.0,-0.633900,0.190312,0.408780,0.373346,0.724638,0.577736,1,6
7.0000,25.0,29.0,-0.015153,0.594722,0.471358,0.202984,0.724638,0.438663,0,6
7.0000,25.0,30.0,0.667665,0.554620,0.255501,0.328119,0.724638,0.455870,0,10
7.0000,25.0,31.0,0.388916,0.760412,0.473166,0.502274,0.724638,0.738857,0,11
7.0000,26.0,0.0,0.221609,-0.135288,0.127851,0.540790,0.724638,0.604715,0,9
7.0000,26.0,1.0,0.660602,-0.001378,0.112086,0.075301,0.724638,0.131344,0,9
7.0000,26.0,2.0,0.491357,-0.021647,0.169175,0.430092,0.724638,0.514680,0,9
7.0000,26.0,3.0,-0.094959,-0.288500,0.168474,0.581720,0.724638,0.665956,0,5
7.0000,26.0,4.0,0.061877,-0.614433,0.182388,0.191662,0.724638,0.282856,0,9
7.0000,26.0,5.0,-0.154519,-0.189714,0.317444,0.514753,0.724638,0.673475,-1,5
7.0000,26.0,6.0,-0.245868,0.755082,0.454370,0.367688,0.724638,0.594873,0,7
7.0000,26.0,7.0,0.647552,0.765455,1.249318,0.125842,0.724638,0.750501,0,11
7.0000,26.0,8.0,0.883968,-0.470993,0.343277,0.601827,0.724638,0.773465,0,13
7.0000,26.0,9.0,0.762432,0.421933,0.153122,0.487162,0.724638,0.563722,0,14
7.0000,26.0,10.0,0.795074,0.264715,0.305758,0.419995,0.724638,0.572874,0,14
7.0000,26.0,11.0,0.043669,0.714290,0.379418,0.030535,0.724638,0.220243,0,10
7.0000,26.0,12.0,-0.122100,-0.099945,0.106123,0.290815,0.724638,0.343877,0,5
7.0000,26.0,13.0,-0.679100,-0.244457,0.169707,0.410065,0.724638,0.494918,1,5
7.0000,26.0,14.0,-0.255702,0.054355,0.034940,0.486633,0.724638,0.504103,1,6
7.0000,26.0,15.0,0.008834,0.021101,0.051926,0.100384,0.724638,0.126347,0,10
7.0000,26.0,16.0,-0.064625,-0.192168,0.346180,0.379181,0.724638,0.552271,-1,5
7.0000,26.0,17.0,-0.091346,0.127218,0.318159,0.287261,0.724638,0.446340,0,6
7.0000,26.0,18.0,0.461978,0.285610,0.115307,0.895966,0.724638,0.953620,0,10
7.0000,26.0,19.0,0.576274,-0.173013,0.190535,0.457530,0.724638,0.552797,0,9
7.0000,26.0,20.0,-0.120201,-0.113247,0.118897,0.308422,0.724638,0.367871,0,5
7.0000,26.0,21.0,-0.152265,-0.676266,0.572653,0.228303,0.724638,0.514630,0,5
7.0000,26.0,22.0,0.084378,0.706906,1.097236,0.079195,0.724638,0.627813,0,10
7.0000,26.0,23.0,-0.225603,-0.044506,0.127196,0.425916,0.724638,0.489514,1,5
7.0000,26.0,24.0,0.373917,0.047989,0.431410,0.576912,0.724638,0.792617,0,10
7.0000,26.0,25.0,-0.251092,-0.746419,0.149269,0.377087,0.724638,0.451722,0,5
7.0000,26.0,26.0,-0.006929,-0.250865,0.138480,0.454433,0.724638,0.523673,0,5
7.0000,26.0,27.0,-0.410372,-0.699512,0.204442,0.511499,0.724638,0.613720,0,5
7.0000,26.0,28.0,-0.345240,-0.812384,0.309498,0.532011,0.724638,0.686760,0,4
7.0000,26.0,29.0,0.032850,-0.594933,0.152690,0.209808,0.724638,0.286153,0,9
7.0000,26.0,30.0,0.143236,-0.237167,0.126981,0.584108,0.724638,0.647598,0,9
7.0000,26.0,31.0,0.100246,-0.580158,0.070297,0.314876,0.724638,0.350025,0,9
7.0000,27.0,0.0,0.052317,-0.656916,0.028108,0.104453,0.724638,0.118507,0,9
7.0000,27.0,1.0,0.320020,-0.552098,0.013956,0.756976,0.724638,0.763954,0,9
7.0000,27.0,2.0,0.452482,-0.531756,0.363988,0.767194,0.724638,0.949189,0,9
7.0000,27.0,3.0,-0.730330,-0.661821,0.321393,0.099500,0.724638,0.260196,0,5
7.0000,27.0,4.0,-0.367756,-0.050735,0.264701,0.579804,0.724638,0.712154,0,5
7.0000,27.0,5.0,-0.543379,-0.656168,0.199366,0.366044,0.724638,0.465726,0,5
7.0000,27.0,6.0,-0.414120,-0.240340,0.156626,0.881867,0.724638,0.960180,0,5
7.0000,27.0,7.0,-0.724932,-0.471017,0.415135,0.432965,0.724638,0.640533,0,5
7.0000,27.0,8.0,0.137406,-0.531539,0.102289,0.487561,0.724638,0.538705,-1,9
7.0000,27.0,9.0,0.096216,0.043966,0.029343,0.186210,0.724638,0.200881,0,10
7.0000,27.0,10.0,0.121186,0.311410,0.153481,0.647995,0.724638,0.724735,-1,10
7.0000,27.0,11.0,-0.202445,-0.161289,0.171122,0.553096,0.724638,0.638657,1,5
7.0000,27.0,12.0,-0.076501,0.202181,0.178898,0.412315,0.724638,0.501764,0,6
7.0000,27.0,13.0,-0.220847,0.203068,0.087308,0.671556,0.724638,0.715210,0,6
7.0000,27.0,14.0,-0.156930,-0.188381,0.148102,0.516764,0.724638,0.590815,0,5
7.0000,27.0,15.0,0.253353,-0.290402,0.591204,0.876299,0.724638,1.171901,-1,9
7.0000,27.0,16.0,-0.028783,0.939519,0.077281,0.278881,0.724638,0.317521,0,7
7.0000,27.0,17.0,0.143468,1.068624,0.453844,0.706194,0.724638,0.933116,0,11
7.0000,27.0,18.0,0.915913,0.107360,0.166141,0.312841,0.724638,0.395911,0,14
7.0000,27.0,19.0,0.962011,-0.526138,0.215337,0.710850,0.724638,0.818518,1,13
7.0000,27.0,20.0,0.213989,-0.327458,0.106918,0.839873,0.724638,0.893332,1,9
7.0000,27.0,21.0,0.328460,-0.375681,0.288029,1.015559,0.724638,1.159574,0,9
7.0000,27.0,22.0,-0.293851,-1.186551,0.341292,1.103181,0.724638,1.273827,0,4
7.0000,27.0,23.0,0.081458,-0.260183,0.088777,0.523301,0.724638,0.567690,0,9
7.0000,27.0,24.0,-0.298683,-0.453536,0.081418,0.924785,0.724638,0.965494,0,5
7.0000,27.0,25.0,0.072047,-0.313442,0.084370,0.578256,0.724638,0.620440,0,9
7.0000,27.0,26.0,0.353120,-0.496293,0.170018,0.892920,0.724638,0.977929,0,9
7.0000,27.0,27.0,0.435145,-0.992580,0.130125,0.907247,0.724638,0.972309,0,8
7.0000,27.0,28.0,0.615080,-0.458066,0.388652,0.585520,0.724638,0.779846,0,9
7.0000,27.0,29.0,0.680525,-0.820973,0.077417,0.151031,0.724638,0.189739,0,8
7.0000,27.0,30.0,0.284255,-0.844246,0.269285,0.512697,0.724638,0.647340,0,8
7.0000,27.0,31.0,0.049141,-0.836946,0.158279,0.086063,0.724638,0.165202,0,8
7.0000,28.0,0.0,0.041184,-0.484709,0.073602,0.453026,0.724638,0.489827,0,9
7.0000,28.0,1.0,0.476458,-0.667826,0.130623,0.472653,0.724638,0.537964,0,9
7.0000,28.0,2.0,0.624142,-0.634339,0.246080,0.242448,0.724638,0.365488,0,9
7.0000,28.0,3.0,0.109106,-0.937560,0.476956,0.365898,0.724638,0.604376,0,8
7.0000,28.0,4.0,0.445508,-0.047243,0.137784,0.520825,0.724638,0.589717,0,9
7.0000,28.0,5.0,-0.009260,-0.088225,0.040161,0.159528,0.724638,0.179608,0,5
7.0000,28.0,6.0,0.267002,-0.353295,0.406975,0.945176,0.724638,1.148664,-1,9
7.0000,28.0,7.0,-0.003727,-1.098003,0.669511,0.579622,0.724638,0.914377,0,4
7.0000,28.0,8.0,0.086870,-0.803016,0.560053,0.087859,0.724638,0.367885,0,8
7.0000,28.0,9.0,-0.046988,0.201178,0.131986,0.380904,0.724638,0.446897,0,6
7.0000,28.0,10.0,0.044997,0.840503,0.300787,0.088010,0.724638,0.238404,-1,11
7.0000,28.0,11.0,0.527861,-0.104972,0.080491,0.439343,0.724638,0.479588,0,9
7.0000,28.0,12.0,0.756329,0.168254,1.008556,0.210310,0.724638,0.714588,0,14
7.0000,28.0,13.0,-0.436820,0.584212,0.126074,0.673903,0.724638,0.736940,0,6
7.0000,28.0,14.0,-0.743517,0.075404,0.159296,0.049546,0.724638,0.129193,0,6
7.0000,28.0,15.0,-0.504499,0.154760,0.104278,0.578127,0.724638,0.630266,0,6
7.0000,28.0,16.0,0.022665,0.429482,0.064710,0.526120,0.724638,0.558475,1,10
7.0000,28.0,17.0,-0.260366,0.705861,0.771972,0.410921,0.724638,0.796907,0,6
7.0000,28.0,18.0,0.424739,-0.033598,0.143012,0.536415,0.724638,0.607921,1,9
7.0000,28.0,19.0,0.707622,-0.081590,0.478958,0.074898,0.724638,0.314377,0,9
7.0000,28.0,20.0,-0.068376,0.249182,0.198011,0.489817,0.724638,0.588823,0,6
7.0000,28.0,21.0,0.002301,-0.344755,0.334537,0.554740,0.724638,0.722009,0,9
7.0000,28.0,22.0,-0.022136,-0.645879,0.413634,0.103708,0.724638,0.310526,0,5
7.0000,28.0,23.0,0.082847,-0.676374,0.306890,0.109927,0.724638,0.263372,0,9
7.0000,28.0,24.0,-0.702825,-0.526155,0.746090,0.349939,0.724638,0.722984,0,5
7.0000,28.0,25.0,0.535924,-0.412735,0.365659,0.799373,0.724638,0.982203,0,9
7.0000,28.0,26.0,-0.292403,-0.597999,0.108784,0.627025,0.724638,0.681417,0,5
7.0000,28.0,27.0,0.022226,-0.813937,0.269898,0.039806,0.724638,0.174755,-1,8
7.0000,28.0,28.0,-0.562259,-0.638329,0.683544,0.354862,0.724638,0.696634,0,5
7.0000,28.0,29.0,0.363649,-0.593627,0.181904,0.688965,0.724638,0.779917,-1,9
7.0000,28.0,30.0,0.272191,0.166528,0.132136,0.686181,0.724638,0.752249,1,10
7.0000,28.0,31.0,0.649936,-0.347314,0.463721,0.577586,0.724638,0.809447,0,9
7.0000,29.0,0.0,0.057584,-0.217980,0.450999,0.422541,0.724638,0.648041,0,9
7.0000,29.0,1.0,0.429709,0.037421,0.170534,0.533367,0.724638,0.618634,0,10
7.0000,29.0,2.0,0.687779,0.155006,0.394016,0.219736,0.724638,0.416744,1,10
7.0000,29.0,3.0,0.953492,-0.399971,0.374722,0.828469,0.724638,1.015831,1,13
7.0000,29.0,4.0,0.615173,-0.607471,0.613353,0.305342,0.724638,0.612019,1,9
7.0000,29.0,5.0,0.076363,-0.006187,0.190008,0.143928,0.724638,0.238932,1,9
7.0000,29.0,6.0,-0.700629,-0.100900,0.619666,0.108715,0.724638,0.418548,0,5
7.0000,29.0,7.0,0.756060,0.318168,0.098869,0.473228,0.724638,0.522662,0,14
7.0000,29.0,8.0,0.607405,0.168030,0.239274,0.379920,0.724638,0.499557,0,10
7.0000,29.0,9.0,0.065615,-0.111975,0.311026,0.229812,0.724638,0.385325,-1,9
7.0000,29.0,10.0,-0.045672,0.580029,0.120830,0.251243,0.724638,0.311658,0,6
7.0000,29.0,11.0,0.097639,-0.004846,0.749852,0.172309,0.724638,0.547235,0,9
7.0000,29.0,12.0,-0.159382,1.432799,0.329780,0.762225,0.724638,0.927115,0,7
7.0000,29.0,13.0,-0.055775,0.662654,0.331069,0.098659,0.724638,0.264194,0,6
7.0000,29.0,14.0,0.011927,0.020087,0.232581,0.100575,0.724638,0.216865,0,10
7.0000,29.0,15.0,-0.502841,0.407222,0.416393,0.870847,0.724638,1.079043,0,6
7.0000,29.0,16.0,-0.174808,0.177780,0.252612,0.530807,0.724638,0.657113,0,6
7.0000,29.0,17.0,-0.661114,-0.676572,0.491222,0.130939,0.724638,0.376550,-1,5
7.0000,29.0,18.0,-0.036191,0.492963,0.075514,0.434145,0.724638,0.471902,0,6
7.0000,29.0,19.0,0.222913,0.902944,0.384472,0.516777,0.724638,0.709013,0,11
7.0000,29.0,20.0,-0.722210,0.166806,0.295939,0.214850,0.724638,0.362819,0,6
7.0000,29.0,21.0,0.020610,0.771729,0.500514,0.007987,0.724638,0.258244,0,11
7.0000,29.0,22.0,0.900807,0.243370,0.135374,0.552907,0.724638,0.620594,0,14
7.0000,29.0,23.0,0.766458,-0.329401,0.511897,0.485811,0.724638,0.741759,0,13
7.0000,29.0,24.0,0.121422,-1.396565,0.603968,0.659341,0.724638,0.961325,0,8
7.0000,29.0,25.0,-0.317833,-0.527991,0.333426,0.807520,0.724638,0.974233,0,5
7.0000,29.0,26.0,0.120079,-0.943503,0.610573,0.399064,0.724638,0.704350,-1,8
7.0000,29.0,27.0,-0.015437,0.026131,0.195925,0.103735,0.724638,0.201697,0,6
7.0000,29.0,28.0,0.682093,-0.066963,0.446027,0.083306,0.724638,0.306319,0,9
7.0000,29.0,29.0,0.060733,-0.370786,0.323520,0.588727,0.724638,0.750487,-1,9
7.0000,29.0,30.0,-0.061311,0.063594,0.136003,0.160470,0.724638,0.228472,0,6
7.0000,29.0,31.0,-0.137200,0.572383,0.392467,0.395715,0.724638,0.591949,0,6
7.0000,30.0,0.0,0.623207,0.913549,0.337461,0.419460,0.724638,0.588191,0,11
7.0000,30.0,1.0,-0.036328,0.657517,0.191430,0.091486,0.724638,0.187201,0,6
7.0000,30.0,2.0,-0.405413,0.106098,0.195054,0.633624,0.724638,0.731151,0,6
7.0000,30.0,3.0,0.163731,0.447172,0.023192,0.694798,0.724638,0.706394,0,10
7.0000,30.0,4.0,0.012360,0.591767,0.059475,0.208776,0.724638,0.238513,0,10
7.0000,30.0,5.0,-0.093919,0.337830,0.057963,0.623108,0.724638,0.652089,1,6
7.0000,30.0,6.0,-0.523034,0.285834,0.262773,0.782057,0.724638,0.913444,0,6
7.0000,30.0,7.0,0.241580,0.611673,0.161927,0.518078,0.724638,0.599042,-1,10
7.0000,30.0,8.0,-0.128354,-0.041288,0.175562,0.236355,0.724638,0.324136,0,5
7.0000,30.0,9.0,-0.538275,0.511055,0.563940,0.656010,0.724638,0.937980,0,6
7.0000,30.0,10.0,0.125006,0.882637,0.660988,0.271775,0.724638,0.602269,1,11
7.0000,30.0,11.0,-0.755630,0.367247,0.357590,0.501612,0.724638,0.680407,1,2
7.0000,30.0,12.0,-0.448016,0.637846,0.539085,0.557173,0.724638,0.826715,-1,6
7.0000,30.0,13.0,0.523958,-0.092799,0.161121,0.429443,0.724638,0.510003,1,9
7.0000,30.0,14.0,0.021859,-0.697802,0.453377,0.032071,0.724638,0.258759,0,9
7.0000,30.0,15.0,0.638823,-0.042137,0.209187,0.127230,0.724638,0.231823,0,9
7.0000,30.0,16.0,0.034643,0.164836,0.218116,0.300650,0.724638,0.409708,-1,10
7.0000,30.0,17.0,-0.207566,-0.705638,0.937206,0.310439,0.724638,0.779042,0,5
7.0000,30.0,18.0,-0.039182,0.751471,0.174363,0.014078,0.724638,0.101260,-1,7
7.0000,30.0,19.0,0.027405,0.648957,0.134377,0.100675,0.724638,0.167863,0,10
7.0000,30.0,20.0,-0.414113,0.580468,0.352714,0.702297,0.724638,0.878654,-1,6
7.0000,30.0,21.0,0.305817,-0.159294,0.196866,0.713313,0.724638,0.811746,1,9
7.0000,30.0,22.0,0.544914,-0.018775,0.179241,0.315752,0.724638,0.405373,0,9
7.0000,30.0,23.0,0.506860,0.322740,0.256916,0.855484,0.724638,0.983942,0,10
7.0000,30.0,24.0,0.213662,-0.188262,0.330179,0.628440,0.724638,0.793530,0,9
7.0000,30.0,25.0,-0.742920,0.360033,0.186658,0.499438,0.724638,0.592766,0,6
7.0000,30.0,26.0,-0.580413,0.053014,0.307029,0.256461,0.724638,0.409975,0,6
7.0000,30.0,27.0,0.111953,0.547915,0.541586,0.406134,0.724638,0.676927,-1,10
7.0000,30.0,28.0,-0.283757,-0.677575,0.380432,0.476670,0.724638,0.666886,0,5
7.0000,30.0,29.0,-0.586733,0.448535,0.644306,0.655010,0.724638,0.977163,1,6
7.0000,30.0,30.0,0.464293,0.119495,0.166785,0.586374,0.724638,0.669767,0,10
7.0000,30.0,31.0,0.789412,0.792939,0.081004,0.129474,0.724638,0.169976,0,15
7.0000,31.0,0.0,1.311637,0.300875,1.140891,1.059964,0.724638,1.630409,0,14
7.0000,31.0,1.0,-0.243638,0.126054,0.156788,0.564274,0.724638,0.642668,0,6
7.0000,31.0,2.0,-0.111952,0.609922,0.121497,0.269208,0.724638,0.329957,0,6
7.0000,31.0,3.0,0.184604,0.226923,0.169281,0.646296,0.724638,0.730936,0,10
7.0000,31.0,4.0,-0.223269,0.918261,0.518460,0.552375,0.724638,0.811605,-1,7
7.0000,31.0,5.0,-0.114260,0.126652,0.033741,0.321223,0.724638,0.338093,0,6
7.0000,31.0,6.0,-0.090943,-0.130801,0.324813,0.293045,0.724638,0.455452,0,5
7.0000,31.0,7.0,0.283491,0.899322,0.389125,0.619629,0.724638,0.814192,1,11
7.0000,31.0,8.0,0.288082,0.194747,0.098411,0.763931,0.724638,0.813136,0,10
7.0000,31.0,9.0,0.353892,-0.427979,0.462439,0.996084,0.724638,1.227304,1,9
7.0000,31.0,10.0,-0.660645,-0.110115,0.263080,0.173188,0.724638,0.304728,0,5
7.0000,31.0,11.0,-0.025384,-0.486714,0.135615,0.440392,0.724638,0.508200,0,5
7.0000,31.0,12.0,0.145917,0.067753,0.214800,0.291977,0.724638,0.399377,0,10
7.0000,31.0,13.0,0.585161,-0.243147,0.637347,0.577079,0.724638,0.895753,-1,9
7.0000,31.0,14.0,-0.260495,0.263053,0.160483,0.849614,0.724638,0.929856,0,6
7.0000,31.0,15.0,0.401811,0.568356,0.153877,0.736023,0.724638,0.812962,0,10
7.0000,31.0,16.0,0.135835,-0.049253,0.262987,0.255729,0.724638,0.387222,-1,9
7.0000,31.0,17.0,0.832853,0.011882,0.272927,0.060459,0.724638,0.196922,0,14
7.0000,31.0,18.0,0.023854,-0.072263,0.520555,0.143585,0.724638,0.403862,0,9
7.0000,31.0,19.0,-0.313582,0.178206,0.166366,0.758082,0.724638,0.841265,0,6
7.0000,31.0,20.0,0.138136,0.781298,0.872717,0.158104,0.724638,0.594462,-1,11
7.0000,31.0,21.0,0.795283,-0.845570,0.830667,0.226173,0.724638,0.641506,0,12
7.0000,31.0,22.0,0.239664,0.692354,0.238266,0.386111,0.724638,0.505245,0,10
7.0000,31.0,23.0,-0.281001,0.567388,0.342221,0.678128,0.724638,0.849238,0,6
7.0000,31.0,24.0,0.173391,0.133326,0.180775,0.442629,0.724638,0.533017,0,10
7.0000,31.0,25.0,0.012304,0.124240,0.083622,0.216149,0.724638,0.257960,0,10
7.0000,31.0,26.0,0.108831,0.222612,0.467547,0.497278,0.724638,0.731051,0,10
7.0000,31.0,27.0,0.591120,0.020344,0.591258,0.212442,0.724638,0.508072,0,10
7.0000,31.0,28.0,-0.671198,-0.785736,0.283952,0.113896,0.724638,0.255872,0,4
7.0000,31.0,29.0,0.053163,-0.528620,0.256590,0.372839,0.724638,0.501134,0,9
7.0000,31.0,30.0,0.179347,-0.043956,0.145180,0.335390,0.724638,0.407980,0,9
7.0000,31.0,31.0,0.832601,0.263807,0.254991,0.461789,0.724638,0.589285,0,14
8.0000,0.0,0.0,0.017827,0.052806,0.467574,0.173780,0.657895,0.407567,0,10
8.0000,0.0,1.0,-0.035606,1.370799,0.828446,0.452105,0.657895,0.866328,0,7
8.0000,0.0,2.0,0.400843,0.445566,0.316951,0.993870,0.657895,1.152346,0,10
8.0000,0.0,3.0,-0.096588,0.048803,0.329009,0.241732,0.657895,0.406237,0,6
8.0000,0.0,4.0,0.277405,0.673411,0.750266,0.485028,0.657895,0.860161,-1,10
8.0000,0.0,5.0,0.673574,-0.182505,0.076115,0.309042,0.657895,0.347099,0,9
8.0000,0.0,6.0,0.124250,-0.145103,0.202484,0.421113,0.657895,0.522355,-1,9
8.0000,0.0,7.0,0.120600,0.331331,0.122173,0.704701,0.657895,0.765787,0,10
8.0000,0.0,8.0,-0.226029,-0.071335,0.098288,0.499922,0.657895,0.549066,0,5
8.0000,0.0,9.0,0.058170,-0.384902,0.138316,0.623787,0.657895,0.692945,0,9
8.0000,0.0,10.0,0.657034,-0.642755,0.570668,0.167771,0.657895,0.453104,0,9
8.0000,0.0,11.0,0.092143,-1.074867,0.340035,0.587960,0.657895,0.757978,0,8
8.0000,0.0,12.0,0.051127,-0.033852,0.010352,0.179250,0.657895,0.184426,1,9
8.0000,0.0,13.0,0.152840,-0.128623,0.234111,0.443217,0.657895,0.560273,0,9
8.0000,0.0,14.0,-0.494235,0.051906,0.093145,0.476896,0.657895,0.523468,0,6
8.0000,0.0,15.0,0.022872,-0.232398,0.380896,0.474288,0.657895,0.664736,-1,9
8.0000,0.0,16.0,-0.413438,0.106567,0.522387,0.666611,0.657895,0.927805,0,6
8.0000,0.0,17.0,0.418845,0.987327,0.102859,0.870874,0.657895,0.922304,0,11
8.0000,0.0,18.0,0.269821,0.462916,0.128276,0.902504,0.657895,0.966643,0,10
8.0000,0.0,19.0,0.772389,0.155261,0.277373,0.193236,0.657895,0.331922,0,14
8.0000,0.0,20.0,0.448055,0.633819,0.204218,0.570975,0.657895,0.673084,0,10
8.0000,0.0,21.0,0.902948,0.202213,0.042632,0.461247,0.657895,0.482563,0,14
8.0000,0.0,22.0,0.760467,0.041995,0.172624,0.025266,0.657895,0.111578,0,14
8.0000,0.0,23.0,0.449883,0.206039,0.043243,0.809946,0.657895,0.831568,0,10
8.0000,0.0,24.0,0.653245,0.014963,0.181759,0.109066,0.657895,0.199946,0,10
8.0000,0.0,25.0,0.369515,0.098580,0.287621,0.677436,0.657895,0.821246,0,10
8.0000,0.0,26.0,0.029082,0.255588,0.185339,0.516129,0.657895,0.608799,0,10
8.0000,0.0,27.0,0.092269,-0.142539,0.548375,0.366324,0.657895,0.640512,1,9
8.0000,0.0,28.0,-0.705940,-0.587956,0.384010,0.215307,0.657895,0.407312,0,5
8.0000,0.0,29.0,-0.329763,-0.255574,0.407710,0.955938,0.657895,1.159793,0,5
8.0000,0.0,30.0,-0.089416,0.186270,0.274860,0.446495,0.657895,0.583925,0,6
8.0000,0.0,31.0,0.225848,-0.614535,0.329014,0.502461,0.657895,0.666968,0,9
8.0000,1.0,0.0,0.114505,-0.295027,0.099788,0.664516,0.657895,0.714410,-1,9
8.0000,1.0,1.0,0.426952,-0.062128,0.141460,0.594942,0.657895,0.665672,1,9
8.0000,1.0,2.0,1.088355,-0.179153,0.378947,0.770768,0.657895,0.960242,0,13
8.0000,1.0,3.0,0.731636,-0.267542,0.221770,0.414940,0.657895,0.525825,0,9
8.0000,1.0,4.0,-0.072662,-0.736900,0.341547,0.058669,0.657895,0.229442,0,5
8.0000,1.0,5.0,0.671799,-0.218597,0.389447,0.384465,0.657895,0.579189,0,9
8.0000,1.0,6.0,-0.077460,-0.881476,0.407125,0.187785,0.657895,0.391347,1,4
8.0000,1.0,7.0,-0.102279,-0.064554,0.215208,0.264519,0.657895,0.372123,-1,5
8.0000,1.0,8.0,0.193824,-0.265709,0.059953,0.774986,0.657895,0.804962,1,9
8.0000,1.0,9.0,-0.126768,-0.078414,0.346114,0.319948,0.657895,0.493005,0,5
8.0000,1.0,10.0,-0.067884,0.475879,0.379739,0.527801,0.657895,0.717670,-1,6
8.0000,1.0,11.0,0.377265,-0.635033,0.231442,0.619780,0.657895,0.735501,1,9
8.0000,1.0,12.0,0.198665,-0.051521,0.162803,0.428633,0.657895,0.510035,0,9
8.0000,1.0,13.0,0.011114,0.553330,0.156636,0.323964,0.657895,0.402282,0,10
8.0000,1.0,14.0,-0.396224,0.173336,0.161888,0.801347,0.657895,0.882291,0,6
8.0000,1.0,15.0,-0.090404,0.865549,0.132850,0.176644,0.657895,0.243069,0,7
8.0000,1.0,16.0,0.061573,0.735440,0.390152,0.047052,0.657895,0.242128,-1,10
8.0000,1.0,17.0,0.501812,1.314954,0.984339,0.983301,0.657895,1.475470,0,11
8.0000,1.0,18.0,0.641116,0.630304,0.124205,0.212874,0.657895,0.274976,0,10
8.0000,1.0,19.0,0.046676,0.653883,0.362844,0.124533,0.657895,0.305955,0,10
8.0000,1.0,20.0,0.434450,-0.016931,0.443877,0.556445,0.657895,0.778383,0,9
8.0000,1.0,21.0,0.651350,-0.045284,0.288963,0.127888,0.657895,0.272370,0,9
8.0000,1.0,22.0,0.052941,0.299928,0.011547,0.590928,0.657895,0.596701,0,10
8.0000,1.0,23.0,0.156285,0.111656,0.287960,0.421260,0.657895,0.565240,0,10
8.0000,1.0,24.0,0.994939,0.738003,1.382919,0.513207,0.657895,1.204666,-1,14
8.0000,1.0,25.0,-0.634680,0.137716,0.095820,0.286869,0.657895,0.334779,1,6
8.0000,1.0,26.0,-0.720036,0.388564,0.482183,0.508738,0.657895,0.749830,1,6
8.0000,1.0,27.0,-0.223602,0.979153,0.402500,0.674221,0.657895,0.875471,0,7
8.0000,1.0,28.0,-0.587057,0.538952,0.126655,0.502460,0.657895,0.565788,0,6
8.0000,1.0,29.0,-0.117328,0.898860,0.434620,0.282505,0.657895,0.499815,-1,7
8.0000,1.0,30.0,0.128752,-0.371549,0.408974,0.726352,0.657895,0.930839,0,9
8.0000,1.0,31.0,0.824937,0.069959,0.230334,0.091168,0.657895,0.206335,0,14
8.0000,2.0,0.0,-0.297869,-0.017115,0.398125,0.568008,0.657895,0.767071,0,5
8.0000,2.0,1.0,0.719055,0.109245,0.208914,0.120439,0.657895,0.224896,0,10
8.0000,2.0,2.0,0.092502,0.444550,0.342516,0.609534,0.657895,0.780792,0,10
8.0000,2.0,3.0,0.688516,-0.401807,0.476207,0.530664,0.657895,0.768768,1,9
8.0000,2.0,4.0,0.153236,-0.035261,0.214639,0.328808,0.657895,0.436128,0,9
8.0000,2.0,5.0,-0.060577,-0.075012,0.125572,0.223836,0.657895,0.286622,-1,5
8.0000,2.0,6.0,0.213697,0.054339,0.125026,0.459889,0.657895,0.522403,0,10
8.0000,2.0,7.0,0.151011,0.753086,0.310278,0.182927,0.657895,0.338066,0,11
8.0000,2.0,8.0,0.024578,0.005050,0.272802,0.153386,0.657895,0.289787,0,10
8.0000,2.0,9.0,-0.086114,0.957005,0.265795,0.358848,0.657895,0.491746,0,7
8.0000,2.0,10.0,-0.003354,0.763120,0.348260,0.010385,0.657895,0.184514,0,7
8.0000,2.0,11.0,0.631011,0.064250,0.277911,0.183363,0.657895,0.322318,0,10
8.0000,2.0,12.0,-0.194793,0.257322,0.070629,0.764051,0.657895,0.799365,0,6
8.0000,2.0,13.0,0.148013,0.007912,0.295607,0.309136,0.657895,0.456940,0,10
8.0000,2.0,14.0,-0.640893,0.295826,0.550795,0.562783,0.657895,0.838180,0,6
8.0000,2.0,15.0,-0.041864,0.166252,0.300113,0.357979,0.657895,0.508035,-1,6
8.0000,2.0,16.0,0.659645,-0.085092,0.536078,0.155936,0.657895,0.423975,0,9
8.0000,2.0,17.0,-0.768587,-0.039775,0.493249,0.024646,0.657895,0.271271,1,1
8.0000,2.0,18.0,0.550477,0.263301,0.523106,0.712916,0.657895,0.974469,0,10
8.0000,2.0,19.0,-0.443256,-0.127771,0.222956,0.667834,0.657895,0.779312,0,5
8.0000,2.0,20.0,-0.508099,-0.933044,0.524467,0.632923,0.657895,0.895156,-1,4
8.0000,2.0,21.0,-0.084144,0.325710,0.092981,0.646342,0.657895,0.692833,0,6
8.0000,2.0,22.0,0.045081,0.300500,0.064878,0.585206,0.657895,0.617644,0,10
8.0000,2.0,23.0,0.159709,0.348676,0.239877,0.783188,0.657895,0.903127,0,10
8.0000,2.0,24.0,-0.089729,-0.419221,0.041781,0.636241,0.657895,0.657131,0,5
8.0000,2.0,25.0,-0.116669,-0.073789,0.083665,0.297351,0.657895,0.339183,0,5
8.0000,2.0,26.0,0.089829,-0.434606,0.132822,0.619006,0.657895,0.685417,1,9
8.0000,2.0,27.0,0.308247,-0.021476,0.221297,0.579608,0.657895,0.690257,0,9
8.0000,2.0,28.0,-0.198923,0.615056,0.240556,0.448289,0.657895,0.568567,0,6
8.0000,2.0,29.0,-0.151091,0.648171,0.346074,0.287204,0.657895,0.460240,0,6
8.0000,2.0,30.0,0.923775,0.197863,0.207207,0.496763,0.657895,0.600367,0,14
8.0000,2.0,31.0,0.815051,-0.462311,0.568096,0.475198,0.657895,0.759246,1,13
8.0000,3.0,0.0,-0.046969,0.675309,0.174055,0.090727,0.657895,0.177755,0,6
8.0000,3.0,1.0,0.157860,0.234618,0.108146,0.653646,0.657895,0.707720,0,10
8.0000,3.0,2.0,0.545407,0.750145,0.503410,0.287722,0.657895,0.539427,0,11
8.0000,3.0,3.0,-0.300852,0.308897,0.514893,1.001141,0.657895,1.258587,0,6
8.0000,3.0,4.0,-0.737873,-0.166350,0.074029,0.216985,0.657895,0.253999,0,5
8.0000,3.0,5.0,-0.675749,0.103574,0.396667,0.158040,0.657895,0.356373,0,6
8.0000,3.0,6.0,0.266377,-0.017451,0.324043,0.528070,0.657895,0.690092,0,9
8.0000,3.0,7.0,0.067970,-0.058501,0.221282,0.213920,0.657895,0.324562,0,9
8.0000,3.0,8.0,-0.066224,0.410625,0.258647,0.615471,0.657895,0.744794,0,6
8.0000,3.0,9.0,0.300702,0.024743,0.195902,0.573626,0.657895,0.671577,0,10
8.0000,3.0,10.0,0.142277,0.069583,0.443703,0.337449,0.657895,0.559300,0,10
8.0000,3.0,11.0,0.355341,-0.498262,0.401711,0.913802,0.657895,1.114658,0,9
8.0000,3.0,12.0,0.032506,0.483443,0.307263,0.484493,0.657895,0.638124,0,10
8.0000,3.0,13.0,0.751159,0.344625,0.135669,0.493842,0.657895,0.561676,0,14
8.0000,3.0,14.0,0.664216,0.648311,0.111355,0.149296,0.657895,0.204973,0,10
8.0000,3.0,15.0,0.752405,0.285832,0.154358,0.437197,0.657895,0.514376,0,14
8.0000,3.0,16.0,0.395945,-0.266397,0.478857,0.973071,0.657895,1.212500,0,9
8.0000,3.0,17.0,-0.886656,-0.396524,0.147823,0.650189,0.657895,0.724101,0,1
8.0000,3.0,18.0,-0.247114,-0.298686,0.082506,0.916286,0.657895,0.957539,0,5
8.0000,3.0,19.0,-0.569120,-0.600333,0.271742,0.410051,0.657895,0.545922,0,5
8.0000,3.0,20.0,-0.504033,-0.355418,0.349579,0.902159,0.657895,1.076949,0,5
8.0000,3.0,21.0,-0.485464,-0.114214,0.347535,0.574212,0.657895,0.747980,1,5
8.0000,3.0,22.0,-0.110016,0.769536,0.063875,0.109061,0.657895,0.140998,0,7
8.0000,3.0,23.0,-0.393783,0.384325,0.498425,1.050663,0.657895,1.299876,0,6
8.0000,3.0,24.0,-0.241009,-0.263697,0.099306,0.860400,0.657895,0.910053,-1,5
8.0000,3.0,25.0,0.044411,0.294834,0.065985,0.578697,0.657895,0.611689,0,10
8.0000,3.0,26.0,0.075244,0.124581,0.014514,0.312371,0.657895,0.319628,0,10
8.0000,3.0,27.0,0.006476,0.341462,0.237989,0.597199,0.657895,0.716194,0,10
8.0000,3.0,28.0,0.770353,0.475977,0.385256,0.420013,0.657895,0.612641,0,14
8.0000,3.0,29.0,-0.264856,0.533123,0.433402,0.754950,0.657895,0.971651,0,6
8.0000,3.0,30.0,0.542815,0.683711,0.168900,0.328625,0.657895,0.413075,0,10
8.0000,3.0,31.0,0.073634,0.072378,0.142593,0.234693,0.657895,0.305989,0,10
8.0000,4.0,0.0,0.405701,0.170187,0.069019,0.788640,0.657895,0.823149,0,10
8.0000,4.0,1.0,0.035257,0.274539,0.320772,0.547495,0.657895,0.707881,-1,10
8.0000,4.0,2.0,-0.265498,0.082897,0.462208,0.579729,0.657895,0.810833,0,6
8.0000,4.0,3.0,-1.498155,-0.148476,0.143034,0.729830,0.657895,0.801347,0,1
8.0000,4.0,4.0,-1.087527,-0.478021,0.110060,1.003184,0.657895,1.058214,0,1
8.0000,4.0,5.0,-0.730611,-0.721902,0.139183,0.030520,0.657895,0.100111,0,5
8.0000,4.0,6.0,-0.801391,-0.356558,0.122072,0.519837,0.657895,0.580873,0,1
8.0000,4.0,7.0,-0.722277,-0.208668,0.135071,0.311270,0.657895,0.378805,0,5
8.0000,4.0,8.0,-0.217697,-0.442665,0.084225,0.842741,0.657895,0.884854,-1,5
8.0000,4.0,9.0,-0.568728,0.000433,0.141115,0.286755,0.657895,0.357313,0,6
8.0000,4.0,10.0,-1.039291,0.173826,1.069886,0.688701,0.657895,1.223644,0,2
8.0000,4.0,11.0,0.774470,0.104403,0.201555,0.101241,0.657895,0.202018,0,14
8.0000,4.0,12.0,0.864979,0.465929,0.359573,0.547749,0.657895,0.727536,0,14
8.0000,4.0,13.0,0.091537,0.432885,0.323008,0.623513,0.657895,0.785017,0,10
8.0000,4.0,14.0,0.641187,0.095391,0.661510,0.203088,0.657895,0.533843,1,10
8.0000,4.0,15.0,0.455265,-0.025810,0.474670,0.530306,0.657895,0.767640,0,9
8.0000,4.0,16.0,-0.077102,-0.438611,0.222072,0.597327,0.657895,0.708363,0,5
8.0000,4.0,17.0,-0.752753,-0.003105,0.610214,0.010462,0.657895,0.315570,0,1
8.0000,4.0,18.0,0.034858,-0.534981,0.225771,0.375867,0.657895,0.488753,0,9
8.0000,4.0,19.0,0.440761,-0.654105,0.262032,0.544887,0.657895,0.675903,1,9
8.0000,4.0,20.0,0.652617,-0.399603,0.379935,0.581871,0.657895,0.771839,0,9
8.0000,4.0,21.0,0.190464,-0.007972,0.233169,0.391232,0.657895,0.507816,0,9
8.0000,4.0,22.0,-0.267745,0.810888,0.448455,0.437925,0.657895,0.662152,1,7
8.0000,4.0,23.0,0.586816,1.151694,1.233719,0.896157,0.657895,1.513016,0,11
8.0000,4.0,24.0,-0.292606,-0.229948,0.738443,0.879427,0.657895,1.248649,0,5
8.0000,4.0,25.0,-0.180006,0.723365,0.113576,0.251970,0.657895,0.308758,0,6
8.0000,4.0,26.0,0.144137,0.163844,0.360178,0.492307,0.657895,0.672397,0,10
8.0000,4.0,27.0,-0.096964,0.924259,0.615547,0.302577,0.657895,0.610351,1,7
8.0000,4.0,28.0,0.133720,0.229405,0.126771,0.599340,0.657895,0.662726,0,10
8.0000,4.0,29.0,0.728051,0.263427,0.187261,0.409976,0.657895,0.503606,0,10
8.0000,4.0,30.0,0.699656,0.444667,0.150847,0.482224,0.657895,0.557647,0,10
8.0000,4.0,31.0,0.055890,0.510540,0.101912,0.446326,0.657895,0.497282,0,10
8.0000,5.0,0.0,0.116682,-0.040592,0.145980,0.266853,0.657895,0.339843,1,9
8.0000,5.0,1.0,0.256587,-0.777565,0.877690,0.395852,0.657895,0.834697,0,8
8.0000,5.0,2.0,-0.738797,-0.144802,0.037405,0.173866,0.657895,0.192568,0,5
8.0000,5.0,3.0,-0.997457,0.061814,0.170395,0.416248,0.657895,0.501446,0,2
8.0000,5.0,4.0,-0.608460,-0.632518,0.159831,0.267724,0.657895,0.347639,0,5
8.0000,5.0,5.0,-0.709635,-0.075525,0.186069,0.079511,0.657895,0.172545,1,5
8.0000,5.0,6.0,-0.381761,0.176422,0.284680,0.814305,0.657895,0.956645,0,6
8.0000,5.0,7.0,-0.285830,-0.007564,0.076292,0.552258,0.657895,0.590404,-1,5
8.0000,5.0,8.0,-0.208531,-0.311293,0.070833,0.858072,0.657895,0.893488,0,5
8.0000,5.0,9.0,-0.009300,0.002575,0.414935,0.148904,0.657895,0.356372,0,6
8.0000,5.0,10.0,-0.241685,0.764433,0.335347,0.365482,0.657895,0.533155,0,7
8.0000,5.0,11.0,0.639366,0.910053,0.289102,0.347512,0.657895,0.492063,0,11
8.0000,5.0,12.0,-0.041145,0.599815,0.340117,0.229489,0.657895,0.399547,0,6
8.0000,5.0,13.0,0.219868,1.360003,0.968986,0.788296,0.657895,1.272789,0,11
8.0000,5.0,14.0,-0.970093,0.119057,0.447283,0.440403,0.657895,0.664045,0,2
8.0000,5.0,15.0,-0.641547,-0.517605,0.034647,0.440144,0.657895,0.457468,0,5
8.0000,5.0,16.0,-0.417930,-0.793512,0.131655,0.500731,0.657895,0.566558,0,4
8.0000,5.0,17.0,-0.433418,-1.201294,0.637079,1.106729,0.657895,1.425268,0,4
8.0000,5.0,18.0,0.837214,-0.251505,0.501099,0.441542,0.657895,0.692091,0,13
8.0000,5.0,19.0,0.406349,0.314032,0.429279,1.023530,0.657895,1.238170,0,10
8.0000,5.0,20.0,0.201012,0.574478,0.713430,0.543055,0.657895,0.899770,-1,10
8.0000,5.0,21.0,0.082755,-0.209441,0.202881,0.482655,0.657895,0.584096,0,9
8.0000,5.0,22.0,-0.012638,-0.128428,0.161283,0.274452,0.657895,0.355094,0,5
8.0000,5.0,23.0,0.677323,-0.346426,0.506710,0.546912,0.657895,0.800267,0,9
8.0000,5.0,24.0,0.478599,0.969024,0.365283,0.766529,0.657895,0.949171,0,11
8.0000,5.0,25.0,-0.035262,0.599993,0.713989,0.225309,0.657895,0.582303,0,6
8.0000,5.0,26.0,0.645141,-0.580029,0.131915,0.303908,0.657895,0.369865,0,9
8.0000,5.0,27.0,0.013040,-0.459233,0.088440,0.519814,0.657895,0.564034,0,9
8.0000,5.0,28.0,0.076348,-0.157125,0.489677,0.373095,0.657895,0.617934,-1,9
8.0000,5.0,29.0,0.061792,0.784472,0.097179,0.048773,0.657895,0.097363,0,11
8.0000,5.0,30.0,0.542106,0.844408,0.631227,0.380768,0.657895,0.696381,0,11
8.0000,5.0,31.0,0.406054,0.726930,0.186464,0.497702,0.657895,0.590934,0,10
8.0000,6.0,0.0,0.092481,0.103047,0.450152,0.299705,0.657895,0.524781,0,10
8.0000,6.0,1.0,-0.933224,0.061441,0.183093,0.276194,0.657895,0.367740,0,2
8.0000,6.0,2.0,-0.555652,-0.225317,0.301939,0.634291,0.657895,0.785261,0,5
8.0000,6.0,3.0,-1.044060,-0.152653,0.310292,0.652264,0.657895,0.807410,0,1
8.0000,6.0,4.0,-0.853490,-0.123786,0.332977,0.211193,0.657895,0.377682,0,1
8.0000,6.0,5.0,0.046765,-0.109516,0.290402,0.259703,0.657895,0.404904,0,9
8.0000,6.0,6.0,-0.675002,-0.828404,0.389012,0.134384,0.657895,0.328890,-1,4
8.0000,6.0,7.0,0.168470,0.015969,0.407037,0.349853,0.657895,0.553371,0,10
8.0000,6.0,8.0,0.053845,-0.035094,0.453861,0.182273,0.657895,0.409203,0,9
8.0000,6.0,9.0,-0.119943,1.009087,0.431790,0.524327,0.657895,0.740222,0,7
8.0000,6.0,10.0,-0.444185,0.055261,0.327483,0.566534,0.657895,0.730276,1,6
8.0000,6.0,11.0,-0.130956,0.849474,0.629466,0.218095,0.657895,0.532829,1,7
8.0000,6.0,12.0,-0.884970,0.648945,0.338168,0.275075,0.657895,0.444159,0,2
8.0000,6.0,13.0,-0.739265,1.367366,0.253025,0.817816,0.657895,0.944328,0,7
8.0000,6.0,14.0,-0.080890,0.815598,0.927308,0.094452,0.657895,0.558106,0,7
8.0000,6.0,15.0,-0.717768,-0.599148,0.574002,0.186231,0.657895,0.473232,0,5
8.0000,6.0,16.0,-0.705659,-1.320110,0.619351,0.792017,0.657895,1.101692,0,4
8.0000,6.0,17.0,-0.303342,-1.079677,0.206586,0.998014,0.657895,1.101307,0,4
8.0000,6.0,18.0,-0.009260,-1.136038,0.031226,0.567526,0.657895,0.583139,0,4
8.0000,6.0,19.0,-0.112463,-0.842668,0.139657,0.175172,0.657895,0.245001,0,4
8.0000,6.0,20.0,0.043605,-0.908906,0.634459,0.208029,0.657895,0.525259,-1,8
8.0000,6.0,21.0,-0.766051,0.065131,0.231011,0.046538,0.657895,0.162043,0,2
8.0000,6.0,22.0,-0.313312,0.048087,0.369822,0.599343,0.657895,0.784254,0,6
8.0000,6.0,23.0,0.522087,-0.828965,0.717164,0.394798,0.657895,0.753380,0,8
8.0000,6.0,24.0,0.274048,-0.040458,0.299566,0.550079,0.657895,0.699862,0,9
8.0000,6.0,25.0,-0.041798,-0.400263,0.190748,0.601942,0.657895,0.697316,0,5
8.0000,6.0,26.0,0.310846,-0.622004,0.257630,0.615707,0.657895,0.744522,0,9
8.0000,6.0,27.0,-0.495276,-0.449332,0.175376,0.862551,0.657895,0.950239,0,5
8.0000,6.0,28.0,-0.879194,0.241415,0.150066,0.492747,0.657895,0.567780,0,2
8.0000,6.0,29.0,-0.150307,0.453658,0.254048,0.694276,0.657895,0.821300,0,6
8.0000,6.0,30.0,-1.019717,0.613525,0.770081,0.659748,0.657895,1.044788,1,2
8.0000,6.0,31.0,0.585957,0.525274,0.364257,0.533558,0.657895,0.715687,0,10
8.0000,7.0,0.0,0.922982,-0.135854,1.277566,0.367376,0.657895,1.006158,0,13
8.0000,7.0,1.0,-0.407189,0.541929,0.144138,0.807900,0.657895,0.879969,0,6
8.0000,7.0,2.0,-0.066550,0.625984,0.198990,0.195945,0.657895,0.295440,0,6
8.0000,7.0,3.0,-0.624615,0.861291,0.719211,0.259515,0.657895,0.619120,0,7
8.0000,7.0,4.0,-0.147092,0.025373,0.259994,0.312277,0.657895,0.442274,-1,6
8.0000,7.0,5.0,0.018041,-0.460278,0.262286,0.519434,0.657895,0.650577,0,9
8.0000,7.0,6.0,-0.622803,-0.469363,0.053557,0.561397,0.657895,0.588175,0,5
8.0000,7.0,7.0,-1.031075,-0.400556,0.117902,0.972299,0.657895,1.031250,0,1
8.0000,7.0,8.0,-0.549285,-0.610561,0.915291,0.431927,0.657895,0.889573,-1,5
8.0000,7.0,9.0,0.650784,0.665256,0.489780,0.144223,0.657895,0.389112,0,10
8.0000,7.0,10.0,0.102912,-0.475521,0.266887,0.574798,0.657895,0.708242,0,9
8.0000,7.0,11.0,0.026010,-0.523289,0.392281,0.397879,0.657895,0.594020,-1,9
8.0000,7.0,12.0,-0.008905,0.430262,0.193963,0.559798,0.657895,0.656779,0,6
8.0000,7.0,13.0,-0.782755,0.845541,1.046904,0.163064,0.657895,0.686516,-1,3
8.0000,7.0,14.0,0.607829,-0.094226,0.290365,0.269556,0.657895,0.414739,-1,9
8.0000,7.0,15.0,-0.186699,0.623162,0.255546,0.406694,0.657895,0.534467,0,6
8.0000,7.0,16.0,-0.136280,0.070409,0.290640,0.327437,0.657895,0.472757,0,6
8.0000,7.0,17.0,-0.960671,-0.527767,0.686414,0.666536,0.657895,1.009743,0,1
8.0000,7.0,18.0,0.030424,-0.972907,0.863246,0.339047,0.657895,0.770670,1,8
8.0000,7.0,19.0,-0.402186,-0.174877,0.077589,0.800503,0.657895,0.839298,1,5
8.0000,7.0,20.0,-0.074905,0.050000,0.274950,0.214262,0.657895,0.351737,1,6
8.0000,7.0,21.0,-0.253766,0.740664,0.449894,0.388674,0.657895,0.613621,1,6
8.0000,7.0,22.0,-0.423326,0.039587,0.127360,0.580133,0.657895,0.643813,0,6
8.0000,7.0,23.0,-0.855401,-0.292386,0.054673,0.534331,0.657895,0.561668,0,1
8.0000,7.0,24.0,-0.710094,-0.063031,0.392151,0.064992,0.657895,0.261068,0,5
8.0000,7.0,25.0,-0.160888,-1.158738,0.321062,0.774453,0.657895,0.934984,0,4
8.0000,7.0,26.0,-0.273973,-0.716118,0.300648,0.433949,0.657895,0.584273,0,5
8.0000,7.0,27.0,-0.561985,-0.718647,0.245069,0.260631,0.657895,0.383165,0,5
8.0000,7.0,28.0,-0.953331,0.105599,0.279811,0.380315,0.657895,0.520221,1,2
8.0000,7.0,29.0,-0.595840,0.263234,0.207909,0.609093,0.657895,0.713047,0,6
8.0000,7.0,30.0,-0.749732,-0.035671,0.792458,0.021728,0.657895,0.417957,-1,5
8.0000,7.0,31.0,0.704857,-0.485220,0.111352,0.418799,0.657895,0.474475,1,9
8.0000,8.0,0.0,-0.532859,0.737099,0.418042,0.313730,0.657895,0.522751,1,6
8.0000,8.0,1.0,0.123902,0.127930,0.013110,0.389533,0.657895,0.396088,-1,10
8.0000,8.0,2.0,0.040400,-0.020327,0.257897,0.165136,0.657895,0.294085,0,9
8.0000,8.0,3.0,0.357744,-0.131194,0.118340,0.731305,0.657895,0.790475,0,9
8.0000,8.0,4.0,0.732100,0.087585,0.484714,0.079919,0.657895,0.322276,0,10
8.0000,8.0,5.0,0.565321,-1.042398,0.522299,0.787849,0.657895,1.048998,0,8
8.0000,8.0,6.0,-0.503274,-0.300488,0.039315,0.867273,0.657895,0.886930,0,5
8.0000,8.0,7.0,-0.601205,-0.297617,0.163223,0.645183,0.657895,0.726795,0,5
8.0000,8.0,8.0,-0.420784,0.148897,0.137399,0.733755,0.657895,0.802455,0,6
8.0000,8.0,9.0,0.071412,0.517231,0.325505,0.447755,0.657895,0.610507,0,10
8.0000,8.0,10.0,-0.855346,-0.099893,0.091994,0.173951,0.657895,0.219948,0,1
8.0000,8.0,11.0,-0.761882,-0.328685,0.665091,0.484304,0.657895,0.816850,0,1
8.0000,8.0,12.0,0.045963,0.469553,0.047150,0.518731,0.657895,0.542306,0,10
8.0000,8.0,13.0,0.332478,0.489186,0.149047,0.922457,0.657895,0.996981,-1,10
8.0000,8.0,14.0,0.486973,-0.063645,0.396374,0.502381,0.657895,0.700568,-1,9
8.0000,8.0,15.0,-0.767380,0.009227,0.268440,0.011562,0.657895,0.145782,0,2
8.0000,8.0,16.0,0.105184,0.328901,0.229423,0.678315,0.657895,0.793027,0,10
8.0000,8.0,17.0,-0.610779,0.673405,0.449233,0.202153,0.657895,0.426769,0,6
8.0000,8.0,18.0,0.260439,0.632109,0.213763,0.528620,0.657895,0.635502,-1,10
8.0000,8.0,19.0,-0.049850,-0.005962,0.221118,0.168953,0.657895,0.279512,-1,5
8.0000,8.0,20.0,0.316741,-0.611366,0.185385,0.643151,0.657895,0.735844,0,9
8.0000,8.0,21.0,-0.269778,-0.390290,0.096306,0.981105,0.657895,1.029258,-1,5
8.0000,8.0,22.0,-0.045123,-0.224059,0.308474,0.471729,0.657895,0.625966,0,5
8.0000,8.0,23.0,-0.807571,0.085350,0.090361,0.092790,0.657895,0.137971,0,2
8.0000,8.0,24.0,-0.824359,-0.293999,0.117291,0.491577,0.657895,0.550223,0,1
8.0000,8.0,25.0,-0.263131,-0.126703,0.307556,0.643231,0.657895,0.797009,1,5
8.0000,8.0,26.0,-0.676413,0.262492,0.665146,0.457751,0.657895,0.790324,-1,6
8.0000,8.0,27.0,-0.178990,-0.751171,0.061502,0.239724,0.657895,0.270475,0,4
8.0000,8.0,28.0,-0.222148,-0.551644,0.039757,0.637537,0.657895,0.657416,0,5
8.0000,8.0,29.0,-0.348039,-0.547445,0.386141,0.805531,0.657895,0.998602,0,5
8.0000,8.0,30.0,-0.082128,0.601676,0.897821,0.266486,0.657895,0.715396,-1,6
8.0000,8.0,31.0,1.150033,-0.206666,1.316817,0.873161,0.657895,1.531569,-1,13
8.0000,9.0,0.0,-0.554839,-0.195244,0.268556,0.577139,0.657895,0.711417,0,5
8.0000,9.0,1.0,0.079987,-0.018899,0.224786,0.202722,0.657895,0.315115,0,9
8.0000,9.0,2.0,0.438556,-0.892142,0.490795,0.634600,0.657895,0.879998,0,8
8.0000,9.0,3.0,0.812708,0.148741,0.200825,0.205851,0.657895,0.306263,1,14
8.0000,9.0,4.0,0.769008,-0.707914,0.388583,0.044588,0.657895,0.238880,0,13
8.0000,9.0,5.0,0.184966,-0.540201,0.073227,0.590345,0.657895,0.626959,0,9
8.0000,9.0,6.0,-0.185018,-0.515831,0.440863,0.645162,0.657895,0.865594,0,5
8.0000,9.0,7.0,-1.141663,0.061371,0.606500,0.602095,0.657895,0.905345,0,2
8.0000,9.0,8.0,-0.008918,0.103788,0.264887,0.233371,0.657895,0.365814,0,6
8.0000,9.0,9.0,-0.090961,0.706785,0.179828,0.102497,0.657895,0.192411,0,6
8.0000,9.0,10.0,-0.600310,0.391889,0.267327,0.685987,0.657895,0.819650,0,6
8.0000,9.0,11.0,0.071933,0.493094,0.107117,0.499319,0.657895,0.552877,0,10
8.0000,9.0,12.0,-0.240551,0.314521,0.038650,0.920006,0.657895,0.939331,0,6
8.0000,9.0,13.0,-0.181109,0.543270,0.469155,0.575519,0.657895,0.810096,-1,6
8.0000,9.0,14.0,0.568065,-0.078095,0.240984,0.338580,0.657895,0.459072,0,9
8.0000,9.0,15.0,-0.309189,0.025384,0.615161,0.581986,0.657895,0.889567,0,6
8.0000,9.0,16.0,0.623219,0.194559,0.867727,0.422516,0.657895,0.856379,0,10
8.0000,9.0,17.0,-1.010227,-0.262890,0.571710,0.816265,0.657895,1.102119,0,1
8.0000,9.0,18.0,-0.236295,0.308234,0.129092,0.907032,0.657895,0.971578,0,6
8.0000,9.0,19.0,0.450590,0.358906,0.436659,0.997193,0.657895,1.215523,0,10
8.0000,9.0,20.0,-0.268240,-0.691740,0.297221,0.447710,0.657895,0.596321,-1,5
8.0000,9.0,21.0,-0.277441,0.163843,0.365017,0.732684,0.657895,0.915193,0,6
8.0000,9.0,22.0,0.592348,0.163842,0.472201,0.427329,0.657895,0.663429,0,10
8.0000,9.0,23.0,-0.342716,0.051227,0.167890,0.619097,0.657895,0.703042,0,6
8.0000,9.0,24.0,-0.642044,0.010897,0.846243,0.128437,0.657895,0.551559,-1,6
8.0000,9.0,25.0,0.669562,-0.321721,0.047363,0.542028,0.657895,0.565709,0,9
8.0000,9.0,26.0,0.438589,-0.114885,0.107850,0.652055,0.657895,0.705980,0,9
8.0000,9.0,27.0,0.010872,-0.340941,0.080903,0.597654,0.657895,0.638105,1,9
8.0000,9.0,28.0,-0.064498,-0.207682,0.189359,0.458165,0.657895,0.552844,0,5
8.0000,9.0,29.0,-0.613144,-0.835707,0.371661,0.232004,0.657895,0.417834,0,4
8.0000,9.0,30.0,0.336176,-0.513971,0.437165,0.874279,0.657895,1.092862,0,9
8.0000,9.0,31.0,0.045909,-0.777071,0.301539,0.031372,0.657895,0.182142,0,8
8.0000,10.0,0.0,0.205105,-0.445460,0.052460,0.814456,0.657895,0.840686,0,9
8.0000,10.0,1.0,0.168802,-0.007373,0.429656,0.348816,0.657895,0.563644,0,9
8.0000,10.0,2.0,1.196702,-0.485976,0.239264,1.057593,0.657895,1.177225,0,13
8.0000,10.0,3.0,0.824405,-0.110865,0.553481,0.148826,0.657895,0.425567,0,13
8.0000,10.0,4.0,0.087539,0.141026,0.079600,0.357084,0.657895,0.396884,-1,10
8.0000,10.0,5.0,-0.083679,-0.251659,0.133058,0.559243,0.657895,0.625772,0,5
8.0000,10.0,6.0,0.531548,-0.556523,0.390326,0.584491,0.657895,0.779654,0,9
8.0000,10.0,7.0,-0.268023,-0.553320,0.325298,0.713716,0.657895,0.876365,-1,5
8.0000,10.0,8.0,-0.838261,0.066327,0.384010,0.103876,0.657895,0.295881,1,2
8.0000,10.0,9.0,0.353974,0.303363,0.315804,1.028734,0.657895,1.186636,0,10
8.0000,10.0,10.0,0.147751,0.609966,0.269479,0.356784,0.657895,0.491523,-1,10
8.0000,10.0,11.0,-0.449096,0.327380,0.076544,0.986830,0.657895,1.025102,0,6
8.0000,10.0,12.0,-0.134933,0.610472,0.301653,0.331520,0.657895,0.482347,-1,6
8.0000,10.0,13.0,0.738092,0.833669,0.715902,0.115421,0.657895,0.473372,1,11
8.0000,10.0,14.0,0.148236,0.007911,0.275816,0.309554,0.657895,0.447461,0,10
8.0000,10.0,15.0,0.710882,0.747948,0.080830,0.035104,0.657895,0.075520,0,10
8.0000,10.0,16.0,0.641348,0.964738,0.558375,0.485048,0.657895,0.764235,0,11
8.0000,10.0,17.0,0.118073,0.034807,0.299650,0.265557,0.657895,0.415382,0,10
8.0000,10.0,18.0,-0.317478,0.120094,0.388833,0.694839,0.657895,0.889255,0,6
8.0000,10.0,19.0,0.293154,0.040666,0.378046,0.574197,0.657895,0.763220,1,10
8.0000,10.0,20.0,-0.143007,-0.027590,0.293741,0.305677,0.657895,0.452548,0,5
8.0000,10.0,21.0,-0.047265,0.970412,0.074181,0.344991,0.657895,0.382082,1,7
8.0000,10.0,22.0,-0.292873,0.630917,0.519992,0.577987,0.657895,0.837983,0,6
8.0000,10.0,23.0,-0.908700,0.561127,0.550285,0.477526,0.657895,0.752668,0,2
8.0000,10.0,24.0,0.306984,0.819212,0.741743,0.501367,0.657895,0.872238,-1,11
8.0000,10.0,25.0,0.464830,-0.548448,0.146539,0.727835,0.657895,0.801104,-1,9
8.0000,10.0,26.0,0.850537,0.051411,0.407683,0.106863,0.657895,0.310704,0,14
8.0000,10.0,27.0,0.542747,-0.472398,0.617948,0.728350,0.657895,1.037324,0,9
8.0000,10.0,28.0,-0.037378,0.039852,0.063198,0.172938,0.657895,0.204537,0,6
8.0000,10.0,29.0,-0.467667,-0.156918,0.147157,0.684295,0.657895,0.757873,0,5
8.0000,10.0,30.0,-0.921254,-0.632513,0.785443,0.385080,0.657895,0.777802,0,1
8.0000,10.0,31.0,0.751556,-0.870877,0.292145,0.194217,0.657895,0.340290,0,12
8.0000,11.0,0.0,0.186773,-0.317923,0.169119,0.820856,0.657895,0.905415,0,9
8.0000,11.0,1.0,-0.369513,-0.385793,0.262868,1.057366,0.657895,1.188800,0,5
8.0000,11.0,2.0,0.414509,-0.229235,0.209872,0.896428,0.657895,1.001364,0,9
8.0000,11.0,3.0,-0.148539,-0.923813,0.136526,0.394035,0.657895,0.462299,0,4
8.0000,11.0,4.0,0.055396,-0.224827,0.028020,0.481560,0.657895,0.495570,0,9
8.0000,11.0,5.0,0.053306,-0.046666,0.257735,0.189578,0.657895,0.318446,-1,9
8.0000,11.0,6.0,0.516015,0.403551,0.514263,0.866803,0.657895,1.123934,1,10
8.0000,11.0,7.0,0.438526,-0.248614,0.470931,0.904369,0.657895,1.139835,-1,9
8.0000,11.0,8.0,-0.597817,0.041487,0.143187,0.234210,0.657895,0.305804,0,6
8.0000,11.0,9.0,-0.310745,-0.524184,0.148081,0.833204,0.657895,0.907244,0,5
8.0000,11.0,10.0,0.051926,-0.185429,0.052644,0.403144,0.657895,0.429466,0,9
8.0000,11.0,11.0,-0.136808,0.154713,0.053475,0.461348,0.657895,0.488085,1,6
8.0000,11.0,12.0,0.102009,0.028680,0.055424,0.236884,0.657895,0.264596,0,10
8.0000,11.0,13.0,-0.258001,-0.083718,0.163764,0.569389,0.657895,0.651271,0,5
8.0000,11.0,14.0,-0.153752,-0.376589,0.337211,0.771523,0.657895,0.940128,0,5
8.0000,11.0,15.0,0.766584,0.229889,0.132656,0.343509,0.657895,0.409837,0,14
8.0000,11.0,16.0,1.192742,0.075425,0.410326,0.617513,0.657895,0.822677,0,14
8.0000,11.0,17.0,0.914850,0.640422,0.509523,0.357960,0.657895,0.612722,0,14
8.0000,11.0,18.0,-0.002373,1.157813,0.264769,0.572116,0.657895,0.704500,0,7
8.0000,11.0,19.0,0.024469,1.156505,0.419470,0.577337,0.657895,0.787072,0,11
8.0000,11.0,20.0,-0.167982,0.383707,0.133497,0.796933,0.657895,0.863682,1,6
8.0000,11.0,21.0,-0.072506,0.623274,0.550293,0.208208,0.657895,0.483355,-1,6
8.0000,11.0,22.0,0.022540,-0.632558,0.739746,0.150054,0.657895,0.519927,-1,9
8.0000,11.0,23.0,-0.106244,0.673863,0.504762,0.164973,0.657895,0.417354,0,6
8.0000,11.0,24.0,0.887945,-0.037553,0.331413,0.161539,0.657895,0.327245,0,13
8.0000,11.0,25.0,0.708671,-0.413926,0.402874,0.503973,0.657895,0.705410,0,9
8.0000,11.0,26.0,-0.256881,-0.136332,0.189913,0.650715,0.657895,0.745671,0,5
8.0000,11.0,27.0,-0.466063,0.452344,0.291433,0.910300,0.657895,1.056017,0,6
8.0000,11.0,28.0,-0.204462,0.008109,0.151184,0.418429,0.657895,0.494021,0,6
8.0000,11.0,29.0,-0.840452,-0.290067,0.132898,0.507854,0.657895,0.574303,0,1
8.0000,11.0,30.0,-0.663768,-0.163085,0.273199,0.284554,0.657895,0.421153,0,5
8.0000,11.0,31.0,-0.029777,-0.590681,0.208063,0.243353,0.657895,0.347384,0,5
8.0000,12.0,0.0,0.105009,-0.914355,0.252048,0.293981,0.657895,0.420005,0,8
8.0000,12.0,1.0,0.174862,-0.045310,0.478062,0.377209,0.657895,0.616240,0,9
8.0000,12.0,2.0,0.324257,-0.050685,0.339724,0.609519,0.657895,0.779381,0,9
8.0000,12.0,3.0,-0.117008,-1.046043,0.285494,0.586657,0.657895,0.729404,0,4
8.0000,12.0,4.0,0.277970,-0.400315,0.428917,0.987065,0.657895,1.201524,-1,9
8.0000,12.0,5.0,-0.726348,0.032621,0.036885,0.028700,0.657895,0.047143,0,6
8.0000,12.0,6.0,-0.728356,0.125576,0.516061,0.142629,0.657895,0.400660,0,6
8.0000,12.0,7.0,-0.048134,-0.947701,0.398718,0.295662,0.657895,0.495021,0,4
8.0000,12.0,8.0,-0.704004,-0.357360,0.222559,0.520966,0.657895,0.632245,0,5
8.0000,12.0,9.0,-0.230928,0.058626,0.427878,0.495595,0.657895,0.709534,0,6
8.0000,12.0,10.0,0.178437,-0.393405,0.474452,0.813080,0.657895,1.050306,-1,9
8.0000,12.0,11.0,-0.219707,0.520920,0.161980,0.702622,0.657895,0.783612,0,6
8.0000,12.0,12.0,-0.031950,-0.219330,0.212320,0.454600,0.657895,0.560760,-1,5
8.0000,12.0,13.0,0.477503,0.048370,0.273227,0.506332,0.657895,0.642945,1,10
8.0000,12.0,14.0,0.145029,-0.165070,0.194527,0.496338,0.657895,0.593601,0,9
8.0000,12.0,15.0,0.224842,0.051930,0.044456,0.478565,0.657895,0.500792,0,10
8.0000,12.0,16.0,0.077299,0.050029,0.011417,0.217130,0.657895,0.222839,0,10
8.0000,12.0,17.0,0.048217,0.218463,0.402555,0.463730,0.657895,0.665008,0,10
8.0000,12.0,18.0,0.880835,0.630275,0.094089,0.291966,0.657895,0.339010,0,14
8.0000,12.0,19.0,0.552228,0.281807,0.363879,0.736214,0.657895,0.918153,1,10
8.0000,12.0,20.0,-0.144117,-0.299600,0.043564,0.721526,0.657895,0.743308,0,5
8.0000,12.0,21.0,0.112505,-0.138826,0.418454,0.390010,0.657895,0.599238,-1,9
8.0000,12.0,22.0,-0.886906,0.006637,0.166232,0.147638,0.657895,0.230754,0,2
8.0000,12.0,23.0,-0.412528,0.017575,0.239108,0.580226,0.657895,0.699780,1,6
8.0000,12.0,24.0,-0.011631,0.547783,0.391040,0.337047,0.657895,0.532567,1,6
8.0000,12.0,25.0,0.071950,0.029622,0.228668,0.197519,0.657895,0.311852,0,10
8.0000,12.0,26.0,0.279472,-0.422130,0.526434,0.970793,0.657895,1.234010,0,9
8.0000,12.0,27.0,-0.949309,-0.364006,0.396516,0.791049,0.657895,0.989307,0,1
8.0000,12.0,28.0,-0.507992,-0.130500,0.092295,0.556510,0.657895,0.602658,1,5
8.0000,12.0,29.0,-0.245766,0.071317,0.402685,0.534543,0.657895,0.735886,0,6
8.0000,12.0,30.0,-0.160553,-0.667849,0.145563,0.273137,0.657895,0.345918,0,5
8.0000,12.0,31.0,-0.855541,-0.420167,1.016355,0.578647,0.657895,1.086824,0,1
8.0000,13.0,0.0,0.224641,-0.430865,0.642565,0.870845,0.657895,1.192128,0,9
8.0000,13.0,1.0,1.480570,0.384836,0.245472,1.119035,0.657895,1.241771,0,14
8.0000,13.0,2.0,0.625766,0.236602,0.229965,0.499527,0.657895,0.614509,0,10
8.0000,13.0,3.0,0.080393,-0.318009,0.158712,0.636240,0.657895,0.715596,0,9
8.0000,13.0,4.0,-0.442376,-0.426458,0.103090,0.976798,0.657895,1.028343,0,5
8.0000,13.0,5.0,-0.839316,-0.322530,0.326608,0.543390,0.657895,0.706694,0,1
8.0000,13.0,6.0,-0.100440,0.360817,0.173712,0.680695,0.657895,0.767551,0,6
8.0000,13.0,7.0,-0.156424,-0.050774,0.433670,0.345823,0.657895,0.562658,0,5
8.0000,13.0,8.0,-1.406270,-0.342796,0.326450,1.003300,0.657895,1.166525,0,1
8.0000,13.0,9.0,-1.380490,0.193181,0.220194,0.721249,0.657895,0.831346,0,2
8.0000,13.0,10.0,-0.759732,-0.241297,0.229407,0.364237,0.657895,0.478940,0,1
8.0000,13.0,11.0,-0.443243,0.399554,0.059392,0.997745,0.657895,1.027441,0,6
8.0000,13.0,12.0,-0.649697,0.150078,0.013539,0.282515,0.657895,0.289285,0,6
8.0000,13.0,13.0,-0.468305,0.253941,0.043476,0.868548,0.657895,0.890286,0,6
8.0000,13.0,14.0,-0.375093,0.508817,0.092933,0.892935,0.657895,0.939401,0,6
8.0000,13.0,15.0,-0.166327,-0.003183,0.223275,0.343641,0.657895,0.455279,0,5
8.0000,13.0,16.0,-0.047734,0.078633,0.350788,0.216921,0.657895,0.392315,0,6
8.0000,13.0,17.0,0.707506,-0.340747,0.223988,0.511310,0.657895,0.623304,0,9
8.0000,13.0,18.0,0.911081,0.248137,0.417011,0.570441,0.657895,0.778946,0,14
8.0000,13.0,19.0,-0.155954,0.643831,0.493162,0.304609,0.657895,0.551191,0,6
8.0000,13.0,20.0,0.051134,-0.510386,0.109191,0.442471,0.657895,0.497067,0,9
8.0000,13.0,21.0,-0.248772,-0.862231,0.155239,0.475682,0.657895,0.553301,0,4
8.0000,13.0,22.0,-0.251566,-0.183406,0.276012,0.732426,0.657895,0.870432,0,5
8.0000,13.0,23.0,-0.162290,0.689866,0.740253,0.246537,0.657895,0.616664,0,6
8.0000,13.0,24.0,-0.009280,-0.587416,0.017441,0.244020,0.657895,0.252740,0,5
8.0000,13.0,25.0,-0.201567,-0.740258,0.417834,0.288427,0.657895,0.497344,-1,5
8.0000,13.0,26.0,0.572419,0.289654,0.465883,0.700097,0.657895,0.933039,1,10
8.0000,13.0,27.0,0.176576,-0.626994,0.283345,0.378385,0.657895,0.520058,0,9
8.0000,13.0,28.0,-0.148738,-0.491921,0.204253,0.623507,0.657895,0.725633,0,5
8.0000,13.0,29.0,-0.765544,-0.815781,0.201534,0.097165,0.657895,0.197932,0,0
8.0000,13.0,30.0,0.005849,-0.768870,0.659965,0.011387,0.657895,0.341369,0,8
8.0000,13.0,31.0,0.844512,-0.511616,0.195989,0.438256,0.657895,0.536251,0,13
8.0000,14.0,0.0,0.794349,-0.376397,0.192252,0.517042,0.657895,0.613168,0,13
8.0000,14.0,1.0,1.603358,-0.077926,0.075250,0.955812,0.657895,0.993436,0,13
8.0000,14.0,2.0,1.186747,0.225023,0.637388,0.913362,0.657895,1.232056,1,14
8.0000,14.0,3.0,0.323185,-0.857316,0.685538,0.572440,0.657895,0.915209,0,8
8.0000,14.0,4.0,-0.215445,-0.865206,0.290124,0.415829,0.657895,0.560891,0,4
8.0000,14.0,5.0,-0.564764,-0.789595,0.267185,0.266341,0.657895,0.399934,0,4
8.0000,14.0,6.0,-0.675768,-0.076566,0.183443,0.120091,0.657895,0.211812,1,5
8.0000,14.0,7.0,-0.438859,0.035940,0.264751,0.559216,0.657895,0.691591,0,6
8.0000,14.0,8.0,-0.431025,-0.601181,0.459428,0.655743,0.657895,0.885457,0,5
8.0000,14.0,9.0,-1.075388,-0.268962,0.368676,0.939076,0.657895,1.123414,0,1
8.0000,14.0,10.0,-0.537843,0.356649,0.152951,0.829526,0.657895,0.906001,0,6
8.0000,14.0,11.0,-0.739690,0.187834,0.068462,0.260403,0.657895,0.294635,0,6
8.0000,14.0,12.0,-0.548955,0.132317,0.168191,0.467629,0.657895,0.551724,0,6
8.0000,14.0,13.0,-0.751678,0.112687,0.332908,0.112612,0.657895,0.279066,1,2
8.0000,14.0,14.0,-0.129253,0.434194,0.128478,0.682343,0.657895,0.746582,0,6
8.0000,14.0,15.0,-0.794842,0.687694,0.096198,0.078775,0.657895,0.126874,0,2
8.0000,14.0,16.0,-0.834575,0.272967,0.314507,0.474266,0.657895,0.631520,0,2
8.0000,14.0,17.0,0.006730,-0.211757,0.186528,0.432204,0.657895,0.525468,-1,9
8.0000,14.0,18.0,0.309334,0.144191,0.480612,0.731072,0.657895,0.971378,0,10
8.0000,14.0,19.0,-0.745779,0.144176,0.491527,0.170687,0.657895,0.416450,0,6
8.0000,14.0,20.0,0.034415,-0.038429,0.100879,0.170264,0.657895,0.220703,1,9
8.0000,14.0,21.0,0.035820,-0.580893,0.140826,0.269246,0.657895,0.339658,1,9
8.0000,14.0,22.0,-0.668193,-0.583276,0.380443,0.263228,0.657895,0.453449,-1,5
8.0000,14.0,23.0,-0.720274,-0.307532,0.342643,0.474943,0.657895,0.646264,0,5
8.0000,14.0,24.0,0.038027,-0.672214,0.037814,0.088840,0.657895,0.107747,0,9
8.0000,14.0,25.0,-0.102638,-0.782420,0.707502,0.101432,0.657895,0.455183,0,4
8.0000,14.0,26.0,-0.268607,-0.109436,0.295872,0.622524,0.657895,0.770460,0,5
8.0000,14.0,27.0,-0.410119,0.188541,0.572235,0.821524,0.657895,1.107641,-1,6
8.0000,14.0,28.0,-0.001525,-1.048704,0.737282,0.477899,0.657895,0.846540,1,4
8.0000,14.0,29.0,-0.558872,-0.408136,0.413208,0.769171,0.657895,0.975776,1,5
8.0000,14.0,30.0,0.056022,0.597807,0.801030,0.246025,0.657895,0.646540,1,10
8.0000,14.0,31.0,1.165518,0.027041,0.307690,0.578979,0.657895,0.732824,0,14
8.0000,15.0,0.0,0.870406,-0.236249,0.599002,0.466525,0.657895,0.766026,0,13
8.0000,15.0,1.0,1.655120,-0.259522,1.046814,1.612246,0.657895,2.135654,0,13
8.0000,15.0,2.0,0.798457,0.918986,0.619253,0.358552,0.657895,0.668178,0,15
8.0000,15.0,3.0,-0.444794,0.507300,0.175112,0.844737,0.657895,0.932294,0,6
8.0000,15.0,4.0,-0.726648,0.013103,0.300225,0.020860,0.657895,0.170972,0,6
8.0000,15.0,5.0,-0.093102,-0.219032,0.109990,0.514666,0.657895,0.569661,0,5
8.0000,15.0,6.0,0.137892,-0.022312,0.466929,0.294131,0.657895,0.527595,-1,9
8.0000,15.0,7.0,-0.153558,0.791998,0.324317,0.198714,0.657895,0.360873,1,7
8.0000,15.0,8.0,-0.123804,0.502338,0.149876,0.556590,0.657895,0.631528,0,6
8.0000,15.0,9.0,-0.249711,0.066620,0.363359,0.535944,0.657895,0.717624,1,6
8.0000,15.0,10.0,-1.070231,0.865694,1.209896,0.899112,0.657895,1.504060,1,3
8.0000,15.0,11.0,-0.325367,-0.062611,0.320205,0.621193,0.657895,0.781295,0,5
8.0000,15.0,12.0,-0.309892,0.890032,0.603562,0.620415,0.657895,0.922196,-1,7
8.0000,15.0,13.0,0.120871,-0.169286,0.088858,0.461528,0.657895,0.505957,-1,9
8.0000,15.0,14.0,-0.137199,0.353093,0.090139,0.741585,0.657895,0.786655,0,6
8.0000,15.0,15.0,-0.643036,0.253906,0.037400,0.497133,0.657895,0.515832,0,6
8.0000,15.0,16.0,-0.305312,0.085457,0.301988,0.631933,0.657895,0.782927,0,6
8.0000,15.0,17.0,0.005131,-0.938285,0.626049,0.254937,0.657895,0.567961,0,8
8.0000,15.0,18.0,-0.547739,0.417337,0.343622,0.787113,0.657895,0.958924,0,6
8.0000,15.0,19.0,-0.291801,1.201515,0.392307,1.036104,0.657895,1.232258,0,7
8.0000,15.0,20.0,-0.024013,0.286888,0.233663,0.557911,0.657895,0.674742,0,6
8.0000,15.0,21.0,-0.063145,-0.340337,0.171349,0.629305,0.657895,0.714979,0,5
8.0000,15.0,22.0,0.212309,0.233878,0.242041,0.758507,0.657895,0.879527,0,10
8.0000,15.0,23.0,-0.003653,-0.693555,0.278190,0.048388,0.657895,0.187484,1,5
8.0000,15.0,24.0,-0.053180,-1.005388,1.125860,0.423916,0.657895,0.986847,0,4
8.0000,15.0,25.0,-0.597895,0.668193,0.328687,0.233694,0.657895,0.398037,1,6
8.0000,15.0,26.0,-0.060558,0.906137,0.893022,0.217312,0.657895,0.663823,0,7
8.0000,15.0,27.0,0.322737,-0.044140,0.116428,0.603417,0.657895,0.661631,0,9
8.0000,15.0,28.0,0.581679,0.325355,0.189007,0.715183,0.657895,0.809687,0,10
8.0000,15.0,29.0,-0.197138,-0.044865,0.098009,0.420425,0.657895,0.469430,0,5
8.0000,15.0,30.0,-0.183314,-0.663177,0.171387,0.326455,0.657895,0.412148,0,5
8.0000,15.0,31.0,0.399191,-0.558599,0.515079,0.775306,0.657895,1.032845,1,9
8.0000,16.0,0.0,0.707709,1.087843,0.369253,0.712598,0.657895,0.897225,0,11
8.0000,16.0,1.0,0.284172,0.170604,0.447880,0.754642,0.657895,0.978582,0,10
8.0000,16.0,2.0,-0.066222,1.038080,0.253135,0.498469,0.657895,0.625037,0,7
8.0000,16.0,3.0,0.046672,0.139551,0.811668,0.311031,0.657895,0.716864,0,10
8.0000,16.0,4.0,-1.261201,-0.665045,0.649996,0.813756,0.657895,1.138754,0,1
8.0000,16.0,5.0,-0.120410,0.370169,0.488015,0.712112,0.657895,0.956119,0,6
8.0000,16.0,6.0,-0.562633,-0.815368,0.343589,0.297479,0.657895,0.469273,-1,4
8.0000,16.0,7.0,-0.802885,-0.097302,0.693521,0.106042,0.657895,0.452802,-1,1
8.0000,16.0,8.0,-0.118218,-0.125172,0.176152,0.375154,0.657895,0.463230,0,5
8.0000,16.0,9.0,-0.109278,0.415823,0.333195,0.668693,0.657895,0.835290,-1,6
8.0000,16.0,10.0,-0.147275,-0.737792,0.506125,0.179019,0.657895,0.432081,0,5
8.0000,16.0,11.0,0.079502,0.394697,0.201648,0.642338,0.657895,0.743162,0,10
8.0000,16.0,12.0,0.375057,0.091672,0.131118,0.666479,0.657895,0.732038,0,10
8.0000,16.0,13.0,0.198236,-0.269118,0.566108,0.788629,0.657895,1.071682,0,9
8.0000,16.0,14.0,-0.374783,0.157138,0.365793,0.778473,0.657895,0.961369,-1,6
8.0000,16.0,15.0,-0.704955,0.311629,0.150625,0.490893,0.657895,0.566206,0,6
8.0000,16.0,16.0,-0.547163,0.014478,0.182593,0.339129,0.657895,0.430425,0,6
8.0000,16.0,17.0,-0.198606,-0.373207,0.066432,0.860521,0.657895,0.893738,0,5
8.0000,16.0,18.0,-0.237364,-0.355783,0.699973,0.934279,0.657895,1.284265,-1,5
8.0000,16.0,19.0,-1.059480,0.933845,0.182939,1.080671,0.657895,1.172141,0,3
8.0000,16.0,20.0,-0.445005,0.888947,0.444170,0.621253,0.657895,0.843338,1,7
8.0000,16.0,21.0,0.086877,0.166900,0.186396,0.405225,0.657895,0.498423,0,10
8.0000,16.0,22.0,0.015444,0.384330,0.119717,0.597981,0.657895,0.657840,0,10
8.0000,16.0,23.0,0.048136,0.311625,0.068523,0.597966,0.657895,0.632227,0,10
8.0000,16.0,24.0,-0.384466,0.133079,0.125782,0.730411,0.657895,0.793302,0,6
8.0000,16.0,25.0,0.020358,-0.098072,0.098162,0.227653,0.657895,0.276734,0,9
8.0000,16.0,26.0,-0.123809,-0.680729,0.840916,0.184948,0.657895,0.605406,-1,5
8.0000,16.0,27.0,0.056156,0.392974,0.368572,0.618013,0.657895,0.802299,0,10
8.0000,16.0,28.0,0.530796,0.226254,0.564041,0.693070,0.657895,0.975090,1,10
8.0000,16.0,29.0,-0.099492,-0.043973,0.229580,0.242305,0.657895,0.357096,0,5
8.0000,16.0,30.0,-0.693933,-0.390105,0.937132,0.529700,0.657895,0.998266,1,5
8.0000,16.0,31.0,0.594863,0.743735,0.264782,0.188101,0.657895,0.320492,0,10
8.0000,17.0,0.0,0.380294,0.496994,0.453313,0.915907,0.657895,1.142563,0,10
8.0000,17.0,1.0,-0.564695,0.612929,0.475023,0.394311,0.657895,0.631822,-1,6
8.0000,17.0,2.0,0.371370,1.007180,0.704792,0.924267,0.657895,1.276663,0,11
8.0000,17.0,3.0,0.163193,1.075065,0.938600,0.720456,0.657895,1.189756,0,11
8.0000,17.0,4.0,-0.819171,-0.487505,0.925912,0.442579,0.657895,0.905535,0,1
8.0000,17.0,5.0,-0.422564,0.879781,0.424638,0.622540,0.657895,0.834859,0,7
8.0000,17.0,6.0,-0.628722,0.077183,0.451291,0.202724,0.657895,0.428370,1,6
8.0000,17.0,7.0,0.653155,0.332217,0.217409,0.575523,0.657895,0.684227,-1,10
8.0000,17.0,8.0,0.483770,0.097228,0.325269,0.550878,0.657895,0.713513,1,10
8.0000,17.0,9.0,-0.088621,0.406850,0.366418,0.645857,0.657895,0.829066,1,6
8.0000,17.0,10.0,0.180636,0.025761,0.369180,0.377018,0.657895,0.561609,0,10
8.0000,17.0,11.0,0.777392,0.769349,0.522406,0.055307,0.657895,0.316510,0,15
8.0000,17.0,12.0,0.803823,0.514986,0.206429,0.376907,0.657895,0.480121,0,14
8.0000,17.0,13.0,1.181738,0.618074,0.522796,0.864462,0.657895,1.125861,0,14
8.0000,17.0,14.0,0.725951,-0.187354,0.497501,0.265527,0.657895,0.514278,0,9
8.0000,17.0,15.0,-0.178595,-0.149076,0.226888,0.530300,0.657895,0.643745,0,5
8.0000,17.0,16.0,-1.061732,-0.425748,0.082640,1.016019,0.657895,1.057339,0,1
8.0000,17.0,17.0,-0.665372,-0.587806,0.094947,0.257725,0.657895,0.305199,0,5
8.0000,17.0,18.0,-0.836413,-0.036382,0.511016,0.075405,0.657895,0.330913,1,1
8.0000,17.0,19.0,-0.468949,0.992464,0.755736,0.834914,0.657895,1.212782,0,7
8.0000,17.0,20.0,-0.106952,-0.037416,0.307179,0.249220,0.657895,0.402810,0,5
8.0000,17.0,21.0,0.809964,-0.245836,0.365819,0.398969,0.657895,0.581879,0,13
8.0000,17.0,22.0,0.664855,0.158993,0.363143,0.274675,0.657895,0.456247,-1,10
8.0000,17.0,23.0,0.086849,0.080173,0.018488,0.260402,0.657895,0.269646,1,10
8.0000,17.0,24.0,0.124997,0.295137,0.280856,0.682321,0.657895,0.822749,0,10
8.0000,17.0,25.0,-0.044121,0.069911,0.219975,0.204057,0.657895,0.314044,0,6
8.0000,17.0,26.0,0.020955,0.788107,0.815279,0.021964,0.657895,0.429603,0,11
8.0000,17.0,27.0,-0.980930,0.011314,0.221849,0.349364,0.657895,0.460288,0,2
8.0000,17.0,28.0,-0.692793,0.763569,0.734362,0.051279,0.657895,0.418460,0,7
8.0000,17.0,29.0,-0.305268,-0.678645,0.120605,0.513556,0.657895,0.573858,0,5
8.0000,17.0,30.0,-0.021871,-0.981940,0.636668,0.354625,0.657895,0.672959,0,4
8.0000,17.0,31.0,0.950569,-0.151505,0.187483,0.459213,0.657895,0.552954,0,13
8.0000,18.0,0.0,0.916448,-0.289990,0.215966,0.651319,0.657895,0.759302,0,13
8.0000,18.0,1.0,0.103101,-0.037062,0.208496,0.243094,0.657895,0.347342,0,9
8.0000,18.0,2.0,-0.795937,-0.179672,0.644011,0.254604,0.657895,0.576609,1,1
8.0000,18.0,3.0,-0.331927,0.754759,0.459514,0.486119,0.657895,0.715876,0,7
8.0000,18.0,4.0,0.068851,0.454990,0.458356,0.564219,0.657895,0.793397,-1,10
8.0000,18.0,5.0,0.046675,-0.009997,0.363353,0.166995,0.657895,0.348671,0,9
8.0000,18.0,6.0,-0.594827,0.386643,0.367793,0.699676,0.657895,0.883572,-1,6
8.0000,18.0,7.0,-0.048481,-0.209476,0.224364,0.446971,0.657895,0.559153,0,5
8.0000,18.0,8.0,-0.408903,0.381335,0.356466,1.041871,0.657895,1.220104,-1,6
8.0000,18.0,9.0,-0.182043,-0.706350,0.713117,0.269226,0.657895,0.625785,0,5
8.0000,18.0,10.0,0.698684,0.572850,0.546935,0.251642,0.657895,0.525109,0,10
8.0000,18.0,11.0,0.677865,-0.649918,0.365121,0.130268,0.657895,0.312829,0,9
8.0000,18.0,12.0,0.162321,0.004354,0.156657,0.335972,0.657895,0.414300,0,10
8.0000,18.0,13.0,0.727415,-0.395988,0.476739,0.502362,0.657895,0.740732,0,9
8.0000,18.0,14.0,-0.350729,-0.082018,0.092294,0.653980,0.657895,0.700127,0,5
8.0000,18.0,15.0,-0.251840,0.064720,0.210699,0.537423,0.657895,0.642773,0,6
8.0000,18.0,16.0,-0.819394,-0.128311,0.304092,0.173799,0.657895,0.325845,0,1
8.0000,18.0,17.0,-0.555354,-0.773177,0.172735,0.274312,0.657895,0.360679,0,4
8.0000,18.0,18.0,-0.103077,-0.595605,0.193162,0.309989,0.657895,0.406570,0,5
8.0000,18.0,19.0,-0.317241,-0.352243,0.289535,1.041031,0.657895,1.185798,-1,5
8.0000,18.0,20.0,0.118134,0.504689,0.197957,0.541930,0.657895,0.640908,0,10
8.0000,18.0,21.0,-0.314341,-0.126366,0.379285,0.703137,0.657895,0.892779,0,5
8.0000,18.0,22.0,0.074508,-0.714941,0.426881,0.073855,0.657895,0.287296,0,9
8.0000,18.0,23.0,-0.073075,0.053483,0.294264,0.215064,0.657895,0.362196,-1,6
8.0000,18.0,24.0,0.198034,-0.724059,0.116514,0.288550,0.657895,0.346807,0,9
8.0000,18.0,25.0,0.082157,-0.516532,0.537857,0.462377,0.657895,0.731306,-1,9
8.0000,18.0,26.0,-1.076202,0.117153,0.129623,0.630887,0.657895,0.695699,0,2
8.0000,18.0,27.0,-1.463467,-0.063808,0.449001,0.519887,0.657895,0.744387,1,1
8.0000,18.0,28.0,-1.176271,0.075428,0.485979,0.621530,0.657895,0.864520,0,2
8.0000,18.0,29.0,-0.598241,-0.205057,0.469560,0.497083,0.657895,0.731863,0,5
8.0000,18.0,30.0,0.531201,-0.203787,0.216881,0.648546,0.657895,0.756987,0,9
8.0000,18.0,31.0,0.935550,-0.088727,0.194979,0.315074,0.657895,0.412564,0,13
8.0000,19.0,0.0,0.712846,0.021302,0.339348,0.033031,0.657895,0.202705,0,10
8.0000,19.0,1.0,0.176201,-0.042850,0.034468,0.378045,0.657895,0.395279,0,9
8.0000,19.0,2.0,0.411717,-0.008944,0.154543,0.579011,0.657895,0.656282,1,9
8.0000,19.0,3.0,0.649430,-0.035499,0.397175,0.124634,0.657895,0.323221,0,9
8.0000,19.0,4.0,0.467309,-0.752466,0.282799,0.429006,0.657895,0.570405,0,8
8.0000,19.0,5.0,0.971902,-0.178871,0.314426,0.563699,0.657895,0.720912,0,13
8.0000,19.0,6.0,0.273800,0.136030,0.129947,0.675252,0.657895,0.740225,0,10
8.0000,19.0,7.0,0.592326,-0.298135,0.163910,0.665340,0.657895,0.747295,-1,9
8.0000,19.0,8.0,0.010407,0.256762,0.133902,0.511806,0.657895,0.578757,0,10
8.0000,19.0,9.0,0.020673,-0.074417,0.367585,0.196607,0.657895,0.380399,0,9
8.0000,19.0,10.0,-0.117803,0.732520,0.444133,0.126877,0.657895,0.348943,0,6
8.0000,19.0,11.0,0.204581,0.086717,0.027179,0.478503,0.657895,0.492092,0,10
8.0000,19.0,12.0,0.529165,0.115921,0.185283,0.484534,0.657895,0.577176,0,10
8.0000,19.0,13.0,-0.052733,-0.202720,0.090340,0.437510,0.657895,0.482680,0,5
8.0000,19.0,14.0,0.201333,-0.263930,0.435618,0.787015,0.657895,1.004824,0,9
8.0000,19.0,15.0,-0.678496,0.613704,0.448568,0.190678,0.657895,0.414962,1,6
8.0000,19.0,16.0,-0.023303,0.183201,0.271937,0.381036,0.657895,0.517004,-1,6
8.0000,19.0,17.0,-0.644967,-0.104729,0.411620,0.210281,0.657895,0.416091,1,5
8.0000,19.0,18.0,-0.709589,-0.048158,0.461873,0.051674,0.657895,0.282610,0,5
8.0000,19.0,19.0,0.148263,-0.219724,0.275207,0.608285,0.657895,0.745889,-1,9
8.0000,19.0,20.0,-0.204305,0.184382,0.342421,0.648958,0.657895,0.820169,0,6
8.0000,19.0,21.0,-0.575335,0.849032,0.302656,0.324286,0.657895,0.475614,-1,7
8.0000,19.0,22.0,-0.740064,-0.057868,0.965025,0.041630,0.657895,0.524143,0,5
8.0000,19.0,23.0,0.619425,-0.085908,0.391461,0.233090,0.657895,0.428821,0,9
8.0000,19.0,24.0,-0.360297,-0.411285,0.391961,1.042049,0.657895,1.238030,0,5
8.0000,19.0,25.0,-0.436861,-0.144109,0.037866,0.706158,0.657895,0.725092,0,5
8.0000,19.0,26.0,-0.508455,0.233054,0.046473,0.754661,0.657895,0.777897,0,6
8.0000,19.0,27.0,-0.169881,0.080318,0.048915,0.402571,0.657895,0.427028,-1,6
8.0000,19.0,28.0,0.048543,-0.100516,0.174325,0.247279,0.657895,0.334441,0,9
8.0000,19.0,29.0,-0.418423,0.550102,0.152698,0.780882,0.657895,0.857231,0,6
8.0000,19.0,30.0,-0.214542,0.163164,0.106788,0.627020,0.657895,0.680414,0,6
8.0000,19.0,31.0,0.087730,0.053556,0.108540,0.233365,0.657895,0.287635,1,10
8.0000,20.0,0.0,0.089994,-0.801705,0.181906,0.094373,0.657895,0.185326,0,8
8.0000,20.0,1.0,0.131347,-0.324349,0.515242,0.719256,0.657895,0.976877,0,9
8.0000,20.0,2.0,-0.293897,0.242186,0.083835,0.902614,0.657895,0.944532,0,6
8.0000,20.0,3.0,-0.363740,-0.157881,0.321573,0.781279,0.657895,0.942065,1,5
8.0000,20.0,4.0,0.504970,-0.013445,0.332208,0.433656,0.657895,0.599760,0,9
8.0000,20.0,5.0,0.674085,0.584346,0.343300,0.253551,0.657895,0.425201,0,10
8.0000,20.0,6.0,-0.134366,0.387484,0.520512,0.731452,0.657895,0.991708,-1,6
8.0000,20.0,7.0,0.639162,-0.215038,0.327351,0.432218,0.657895,0.595894,0,9
8.0000,20.0,8.0,-0.402983,-0.248145,0.367352,0.939247,0.657895,1.122923,0,5
8.0000,20.0,9.0,0.675062,-0.684163,0.680257,0.090675,0.657895,0.430803,0,9
8.0000,20.0,10.0,0.993670,0.874519,0.567664,0.728769,0.657895,1.012601,0,15
8.0000,20.0,11.0,0.162694,0.059232,0.173564,0.365384,0.657895,0.452166,0,10
8.0000,20.0,12.0,0.445193,0.658087,0.868927,0.533324,0.657895,0.967787,-1,10
8.0000,20.0,13.0,-0.131397,-0.738328,0.494705,0.148718,0.657895,0.396071,0,5
8.0000,20.0,14.0,0.239347,0.179566,0.252275,0.704271,0.657895,0.830408,0,10
8.0000,20.0,15.0,0.033537,-0.206462,0.164064,0.431114,0.657895,0.513146,0,9
8.0000,20.0,16.0,0.601229,-0.294645,0.025450,0.641594,0.657895,0.654319,0,9
8.0000,20.0,17.0,0.635286,-0.112249,0.421138,0.240708,0.657895,0.451277,0,9
8.0000,20.0,18.0,-0.135716,0.819492,0.198094,0.187686,0.657895,0.286733,0,7
8.0000,20.0,19.0,-0.619148,0.253881,0.599201,0.543644,0.657895,0.843244,0,6
8.0000,20.0,20.0,0.311129,0.908666,0.029798,0.661085,0.657895,0.675984,0,11
8.0000,20.0,21.0,0.016748,0.951304,0.236290,0.285895,0.657895,0.404039,0,11
8.0000,20.0,22.0,0.624434,0.328463,0.355458,0.625755,0.657895,0.803484,0,10
8.0000,20.0,23.0,-0.070683,0.068580,0.162525,0.227118,0.657895,0.308380,0,6
8.0000,20.0,24.0,0.694860,0.202917,0.335818,0.323498,0.657895,0.491407,0,10
8.0000,20.0,25.0,-0.375165,-0.160895,0.145076,0.785670,0.657895,0.858208,1,5
8.0000,20.0,26.0,-0.724710,0.267177,0.366245,0.417842,0.657895,0.600964,0,6
8.0000,20.0,27.0,0.168358,0.051295,0.197242,0.369254,0.657895,0.467875,1,10
8.0000,20.0,28.0,-0.059931,-0.310690,0.192984,0.607537,0.657895,0.704028,-1,5
8.0000,20.0,29.0,0.176236,0.293422,0.169285,0.776763,0.657895,0.861406,1,10
8.0000,20.0,30.0,-0.046461,0.706782,0.354723,0.052869,0.657895,0.230230,0,6
8.0000,20.0,31.0,-0.050003,0.206460,0.284521,0.442424,0.657895,0.584685,-1,6
8.0000,21.0,0.0,0.514045,-0.237590,0.292471,0.750987,0.657895,0.897223,0,9
8.0000,21.0,1.0,1.096150,0.468324,0.506575,1.026134,0.657895,1.279422,0,14
8.0000,21.0,2.0,-0.080527,-0.111203,0.081741,0.296587,0.657895,0.337458,0,5
8.0000,21.0,3.0,0.329026,0.017762,0.368547,0.593732,0.657895,0.778006,0,10
8.0000,21.0,4.0,0.593803,0.953503,0.390315,0.529128,0.657895,0.724285,0,11
8.0000,21.0,5.0,-0.036289,0.164558,0.182323,0.351107,0.657895,0.442268,-1,6
8.0000,21.0,6.0,0.276538,-0.588132,0.137586,0.646556,0.657895,0.715349,0,9
8.0000,21.0,7.0,0.172286,-0.280397,0.045573,0.753104,0.657895,0.775890,0,9
8.0000,21.0,8.0,-0.129734,-0.042105,0.286065,0.290125,0.657895,0.433158,0,5
8.0000,21.0,9.0,0.299756,-0.462420,0.233724,0.942152,0.657895,1.059014,0,9
8.0000,21.0,10.0,0.608553,-0.001338,0.020952,0.195818,0.657895,0.206294,0,9
8.0000,21.0,11.0,0.662131,0.139152,0.190097,0.240547,0.657895,0.335596,0,10
8.0000,21.0,12.0,0.384999,-0.432626,0.123855,1.017716,0.657895,1.079644,0,9
8.0000,21.0,13.0,0.555919,-0.012769,0.330914,0.318227,0.657895,0.483684,0,9
8.0000,21.0,14.0,-0.110435,-0.654326,0.003383,0.202798,0.657895,0.204489,0,5
8.0000,21.0,15.0,-0.157306,-0.744777,0.207900,0.196727,0.657895,0.300677,0,5
8.0000,21.0,16.0,0.377850,-0.426837,0.177985,1.026180,0.657895,1.115173,0,9
8.0000,21.0,17.0,0.516043,0.343545,0.348887,0.873368,0.657895,1.047812,0,10
8.0000,21.0,18.0,0.098488,0.390655,0.197456,0.670471,0.657895,0.769199,0,10
8.0000,21.0,19.0,0.430722,0.233367,0.407291,0.887129,0.657895,1.090774,-1,10
8.0000,21.0,20.0,0.481526,0.867671,0.308663,0.530386,0.657895,0.684717,0,11
8.0000,21.0,21.0,-0.406699,0.858361,0.247816,0.591752,0.657895,0.715660,0,7
8.0000,21.0,22.0,-0.302185,0.216740,0.193459,0.865221,0.657895,0.961951,0,6
8.0000,21.0,23.0,0.142729,0.089799,0.185478,0.363267,0.657895,0.456006,0,10
8.0000,21.0,24.0,0.931352,0.303068,0.640454,0.702073,0.657895,1.022300,0,14
8.0000,21.0,25.0,0.122465,-0.325940,0.241791,0.704749,0.657895,0.825645,0,9
8.0000,21.0,26.0,0.063181,0.261534,0.139772,0.551088,0.657895,0.620974,0,10
8.0000,21.0,27.0,-0.595502,0.200746,0.118870,0.494564,0.657895,0.554000,0,6
8.0000,21.0,28.0,-0.122120,0.278666,0.128151,0.657361,0.657895,0.721436,0,6
8.0000,21.0,29.0,-0.278143,-0.206798,0.392968,0.817855,0.657895,1.014339,0,5
8.0000,21.0,30.0,0.732813,-0.042411,0.632256,0.031533,0.657895,0.347661,1,9
8.0000,21.0,31.0,0.044020,-0.098903,0.308622,0.241474,0.657895,0.395784,0,9
8.0000,22.0,0.0,0.735519,0.295020,0.141098,0.452808,0.657895,0.523357,0,10
8.0000,22.0,1.0,1.413199,0.015159,0.404589,0.442016,0.657895,0.644311,0,14
8.0000,22.0,2.0,0.260015,-0.274389,0.311290,0.907266,0.657895,1.062911,0,9
8.0000,22.0,3.0,-0.063635,0.629552,0.402993,0.185634,0.657895,0.387130,0,6
8.0000,22.0,4.0,-0.102880,0.715931,0.267442,0.112565,0.657895,0.246286,0,6
8.0000,22.0,5.0,0.162598,0.005398,0.440437,0.336591,0.657895,0.556809,0,10
8.0000,22.0,6.0,0.721472,-1.084931,1.027851,0.708383,0.657895,1.222308,0,8
8.0000,22.0,7.0,0.179491,-0.095357,0.623937,0.441509,0.657895,0.753477,0,9
8.0000,22.0,8.0,-0.089398,-0.926134,0.595430,0.295431,0.657895,0.593146,0,4
8.0000,22.0,9.0,0.868409,0.088557,0.318547,0.178960,0.657895,0.338234,0,14
8.0000,22.0,10.0,0.540755,0.236576,0.280231,0.689589,0.657895,0.829705,0,10
8.0000,22.0,11.0,0.983085,-0.364477,0.075337,0.869351,0.657895,0.907019,0,13
8.0000,22.0,12.0,0.698962,0.004815,0.158717,0.042473,0.657895,0.121832,0,10
8.0000,22.0,13.0,0.273184,-0.635741,0.442637,0.541649,0.657895,0.762968,0,9
8.0000,22.0,14.0,-0.144661,-0.609814,0.388295,0.351192,0.657895,0.545339,0,5
8.0000,22.0,15.0,-0.095042,-0.081267,0.334066,0.273050,0.657895,0.440083,0,5
8.0000,22.0,16.0,0.644971,-0.259495,0.086983,0.503007,0.657895,0.546498,1,9
8.0000,22.0,17.0,0.585272,-0.758355,0.383253,0.208676,0.657895,0.400303,1,8
8.0000,22.0,18.0,0.774318,-0.054268,1.194833,0.037556,0.657895,0.634973,0,13
8.0000,22.0,19.0,-0.340881,-0.559646,0.485843,0.774790,0.657895,1.017711,0,5
8.0000,22.0,20.0,-0.134995,0.611700,0.159173,0.328989,0.657895,0.408576,0,6
8.0000,22.0,21.0,-0.777366,0.201649,0.512094,0.289998,0.657895,0.546045,0,2
8.0000,22.0,22.0,-0.986933,-0.084747,1.139278,0.422185,0.657895,0.991824,0,1
8.0000,22.0,23.0,0.317537,0.299433,0.243850,1.007023,0.657895,1.128947,0,10
8.0000,22.0,24.0,0.106571,-0.608853,0.330121,0.286105,0.657895,0.451166,-1,9
8.0000,22.0,25.0,0.822691,0.032120,0.535918,0.056049,0.657895,0.324008,-1,14
8.0000,22.0,26.0,-0.285378,0.267430,0.082315,0.933059,0.657895,0.974217,0,6
8.0000,22.0,27.0,-0.232404,0.537612,0.065841,0.689109,0.657895,0.722030,0,6
8.0000,22.0,28.0,-0.160256,0.779796,0.082640,0.205805,0.657895,0.247125,0,7
8.0000,22.0,29.0,-0.195906,0.511570,0.165692,0.676196,0.657895,0.759042,0,6
8.0000,22.0,30.0,-0.567273,0.558567,0.204324,0.502861,0.657895,0.605023,0,6
8.0000,22.0,31.0,0.256162,0.875430,0.498056,0.512756,0.657895,0.761784,0,11
8.0000,23.0,0.0,0.897861,0.316607,0.014836,0.643845,0.657895,0.651263,0,14
8.0000,23.0,1.0,1.013347,0.226831,0.292645,0.753076,0.657895,0.899398,0,14
8.0000,23.0,2.0,0.544466,0.217943,0.520803,0.646023,0.657895,0.906424,0,10
8.0000,23.0,3.0,-0.079660,-0.636431,0.231377,0.190609,0.657895,0.306298,0,5
8.0000,23.0,4.0,-0.083493,0.013041,0.121430,0.205583,0.657895,0.266298,0,6
8.0000,23.0,5.0,-0.337847,-0.095324,0.084159,0.668052,0.657895,0.710131,0,5
8.0000,23.0,6.0,-0.672755,-0.139132,0.215463,0.224161,0.657895,0.331892,0,5
8.0000,23.0,7.0,-1.053210,0.366925,0.407775,1.011764,0.657895,1.215651,0,2
8.0000,23.0,8.0,-0.040091,-0.268644,0.124567,0.542215,0.657895,0.604499,0,5
8.0000,23.0,9.0,0.085982,-0.641326,0.331031,0.189557,0.657895,0.355073,0,9
8.0000,23.0,10.0,0.686610,-0.500127,0.291334,0.409782,0.657895,0.555449,0,9
8.0000,23.0,11.0,0.707026,-0.454125,0.297917,0.464095,0.657895,0.613054,-1,9
8.0000,23.0,12.0,0.692571,0.212731,0.257999,0.345817,0.657895,0.474817,0,10
8.0000,23.0,13.0,1.266004,0.145022,0.430443,0.690192,0.657895,0.905414,0,14
8.0000,23.0,14.0,0.797911,0.008987,0.085767,0.024999,0.657895,0.067883,0,14
8.0000,23.0,15.0,0.770622,-0.167913,0.139763,0.218335,0.657895,0.288216,0,13
8.0000,23.0,16.0,0.596683,0.045753,0.187185,0.239879,0.657895,0.333471,0,10
8.0000,23.0,17.0,-0.003063,0.051210,0.442027,0.169851,0.657895,0.390864,0,6
8.0000,23.0,18.0,-0.922230,0.579754,0.583294,0.475543,0.657895,0.767190,1,2
8.0000,23.0,19.0,0.085664,0.029412,0.332335,0.214197,0.657895,0.380364,0,10
8.0000,23.0,20.0,-0.305893,0.448285,0.761021,0.970059,0.657895,1.350569,0,6
8.0000,23.0,21.0,-0.074031,1.396536,0.212370,0.486421,0.657895,0.592606,0,7
8.0000,23.0,22.0,-0.617927,1.518908,1.288223,1.061982,0.657895,1.706093,0,7
8.0000,23.0,23.0,0.122207,0.039136,0.022742,0.275140,0.657895,0.286511,0,10
8.0000,23.0,24.0,0.228666,0.009128,0.119778,0.463903,0.657895,0.523792,1,10
8.0000,23.0,25.0,-0.097798,-0.082693,0.314026,0.278827,0.657895,0.435840,1,5
8.0000,23.0,26.0,0.123191,0.561585,0.392337,0.421871,0.657895,0.618039,-1,10
8.0000,23.0,27.0,0.172069,0.727105,0.168204,0.233533,0.657895,0.317635,0,10
8.0000,23.0,28.0,0.342237,0.710200,0.482804,0.509904,0.657895,0.751305,0,10
8.0000,23.0,29.0,-0.915196,0.584170,0.301793,0.450262,0.657895,0.601158,1,2
8.0000,23.0,30.0,-0.379967,0.619936,0.776944,0.648604,0.657895,1.037077,0,6
8.0000,23.0,31.0,0.839427,-0.166380,0.622722,0.273285,0.657895,0.584646,0,13
8.0000,24.0,0.0,0.783511,0.158897,0.344688,0.204717,0.657895,0.377061,0,14
8.0000,24.0,1.0,0.044538,0.336651,0.265988,0.611476,0.657895,0.744470,0,10
8.0000,24.0,2.0,-0.374376,0.563565,0.308506,0.772097,0.657895,0.926350,1,6
8.0000,24.0,3.0,0.174806,0.026084,0.313772,0.365754,0.657895,0.522640,-1,10
8.0000,24.0,4.0,-0.713623,0.123574,0.115896,0.148973,0.657895,0.206922,0,6
8.0000,24.0,5.0,-0.730406,-0.356957,0.296345,0.503471,0.657895,0.651643,1,5
8.0000,24.0,6.0,-0.486645,0.513841,0.314851,0.765577,0.657895,0.923002,0,6
8.0000,24.0,7.0,-0.907948,0.790766,0.250883,0.318755,0.657895,0.444197,0,3
8.0000,24.0,8.0,-0.616299,-0.161574,0.292729,0.370316,0.657895,0.516680,0,5
8.0000,24.0,9.0,-0.680914,-0.045253,0.150236,0.081580,0.657895,0.156697,0,5
8.0000,24.0,10.0,-0.252077,0.030599,0.338263,0.511265,0.657895,0.680396,0,6
8.0000,24.0,11.0,-0.058643,-0.053485,0.036239,0.199957,0.657895,0.218076,1,5
8.0000,24.0,12.0,-0.139354,0.293273,0.326680,0.705857,0.657895,0.869197,1,6
8.0000,24.0,13.0,0.049219,0.085105,0.377423,0.226276,0.657895,0.414987,-1,10
8.0000,24.0,14.0,0.540938,-0.485983,0.704114,0.708931,0.657895,1.060988,0,9
8.0000,24.0,15.0,0.086188,-0.289137,0.128848,0.615611,0.657895,0.680035,0,9
8.0000,24.0,16.0,-0.008371,0.197159,0.405117,0.404338,0.657895,0.606896,0,6
8.0000,24.0,17.0,-0.802545,-0.017418,0.146965,0.030419,0.657895,0.103901,0,1
8.0000,24.0,18.0,-0.087042,0.016805,0.411487,0.211162,0.657895,0.416905,0,6
8.0000,24.0,19.0,0.992691,-0.392336,0.207662,0.893040,0.657895,0.996871,0,13
8.0000,24.0,20.0,0.884588,-0.372628,0.591824,0.648473,0.657895,0.944385,0,13
8.0000,24.0,21.0,-0.000149,0.666313,0.251547,0.085497,0.657895,0.211270,0,6
8.0000,24.0,22.0,0.770519,0.820633,0.284462,0.108043,0.657895,0.250274,0,15
8.0000,24.0,23.0,0.385061,-0.059048,0.453769,0.624556,0.657895,0.851441,0,9
8.0000,24.0,24.0,0.170930,0.609768,0.649359,0.402962,0.657895,0.727641,-1,10
8.0000,24.0,25.0,-0.987835,-0.079710,0.734344,0.417306,0.657895,0.784478,0,1
8.0000,24.0,26.0,0.141702,-0.679067,0.633034,0.220085,0.657895,0.536602,0,9
8.0000,24.0,27.0,-0.199718,0.016227,0.664615,0.410926,0.657895,0.743233,1,6
8.0000,24.0,28.0,0.740795,1.128944,2.018267,0.778100,0.657895,1.787234,-1,11
8.0000,24.0,29.0,-0.572662,-0.311426,0.417697,0.723839,0.657895,0.932688,0,5
8.0000,24.0,30.0,0.491801,0.127405,0.572425,0.584395,0.657895,0.870607,0,10
8.0000,24.0,31.0,0.909186,1.333398,0.759596,1.239360,0.657895,1.619158,0,15
8.0000,25.0,0.0,-0.045736,0.495680,0.790957,0.468987,0.657895,0.864466,1,6
8.0000,25.0,1.0,-0.727476,0.827539,0.369087,0.104706,0.657895,0.289250,0,7
8.0000,25.0,2.0,-0.897149,-0.044914,0.325030,0.184923,0.657895,0.347439,0,1
8.0000,25.0,3.0,0.070487,-0.641297,0.541579,0.170274,0.657895,0.441063,-1,9
8.0000,25.0,4.0,-0.233383,0.081569,0.335375,0.525417,0.657895,0.693105,0,6
8.0000,25.0,5.0,-0.329092,-0.811511,0.499184,0.514204,0.657895,0.763797,0,4
8.0000,25.0,6.0,0.125326,-0.280332,0.802114,0.665060,0.657895,1.066117,-1,9
8.0000,25.0,7.0,-0.805922,0.824133,0.710313,0.151732,0.657895,0.506889,0,3
8.0000,25.0,8.0,-0.177242,0.818445,0.729992,0.269700,0.657895,0.634696,0,7
8.0000,25.0,9.0,-0.488917,0.566651,1.069944,0.646828,0.657895,1.181800,-1,6
8.0000,25.0,10.0,0.797162,-0.425103,0.183367,0.498098,0.657895,0.589782,0,13
8.0000,25.0,11.0,0.068017,-0.007013,0.413803,0.186261,0.657895,0.393163,1,9
8.0000,25.0,12.0,-0.411072,-0.780969,0.240878,0.497059,0.657895,0.617498,0,4
8.0000,25.0,13.0,0.016682,-0.884794,0.770096,0.145647,0.657895,0.530695,-1,8
8.0000,25.0,14.0,-0.960942,0.075500,0.537479,0.353496,0.657895,0.622236,0,2
8.0000,25.0,15.0,0.198816,0.218090,0.360103,0.703536,0.657895,0.883587,0,10
8.0000,25.0,16.0,-0.964043,0.022794,0.221316,0.316092,0.657895,0.426750,0,2
8.0000,25.0,17.0,-0.824485,-0.289929,0.251055,0.486274,0.657895,0.611801,1,1
8.0000,25.0,18.0,-0.621316,0.181972,0.415051,0.400894,0.657895,0.608420,0,6
8.0000,25.0,19.0,0.093067,-0.488513,0.626421,0.535673,0.657895,0.848884,0,9
8.0000,25.0,20.0,1.129488,0.294576,0.311751,1.033041,0.657895,1.188917,0,14
8.0000,25.0,21.0,0.612719,0.779605,0.259150,0.166940,0.657895,0.296515,0,11
8.0000,25.0,22.0,0.685707,0.364301,0.274540,0.541350,0.657895,0.678619,0,10
8.0000,25.0,23.0,0.729788,1.037800,0.806974,0.616131,0.657895,1.019618,0,11
8.0000,25.0,24.0,0.377155,-0.248596,0.319099,0.952405,0.657895,1.111955,0,9
8.0000,25.0,25.0,-0.348426,-1.024935,0.478950,0.951444,0.657895,1.190920,0,4
8.0000,25.0,26.0,-1.170302,-0.219958,0.353028,0.904414,0.657895,1.080928,0,1
8.0000,25.0,27.0,-0.532889,-0.635504,0.300365,0.419517,0.657895,0.569699,0,5
8.0000,25.0,28.0,0.358511,-0.902581,0.358179,0.683045,0.657895,0.862134,0,8
8.0000,25.0,29.0,-0.096102,-0.654976,0.204330,0.179335,0.657895,0.281500,0,5
8.0000,25.0,30.0,-0.318587,0.193289,0.116396,0.834218,0.657895,0.892416,1,6
8.0000,25.0,31.0,-0.159682,0.625825,0.417758,0.346851,0.657895,0.555729,1,6
8.0000,26.0,0.0,0.068825,-1.109252,0.860078,0.592403,0.657895,1.022442,0,8
8.0000,26.0,1.0,0.085181,0.666368,0.347795,0.145241,0.657895,0.319138,0,10
8.0000,26.0,2.0,-0.809095,-0.025497,0.150223,0.038973,0.657895,0.114084,1,1
8.0000,26.0,3.0,-0.978891,0.029709,0.494275,0.351632,0.657895,0.598770,1,2
8.0000,26.0,4.0,-0.187525,0.811395,0.785309,0.283850,0.657895,0.676504,0,7
8.0000,26.0,5.0,-0.995475,0.220004,0.255841,0.702120,0.657895,0.830040,0,2
8.0000,26.0,6.0,-0.787321,0.256758,0.463363,0.400933,0.657895,0.632614,0,2
8.0000,26.0,7.0,0.450831,-0.106755,0.371008,0.621752,0.657895,0.807256,0,9
8.0000,26.0,8.0,0.588954,-0.655451,0.169455,0.269469,0.657895,0.354197,0,9
8.0000,26.0,9.0,0.497265,-0.251671,0.061013,0.810646,0.657895,0.841153,0,9
8.0000,26.0,10.0,0.690800,-0.299791,0.211334,0.492385,0.657895,0.598052,0,9
8.0000,26.0,11.0,0.781989,0.555944,0.495258,0.278335,0.657895,0.525964,0,14
8.0000,26.0,12.0,-0.518536,0.089784,0.034943,0.468171,0.657895,0.485642,0,6
8.0000,26.0,13.0,-0.623001,0.005865,0.077150,0.165343,0.657895,0.203918,0,6
8.0000,26.0,14.0,-0.077202,0.015956,0.039148,0.198462,0.657895,0.218036,0,6
8.0000,26.0,15.0,0.117362,0.009782,0.218449,0.255085,0.657895,0.364309,0,10
8.0000,26.0,16.0,-0.122515,0.267376,0.073549,0.642306,0.657895,0.679081,-1,6
8.0000,26.0,17.0,0.023897,-0.146752,0.419013,0.311036,0.657895,0.520542,0,9
8.0000,26.0,18.0,-0.026634,0.770754,0.242429,0.017620,0.657895,0.138835,0,7
8.0000,26.0,19.0,0.003691,0.411653,0.248404,0.578505,0.657895,0.702708,0,10
8.0000,26.0,20.0,0.316008,0.006564,0.064296,0.582633,0.657895,0.614781,0,10
8.0000,26.0,21.0,0.108079,0.002345,0.263114,0.239373,0.657895,0.370930,-1,10
8.0000,26.0,22.0,0.150994,-0.232940,0.088450,0.637565,0.657895,0.681791,0,9
8.0000,26.0,23.0,-0.040312,0.112771,0.026438,0.260290,0.657895,0.273509,-1,6
8.0000,26.0,24.0,0.006012,-0.151247,0.157644,0.314988,0.657895,0.393810,0,9
8.0000,26.0,25.0,0.355948,-0.714788,0.195689,0.511985,0.657895,0.609829,0,9
8.0000,26.0,26.0,-0.378292,-0.673673,0.216057,0.556761,0.657895,0.664790,0,5
8.0000,26.0,27.0,0.024432,-0.477609,0.338018,0.491579,0.657895,0.660588,0,9
8.0000,26.0,28.0,-0.720200,-0.869201,0.569400,0.186004,0.657895,0.470704,0,4
8.0000,26.0,29.0,0.031818,-0.833590,0.301386,0.069028,0.657895,0.219721,0,8
8.0000,26.0,30.0,-0.022637,-0.213723,0.067543,0.439843,0.657895,0.473615,0,5
8.0000,26.0,31.0,-0.023275,-0.647950,0.066490,0.121183,0.657895,0.154427,0,5
8.0000,27.0,0.0,0.157251,-0.580670,0.231279,0.440996,0.657895,0.556636,0,9
8.0000,27.0,1.0,0.047421,0.332684,0.685326,0.611774,0.657895,0.954437,-1,10
8.0000,27.0,2.0,-0.614723,-0.754353,0.044728,0.152096,0.657895,0.174460,0,4
8.0000,27.0,3.0,-0.694612,-0.782074,0.544669,0.061713,0.657895,0.334047,0,4
8.0000,27.0,4.0,-0.019500,-0.641353,0.592009,0.131976,0.657895,0.427981,0,5
8.0000,27.0,5.0,-0.144932,0.725236,0.448220,0.180490,0.657895,0.404600,-1,6
8.0000,27.0,6.0,-0.866474,-0.169886,1.138227,0.323134,0.657895,0.892248,0,1
8.0000,27.0,7.0,1.002006,-1.034166,0.540469,1.234624,0.657895,1.504858,0,12
8.0000,27.0,8.0,-0.102205,-0.824783,0.214920,0.135217,0.657895,0.242677,1,4
8.0000,27.0,9.0,0.058759,-0.142162,0.065127,0.326150,0.657895,0.358713,0,9
8.0000,27.0,10.0,0.386877,-0.188577,0.232785,0.836430,0.657895,0.952822,0,9
8.0000,27.0,11.0,0.546333,0.685664,0.300439,0.319200,0.657895,0.469420,0,10
8.0000,27.0,12.0,-0.171551,0.052146,0.157291,0.376183,0.657895,0.454829,0,6
8.0000,27.0,13.0,-0.636635,-0.096187,0.174704,0.212931,0.657895,0.300284,0,5
8.0000,27.0,14.0,-0.025427,0.356570,0.122969,0.605701,0.657895,0.667185,1,6
8.0000,27.0,15.0,-0.292395,0.772670,0.585382,0.448886,0.657895,0.741577,1,7
8.0000,27.0,16.0,0.186528,0.343211,0.172139,0.834371,0.657895,0.920440,0,10
8.0000,27.0,17.0,0.633742,0.531313,0.038256,0.425911,0.657895,0.445039,0,10
8.0000,27.0,18.0,0.701657,0.214484,0.046860,0.339646,0.657895,0.363076,0,10
8.0000,27.0,19.0,0.840312,0.590659,0.371981,0.280120,0.657895,0.466110,0,14
8.0000,27.0,20.0,-0.143137,0.062395,0.277732,0.331484,0.657895,0.470350,0,6
8.0000,27.0,21.0,-0.878199,-0.147687,0.609322,0.299136,0.657895,0.603797,0,1
8.0000,27.0,22.0,0.381191,0.147449,0.156228,0.758155,0.657895,0.836269,0,10
8.0000,27.0,23.0,-0.221960,0.142844,0.275849,0.602337,0.657895,0.740262,0,6
8.0000,27.0,24.0,0.434210,-0.066448,0.406652,0.590785,0.657895,0.794111,0,9
8.0000,27.0,25.0,-0.041139,-1.005097,0.175418,0.413492,0.657895,0.501201,0,4
8.0000,27.0,26.0,0.071993,-1.352528,0.595445,0.495274,0.657895,0.792996,0,8
8.0000,27.0,27.0,0.711202,-0.062160,0.213326,0.063137,0.657895,0.169801,0,9
8.0000,27.0,28.0,0.353223,-0.121832,0.090648,0.714414,0.657895,0.759738,0,9
8.0000,27.0,29.0,0.528243,-0.077347,0.152961,0.430177,0.657895,0.506658,0,9
8.0000,27.0,30.0,-0.096241,-0.489769,0.033683,0.537783,0.657895,0.554624,0,5
8.0000,27.0,31.0,0.171943,-0.728990,0.093701,0.232267,0.657895,0.279117,0,9
8.0000,28.0,0.0,0.408788,-0.705447,0.181368,0.510019,0.657895,0.600703,0,9
8.0000,28.0,1.0,0.352029,-0.681432,0.237364,0.543742,0.657895,0.662424,0,9
8.0000,28.0,2.0,-0.321841,-0.461130,0.400542,0.964728,0.657895,1.164999,0,5
8.0000,28.0,3.0,0.610123,-0.809675,0.320140,0.200133,0.657895,0.360203,0,8
8.0000,28.0,4.0,0.628509,-0.895955,0.795484,0.329226,0.657895,0.726969,0,8
8.0000,28.0,5.0,0.120190,0.092208,0.529294,0.326756,0.657895,0.591403,0,10
8.0000,28.0,6.0,-0.810536,-0.728080,0.496683,0.079211,0.657895,0.327553,0,1
8.0000,28.0,7.0,0.054709,-1.071308,0.189105,0.537216,0.657895,0.631769,0,8
8.0000,28.0,8.0,0.499913,-0.752302,0.511868,0.375736,0.657895,0.631670,-1,8
8.0000,28.0,9.0,0.211359,0.214777,0.096934,0.721508,0.657895,0.769975,0,10
8.0000,28.0,10.0,0.196663,0.135825,0.109664,0.541247,0.657895,0.596079,0,10
8.0000,28.0,11.0,0.324694,0.199937,0.378516,0.851575,0.657895,1.040833,0,10
8.0000,28.0,12.0,-0.791639,0.131829,0.172318,0.156589,0.657895,0.242748,0,2
8.0000,28.0,13.0,-0.705645,0.243654,0.323905,0.391661,0.657895,0.553614,0,6
8.0000,28.0,14.0,-0.286111,-0.067114,0.113963,0.589063,0.657895,0.646045,0,5
8.0000,28.0,15.0,0.028346,-0.578199,1.027330,0.271454,0.657895,0.785119,-1,9
8.0000,28.0,16.0,-0.013039,0.986131,0.334742,0.360838,0.657895,0.528209,0,7
8.0000,28.0,17.0,0.839008,0.454524,0.487145,0.517838,0.657895,0.761411,0,14
8.0000,28.0,18.0,0.538819,0.200715,0.430695,0.625100,0.657895,0.840448,0,10
8.0000,28.0,19.0,0.577584,0.175132,0.332414,0.483736,0.657895,0.649943,1,10
8.0000,28.0,20.0,0.085033,-0.626383,1.181590,0.217550,0.657895,0.808345,0,9
8.0000,28.0,21.0,-0.817635,0.724352,1.473963,0.089652,0.657895,0.826633,-1,2
8.0000,28.0,22.0,0.850796,-0.053971,0.281046,0.109544,0.657895,0.250067,0,13
8.0000,28.0,23.0,0.183285,-0.538926,0.062359,0.589889,0.657895,0.621069,1,9
8.0000,28.0,24.0,0.419166,-0.787117,0.329733,0.495233,0.657895,0.660100,1,8
8.0000,28.0,25.0,0.661841,-0.733098,0.179774,0.078224,0.657895,0.168111,0,9
8.0000,28.0,26.0,0.103175,-0.798302,0.062526,0.111616,0.657895,0.142879,0,8
8.0000,28.0,27.0,0.066445,-0.615230,0.202664,0.218269,0.657895,0.319601,0,9
8.0000,28.0,28.0,0.830684,-0.441224,0.438551,0.520776,0.657895,0.740052,0,13
8.0000,28.0,29.0,0.399558,0.110299,0.270754,0.683455,0.657895,0.818832,0,10
8.0000,28.0,30.0,-0.121374,-0.419405,0.174758,0.685222,0.657895,0.772601,0,5
8.0000,28.0,31.0,0.465329,-0.212739,0.249612,0.798741,0.657895,0.923547,0,9
8.0000,29.0,0.0,0.211617,0.120868,0.063181,0.543898,0.657895,0.575488,1,10
8.0000,29.0,1.0,0.564058,-0.047504,0.203512,0.316746,0.657895,0.418502,1,9
8.0000,29.0,2.0,0.453069,-0.353236,0.446896,0.992597,0.657895,1.216046,0,9
8.0000,29.0,3.0,1.137376,0.187712,0.381299,0.827256,0.657895,1.017905,0,14
8.0000,29.0,4.0,0.807466,0.487901,0.592961,0.428301,0.657895,0.724782,1,14
8.0000,29.0,5.0,0.085533,-0.667300,0.148701,0.144264,0.657895,0.218614,0,9
8.0000,29.0,6.0,0.215317,-0.988665,0.390357,0.677783,0.657895,0.872961,0,8
8.0000,29.0,7.0,0.482573,-0.548451,0.503156,0.698455,0.657895,0.950034,1,9
8.0000,29.0,8.0,-0.203685,-0.021606,0.376920,0.420295,0.657895,0.608755,0,5
8.0000,29.0,9.0,0.026176,0.803840,0.005822,0.034765,0.657895,0.037675,0,11
8.0000,29.0,10.0,0.063602,0.768634,0.372916,0.045344,0.657895,0.231802,1,11
8.0000,29.0,11.0,0.093603,0.658004,0.218129,0.170549,0.657895,0.279613,0,10
8.0000,29.0,12.0,-0.087500,0.548438,0.269247,0.396795,0.657895,0.531418,0,6
8.0000,29.0,13.0,0.244254,0.591112,0.089010,0.587603,0.657895,0.632108,0,10
8.0000,29.0,14.0,-0.175368,0.221845,0.295824,0.664521,0.657895,0.812433,1,6
8.0000,29.0,15.0,-0.615057,0.538274,0.308311,0.446425,0.657895,0.600581,0,6
8.0000,29.0,16.0,0.071462,0.417591,0.303703,0.614832,0.657895,0.766684,0,10
8.0000,29.0,17.0,-0.483148,0.668881,0.511322,0.461737,0.657895,0.717398,-1,6
8.0000,29.0,18.0,-0.746939,-0.058993,0.528367,0.040849,0.657895,0.305032,0,5
8.0000,29.0,19.0,0.249633,0.755710,0.034682,0.379265,0.657895,0.396606,0,11
8.0000,29.0,20.0,0.150261,0.816812,0.318200,0.213015,0.657895,0.372115,0,11
8.0000,29.0,21.0,0.762445,0.625603,0.392914,0.135563,0.657895,0.332020,0,14
8.0000,29.0,22.0,0.218664,-0.263350,0.102066,0.819376,0.657895,0.870409,0,9
8.0000,29.0,23.0,0.435886,-0.800443,1.032531,0.491099,0.657895,1.007365,-1,8
8.0000,29.0,24.0,-0.105348,0.203846,0.469905,0.503887,0.657895,0.738840,0,6
8.0000,29.0,25.0,0.152846,-0.354070,0.236844,0.771016,0.657895,0.889438,0,9
8.0000,29.0,26.0,0.011201,-0.343569,0.152483,0.598619,0.657895,0.674861,0,9
8.0000,29.0,27.0,-0.007222,-0.178320,0.107653,0.367370,0.657895,0.421196,0,5
8.0000,29.0,28.0,-0.293529,-0.423767,0.991568,0.986923,0.657895,1.482707,-1,5
8.0000,29.0,29.0,0.733506,0.758016,0.984066,0.032338,0.657895,0.524371,0,11
8.0000,29.0,30.0,0.297458,-0.049703,0.217029,0.585627,0.657895,0.694142,-1,9
8.0000,29.0,31.0,0.637749,0.637416,0.118212,0.206297,0.657895,0.265403,0,10
8.0000,30.0,0.0,0.527426,0.141477,0.239525,0.533975,0.657895,0.653738,0,10
8.0000,30.0,1.0,0.026587,0.600095,0.046283,0.220536,0.657895,0.243677,0,10
8.0000,30.0,2.0,0.318089,0.650988,0.175668,0.568283,0.657895,0.656117,0,10
8.0000,30.0,3.0,0.014959,-0.070010,0.207631,0.189900,0.657895,0.293715,-1,9
8.0000,30.0,4.0,0.091754,0.425287,0.118631,0.632664,0.657895,0.691979,0,10
8.0000,30.0,5.0,-0.223381,-0.051463,0.247193,0.475488,0.657895,0.599085,0,5
8.0000,30.0,6.0,0.559965,0.096430,0.158627,0.382470,0.657895,0.461783,0,10
8.0000,30.0,7.0,0.856254,0.511960,0.496584,0.458109,0.657895,0.706400,0,14
8.0000,30.0,8.0,-0.450582,0.822507,0.191476,0.499270,0.657895,0.595008,1,7
8.0000,30.0,9.0,-0.031561,0.672263,0.836895,0.084947,0.657895,0.503395,0,6
8.0000,30.0,10.0,-0.675080,-0.197221,0.166310,0.336907,0.657895,0.420062,0,5
8.0000,30.0,11.0,0.129349,-0.251082,0.376606,0.628938,0.657895,0.817241,0,9
8.0000,30.0,12.0,0.882759,0.702402,0.129936,0.222167,0.657895,0.287135,0,14
8.0000,30.0,13.0,0.395139,0.735454,0.487025,0.499626,0.657895,0.743138,-1,10
8.0000,30.0,14.0,0.212691,-0.637953,0.396685,0.429860,0.657895,0.628202,0,9
8.0000,30.0,15.0,-0.085949,-0.145406,0.192943,0.363058,0.657895,0.459529,1,5
8.0000,30.0,16.0,-0.435585,-0.348553,0.774075,1.014931,0.657895,1.401968,0,5
8.0000,30.0,17.0,0.717292,0.599273,0.414375,0.186221,0.657895,0.393408,1,10
8.0000,30.0,18.0,-0.099586,-0.252655,0.595801,0.582957,0.657895,0.880858,-1,5
8.0000,30.0,19.0,-0.101626,0.797398,0.350255,0.108533,0.657895,0.283660,0,7
8.0000,30.0,20.0,1.062331,0.644772,0.505102,0.707320,0.657895,0.959871,0,14
8.0000,30.0,21.0,0.093879,0.428786,0.219613,0.631712,0.657895,0.741519,0,10
8.0000,30.0,22.0,-0.006502,-0.115330,0.388286,0.251294,0.657895,0.445437,0,5
8.0000,30.0,23.0,-0.746531,0.395587,0.710183,0.497179,0.657895,0.852271,0,6
8.0000,30.0,24.0,-1.330182,0.165562,0.770457,0.681125,0.657895,1.066354,0,2
8.0000,30.0,25.0,-0.497452,0.356081,0.148263,0.915562,0.657895,0.989693,1,6
8.0000,30.0,26.0,-0.618657,0.087204,0.115437,0.236460,0.657895,0.294179,0,6
8.0000,30.0,27.0,-0.527491,-0.045219,0.298665,0.399890,0.657895,0.549222,1,5
8.0000,30.0,28.0,-1.331806,0.237173,0.611358,0.841818,0.657895,1.147497,0,2
8.0000,30.0,29.0,-0.603152,-0.385253,0.105527,0.682153,0.657895,0.734917,0,5
8.0000,30.0,30.0,-0.231726,-0.037380,0.557397,0.480358,0.657895,0.759057,1,5
8.0000,30.0,31.0,0.604777,0.790223,0.159498,0.189507,0.657895,0.269256,0,11
8.0000,31.0,0.0,0.254174,0.791296,0.167320,0.398865,0.657895,0.482525,0,11
8.0000,31.0,1.0,0.023133,0.912433,0.099820,0.203568,0.657895,0.253478,0,11
8.0000,31.0,2.0,0.067156,0.483722,0.280459,0.512360,0.657895,0.652590,0,10
8.0000,31.0,3.0,-0.745261,-0.107050,0.288991,0.104461,0.657895,0.248956,0,5
8.0000,31.0,4.0,-0.259450,0.582069,0.154628,0.633983,0.657895,0.711296,0,6
8.0000,31.0,5.0,0.242543,0.317573,0.179627,0.925903,0.657895,1.015716,-1,10
8.0000,31.0,6.0,0.003470,-0.157279,0.126488,0.326238,0.657895,0.389481,0,9
8.0000,31.0,7.0,0.449362,0.383457,0.143122,0.996672,0.657895,1.068233,0,10
8.0000,31.0,8.0,-0.177123,0.120389,0.219929,0.476022,0.657895,0.585987,0,6
8.0000,31.0,9.0,-0.631684,-0.675816,0.210004,0.161675,0.657895,0.266677,0,5
8.0000,31.0,10.0,-0.560228,-0.152002,0.501536,0.478325,0.657895,0.729093,0,5
8.0000,31.0,11.0,-0.041540,-0.272575,0.344466,0.548770,0.657895,0.721003,0,5
8.0000,31.0,12.0,0.637545,0.232565,0.141680,0.469034,0.657895,0.539874,0,10
8.0000,31.0,13.0,0.459313,0.579105,0.356236,0.667999,0.657895,0.846117,-1,10
8.0000,31.0,14.0,1.146513,-0.019140,0.726948,0.573447,0.657895,0.936921,1,13
8.0000,31.0,15.0,0.689756,-0.064537,0.399212,0.087825,0.657895,0.287431,-1,9
8.0000,31.0,16.0,-0.176400,0.546779,0.166905,0.557940,0.657895,0.641392,0,6
8.0000,31.0,17.0,0.334461,0.942593,0.024153,0.759679,0.657895,0.771756,0,11
8.0000,31.0,18.0,0.047889,0.869326,0.054385,0.134739,0.657895,0.161932,0,11
8.0000,31.0,19.0,0.048928,0.813519,0.730499,0.058062,0.657895,0.423312,0,11
8.0000,31.0,20.0,0.834964,-0.347277,0.363689,0.554567,0.657895,0.736411,0,13
8.0000,31.0,21.0,0.825913,0.237894,0.192739,0.401552,0.657895,0.497922,0,14
8.0000,31.0,22.0,0.110310,0.739551,0.353704,0.111417,0.657895,0.288268,0,10
8.0000,31.0,23.0,0.805583,0.590819,0.207247,0.230892,0.657895,0.334515,0,14
8.0000,31.0,24.0,0.203418,0.152860,0.083115,0.585959,0.657895,0.627517,0,10
8.0000,31.0,25.0,0.023862,-0.127963,0.043515,0.277065,0.657895,0.298822,1,9
8.0000,31.0,26.0,0.022366,-0.070872,0.031144,0.193168,0.657895,0.208740,0,9
8.0000,31.0,27.0,0.156285,-0.066217,0.191927,0.360100,0.657895,0.456063,0,9
8.0000,31.0,28.0,-0.481085,-0.659128,0.026742,0.479308,0.657895,0.492679,0,5
8.0000,31.0,29.0,-0.670486,-0.783501,0.654101,0.084791,0.657895,0.411841,0,4
8.0000,31.0,30.0,0.680156,-0.153129,0.322937,0.240711,0.657895,0.402179,1,9
8.0000,31.0,31.0,0.992954,0.544346,0.634560,0.715558,0.657895,1.032838,0,14
9.0000,0.0,0.0,0.465049,0.078056,0.061325,0.596714,0.602410,0.627376,0,10
9.0000,0.0,1.0,0.490852,0.305173,0.294364,0.928184,0.602410,1.075366,0,10
9.0000,0.0,2.0,1.010497,0.028673,0.295501,0.404763,0.602410,0.552514,0,14
9.0000,0.0,3.0,0.188036,0.196727,0.152674,0.688742,0.602410,0.765079,0,10
9.0000,0.0,4.0,-0.224182,0.641340,0.356824,0.469122,0.602410,0.647534,0,6
9.0000,0.0,5.0,0.564935,-0.088659,0.241214,0.391281,0.602410,0.511889,0,9
9.0000,0.0,6.0,0.001021,0.001375,0.018530,0.200092,0.602410,0.209357,-1,10
9.0000,0.0,7.0,0.124632,-0.002020,0.099822,0.317548,0.602410,0.367459,0,9
9.0000,0.0,8.0,0.098789,0.249071,0.074849,0.623395,0.602410,0.660819,0,10
9.0000,0.0,9.0,0.053443,0.299798,0.435815,0.637384,0.602410,0.855291,-1,10
9.0000,0.0,10.0,0.772649,-0.536461,0.212839,0.308614,0.602410,0.415034,0,13
9.0000,0.0,11.0,0.131361,-0.128257,0.103195,0.452938,0.602410,0.504535,0,9
9.0000,0.0,12.0,0.087815,0.254295,0.281600,0.616367,0.602410,0.757167,0,10
9.0000,0.0,13.0,0.036414,1.037914,0.356318,0.456374,0.602410,0.634532,0,11
9.0000,0.0,14.0,0.460821,0.066473,0.275405,0.590749,0.602410,0.728451,-1,10
9.0000,0.0,15.0,-0.110791,0.874079,0.915149,0.227004,0.602410,0.684578,0,7
9.0000,0.0,16.0,1.047100,0.487957,0.388808,0.893183,0.602410,1.087586,0,14
9.0000,0.0,17.0,0.701037,0.815067,0.455708,0.074028,0.602410,0.301882,0,11
9.0000,0.0,18.0,0.173642,1.521063,0.155626,0.749972,0.602410,0.827785,0,11
9.0000,0.0,19.0,0.349742,0.794671,0.392262,0.516681,0.602410,0.712811,0,11
9.0000,0.0,20.0,0.861524,-0.328107,0.342850,0.582860,0.602410,0.754285,0,13
9.0000,0.0,21.0,0.619089,0.020322,0.219103,0.204738,0.602410,0.314290,0,10
9.0000,0.0,22.0,0.804383,0.186884,0.154163,0.285512,0.602410,0.362594,0,14
9.0000,0.0,23.0,0.745861,-0.020672,0.185381,0.032424,0.602410,0.125115,0,9
9.0000,0.0,24.0,0.759864,0.133266,0.126797,0.163547,0.602410,0.226945,0,14
9.0000,0.0,25.0,0.148280,0.104249,0.190545,0.444406,0.602410,0.539678,1,10
9.0000,0.0,26.0,-0.366132,-0.009150,0.429096,0.644612,0.602410,0.859160,0,5
9.0000,0.0,27.0,-0.150500,0.872354,0.438620,0.297050,0.602410,0.516360,0,7
9.0000,0.0,28.0,-0.497836,-0.281168,0.472559,0.886124,0.602410,1.122403,0,5
9.0000,0.0,29.0,-0.791686,-1.217558,1.071019,0.812459,0.602410,1.347968,-1,0
9.0000,0.0,30.0,0.031454,-0.981081,0.405473,0.349079,0.602410,0.551816,0,8
9.0000,0.0,31.0,0.739548,-0.700769,0.380751,0.027064,0.602410,0.217439,0,9
9.0000,1.0,0.0,0.028167,0.031285,0.222089,0.214742,0.602410,0.325786,-1,10
9.0000,1.0,1.0,0.710808,-0.579469,0.372861,0.228651,0.602410,0.415082,0,9
9.0000,1.0,2.0,0.404436,0.360351,0.048053,1.080904,0.602410,1.104930,0,10
9.0000,1.0,3.0,0.672978,0.107709,0.201781,0.191563,0.602410,0.292453,0,10
9.0000,1.0,4.0,0.296068,0.673431,0.220172,0.528226,0.602410,0.638312,0,10
9.0000,1.0,5.0,-0.207321,0.117191,0.297357,0.577939,0.602410,0.726617,1,6
9.0000,1.0,6.0,0.200919,0.138741,0.084118,0.603030,0.602410,0.645090,-1,10
9.0000,1.0,7.0,0.683188,0.151571,0.510759,0.255009,0.602410,0.510388,0,10
9.0000,1.0,8.0,-0.431350,0.131943,0.358669,0.729862,0.602410,0.909197,1,6
9.0000,1.0,9.0,0.745159,0.080250,0.574844,0.082309,0.602410,0.369731,0,10
9.0000,1.0,10.0,0.930723,-1.034944,0.819721,0.939822,0.602410,1.349683,-1,12
9.0000,1.0,11.0,0.640943,-0.058518,0.065310,0.184411,0.602410,0.217066,0,9
9.0000,1.0,12.0,0.307429,-0.425021,0.384459,1.035292,0.602410,1.227521,0,9
9.0000,1.0,13.0,0.145319,0.499776,0.203007,0.636134,0.602410,0.737637,-1,10
9.0000,1.0,14.0,0.119405,-0.011558,0.463758,0.309846,0.602410,0.541725,1,9
9.0000,1.0,15.0,-1.156267,-0.164080,1.132303,0.747796,0.602410,1.313947,0,1
9.0000,1.0,16.0,-0.077770,0.739231,0.163560,0.081480,0.602410,0.163260,0,6
9.0000,1.0,17.0,-0.265204,1.150678,0.350133,0.958181,0.602410,1.133248,0,7
9.0000,1.0,18.0,0.265792,1.285784,1.010440,0.879893,0.602410,1.385114,0,11
9.0000,1.0,19.0,0.225025,0.618770,0.320730,0.516914,0.602410,0.677279,0,10
9.0000,1.0,20.0,-0.058450,0.259149,0.218985,0.590335,0.602410,0.699827,0,6
9.0000,1.0,21.0,0.097346,0.756609,0.274145,0.103447,0.602410,0.240520,0,11
9.0000,1.0,22.0,0.068971,0.015667,0.014395,0.240571,0.602410,0.247769,1,10
9.0000,1.0,23.0,-0.100747,-0.050417,0.067603,0.300285,0.602410,0.334087,1,5
9.0000,1.0,24.0,0.398539,0.091379,0.164902,0.697178,0.602410,0.779629,0,10
9.0000,1.0,25.0,0.753931,0.447594,0.342058,0.459268,0.602410,0.630297,0,14
9.0000,1.0,26.0,0.092497,0.816985,0.523871,0.121661,0.602410,0.383597,-1,11
9.0000,1.0,27.0,-0.197828,0.323732,0.172953,0.889761,0.602410,0.976238,0,6
9.0000,1.0,28.0,-0.990243,0.546237,0.061279,0.677798,0.602410,0.708437,0,2
9.0000,1.0,29.0,-0.728024,0.665669,0.315461,0.065607,0.602410,0.223337,0,6
9.0000,1.0,30.0,0.110692,0.036582,0.111276,0.305690,0.602410,0.361328,0,10
9.0000,1.0,31.0,0.168320,0.016714,0.147602,0.399925,0.602410,0.473725,0,10
9.0000,2.0,0.0,0.167801,-0.141456,0.037178,0.543972,0.602410,0.562561,-1,9
9.0000,2.0,1.0,0.298447,0.007282,0.220532,0.612980,0.602410,0.723246,0,10
9.0000,2.0,2.0,0.181353,0.440998,0.116031,0.811174,0.602410,0.869189,0,10
9.0000,2.0,3.0,0.241782,0.506574,0.735388,0.806658,0.602410,1.174353,0,10
9.0000,2.0,4.0,0.527810,0.159447,0.937670,0.600614,0.602410,1.069449,1,10
9.0000,2.0,5.0,-0.953125,0.799891,1.063909,0.410982,0.602410,0.942937,0,3
9.0000,2.0,6.0,-0.015836,-0.099465,0.119608,0.279639,0.602410,0.339443,0,5
9.0000,2.0,7.0,-0.179388,0.389095,0.354299,0.857664,0.602410,1.034814,1,6
9.0000,2.0,8.0,-0.220147,0.075154,0.145754,0.542058,0.602410,0.614935,0,6
9.0000,2.0,9.0,-0.106152,-0.464316,0.295012,0.637194,0.602410,0.784700,0,5
9.0000,2.0,10.0,-0.089367,0.060922,0.274835,0.293582,0.602410,0.430999,1,6
9.0000,2.0,11.0,0.651292,0.066286,0.181864,0.172573,0.602410,0.263505,0,10
9.0000,2.0,12.0,1.046620,-0.093506,0.203615,0.531856,0.602410,0.633663,1,13
9.0000,2.0,13.0,0.497364,-0.152877,0.380361,0.655542,0.602410,0.845722,0,9
9.0000,2.0,14.0,-0.323789,0.077946,0.440862,0.682309,0.602410,0.902741,0,6
9.0000,2.0,15.0,0.139485,0.769254,0.352178,0.175447,0.602410,0.351536,0,11
9.0000,2.0,16.0,-0.452430,0.182948,0.166542,0.797410,0.602410,0.880681,0,6
9.0000,2.0,17.0,0.312917,0.275409,0.316073,1.014752,0.602410,1.172788,1,10
9.0000,2.0,18.0,0.511918,-0.594273,0.177746,0.556544,0.602410,0.645417,0,9
9.0000,2.0,19.0,0.939885,-0.131036,0.895496,0.391108,0.602410,0.838856,0,13
9.0000,2.0,20.0,-0.660816,0.750430,0.345493,0.069363,0.602410,0.242109,0,7
9.0000,2.0,21.0,-0.039073,0.029857,0.163651,0.220042,0.602410,0.301868,0,6
9.0000,2.0,22.0,-0.072815,0.081279,0.048211,0.295618,0.602410,0.319723,0,6
9.0000,2.0,23.0,-0.069028,-0.054077,0.569168,0.262513,0.602410,0.547097,0,5
9.0000,2.0,24.0,0.855172,-0.353483,0.136678,0.587238,0.602410,0.655577,0,13
9.0000,2.0,25.0,0.720512,-0.443008,0.173683,0.476127,0.602410,0.562968,0,9
9.0000,2.0,26.0,-0.043206,-0.505694,0.453742,0.482170,0.602410,0.709041,0,5
9.0000,2.0,27.0,-0.079308,0.305434,0.285104,0.669917,0.602410,0.812469,0,6
9.0000,2.0,28.0,-0.607641,0.671574,0.187639,0.211123,0.602410,0.304943,0,6
9.0000,2.0,29.0,-0.352136,0.811809,0.735160,0.531312,0.602410,0.898892,-1,7
9.0000,2.0,30.0,0.757852,-0.113658,0.354379,0.129174,0.602410,0.306364,0,13
9.0000,2.0,31.0,0.410524,0.732178,0.220974,0.500813,0.602410,0.611300,0,10
9.0000,3.0,0.0,-0.139347,-0.018250,0.286081,0.346109,0.602410,0.489149,0,5
9.0000,3.0,1.0,0.109588,0.810177,0.211716,0.142055,0.602410,0.247913,0,11
9.0000,3.0,2.0,-0.454917,0.667565,0.274864,0.517955,0.602410,0.655387,0,6
9.0000,3.0,3.0,-1.413271,0.500022,0.474722,0.895600,0.602410,1.132961,0,2
9.0000,3.0,4.0,-0.471194,0.545880,0.461902,0.742893,0.602410,0.973844,0,6
9.0000,3.0,5.0,-0.432495,-0.715769,0.552212,0.491292,0.602410,0.767398,0,5
9.0000,3.0,6.0,0.380414,-0.336065,0.314989,1.087979,0.602410,1.245474,0,9
9.0000,3.0,7.0,-0.179726,-0.758500,0.211258,0.254948,0.602410,0.360577,0,4
9.0000,3.0,8.0,-0.316184,-0.444240,0.539514,1.018546,0.602410,1.288303,0,5
9.0000,3.0,9.0,-0.979268,-0.088071,0.306780,0.402023,0.602410,0.555413,0,1
9.0000,3.0,10.0,-0.080690,-0.681144,1.091508,0.140398,0.602410,0.686152,0,5
9.0000,3.0,11.0,0.911946,0.757443,0.124680,0.262600,0.602410,0.324940,0,15
9.0000,3.0,12.0,1.168749,0.609587,0.267461,0.814975,0.602410,0.948705,0,14
9.0000,3.0,13.0,0.369895,0.728954,0.187441,0.516459,0.602410,0.610180,0,10
9.0000,3.0,14.0,0.660669,0.396948,0.153879,0.585167,0.602410,0.662107,0,10
9.0000,3.0,15.0,0.691349,0.128911,0.231262,0.201735,0.602410,0.317366,0,10
9.0000,3.0,16.0,-0.229297,0.034377,0.214987,0.522802,0.602410,0.630296,0,6
9.0000,3.0,17.0,-0.313251,-0.000744,0.619551,0.625877,0.602410,0.935652,0,5
9.0000,3.0,18.0,1.064016,-0.502457,0.994943,0.898622,0.602410,1.396094,1,13
9.0000,3.0,19.0,0.609618,-0.496657,0.595430,0.553956,0.602410,0.851671,0,9
9.0000,3.0,20.0,-0.200058,0.236735,0.544269,0.785876,0.602410,1.058011,0,6
9.0000,3.0,21.0,0.650138,-0.389438,0.385696,0.606313,0.602410,0.799161,0,9
9.0000,3.0,22.0,0.139361,-0.278566,0.666465,0.733671,0.602410,1.066904,0,9
9.0000,3.0,23.0,0.843338,0.653363,0.476595,0.164990,0.602410,0.403288,-1,14
9.0000,3.0,24.0,0.577416,0.312413,0.540660,0.738980,0.602410,1.009310,1,10
9.0000,3.0,25.0,0.690086,-0.116493,0.285943,0.181699,0.602410,0.324671,0,9
9.0000,3.0,26.0,1.006509,-0.273671,0.334565,0.811168,0.602410,0.978450,0,13
9.0000,3.0,27.0,0.641989,0.760356,0.478850,0.098784,0.602410,0.338209,0,11
9.0000,3.0,28.0,0.147193,0.981144,0.425800,0.508573,0.602410,0.721473,0,11
9.0000,3.0,29.0,0.568949,0.872477,0.140595,0.366010,0.602410,0.436308,0,11
9.0000,3.0,30.0,0.680817,0.644964,0.072408,0.131586,0.602410,0.167790,0,10
9.0000,3.0,31.0,0.184515,0.628915,0.166965,0.415772,0.602410,0.499254,0,10
9.0000,4.0,0.0,-0.195706,0.608557,0.136968,0.482121,0.602410,0.550605,0,6
9.0000,4.0,1.0,-0.033021,0.111949,0.121555,0.305647,0.602410,0.366424,0,6
9.0000,4.0,2.0,-0.648184,0.327582,0.306640,0.599790,0.602410,0.753110,0,6
9.0000,4.0,3.0,-0.420922,0.656608,0.193996,0.574907,0.602410,0.671905,0,6
9.0000,4.0,4.0,-0.910327,0.793903,0.535144,0.289936,0.602410,0.557508,0,3
9.0000,4.0,5.0,-1.102276,0.261598,0.198480,0.928702,0.602410,1.027942,0,2
9.0000,4.0,6.0,-0.367977,0.119632,0.259172,0.753664,0.602410,0.883250,0,6
9.0000,4.0,7.0,-0.752745,-0.126599,0.297513,0.152302,0.602410,0.301058,0,1
9.0000,4.0,8.0,-1.277510,0.372688,0.171970,1.014188,0.602410,1.100173,0,2
9.0000,4.0,9.0,-0.720108,-0.060214,0.763215,0.073607,0.602410,0.455215,0,5
9.0000,4.0,10.0,0.903497,-0.095871,0.271180,0.257329,0.602410,0.392919,-1,13
9.0000,4.0,11.0,0.434472,0.329740,0.167272,1.040978,0.602410,1.124614,0,10
9.0000,4.0,12.0,0.554132,0.808769,0.536177,0.298312,0.602410,0.566401,0,11
9.0000,4.0,13.0,0.171947,0.010760,0.244371,0.405545,0.602410,0.527731,-1,10
9.0000,4.0,14.0,-0.048600,0.596119,0.282901,0.273006,0.602410,0.414457,0,6
9.0000,4.0,15.0,0.542582,-0.086471,0.399683,0.442128,0.602410,0.641969,0,9
9.0000,4.0,16.0,0.226192,-0.768241,0.524999,0.348568,0.602410,0.611068,0,8
9.0000,4.0,17.0,-0.881075,-0.085599,0.558420,0.200827,0.602410,0.480037,0,1
9.0000,4.0,18.0,-0.110341,1.044846,0.164423,0.556095,0.602410,0.638306,0,7
9.0000,4.0,19.0,-0.128391,0.305606,0.465094,0.744068,0.602410,0.976615,0,6
9.0000,4.0,20.0,0.830486,0.225461,0.478561,0.388815,0.602410,0.628096,-1,14
9.0000,4.0,21.0,0.368513,0.701564,0.172018,0.537699,0.602410,0.623708,0,10
9.0000,4.0,22.0,0.947667,0.526684,0.609305,0.614885,0.602410,0.919537,0,14
9.0000,4.0,23.0,-0.075137,-0.282490,0.558525,0.640191,0.602410,0.919454,-1,5
9.0000,4.0,24.0,-0.635860,1.015225,0.621465,0.580385,0.602410,0.891118,0,7
9.0000,4.0,25.0,0.151177,0.737040,0.257245,0.203543,0.602410,0.332165,0,10
9.0000,4.0,26.0,0.740048,-0.018379,0.639856,0.033854,0.602410,0.353782,1,9
9.0000,4.0,27.0,0.537942,-0.508898,0.112322,0.689567,0.602410,0.745728,0,9
9.0000,4.0,28.0,0.834828,-0.038989,0.318627,0.083350,0.602410,0.242663,0,13
9.0000,4.0,29.0,0.005391,0.447617,0.299366,0.575876,0.602410,0.725559,0,10
9.0000,4.0,30.0,0.630478,0.443655,0.043593,0.597511,0.602410,0.619307,0,10
9.0000,4.0,31.0,0.547864,0.739034,0.369083,0.282213,0.602410,0.466754,0,10
9.0000,5.0,0.0,-0.014779,0.116570,0.049517,0.305887,0.602410,0.330645,0,6
9.0000,5.0,1.0,-0.271174,0.044285,0.229170,0.595975,0.602410,0.710559,0,6
9.0000,5.0,2.0,0.322629,0.679966,0.673773,0.545050,0.602410,0.881936,0,10
9.0000,5.0,3.0,-0.718838,0.001733,0.109830,0.044189,0.602410,0.099104,0,6
9.0000,5.0,4.0,-0.760692,-0.546990,0.085654,0.283464,0.602410,0.326291,0,1
9.0000,5.0,5.0,-1.021448,-0.215932,0.115345,0.730213,0.602410,0.787886,0,1
9.0000,5.0,6.0,-0.908132,-0.612654,0.230378,0.360459,0.602410,0.475648,0,1
9.0000,5.0,7.0,-0.072581,-0.576889,0.963616,0.342171,0.602410,0.823979,0,5
9.0000,5.0,8.0,-1.137279,-0.039760,0.381672,0.552501,0.602410,0.743337,0,1
9.0000,5.0,9.0,-0.509119,0.548868,0.449828,0.664510,0.602410,0.889424,-1,6
9.0000,5.0,10.0,0.093941,-0.263828,0.123697,0.639219,0.602410,0.701067,0,9
9.0000,5.0,11.0,-0.143498,0.027660,0.251066,0.357226,0.602410,0.482759,0,6
9.0000,5.0,12.0,-0.609261,0.900091,0.398829,0.348040,0.602410,0.547454,0,7
9.0000,5.0,13.0,-0.525836,-0.304352,0.367395,0.852087,0.602410,1.035784,0,5
9.0000,5.0,14.0,-0.610737,0.582627,0.558582,0.368037,0.602410,0.647328,0,6
9.0000,5.0,15.0,-0.322619,-0.620555,0.114378,0.650549,0.602410,0.707738,0,5
9.0000,5.0,16.0,-0.411185,-0.809539,0.471244,0.520291,0.602410,0.755913,0,4
9.0000,5.0,17.0,-0.537922,0.408351,0.445946,0.839481,0.602410,1.062453,0,6
9.0000,5.0,18.0,-0.226684,0.732834,0.549974,0.356612,0.602410,0.631599,0,6
9.0000,5.0,19.0,0.718378,-0.160755,0.310420,0.234268,0.602410,0.389478,0,9
9.0000,5.0,20.0,-0.006016,-0.654548,0.354325,0.130394,0.602410,0.307556,-1,5
9.0000,5.0,21.0,-0.145837,0.461740,0.153680,0.710283,0.602410,0.787124,0,6
9.0000,5.0,22.0,0.094681,0.620222,0.395922,0.271108,0.602410,0.469069,0,10
9.0000,5.0,23.0,0.284758,0.043243,0.190606,0.612804,0.602410,0.708107,1,10
9.0000,5.0,24.0,-0.337517,-0.288630,0.225180,1.046712,0.602410,1.159302,0,5
9.0000,5.0,25.0,-0.070134,0.486893,0.129302,0.546368,0.602410,0.611019,1,6
9.0000,5.0,26.0,-0.744218,0.255343,0.890048,0.403834,0.602410,0.848858,0,6
9.0000,5.0,27.0,0.263643,-0.764026,0.160311,0.415160,0.602410,0.495316,1,8
9.0000,5.0,28.0,0.265680,-0.199690,0.234831,0.831478,0.602410,0.948894,1,9
9.0000,5.0,29.0,0.708678,-0.111044,0.599932,0.151533,0.602410,0.451499,0,9
9.0000,5.0,30.0,0.826949,0.647855,0.497825,0.147173,0.602410,0.396085,0,14
9.0000,5.0,31.0,-0.404150,0.730221,0.331103,0.505809,0.602410,0.671360,0,6
9.0000,6.0,0.0,0.340863,0.141548,0.201200,0.789739,0.602410,0.890339,1,10
9.0000,6.0,1.0,-0.043288,-0.284432,0.569460,0.612442,0.602410,0.897172,-1,5
9.0000,6.0,2.0,-0.738848,0.526006,0.090305,0.327634,0.602410,0.372787,0,6
9.0000,6.0,3.0,-0.787283,0.364755,0.131707,0.516196,0.602410,0.582050,-1,2
9.0000,6.0,4.0,-0.813386,-0.144192,0.693256,0.206958,0.602410,0.553585,-1,1
9.0000,6.0,5.0,-1.561029,-0.214289,0.601359,0.968163,0.602410,1.268842,0,1
9.0000,6.0,6.0,-0.442465,-0.685051,0.461306,0.510393,0.602410,0.741046,0,5
9.0000,6.0,7.0,-1.514041,0.018565,0.717132,0.493407,0.602410,0.851973,0,2
9.0000,6.0,8.0,-0.302380,0.257837,0.322701,0.979747,0.602410,1.141098,0,6
9.0000,6.0,9.0,0.267108,0.133382,0.200746,0.707325,0.602410,0.807698,0,10
9.0000,6.0,10.0,0.603768,0.041985,0.213282,0.250356,0.602410,0.356997,1,10
9.0000,6.0,11.0,-0.056948,-0.109091,0.178038,0.318605,0.602410,0.407624,-1,5
9.0000,6.0,12.0,-0.313453,0.676104,0.018032,0.542658,0.602410,0.551674,0,6
9.0000,6.0,13.0,-0.289780,0.482996,0.204485,0.926743,0.602410,1.028985,0,6
9.0000,6.0,14.0,-0.127211,-0.102844,0.184005,0.404500,0.602410,0.496503,0,5
9.0000,6.0,15.0,0.320333,-0.596727,0.424234,0.701028,0.602410,0.913146,1,9
9.0000,6.0,16.0,0.129615,-0.504267,0.235845,0.597831,0.602410,0.715753,0,9
9.0000,6.0,17.0,-0.585831,-0.848362,0.493795,0.288714,0.602410,0.535612,0,4
9.0000,6.0,18.0,-0.117244,0.028363,0.179448,0.311843,0.602410,0.401567,0,6
9.0000,6.0,19.0,0.227309,-0.642371,0.287221,0.473047,0.602410,0.616658,0,9
9.0000,6.0,20.0,0.095402,-0.278563,0.189877,0.661606,0.602410,0.756545,0,9
9.0000,6.0,21.0,-0.708113,-0.002589,0.034423,0.053935,0.602410,0.071147,0,5
9.0000,6.0,22.0,-0.892655,0.130504,0.151971,0.295012,0.602410,0.370997,0,2
9.0000,6.0,23.0,-0.226666,-0.015947,0.043925,0.510432,0.602410,0.532395,0,5
9.0000,6.0,24.0,-0.137661,0.144785,0.104256,0.493673,0.602410,0.545801,0,6
9.0000,6.0,25.0,-0.150827,0.434996,0.535328,0.759964,0.602410,1.027627,0,6
9.0000,6.0,26.0,-0.208755,-0.848546,0.321770,0.379038,0.602410,0.539923,0,4
9.0000,6.0,27.0,0.810643,-0.917507,1.011725,0.331218,0.602410,0.837080,-1,12
9.0000,6.0,28.0,0.165574,0.651895,0.455418,0.333009,0.602410,0.560719,0,10
9.0000,6.0,29.0,0.042718,1.057849,1.054686,0.490114,0.602410,1.017457,0,11
9.0000,6.0,30.0,1.361695,0.220120,1.351755,0.721391,0.602410,1.397268,0,14
9.0000,6.0,31.0,0.479779,0.852288,0.745138,0.496982,0.602410,0.869552,-1,11
9.0000,7.0,0.0,-0.347584,0.099029,0.175530,0.720554,0.602410,0.808319,1,6
9.0000,7.0,1.0,-0.700947,0.555039,0.576930,0.288697,0.602410,0.577162,0,6
9.0000,7.0,2.0,-0.172922,0.413751,0.578256,0.826716,0.602410,1.115844,0,6
9.0000,7.0,3.0,-0.411595,0.009820,0.465580,0.620620,0.602410,0.853410,0,6
9.0000,7.0,4.0,0.646379,0.135496,0.512119,0.285460,0.602410,0.541520,0,10
9.0000,7.0,5.0,-0.630250,-0.471749,0.383523,0.556762,0.602410,0.748524,0,5
9.0000,7.0,6.0,-0.835530,-0.902705,0.052214,0.335238,0.602410,0.361345,0,0
9.0000,7.0,7.0,-0.563702,-0.644766,0.041371,0.344991,0.602410,0.365677,0,5
9.0000,7.0,8.0,-0.754513,-0.606209,0.121970,0.161113,0.602410,0.222098,0,1
9.0000,7.0,9.0,-0.525272,-0.097758,0.373629,0.498725,0.602410,0.685539,0,5
9.0000,7.0,10.0,0.007803,0.238411,0.261614,0.529384,0.602410,0.660191,0,10
9.0000,7.0,11.0,-0.079273,-0.280345,0.274425,0.642470,0.602410,0.779683,0,5
9.0000,7.0,12.0,-0.427789,0.530483,0.456437,0.838463,0.602410,1.066681,0,6
9.0000,7.0,13.0,-0.252209,-0.185502,0.210633,0.783428,0.602410,0.888744,1,5
9.0000,7.0,14.0,-0.029997,0.428526,0.170396,0.609177,0.602410,0.694375,0,6
9.0000,7.0,15.0,0.634437,0.649609,0.475148,0.192846,0.602410,0.430420,-1,10
9.0000,7.0,16.0,-0.268646,-0.111197,0.231393,0.672057,0.602410,0.787754,0,5
9.0000,7.0,17.0,0.377889,-0.607105,0.251417,0.695375,0.602410,0.821084,0,9
9.0000,7.0,18.0,0.151388,0.305901,0.405726,0.786139,0.602410,0.989002,-1,10
9.0000,7.0,19.0,-0.679615,-0.222112,0.295162,0.400439,0.602410,0.548021,-1,5
9.0000,7.0,20.0,-0.014534,-0.118489,0.145288,0.308977,0.602410,0.381621,0,5
9.0000,7.0,21.0,-0.455997,-0.152124,0.368194,0.731667,0.602410,0.915765,0,5
9.0000,7.0,22.0,-0.768390,-0.226501,0.519253,0.349182,0.602410,0.608809,1,1
9.0000,7.0,23.0,-0.203545,0.360098,0.122330,0.912412,0.602410,0.973577,0,6
9.0000,7.0,24.0,-0.664881,-0.089027,0.190845,0.176697,0.602410,0.272119,-1,5
9.0000,7.0,25.0,-0.655900,-0.050159,0.303684,0.148820,0.602410,0.300662,0,5
9.0000,7.0,26.0,-0.653249,-0.635055,0.075362,0.185992,0.602410,0.223673,0,5
9.0000,7.0,27.0,-0.258526,-0.760535,0.776229,0.406647,0.602410,0.794761,-1,4
9.0000,7.0,28.0,-0.707527,-0.285908,0.304517,0.473571,0.602410,0.625830,-1,5
9.0000,7.0,29.0,-0.677014,-0.064311,0.092084,0.127387,0.602410,0.173428,0,5
9.0000,7.0,30.0,-0.635573,-0.270312,0.557193,0.559784,0.602410,0.838381,0,5
9.0000,7.0,31.0,0.520471,-0.714380,0.616138,0.350478,0.602410,0.658547,0,9
9.0000,8.0,0.0,0.028042,-0.378690,0.240060,0.647517,0.602410,0.767547,0,9
9.0000,8.0,1.0,0.560087,-0.092065,0.197132,0.407712,0.602410,0.506277,0,9
9.0000,8.0,2.0,1.217682,0.014852,0.446533,0.516835,0.602410,0.740102,0,14
9.0000,8.0,3.0,0.155004,0.647144,0.412673,0.321008,0.602410,0.527345,-1,10
9.0000,8.0,4.0,0.601017,-0.083339,0.138825,0.298497,0.602410,0.367909,0,9
9.0000,8.0,5.0,0.385079,0.052976,0.654958,0.661522,0.602410,0.989001,0,10
9.0000,8.0,6.0,-0.603154,-0.782564,0.083724,0.177403,0.602410,0.219265,0,4
9.0000,8.0,7.0,-0.820442,-0.396424,0.076668,0.539301,0.602410,0.577635,0,1
9.0000,8.0,8.0,-1.023105,-0.282692,0.276068,0.856677,0.602410,0.994711,0,1
9.0000,8.0,9.0,-1.212661,0.692705,0.577202,0.742494,0.602410,1.031095,0,2
9.0000,8.0,10.0,-0.736037,-0.226851,0.079263,0.355346,0.602410,0.394978,0,5
9.0000,8.0,11.0,-0.532152,-0.617531,0.870227,0.464892,0.602410,0.900005,0,5
9.0000,8.0,12.0,0.262717,-0.367006,0.417380,1.016076,0.602410,1.224767,1,9
9.0000,8.0,13.0,0.390975,-0.136127,0.743372,0.774210,0.602410,1.145896,0,9
9.0000,8.0,14.0,-0.052596,0.865242,0.328367,0.136741,0.602410,0.300924,0,7
9.0000,8.0,15.0,0.017617,0.295012,0.187354,0.611564,0.602410,0.705241,-1,10
9.0000,8.0,16.0,0.240280,-0.162511,0.021574,0.719220,0.602410,0.730007,0,9
9.0000,8.0,17.0,0.206959,-0.304505,0.121798,0.892259,0.602410,0.953158,1,9
9.0000,8.0,18.0,0.615390,-0.356099,0.337114,0.677533,0.602410,0.846090,1,9
9.0000,8.0,19.0,0.124572,0.062252,0.291828,0.348946,0.602410,0.494861,0,10
9.0000,8.0,20.0,-0.116999,-0.730561,0.354736,0.144219,0.602410,0.321587,0,5
9.0000,8.0,21.0,0.068968,-1.198101,0.214685,0.569574,0.602410,0.676916,0,8
9.0000,8.0,22.0,0.270467,-0.804979,0.501303,0.443681,0.602410,0.694333,0,8
9.0000,8.0,23.0,-0.018571,0.561490,0.165020,0.338935,0.602410,0.421445,0,6
9.0000,8.0,24.0,-0.614026,0.782296,0.469760,0.156729,0.602410,0.391609,0,7
9.0000,8.0,25.0,0.262906,0.118432,0.294351,0.675521,0.602410,0.822697,0,10
9.0000,8.0,26.0,-0.699927,-0.277680,0.799663,0.469913,0.602410,0.869744,1,5
9.0000,8.0,27.0,-0.635073,0.832027,0.654888,0.174040,0.602410,0.501484,1,7
9.0000,8.0,28.0,0.262292,0.191044,0.636844,0.809757,0.602410,1.128179,0,10
9.0000,8.0,29.0,-0.293927,-0.485529,0.166025,0.926709,0.602410,1.009722,-1,5
9.0000,8.0,30.0,0.033470,0.227199,0.384640,0.518558,0.602410,0.710878,0,10
9.0000,8.0,31.0,-0.285031,-0.081480,0.118861,0.650993,0.602410,0.710424,0,5
9.0000,9.0,0.0,-0.581432,0.094126,0.321322,0.359279,0.602410,0.519940,0,6
9.0000,9.0,1.0,-0.016445,0.018732,0.390060,0.205231,0.602410,0.400261,0,6
9.0000,9.0,2.0,1.125248,-0.483654,0.112687,0.995050,0.602410,1.051394,0,13
9.0000,9.0,3.0,0.834974,-0.027986,0.369097,0.077219,0.602410,0.261768,0,13
9.0000,9.0,4.0,0.782474,0.592799,1.365975,0.197609,0.602410,0.880597,0,14
9.0000,9.0,5.0,-0.364865,-0.565640,0.117511,0.791255,0.602410,0.850011,0,5
9.0000,9.0,6.0,-0.372534,-1.074783,0.448988,1.018020,0.602410,1.242515,-1,4
9.0000,9.0,7.0,-1.021198,0.064404,0.161706,0.452604,0.602410,0.533458,0,2
9.0000,9.0,8.0,-0.710945,-0.143055,0.095639,0.206292,0.602410,0.254112,0,5
9.0000,9.0,9.0,-0.231979,0.168952,0.065799,0.717249,0.602410,0.750148,0,6
9.0000,9.0,10.0,-0.688118,0.120360,0.256403,0.190858,0.602410,0.319059,0,6
9.0000,9.0,11.0,-1.369688,0.826373,0.822486,0.876728,0.602410,1.287971,0,3
9.0000,9.0,12.0,0.072931,0.883493,0.035878,0.188890,0.602410,0.206829,0,11
9.0000,9.0,13.0,0.239931,1.187195,0.750113,0.905055,0.602410,1.280111,0,11
9.0000,9.0,14.0,0.190679,-0.096108,0.098684,0.513600,0.602410,0.562942,0,9
9.0000,9.0,15.0,0.657484,0.010263,0.042003,0.125734,0.602410,0.146735,0,10
9.0000,9.0,16.0,0.428277,0.009769,0.048412,0.602748,0.602410,0.626954,0,10
9.0000,9.0,17.0,0.707203,-0.044754,0.246774,0.071765,0.602410,0.195152,0,9
9.0000,9.0,18.0,0.057758,0.432308,0.391485,0.624465,0.602410,0.820208,0,10
9.0000,9.0,19.0,-0.144207,-0.576623,0.364367,0.455039,0.602410,0.637222,0,5
9.0000,9.0,20.0,0.956535,-0.845844,0.837167,0.501414,0.602410,0.919998,0,12
9.0000,9.0,21.0,-0.149925,-0.413450,0.234046,0.782644,0.602410,0.899667,0,5
9.0000,9.0,22.0,0.494702,-0.869425,0.602782,0.502324,0.602410,0.803715,-1,8
9.0000,9.0,23.0,0.079997,0.064456,0.089144,0.285018,0.602410,0.329591,1,10
9.0000,9.0,24.0,-0.471327,-0.023279,0.317873,0.540516,0.602410,0.699453,1,5
9.0000,9.0,25.0,0.557931,0.198512,0.162524,0.606551,0.602410,0.687813,0,10
9.0000,9.0,26.0,0.631294,0.159178,0.269022,0.360393,0.602410,0.494903,0,10
9.0000,9.0,27.0,0.058105,-0.128667,0.320890,0.352000,0.602410,0.512445,0,9
9.0000,9.0,28.0,-0.080683,-1.098379,0.270348,0.574116,0.602410,0.709290,0,4
9.0000,9.0,29.0,-0.513709,-0.510529,0.049764,0.739040,0.602410,0.763922,0,5
9.0000,9.0,30.0,-0.860585,-0.509348,0.288893,0.460287,0.602410,0.604734,0,1
9.0000,9.0,31.0,0.070906,-0.484475,0.307080,0.552053,0.602410,0.705593,-1,9
9.0000,10.0,0.0,0.397910,0.129946,0.114286,0.758855,0.602410,0.815998,0,10
9.0000,10.0,1.0,0.010549,-0.041748,0.375211,0.215350,0.602410,0.402955,0,9
9.0000,10.0,2.0,1.125188,-0.085087,0.317802,0.596726,0.602410,0.755627,0,13
9.0000,10.0,3.0,0.931175,-1.066737,0.377006,1.015832,0.602410,1.204335,0,12
9.0000,10.0,4.0,0.278677,-1.004612,0.372290,0.815442,0.602410,1.001587,0,8
9.0000,10.0,5.0,-0.106442,-0.186196,0.284453,0.520274,0.602410,0.662500,0,5
9.0000,10.0,6.0,-0.650070,-1.095141,0.127648,0.707086,0.602410,0.770910,0,4
9.0000,10.0,7.0,-0.840800,-0.624787,0.207721,0.204570,0.602410,0.308430,0,1
9.0000,10.0,8.0,-0.546136,0.026170,0.015637,0.378843,0.602410,0.386662,0,6
9.0000,10.0,9.0,-0.352256,-0.026764,0.197750,0.649873,0.602410,0.748748,1,5
9.0000,10.0,10.0,-0.504683,0.290563,0.612048,0.883560,0.602410,1.189584,0,6
9.0000,10.0,11.0,-0.318553,0.509124,0.186787,0.901927,0.602410,0.995321,0,6
9.0000,10.0,12.0,0.213648,0.823608,0.291399,0.357649,0.602410,0.503349,0,11
9.0000,10.0,13.0,-0.835978,0.747218,1.239864,0.095037,0.602410,0.714969,-1,2
9.0000,10.0,14.0,0.048467,-0.477276,0.696832,0.544406,0.602410,0.892822,0,9
9.0000,10.0,15.0,0.661432,0.350059,0.099029,0.588261,0.602410,0.637775,0,10
9.0000,10.0,16.0,0.745203,-0.101727,0.187957,0.112669,0.602410,0.206648,0,9
9.0000,10.0,17.0,0.136281,0.063763,0.333705,0.370888,0.602410,0.537740,0,10
9.0000,10.0,18.0,-0.501857,0.872809,0.344841,0.496209,0.602410,0.668630,0,7
9.0000,10.0,19.0,-0.296750,-0.189213,0.059111,0.850268,0.602410,0.879824,0,5
9.0000,10.0,20.0,-0.204819,-0.078574,0.256601,0.517502,0.602410,0.645802,0,5
9.0000,10.0,21.0,-0.705998,-0.354206,0.153071,0.531328,0.602410,0.607864,0,5
9.0000,10.0,22.0,-0.397659,-0.113977,0.241599,0.731923,0.602410,0.852722,0,5
9.0000,10.0,23.0,0.059576,0.275418,0.202589,0.614556,0.602410,0.715850,0,10
9.0000,10.0,24.0,-0.364564,-0.412548,0.855779,1.074239,0.602410,1.502128,0,5
9.0000,10.0,25.0,1.359862,0.189978,0.116503,0.653967,0.602410,0.712219,0,14
9.0000,10.0,26.0,1.330705,-0.259762,0.286415,0.826918,0.602410,0.970125,0,13
9.0000,10.0,27.0,0.500930,-0.486242,0.172335,0.813834,0.602410,0.900002,1,9
9.0000,10.0,28.0,0.024611,-0.365422,0.218115,0.649057,0.602410,0.758115,1,9
9.0000,10.0,29.0,-0.678075,-0.737940,0.508640,0.048315,0.602410,0.302634,-1,5
9.0000,10.0,30.0,-0.900504,0.025148,0.084261,0.181002,0.602410,0.223132,1,2
9.0000,10.0,31.0,-0.338594,0.063528,0.365627,0.673544,0.602410,0.856357,0,6
9.0000,11.0,0.0,-0.127484,0.169659,0.213674,0.522734,0.602410,0.629572,1,6
9.0000,11.0,1.0,0.456891,0.197674,0.303026,0.819295,0.602410,0.970808,0,10
9.0000,11.0,2.0,0.800315,-0.490536,0.179169,0.413682,0.602410,0.503267,1,13
9.0000,11.0,3.0,0.383212,-0.184610,0.144430,0.870678,0.602410,0.942893,1,9
9.0000,11.0,4.0,-0.010860,-0.238316,0.344867,0.529699,0.602410,0.702132,0,5
9.0000,11.0,5.0,-0.080195,-0.062059,0.244705,0.282858,0.602410,0.405210,0,5
9.0000,11.0,6.0,-0.862161,-0.639071,0.143481,0.219418,0.602410,0.291159,0,1
9.0000,11.0,7.0,-1.365465,-0.837013,0.577549,0.903856,0.602410,1.192630,0,0
9.0000,11.0,8.0,-0.680093,-0.038714,0.325309,0.101039,0.602410,0.263694,0,5
9.0000,11.0,9.0,0.087153,-0.715234,0.127670,0.109492,0.602410,0.173327,0,9
9.0000,11.0,10.0,0.622115,-0.756389,0.544407,0.131669,0.602410,0.403872,0,8
9.0000,11.0,11.0,-0.033373,-0.023493,0.259314,0.213857,0.602410,0.343514,0,5
9.0000,11.0,12.0,0.213300,0.582677,0.209618,0.576472,0.602410,0.681281,0,10
9.0000,11.0,13.0,0.800375,0.760493,0.140433,0.049204,0.602410,0.119420,0,15
9.0000,11.0,14.0,1.076792,0.341055,0.397693,1.006179,0.602410,1.205025,0,14
9.0000,11.0,15.0,0.658912,0.780152,0.210717,0.082751,0.602410,0.188110,0,11
9.0000,11.0,16.0,0.370479,0.360048,0.042860,1.096360,0.602410,1.117790,0,10
9.0000,11.0,17.0,0.188136,0.583720,0.232549,0.524321,0.602410,0.640595,-1,10
9.0000,11.0,18.0,-0.125454,1.133048,0.335560,0.666255,0.602410,0.834035,0,7
9.0000,11.0,19.0,0.067046,0.099587,0.130234,0.314158,0.602410,0.379275,0,10
9.0000,11.0,20.0,0.085421,0.705652,0.192960,0.116280,0.602410,0.212760,0,10
9.0000,11.0,21.0,-0.111564,-0.028402,0.091053,0.302699,0.602410,0.348225,0,5
9.0000,11.0,22.0,0.240028,0.332185,0.109094,0.972581,0.602410,1.027129,0,10
9.0000,11.0,23.0,-0.032616,-0.110150,0.154714,0.302584,0.602410,0.379941,1,5
9.0000,11.0,24.0,-0.645882,-0.497959,1.174205,0.481070,0.602410,1.068172,0,5
9.0000,11.0,25.0,0.847162,0.195946,0.213188,0.350818,0.602410,0.457412,1,14
9.0000,11.0,26.0,0.734182,-0.036153,0.417910,0.044944,0.602410,0.253900,1,9
9.0000,11.0,27.0,-0.128958,-0.260180,0.305852,0.689363,0.602410,0.842289,-1,5
9.0000,11.0,28.0,0.115007,0.115984,0.378942,0.404664,0.602410,0.594135,0,10
9.0000,11.0,29.0,-0.628219,0.445401,0.193097,0.599704,0.602410,0.696253,0,6
9.0000,11.0,30.0,-0.892935,-0.115462,0.273363,0.268694,0.602410,0.405375,0,1
9.0000,11.0,31.0,-0.535788,-0.872833,0.524182,0.432523,0.602410,0.694614,0,4
9.0000,12.0,0.0,0.046345,-0.524750,0.802547,0.441554,0.602410,0.842827,0,9
9.0000,12.0,1.0,1.236681,0.086067,0.380573,0.563657,0.602410,0.753943,0,14
9.0000,12.0,2.0,0.443735,0.076880,0.101789,0.629406,0.602410,0.680300,0,10
9.0000,12.0,3.0,-0.172167,0.148703,0.652422,0.565729,0.602410,0.891940,0,6
9.0000,12.0,4.0,-1.091798,-0.656848,0.435189,0.695552,0.602410,0.913146,0,1
9.0000,12.0,5.0,-0.177157,0.096065,0.171850,0.487365,0.602410,0.573289,0,6
9.0000,12.0,6.0,-0.383246,-0.410885,0.151812,1.071965,0.602410,1.147871,0,5
9.0000,12.0,7.0,-0.404830,-0.307522,0.159121,1.054503,0.602410,1.134063,0,5
9.0000,12.0,8.0,-0.470986,0.420813,0.506162,0.966668,0.602410,1.219749,0,6
9.0000,12.0,9.0,-0.178992,-0.325404,0.154261,0.854055,0.602410,0.931186,0,5
9.0000,12.0,10.0,-0.451231,-0.998785,0.719250,0.847019,0.602410,1.206644,-1,4
9.0000,12.0,11.0,-0.776257,0.215443,0.070088,0.329093,0.602410,0.364137,0,2
9.0000,12.0,12.0,-0.386888,0.263347,0.215132,1.011229,0.602410,1.118795,1,6
9.0000,12.0,13.0,0.416907,0.357567,0.089847,1.069976,0.602410,1.114899,0,10
9.0000,12.0,14.0,-0.027020,0.270769,0.126996,0.585289,0.602410,0.648787,0,6
9.0000,12.0,15.0,-0.100082,0.864491,0.676151,0.194000,0.602410,0.532076,0,7
9.0000,12.0,16.0,0.125867,0.191746,0.049997,0.562694,0.602410,0.587693,-1,10
9.0000,12.0,17.0,0.029882,-0.126950,0.208858,0.328879,0.602410,0.433308,-1,9
9.0000,12.0,18.0,-0.239280,0.659563,0.148711,0.463924,0.602410,0.538280,-1,6
9.0000,12.0,19.0,-0.286682,-0.068224,0.398710,0.637480,0.602410,0.836835,0,5
9.0000,12.0,20.0,0.220454,0.286168,0.095664,0.898010,0.602410,0.945842,0,10
9.0000,12.0,21.0,-0.350363,0.202999,0.341393,0.910513,0.602410,1.081210,0,6
9.0000,12.0,22.0,0.249693,-0.075601,0.095416,0.593713,0.602410,0.641420,-1,9
9.0000,12.0,23.0,0.125832,0.149192,0.089422,0.481043,0.602410,0.525754,0,10
9.0000,12.0,24.0,0.151393,0.664145,0.119191,0.283798,0.602410,0.343393,0,10
9.0000,12.0,25.0,-0.037093,0.260833,0.120298,0.576307,0.602410,0.636456,0,6
9.0000,12.0,26.0,0.064337,0.617873,0.064467,0.238271,0.602410,0.270504,1,10
9.0000,12.0,27.0,0.214847,0.690707,0.813762,0.371463,0.602410,0.778344,1,10
9.0000,12.0,28.0,-0.624988,0.670310,0.659451,0.179442,0.602410,0.509168,1,6
9.0000,12.0,29.0,-0.335733,-0.104326,0.220333,0.724754,0.602410,0.834921,-1,5
9.0000,12.0,30.0,-0.750991,-0.725495,0.493385,0.014838,0.602410,0.261530,0,1
9.0000,12.0,31.0,0.368746,-1.031093,0.143032,0.949388,0.602410,1.020904,0,8
9.0000,13.0,0.0,1.018747,0.164180,0.397364,0.616039,0.602410,0.814721,0,14
9.0000,13.0,1.0,0.515822,0.697462,0.076386,0.374163,0.602410,0.412356,0,10
9.0000,13.0,2.0,0.534495,0.196991,0.685032,0.659222,0.602410,1.001738,0,10
9.0000,13.0,3.0,-0.633978,-0.800920,0.716571,0.137026,0.602410,0.495312,0,4
9.0000,13.0,4.0,-0.514042,-0.716087,0.601199,0.362202,0.602410,0.662802,-1,5
9.0000,13.0,5.0,-0.024055,0.699793,0.276339,0.067712,0.602410,0.205882,0,6
9.0000,13.0,6.0,-0.464010,0.356954,0.043261,1.006940,0.602410,1.028570,0,6
9.0000,13.0,7.0,-0.463407,0.005854,0.207062,0.550342,0.602410,0.653873,0,6
9.0000,13.0,8.0,-0.975463,-0.641282,0.360759,0.479695,0.602410,0.660075,0,1
9.0000,13.0,9.0,-0.463896,-0.234197,0.094031,0.876653,0.602410,0.923668,0,5
9.0000,13.0,10.0,-0.364764,0.136791,0.191289,0.783986,0.602410,0.879631,0,6
9.0000,13.0,11.0,-0.605935,-0.096711,0.242540,0.305786,0.602410,0.427055,-1,5
9.0000,13.0,12.0,-0.731464,-0.031324,0.507642,0.043708,0.602410,0.297529,-1,5
9.0000,13.0,13.0,0.326454,-0.025317,0.135483,0.640196,0.602410,0.707938,0,9
9.0000,13.0,14.0,0.079962,0.643183,0.396738,0.203909,0.602410,0.402278,0,10
9.0000,13.0,15.0,0.145690,-0.598574,0.408325,0.406127,0.602410,0.610289,0,9
9.0000,13.0,16.0,0.022089,-0.088319,0.070316,0.266011,0.602410,0.301169,0,9
9.0000,13.0,17.0,-0.337524,-0.030034,0.236739,0.647656,0.602410,0.766025,0,5
9.0000,13.0,18.0,-0.063163,0.838186,0.477307,0.108208,0.602410,0.346861,1,7
9.0000,13.0,19.0,0.759444,0.274823,0.230800,0.432466,0.602410,0.547866,0,14
9.0000,13.0,20.0,0.043577,0.149705,0.116711,0.377976,0.602410,0.436331,0,10
9.0000,13.0,21.0,0.352989,-0.455169,0.301712,1.020650,0.602410,1.171506,-1,9
9.0000,13.0,22.0,-0.303941,0.020729,0.079656,0.621463,0.602410,0.661291,1,6
9.0000,13.0,23.0,0.062468,0.445578,0.466375,0.610781,0.602410,0.843968,0,10
9.0000,13.0,24.0,0.655015,0.822068,0.578320,0.130313,0.602410,0.419473,0,11
9.0000,13.0,25.0,0.421067,-0.104564,0.261273,0.696286,0.602410,0.826923,0,9
9.0000,13.0,26.0,-0.378973,0.435156,0.582620,1.047628,0.602410,1.338938,-1,6
9.0000,13.0,27.0,-0.393170,-0.785647,0.277459,0.511941,0.602410,0.650671,0,4
9.0000,13.0,28.0,0.196353,-0.460829,0.136355,0.810209,0.602410,0.878387,0,9
9.0000,13.0,29.0,0.131376,0.219479,0.194562,0.624789,0.602410,0.722070,0,10
9.0000,13.0,30.0,-0.028959,-0.401447,0.182232,0.635378,0.602410,0.726494,0,5
9.0000,13.0,31.0,0.006709,-0.746959,0.669249,0.028798,0.602410,0.363423,0,9
9.0000,14.0,0.0,0.498914,-0.720074,0.729026,0.388823,0.602410,0.753336,0,9
9.0000,14.0,1.0,0.565151,0.468791,0.217615,0.702744,0.602410,0.811552,0,10
9.0000,14.0,2.0,0.575110,-0.417274,0.218219,0.746093,0.602410,0.855202,0,9
9.0000,14.0,3.0,0.609988,0.338050,0.409637,0.682922,0.602410,0.887741,0,10
9.0000,14.0,4.0,-0.116272,-0.673967,0.856016,0.204087,0.602410,0.632095,0,5
9.0000,14.0,5.0,-0.896299,0.882681,0.492866,0.422893,0.602410,0.669326,0,3
9.0000,14.0,6.0,-0.397890,0.143882,0.015929,0.784090,0.602410,0.792054,0,6
9.0000,14.0,7.0,-0.258685,0.330430,0.172488,1.002235,0.602410,1.088479,0,6
9.0000,14.0,8.0,-0.008805,-0.356341,0.263572,0.644904,0.602410,0.776690,0,5
9.0000,14.0,9.0,0.014291,-0.234680,0.241021,0.524156,0.602410,0.644667,0,9
9.0000,14.0,10.0,-0.818188,-0.531697,0.581399,0.354323,0.602410,0.645022,0,1
9.0000,14.0,11.0,0.192009,0.463120,0.351104,0.797791,0.602410,0.973343,1,10
9.0000,14.0,12.0,0.202767,0.165024,0.117824,0.655757,0.602410,0.714669,0,10
9.0000,14.0,13.0,0.507955,-0.061891,0.325831,0.493250,0.602410,0.656166,0,9
9.0000,14.0,14.0,-0.121495,0.652519,0.071797,0.249069,0.602410,0.284967,0,6
9.0000,14.0,15.0,-0.494877,0.374739,0.214531,0.949006,0.602410,1.056271,0,6
9.0000,14.0,16.0,-0.336981,-0.228372,0.079332,0.954177,0.602410,0.993843,0,5
9.0000,14.0,17.0,-0.680657,-0.018309,0.066687,0.090376,0.602410,0.123720,1,5
9.0000,14.0,18.0,-0.611398,0.054218,0.430427,0.242814,0.602410,0.458027,0,6
9.0000,14.0,19.0,0.240031,-0.079137,0.052658,0.581979,0.602410,0.608308,0,9
9.0000,14.0,20.0,-0.028702,0.146646,0.244607,0.363493,0.602410,0.485796,0,6
9.0000,14.0,21.0,-0.314149,-0.777257,0.535278,0.483895,0.602410,0.751534,0,4
9.0000,14.0,22.0,-0.365330,0.030803,0.286021,0.651920,0.602410,0.794931,0,6
9.0000,14.0,23.0,0.185451,-0.719548,0.342518,0.283117,0.602410,0.454376,0,9
9.0000,14.0,24.0,-0.088122,-0.098610,0.272117,0.337974,0.602410,0.474033,-1,5
9.0000,14.0,25.0,0.108797,0.022789,0.471196,0.295973,0.602410,0.531571,0,10
9.0000,14.0,26.0,-0.043355,1.287963,1.129263,0.464085,0.602410,1.028717,-1,7
9.0000,14.0,27.0,0.008288,-0.081643,0.024408,0.253902,0.602410,0.266106,0,9
9.0000,14.0,28.0,0.129348,-0.189006,0.270836,0.563416,0.602410,0.698834,0,9
9.0000,14.0,29.0,0.085919,0.823568,0.215180,0.118925,0.602410,0.226515,0,11
9.0000,14.0,30.0,0.203881,0.342906,0.022780,0.910432,0.602410,0.921822,0,10
9.0000,14.0,31.0,0.160628,0.146857,0.238733,0.540149,0.602410,0.659516,1,10
9.0000,15.0,0.0,0.251197,0.478656,0.029967,0.879391,0.602410,0.894374,0,10
9.0000,15.0,1.0,0.450693,0.737396,0.240295,0.458243,0.602410,0.578391,0,10
9.0000,15.0,2.0,0.759690,0.099518,0.189421,0.106438,0.602410,0.201149,0,14
9.0000,15.0,3.0,0.316202,0.313442,0.292294,1.058990,0.602410,1.205137,1,10
9.0000,15.0,4.0,0.065403,-0.074416,0.120798,0.279329,0.602410,0.339727,0,9
9.0000,15.0,5.0,-0.089661,0.157034,0.345184,0.439864,0.602410,0.612456,0,6
9.0000,15.0,6.0,-0.407912,0.046734,0.104148,0.641244,0.602410,0.693318,0,6
9.0000,15.0,7.0,-0.309876,-0.061022,0.280291,0.653608,0.602410,0.793754,1,5
9.0000,15.0,8.0,-0.098222,0.659020,0.085719,0.199903,0.602410,0.242762,0,6
9.0000,15.0,9.0,-0.224734,0.119875,0.071155,0.614649,0.602410,0.650226,-1,6
9.0000,15.0,10.0,-0.372635,-0.189763,0.061680,0.884187,0.602410,0.915027,0,5
9.0000,15.0,11.0,-0.757216,-0.180627,0.525104,0.256889,0.602410,0.519441,0,1
9.0000,15.0,12.0,0.192524,-0.406430,0.236848,0.871732,0.602410,0.990156,-1,9
9.0000,15.0,13.0,-0.079850,0.164430,0.057777,0.441266,0.602410,0.470155,0,6
9.0000,15.0,14.0,0.134289,0.580510,0.154761,0.427411,0.602410,0.504792,-1,10
9.0000,15.0,15.0,0.051027,-0.039312,0.168038,0.234149,0.602410,0.318168,0,9
9.0000,15.0,16.0,0.031045,-0.088209,0.080728,0.269794,0.602410,0.310158,0,9
9.0000,15.0,17.0,-0.221769,0.196433,0.276422,0.752219,0.602410,0.890430,1,6
9.0000,15.0,18.0,0.076292,-0.657171,0.580326,0.173398,0.602410,0.463561,1,9
9.0000,15.0,19.0,0.395676,-0.330555,0.178268,1.077961,0.602410,1.167095,-1,9
9.0000,15.0,20.0,0.175164,0.104317,0.259885,0.495662,0.602410,0.625604,0,10
9.0000,15.0,21.0,-0.128904,0.427407,0.191073,0.729293,0.602410,0.824829,-1,6
9.0000,15.0,22.0,-0.126028,-0.438696,0.112480,0.709843,0.602410,0.766083,0,5
9.0000,15.0,23.0,-0.742199,-0.497892,0.443805,0.381633,0.602410,0.603535,0,5
9.0000,15.0,24.0,-0.960707,0.424409,0.424883,0.788054,0.602410,1.000496,0,2
9.0000,15.0,25.0,-0.385173,-0.107449,0.335055,0.728658,0.602410,0.896186,0,5
9.0000,15.0,26.0,0.023352,-0.335033,0.094392,0.643683,0.602410,0.690879,0,9
9.0000,15.0,27.0,-0.251858,-0.020210,0.135569,0.554461,0.602410,0.622246,0,5
9.0000,15.0,28.0,0.356341,-0.257015,0.069383,1.007494,0.602410,1.042185,0,9
9.0000,15.0,29.0,0.215847,0.049689,0.082874,0.508890,0.602410,0.550327,-1,10
9.0000,15.0,30.0,-0.019626,0.313601,0.021896,0.629365,0.602410,0.640313,0,6
9.0000,15.0,31.0,-0.115256,0.260061,0.144578,0.666058,0.602410,0.738346,0,6
9.0000,16.0,0.0,0.181665,0.569695,0.282097,0.544824,0.602410,0.685872,0,10
9.0000,16.0,1.0,-0.097000,1.135949,0.301131,0.618100,0.602410,0.768665,0,7
9.0000,16.0,2.0,0.138574,0.459317,0.284497,0.700913,0.602410,0.843161,0,10
9.0000,16.0,3.0,-0.625339,0.576772,0.222766,0.351864,0.602410,0.463247,0,6
9.0000,16.0,4.0,-0.498931,0.220717,0.439678,0.784690,0.602410,1.004529,0,6
9.0000,16.0,5.0,-0.729954,-0.768877,0.551694,0.019796,0.602410,0.295643,-1,4
9.0000,16.0,6.0,-0.936690,-0.293506,0.667127,0.693457,0.602410,1.027020,0,1
9.0000,16.0,7.0,0.401828,-0.287701,0.835737,1.035516,0.602410,1.453384,-1,9
9.0000,16.0,8.0,-0.114507,0.848566,0.442288,0.193485,0.602410,0.414629,0,7
9.0000,16.0,9.0,0.146816,-0.049886,0.035914,0.377406,0.602410,0.395363,1,9
9.0000,16.0,10.0,-0.078507,-0.079207,0.102396,0.299742,0.602410,0.350940,-1,5
9.0000,16.0,11.0,0.226437,-0.604713,0.244171,0.550564,0.602410,0.672649,0,9
9.0000,16.0,12.0,-0.181054,0.232134,0.216183,0.741004,0.602410,0.849096,0,6
9.0000,16.0,13.0,-0.064308,0.055399,0.099761,0.258714,0.602410,0.308595,0,6
9.0000,16.0,14.0,0.003586,0.121329,0.511184,0.312046,0.602410,0.567638,-1,10
9.0000,16.0,15.0,0.046037,-0.857443,0.289098,0.119166,0.602410,0.263715,0,8
9.0000,16.0,16.0,0.428605,-0.229358,0.166819,0.919423,0.602410,1.002833,0,9
9.0000,16.0,17.0,0.146247,-0.194425,0.505820,0.604274,0.602410,0.857184,-1,9
9.0000,16.0,18.0,0.087410,0.796272,0.630281,0.098625,0.602410,0.413765,0,11
9.0000,16.0,19.0,-0.293192,-0.358759,0.125431,1.056807,0.602410,1.119523,0,5
9.0000,16.0,20.0,-0.694979,-0.188171,0.360818,0.312873,0.602410,0.493282,0,5
9.0000,16.0,21.0,-0.011622,0.407529,0.310274,0.624587,0.602410,0.779724,-1,6
9.0000,16.0,22.0,0.025115,-0.648233,0.337578,0.147106,0.602410,0.315895,0,9
9.0000,16.0,23.0,-0.105058,0.188319,0.047358,0.522262,0.602410,0.545941,0,6
9.0000,16.0,24.0,0.043947,0.148558,0.132984,0.376108,0.602410,0.442600,0,10
9.0000,16.0,25.0,0.067354,0.850023,0.153599,0.128521,0.602410,0.205321,0,11
9.0000,16.0,26.0,-0.033547,0.111597,0.085986,0.305377,0.602410,0.348370,0,6
9.0000,16.0,27.0,-0.591686,-0.048665,0.690934,0.283443,0.602410,0.628910,0,5
9.0000,16.0,28.0,0.684829,-0.020750,0.627405,0.085302,0.602410,0.399004,0,9
9.0000,16.0,29.0,0.075806,-0.382500,0.150028,0.686086,0.602410,0.761100,0,9
9.0000,16.0,30.0,-0.284088,0.238561,0.187562,0.927886,0.602410,1.021668,0,6
9.0000,16.0,31.0,0.271176,0.756961,0.011438,0.427053,0.602410,0.432773,0,11
9.0000,17.0,0.0,0.813075,-0.005988,0.142639,0.048037,0.602410,0.119357,0,13
9.0000,17.0,1.0,0.354690,0.437971,0.269702,1.045621,0.602410,1.180472,0,10
9.0000,17.0,2.0,-0.543644,0.185077,0.312070,0.613997,0.602410,0.770031,0,6
9.0000,17.0,3.0,-0.141515,-0.140322,0.205891,0.492494,0.602410,0.595440,1,5
9.0000,17.0,4.0,0.273047,0.581401,0.348097,0.682879,0.602410,0.856927,0,10
9.0000,17.0,5.0,0.190984,0.275120,0.054428,0.827808,0.602410,0.855022,-1,10
9.0000,17.0,6.0,-0.014023,-0.133720,0.299520,0.334922,0.602410,0.484683,0,5
9.0000,17.0,7.0,-0.931904,-0.207669,0.241806,0.530396,0.602410,0.651299,1,1
9.0000,17.0,8.0,-0.557017,0.013204,0.176876,0.348312,0.602410,0.436749,0,6
9.0000,17.0,9.0,0.012787,-0.322027,0.151568,0.633523,0.602410,0.709307,0,9
9.0000,17.0,10.0,0.007949,0.102341,0.183954,0.282329,0.602410,0.374306,-1,10
9.0000,17.0,11.0,0.449538,-0.358647,0.222358,1.029965,0.602410,1.141144,0,9
9.0000,17.0,12.0,0.715300,0.360263,0.592847,0.524606,0.602410,0.821029,0,10
9.0000,17.0,13.0,0.512398,0.295189,0.407493,0.872275,0.602410,1.076022,0,10
9.0000,17.0,14.0,0.997092,0.434194,0.650538,0.860329,0.602410,1.185598,0,14
9.0000,17.0,15.0,0.021835,-0.073251,0.058488,0.247248,0.602410,0.276492,0,9
9.0000,17.0,16.0,-0.308914,-0.023455,0.178944,0.626905,0.602410,0.716377,0,5
9.0000,17.0,17.0,-0.786617,-0.604428,0.302770,0.177654,0.602410,0.329040,0,1
9.0000,17.0,18.0,-0.791260,0.276549,0.088503,0.443683,0.602410,0.487935,0,2
9.0000,17.0,19.0,-0.635722,0.081542,0.166906,0.220693,0.602410,0.304146,0,6
9.0000,17.0,20.0,-0.280985,0.482686,0.158403,0.916233,0.602410,0.995435,0,6
9.0000,17.0,21.0,0.332518,0.489272,0.394781,0.952415,0.602410,1.149805,-1,10
9.0000,17.0,22.0,0.634759,-0.136490,0.197273,0.310062,0.602410,0.408699,0,9
9.0000,17.0,23.0,-0.078316,-0.217802,0.201931,0.541513,0.602410,0.642479,0,5
9.0000,17.0,24.0,-0.113209,0.027567,0.205864,0.304936,0.602410,0.407868,0,6
9.0000,17.0,25.0,-0.161608,0.769293,0.173355,0.218589,0.602410,0.305266,0,7
9.0000,17.0,26.0,-0.030442,0.193650,0.321205,0.454211,0.602410,0.614813,0,6
9.0000,17.0,27.0,-0.777442,0.999648,0.375348,0.506657,0.602410,0.694331,0,3
9.0000,17.0,28.0,-0.730899,-0.080435,0.176166,0.089148,0.602410,0.177231,0,5
9.0000,17.0,29.0,-0.214555,-0.358767,0.147827,0.933411,0.602410,1.007324,-1,5
9.0000,17.0,30.0,0.125342,0.164008,0.140702,0.508198,0.602410,0.578549,0,10
9.0000,17.0,31.0,0.230390,0.725189,0.231062,0.368190,0.602410,0.483721,-1,10
9.0000,18.0,0.0,0.481366,0.224903,0.116500,0.827924,0.602410,0.886175,0,10
9.0000,18.0,1.0,0.056341,0.093242,0.166705,0.294602,0.602410,0.377955,0,10
9.0000,18.0,2.0,0.214266,0.822461,0.518078,0.357671,0.602410,0.616710,0,11
9.0000,18.0,3.0,-0.418478,-0.372936,0.584784,1.067769,0.602410,1.360161,-1,5
9.0000,18.0,4.0,0.079664,-0.538619,0.357999,0.442761,0.602410,0.621760,0,9
9.0000,18.0,5.0,0.160899,0.362460,0.412807,0.829276,0.602410,1.035679,0,10
9.0000,18.0,6.0,-0.037308,-0.724961,0.303509,0.051378,0.602410,0.203132,0,5
9.0000,18.0,7.0,-0.089806,0.054574,0.099888,0.288315,0.602410,0.338259,0,6
9.0000,18.0,8.0,-0.040374,-0.046180,0.082356,0.231029,0.602410,0.272208,-1,5
9.0000,18.0,9.0,0.114240,0.322851,0.037989,0.733583,0.602410,0.752578,0,10
9.0000,18.0,10.0,0.427576,0.492495,0.075072,0.919535,0.602410,0.957070,0,10
9.0000,18.0,11.0,0.623415,0.162637,0.505220,0.383663,0.602410,0.636274,0,10
9.0000,18.0,12.0,1.317174,-1.041069,0.257765,1.606549,0.602410,1.735432,0,12
9.0000,18.0,13.0,1.093741,-0.723517,0.356855,0.667830,0.602410,0.846258,0,13
9.0000,18.0,14.0,0.531760,-0.650698,0.467166,0.404181,0.602410,0.637764,0,9
9.0000,18.0,15.0,-0.270049,0.118792,0.479850,0.686379,0.602410,0.926304,0,6
9.0000,18.0,16.0,-0.618604,-0.256129,0.213292,0.572520,0.602410,0.679166,0,5
9.0000,18.0,17.0,-0.156073,-0.797698,0.333831,0.218310,0.602410,0.385225,0,4
9.0000,18.0,18.0,-0.733686,-0.260554,0.548290,0.416753,0.602410,0.690898,0,5
9.0000,18.0,19.0,-0.326729,0.615764,0.109712,0.663695,0.602410,0.718551,0,6
9.0000,18.0,20.0,-0.674428,0.802664,0.151510,0.082852,0.602410,0.158607,0,7
9.0000,18.0,21.0,-0.691500,0.271143,0.226931,0.470012,0.602410,0.583478,0,6
9.0000,18.0,22.0,0.206787,0.164915,0.380285,0.663199,0.602410,0.853341,0,10
9.0000,18.0,23.0,0.213320,-1.030975,0.251394,0.741457,0.602410,0.867154,0,8
9.0000,18.0,24.0,0.018166,-0.476116,0.121067,0.529837,0.602410,0.590370,0,9
9.0000,18.0,25.0,-0.155542,0.182084,0.021797,0.597763,0.602410,0.608661,-1,6
9.0000,18.0,26.0,-0.286879,0.086795,0.204719,0.660045,0.602410,0.762405,0,6
9.0000,18.0,27.0,-0.503553,0.492074,0.208293,0.797367,0.602410,0.901513,0,6
9.0000,18.0,28.0,-1.088092,0.402263,0.560247,1.032543,0.602410,1.312667,0,2
9.0000,18.0,29.0,-0.351676,0.069814,0.293578,0.683497,0.602410,0.830286,1,6
9.0000,18.0,30.0,0.608306,0.223952,0.307855,0.537827,0.602410,0.691754,-1,10
9.0000,18.0,31.0,0.396930,0.874756,0.305903,0.620550,0.602410,0.773501,0,11
9.0000,19.0,0.0,0.402877,-0.286821,0.100846,1.033670,0.602410,1.084093,1,9
9.0000,19.0,1.0,-0.046220,-0.222354,0.340928,0.518136,0.602410,0.688600,-1,5
9.0000,19.0,2.0,0.678203,0.655919,0.077807,0.117595,0.602410,0.156499,0,10
9.0000,19.0,3.0,0.298547,0.871818,0.877368,0.570239,0.602410,1.008923,0,11
9.0000,19.0,4.0,0.552479,0.085800,0.296002,0.417490,0.602410,0.565491,0,10
9.0000,19.0,5.0,-0.386834,0.002677,0.879930,0.637566,0.602410,1.077530,0,6
9.0000,19.0,6.0,0.735953,-0.649658,0.248580,0.086174,0.602410,0.210464,0,9
9.0000,19.0,7.0,0.531821,0.031375,0.425593,0.415392,0.602410,0.628188,0,10
9.0000,19.0,8.0,-0.386686,0.176089,0.410435,0.852406,0.602410,1.057623,0,6
9.0000,19.0,9.0,-0.042580,0.302713,0.059511,0.631732,0.602410,0.661488,0,6
9.0000,19.0,10.0,0.036387,0.482587,0.293525,0.525691,0.602410,0.672453,1,10
9.0000,19.0,11.0,0.333910,0.245451,0.156573,0.982617,0.602410,1.060904,0,10
9.0000,19.0,12.0,0.626415,-0.406129,0.184530,0.642423,0.602410,0.734688,0,9
9.0000,19.0,13.0,0.055589,-0.892431,0.082746,0.186716,0.602410,0.228089,0,8
9.0000,19.0,14.0,-0.264134,-0.665042,0.092823,0.496978,0.602410,0.543390,0,5
9.0000,19.0,15.0,-0.395666,-1.162444,0.671109,1.078082,0.602410,1.413636,0,4
9.0000,19.0,16.0,-0.114779,0.047347,0.286548,0.319583,0.602410,0.462857,1,6
9.0000,19.0,17.0,-0.291111,0.035925,0.204060,0.615433,0.602410,0.717463,0,6
9.0000,19.0,18.0,0.353063,-0.540891,1.161015,0.847769,0.602410,1.428277,0,9
9.0000,19.0,19.0,-0.758616,0.926401,0.194439,0.300106,0.602410,0.397325,0,3
9.0000,19.0,20.0,-0.159595,1.043868,0.269097,0.648689,0.602410,0.783237,0,7
9.0000,19.0,21.0,-0.455972,0.086631,0.299166,0.622968,0.602410,0.772551,0,6
9.0000,19.0,22.0,0.506762,0.195902,0.244048,0.719941,0.602410,0.841965,0,10
9.0000,19.0,23.0,-0.214534,-0.340640,0.042420,0.929997,0.602410,0.951207,0,5
9.0000,19.0,24.0,0.120244,-0.373916,0.099294,0.753479,0.602410,0.803126,0,9
9.0000,19.0,25.0,0.006910,-0.003575,0.303540,0.200571,0.602410,0.352341,0,9
9.0000,19.0,26.0,-1.046970,-0.086227,0.302714,0.521820,0.602410,0.673177,0,1
9.0000,19.0,27.0,-1.022946,0.029851,0.547027,0.427669,0.602410,0.701182,0,2
9.0000,19.0,28.0,0.005103,1.029226,0.141670,0.430768,0.602410,0.501603,0,11
9.0000,19.0,29.0,-0.304916,0.546052,0.244588,0.805834,0.602410,0.928128,0,6
9.0000,19.0,30.0,-0.165730,-0.181094,0.057945,0.615268,0.602410,0.644240,-1,5
9.0000,19.0,31.0,-0.086500,0.126111,0.159438,0.379584,0.602410,0.459303,-1,6
9.0000,20.0,0.0,0.461401,0.153765,0.180521,0.725856,0.602410,0.816116,0,10
9.0000,20.0,1.0,-0.052431,0.037497,0.433357,0.234179,0.602410,0.450858,1,6
9.0000,20.0,2.0,0.447648,0.396453,0.491718,1.023180,0.602410,1.269039,0,10
9.0000,20.0,3.0,1.776948,0.070882,0.900258,1.749032,0.602410,2.199161,0,14
9.0000,20.0,4.0,0.049015,-0.117453,0.247300,0.325241,0.602410,0.448891,0,9
9.0000,20.0,5.0,0.639705,-0.880356,0.381720,0.255158,0.602410,0.446018,0,8
9.0000,20.0,6.0,0.049538,-0.516695,0.144692,0.462522,0.602410,0.534869,0,9
9.0000,20.0,7.0,0.392742,-0.873297,0.393511,0.619291,0.602410,0.816047,0,8
9.0000,20.0,8.0,0.839606,0.116874,0.196646,0.185498,0.602410,0.283821,0,14
9.0000,20.0,9.0,0.341583,0.074958,0.292609,0.687065,0.602410,0.833369,0,10
9.0000,20.0,10.0,-0.269354,-0.484816,0.526187,0.895904,0.602410,1.158997,0,5
9.0000,20.0,11.0,0.635630,0.086892,0.229654,0.227927,0.602410,0.342754,0,10
9.0000,20.0,12.0,0.904653,-0.092488,0.454701,0.254578,0.602410,0.481928,0,13
9.0000,20.0,13.0,0.449438,-0.744314,0.109636,0.458029,0.602410,0.512847,0,9
9.0000,20.0,14.0,0.017884,-0.500585,0.169132,0.480318,0.602410,0.564884,0,9
9.0000,20.0,15.0,-0.032614,-0.157387,0.256973,0.385552,0.602410,0.514038,0,5
9.0000,20.0,16.0,0.522885,-0.794290,0.451606,0.348491,0.602410,0.574294,1,8
9.0000,20.0,17.0,-0.123676,-0.165394,0.502902,0.508017,0.602410,0.759468,-1,5
9.0000,20.0,18.0,-0.074498,0.494713,0.201773,0.535370,0.602410,0.636256,0,6
9.0000,20.0,19.0,-0.207715,0.607592,0.203981,0.508071,0.602410,0.610061,0,6
9.0000,20.0,20.0,-0.147711,0.775345,0.053895,0.192256,0.602410,0.219204,0,7
9.0000,20.0,21.0,-0.487708,0.593444,0.526822,0.605694,0.602410,0.869105,0,6
9.0000,20.0,22.0,0.737864,-0.142682,0.413053,0.186802,0.602410,0.393329,0,9
9.0000,20.0,23.0,-0.016272,-0.209538,0.158635,0.479011,0.602410,0.558329,0,5
9.0000,20.0,24.0,0.125169,-0.871061,0.229538,0.246842,0.602410,0.361611,0,8
9.0000,20.0,25.0,-0.280122,-0.123072,0.160010,0.707002,0.602410,0.787007,0,5
9.0000,20.0,26.0,-0.261181,-0.847372,0.301232,0.476304,0.602410,0.626920,0,4
9.0000,20.0,27.0,-0.705710,-0.148573,0.392970,0.221979,0.602410,0.418464,0,5
9.0000,20.0,28.0,-0.242783,0.610103,0.247174,0.568299,0.602410,0.691886,0,6
9.0000,20.0,29.0,0.297888,0.804632,0.207679,0.481627,0.602410,0.585466,0,11
9.0000,20.0,30.0,0.074718,0.089665,0.072322,0.308698,0.602410,0.344859,-1,10
9.0000,20.0,31.0,0.288067,-0.169603,0.441073,0.802443,0.602410,1.022979,0,9
9.0000,21.0,0.0,1.116441,0.029409,0.371547,0.538011,0.602410,0.723785,0,14
9.0000,21.0,1.0,0.868320,-0.674345,0.652126,0.186312,0.602410,0.512375,0,13
9.0000,21.0,2.0,0.440196,0.702693,0.250770,0.493722,0.602410,0.619107,0,10
9.0000,21.0,3.0,1.019617,0.150004,0.372875,0.588509,0.602410,0.774946,0,14
9.0000,21.0,4.0,0.289269,-0.140728,0.082805,0.749233,0.602410,0.790636,0,9
9.0000,21.0,5.0,0.053914,-0.041797,0.153816,0.238232,0.602410,0.315140,-1,9
9.0000,21.0,6.0,-0.171497,0.017120,0.410012,0.406152,0.602410,0.611158,0,6
9.0000,21.0,7.0,-0.073263,-0.452871,0.468020,0.611295,0.602410,0.845305,0,5
9.0000,21.0,8.0,0.944689,-0.608218,0.178666,0.455437,0.602410,0.544770,0,13
9.0000,21.0,9.0,0.193586,-0.604705,0.198302,0.486555,0.602410,0.585706,0,9
9.0000,21.0,10.0,0.649088,-0.145156,0.124594,0.298426,0.602410,0.360723,0,9
9.0000,21.0,11.0,0.901396,-0.775336,0.892103,0.248503,0.602410,0.694554,0,12
9.0000,21.0,12.0,1.211635,0.952723,0.742749,1.267251,0.602410,1.638626,0,15
9.0000,21.0,13.0,0.536074,-0.313739,0.354947,0.837400,0.602410,1.014874,-1,9
9.0000,21.0,14.0,-0.371209,0.135655,0.259779,0.780974,0.602410,0.910863,-1,6
9.0000,21.0,15.0,-0.076798,-0.715702,0.579281,0.095661,0.602410,0.385301,0,5
9.0000,21.0,16.0,0.795069,0.164244,0.431932,0.233071,0.602410,0.449037,0,14
9.0000,21.0,17.0,-0.003334,1.083192,0.044380,0.504343,0.602410,0.526533,0,7
9.0000,21.0,18.0,-0.125598,1.374481,0.780707,0.507252,0.602410,0.897606,0,7
9.0000,21.0,19.0,0.556273,1.055369,0.500377,0.791565,0.602410,1.041753,0,11
9.0000,21.0,20.0,0.001427,0.986657,0.247889,0.351644,0.602410,0.475588,0,11
9.0000,21.0,21.0,-0.715490,0.486221,0.593592,0.414827,0.602410,0.711623,-1,6
9.0000,21.0,22.0,-0.113751,-0.737471,0.144086,0.135080,0.602410,0.207123,0,5
9.0000,21.0,23.0,-0.022570,-0.630113,0.182542,0.182059,0.602410,0.273330,0,5
9.0000,21.0,24.0,0.554120,-0.769050,0.231664,0.270718,0.602410,0.386550,0,8
9.0000,21.0,25.0,0.055081,-0.071027,0.114665,0.265586,0.602410,0.322918,0,9
9.0000,21.0,26.0,0.000464,-0.176147,0.068347,0.412690,0.602410,0.446863,0,9
9.0000,21.0,27.0,0.156511,0.047807,0.384959,0.393875,0.602410,0.586355,0,10
9.0000,21.0,28.0,-0.785933,0.007178,0.310410,0.030853,0.602410,0.186058,0,2
9.0000,21.0,29.0,0.078483,0.333895,0.143087,0.688348,0.602410,0.759892,-1,10
9.0000,21.0,30.0,0.115104,-0.328567,0.586955,0.738350,0.602410,1.031828,0,9
9.0000,21.0,31.0,1.553020,0.002366,0.264652,0.599858,0.602410,0.732184,0,14
9.0000,22.0,0.0,0.477417,-0.692398,0.696947,0.450800,0.602410,0.799273,1,9
9.0000,22.0,1.0,0.475410,-0.062298,0.785430,0.560378,0.602410,0.953093,0,9
9.0000,22.0,2.0,0.035941,0.257197,0.104234,0.570105,0.602410,0.622222,1,10
9.0000,22.0,3.0,0.085627,0.185091,0.295938,0.488463,0.602410,0.636433,0,10
9.0000,22.0,4.0,0.266280,-0.656008,0.360899,0.515535,0.602410,0.695985,0,9
9.0000,22.0,5.0,-0.694822,-0.022359,0.163858,0.072904,0.602410,0.154832,0,5
9.0000,22.0,6.0,-1.353539,0.127954,1.252709,0.523591,0.602410,1.149945,-1,2
9.0000,22.0,7.0,0.057472,-1.344291,0.732429,0.422316,0.602410,0.788530,0,8
9.0000,22.0,8.0,0.703953,-0.304009,0.216044,0.498949,0.602410,0.606970,0,9
9.0000,22.0,9.0,0.279916,0.001174,0.192407,0.591357,0.602410,0.687561,0,10
9.0000,22.0,10.0,0.827826,-0.220276,0.295265,0.375529,0.602410,0.523161,0,13
9.0000,22.0,11.0,1.107950,-0.109519,0.448846,0.625255,0.602410,0.849677,0,13
9.0000,22.0,12.0,0.958692,0.032556,0.542700,0.303557,0.602410,0.574907,0,14
9.0000,22.0,13.0,-0.070078,-0.478817,0.294756,0.562150,0.602410,0.709528,0,5
9.0000,22.0,14.0,-0.214633,0.586335,0.311800,0.570437,0.602410,0.726337,0,6
9.0000,22.0,15.0,0.179583,0.131019,0.185608,0.548077,0.602410,0.640881,0,10
9.0000,22.0,16.0,0.479213,0.546409,0.179054,0.727779,0.602410,0.817306,0,10
9.0000,22.0,17.0,-0.181809,0.869019,0.619092,0.355224,0.602410,0.664770,0,7
9.0000,22.0,18.0,-1.147138,0.144643,0.752318,0.706770,0.602410,1.082929,0,2
9.0000,22.0,19.0,-0.695551,0.706271,0.260386,0.044088,0.602410,0.174281,0,6
9.0000,22.0,20.0,-0.062651,0.514385,0.236591,0.479706,0.602410,0.598002,0,6
9.0000,22.0,21.0,-0.134109,0.906759,0.346995,0.328933,0.602410,0.502431,0,7
9.0000,22.0,22.0,0.297713,-0.115216,0.223641,0.714177,0.602410,0.825998,0,9
9.0000,22.0,23.0,0.569542,-0.796536,0.203190,0.255051,0.602410,0.356646,0,8
9.0000,22.0,24.0,0.989721,-0.743899,0.360168,0.458117,0.602410,0.638200,0,13
9.0000,22.0,25.0,0.714981,-0.166723,0.131163,0.248996,0.602410,0.314578,0,9
9.0000,22.0,26.0,0.424444,-0.037870,0.352146,0.618423,0.602410,0.794496,0,9
9.0000,22.0,27.0,-0.473461,0.550918,0.093061,0.727536,0.602410,0.774067,0,6
9.0000,22.0,28.0,-0.677924,0.620379,0.197731,0.178310,0.602410,0.277176,0,6
9.0000,22.0,29.0,-0.284693,0.317923,0.409497,1.030659,0.602410,1.235407,0,6
9.0000,22.0,30.0,0.505908,-0.194497,0.407061,0.719024,0.602410,0.922555,1,9
9.0000,22.0,31.0,0.724105,-0.422100,0.528793,0.495873,0.602410,0.760269,1,9
9.0000,23.0,0.0,0.702223,0.837381,0.561881,0.106269,0.602410,0.387209,0,11
9.0000,23.0,1.0,-0.528794,1.293461,0.166702,0.889252,0.602410,0.972602,0,7
9.0000,23.0,2.0,-0.412248,0.713698,0.457888,0.510984,0.602410,0.739928,0,6
9.0000,23.0,3.0,-0.288125,-0.366253,0.075385,1.050713,0.602410,1.088406,0,5
9.0000,23.0,4.0,-0.066613,-0.742891,0.618846,0.066975,0.602410,0.376398,-1,5
9.0000,23.0,5.0,-1.138447,0.023733,0.290976,0.543751,0.602410,0.689239,0,2
9.0000,23.0,6.0,-0.790173,0.859388,0.588932,0.166692,0.602410,0.461158,0,3
9.0000,23.0,7.0,0.299028,-0.173291,0.199726,0.821568,0.602410,0.921431,1,9
9.0000,23.0,8.0,-0.007175,-0.011561,0.169317,0.201608,0.602410,0.286266,0,5
9.0000,23.0,9.0,-0.187021,-0.448663,0.488266,0.811226,0.602410,1.055359,0,5
9.0000,23.0,10.0,0.704273,-1.257126,0.693869,0.729136,0.602410,1.076071,0,8
9.0000,23.0,11.0,-0.151640,-0.517382,0.105705,0.609454,0.602410,0.662307,0,5
9.0000,23.0,12.0,0.283706,-0.596191,0.084804,0.663336,0.602410,0.705738,0,9
9.0000,23.0,13.0,-0.141063,-0.614974,0.197321,0.360406,0.602410,0.459066,0,5
9.0000,23.0,14.0,0.487662,-0.039175,0.175084,0.517347,0.602410,0.604889,0,9
9.0000,23.0,15.0,0.813037,-0.149767,0.264824,0.217482,0.602410,0.349894,0,13
9.0000,23.0,16.0,0.346679,0.149392,0.329673,0.805936,0.602410,0.970773,0,10
9.0000,23.0,17.0,0.089300,-0.103753,0.433275,0.347170,0.602410,0.563808,0,9
9.0000,23.0,18.0,0.367491,0.587149,0.519421,0.741259,0.602410,1.000970,-1,10
9.0000,23.0,19.0,0.020574,0.404071,0.254824,0.629874,0.602410,0.757286,0,10
9.0000,23.0,20.0,-0.948945,0.472167,0.737241,0.708672,0.602410,1.077293,0,2
9.0000,23.0,21.0,-0.417525,1.183800,0.721599,1.070563,0.602410,1.431363,-1,7
9.0000,23.0,22.0,-0.246605,-0.360560,0.270775,0.990786,0.602410,1.126173,0,5
9.0000,23.0,23.0,0.298098,-0.048365,0.123009,0.631484,0.602410,0.692988,0,9
9.0000,23.0,24.0,0.710383,0.232844,0.056037,0.384521,0.602410,0.412539,0,10
9.0000,23.0,25.0,0.884493,0.461690,0.180254,0.582058,0.602410,0.672185,0,14
9.0000,23.0,26.0,0.621065,0.427981,0.137619,0.634498,0.602410,0.703308,0,10
9.0000,23.0,27.0,0.082010,0.681557,0.107471,0.141505,0.602410,0.195241,0,10
9.0000,23.0,28.0,0.026981,0.839295,0.307261,0.082081,0.602410,0.235712,0,11
9.0000,23.0,29.0,0.323720,0.934526,0.213869,0.722800,0.602410,0.829734,0,11
9.0000,23.0,30.0,-0.270219,0.768030,0.405500,0.425976,0.602410,0.628726,0,7
9.0000,23.0,31.0,0.551577,0.974857,0.399187,0.632215,0.602410,0.831809,1,11
9.0000,24.0,0.0,0.520972,0.136480,0.417852,0.572969,0.602410,0.781895,0,10
9.0000,24.0,1.0,-0.060191,0.981198,0.515217,0.371896,0.602410,0.629504,0,7
9.0000,24.0,2.0,-0.695033,-0.041210,0.166253,0.082779,0.602410,0.165905,0,5
9.0000,24.0,3.0,0.043133,-0.336518,0.185181,0.655160,0.602410,0.747751,0,9
9.0000,24.0,4.0,-0.770439,-0.249463,0.123046,0.391933,0.602410,0.453456,0,1
9.0000,24.0,5.0,-0.709214,-0.376328,0.465599,0.530058,0.602410,0.762858,0,5
9.0000,24.0,6.0,-0.713122,0.547926,0.123373,0.294126,0.602410,0.355812,0,6
9.0000,24.0,7.0,-0.327318,0.362134,0.111982,1.086550,0.602410,1.142541,0,6
9.0000,24.0,8.0,-0.679768,-0.050058,0.041785,0.109924,0.602410,0.130816,0,5
9.0000,24.0,9.0,-0.484244,0.196863,0.516667,0.768510,0.602410,1.026844,-1,6
9.0000,24.0,10.0,-0.196376,-0.429781,0.091151,0.855367,0.602410,0.900942,0,5
9.0000,24.0,11.0,0.272633,-0.300412,0.444692,0.999552,0.602410,1.221898,1,9
9.0000,24.0,12.0,0.320669,-0.992508,1.139603,0.845064,0.602410,1.414866,1,8
9.0000,24.0,13.0,0.034263,-0.436919,0.236079,0.600720,0.602410,0.718760,1,9
9.0000,24.0,14.0,-0.275322,-0.029449,0.170096,0.592596,0.602410,0.677645,0,5
9.0000,24.0,15.0,0.144998,-0.702969,0.354274,0.217992,0.602410,0.395129,0,9
9.0000,24.0,16.0,-0.292506,-0.733676,0.089975,0.463296,0.602410,0.508283,0,5
9.0000,24.0,17.0,-0.615011,-0.929775,0.143211,0.407668,0.602410,0.479273,0,4
9.0000,24.0,18.0,0.049464,-0.762915,0.687787,0.046661,0.602410,0.390554,0,8
9.0000,24.0,19.0,-0.201395,0.563513,0.502486,0.598864,0.602410,0.850107,1,6
9.0000,24.0,20.0,0.463414,0.878834,1.104687,0.568657,0.602410,1.121001,1,11
9.0000,24.0,21.0,0.024073,0.657375,0.160270,0.129960,0.602410,0.210095,0,10
9.0000,24.0,22.0,0.327398,0.238984,0.142705,0.968224,0.602410,1.039576,0,10
9.0000,24.0,23.0,0.747545,0.154059,0.125684,0.205265,0.602410,0.268107,0,10
9.0000,24.0,24.0,0.436768,0.490909,0.508533,0.911930,0.602410,1.166197,0,10
9.0000,24.0,25.0,0.266348,-0.056364,0.343535,0.599035,0.602410,0.770802,-1,9
9.0000,24.0,26.0,0.505030,0.001212,0.279473,0.468027,0.602410,0.607764,0,10
9.0000,24.0,27.0,0.201351,0.058874,0.148537,0.489610,0.602410,0.563878,0,10
9.0000,24.0,28.0,0.152375,-0.217208,0.160972,0.658889,0.602410,0.739375,0,9
9.0000,24.0,29.0,0.138797,0.270603,0.750449,0.721967,0.602410,1.097191,0,10
9.0000,24.0,30.0,-1.176321,0.480185,1.278865,1.015808,0.602410,1.655240,0,2
9.0000,24.0,31.0,-0.159458,-0.049636,0.296850,0.400899,0.602410,0.549324,0,5
9.0000,25.0,0.0,-0.017644,0.710940,0.319239,0.053789,0.602410,0.213409,-1,6
9.0000,25.0,1.0,-0.431294,0.292137,0.193036,1.011953,0.602410,1.108471,0,6
9.0000,25.0,2.0,-0.552306,-0.153209,0.078944,0.530596,0.602410,0.570068,0,5
9.0000,25.0,3.0,-0.160255,-0.509382,0.088591,0.643899,0.602410,0.688195,0,5
9.0000,25.0,4.0,-0.096497,-0.114763,0.511131,0.374390,0.602410,0.629955,-1,5
9.0000,25.0,5.0,-1.114985,0.542086,0.186078,0.894859,0.602410,0.987898,1,2
9.0000,25.0,6.0,-1.270002,0.551327,1.000821,0.871773,0.602410,1.372184,1,2
9.0000,25.0,7.0,0.053499,0.455860,0.309686,0.586425,0.602410,0.741268,0,10
9.0000,25.0,8.0,-0.677856,0.210587,1.200942,0.380510,0.602410,0.980981,1,6
9.0000,25.0,9.0,0.771424,0.316934,0.245219,0.484919,0.602410,0.607528,1,14
9.0000,25.0,10.0,-0.046733,-0.104962,0.447410,0.303705,0.602410,0.527410,-1,5
9.0000,25.0,11.0,0.200283,0.836351,0.131790,0.345340,0.602410,0.411235,0,11
9.0000,25.0,12.0,-0.152653,0.993360,0.319087,0.544153,0.602410,0.703697,0,7
9.0000,25.0,13.0,0.031222,0.389176,0.172937,0.644437,0.602410,0.730906,0,10
9.0000,25.0,14.0,-0.076069,-0.131364,0.245636,0.375678,0.602410,0.498496,0,5
9.0000,25.0,15.0,-0.767786,-0.077216,0.255735,0.075647,0.602410,0.203514,0,1
9.0000,25.0,16.0,0.114150,-0.505491,0.573255,0.568753,0.602410,0.855380,1,9
9.0000,25.0,17.0,-0.873180,-0.737880,0.961196,0.165506,0.602410,0.646104,0,1
9.0000,25.0,18.0,-0.724656,-0.188858,0.232946,0.286311,0.602410,0.402785,-1,5
9.0000,25.0,19.0,-0.151379,-0.647291,0.626521,0.313704,0.602410,0.626964,0,5
9.0000,25.0,20.0,-0.637544,-0.842960,1.211508,0.187410,0.602410,0.793164,0,4
9.0000,25.0,21.0,0.625312,0.545415,0.487304,0.420711,0.602410,0.664363,0,10
9.0000,25.0,22.0,0.605466,0.795547,0.263779,0.182674,0.602410,0.314563,0,11
9.0000,25.0,23.0,0.206706,0.167404,0.370880,0.667835,0.602410,0.853275,-1,10
9.0000,25.0,24.0,-0.865909,0.398083,0.248773,0.604275,0.602410,0.728662,-1,2
9.0000,25.0,25.0,-0.879708,-0.036090,0.616470,0.148537,0.602410,0.456772,0,1
9.0000,25.0,26.0,-0.485897,-0.199808,0.288976,0.771035,0.602410,0.915523,0,5
9.0000,25.0,27.0,0.361035,-0.641147,0.332005,0.626416,0.602410,0.792418,0,9
9.0000,25.0,28.0,-0.467445,-0.364069,0.280436,1.001507,0.602410,1.141725,0,5
9.0000,25.0,29.0,0.193744,-0.836337,0.029081,0.331872,0.602410,0.346413,0,8
9.0000,25.0,30.0,-0.018621,-1.088404,1.127161,0.512460,0.602410,1.076041,0,4
9.0000,25.0,31.0,-0.022790,0.769572,0.080707,0.030669,0.602410,0.071023,0,7
9.0000,26.0,0.0,0.704731,0.071700,0.605888,0.100096,0.602410,0.403039,1,10
9.0000,26.0,1.0,-0.625585,-0.429957,0.238188,0.623246,0.602410,0.742340,0,5
9.0000,26.0,2.0,-0.423306,-0.016928,0.148215,0.610160,0.602410,0.684267,0,5
9.0000,26.0,3.0,-0.586106,-0.624385,0.200281,0.333494,0.602410,0.433635,0,5
9.0000,26.0,4.0,-0.851640,-0.040499,0.204953,0.106563,0.602410,0.209039,0,1
9.0000,26.0,5.0,-0.656987,-0.172360,0.116721,0.337436,0.602410,0.395796,0,5
9.0000,26.0,6.0,-0.686582,-0.827852,0.423568,0.102957,0.602410,0.314741,0,4
9.0000,26.0,7.0,0.135861,-0.342214,0.204717,0.779843,0.602410,0.882201,0,9
9.0000,26.0,8.0,0.691247,-0.693628,0.138917,0.058078,0.602410,0.127536,0,9
9.0000,26.0,9.0,0.824975,-0.044497,0.403677,0.076123,0.602410,0.277962,0,13
9.0000,26.0,10.0,-0.047272,0.812945,0.845116,0.066704,0.602410,0.489262,0,7
9.0000,26.0,11.0,0.236759,0.222663,0.035612,0.828457,0.602410,0.846263,0,10
9.0000,26.0,12.0,0.271023,0.157898,0.256532,0.758117,0.602410,0.886383,-1,10
9.0000,26.0,13.0,-0.605532,0.327375,0.116193,0.686433,0.602410,0.744529,0,6
9.0000,26.0,14.0,-0.748210,0.090816,0.109597,0.095613,0.602410,0.150412,0,6
9.0000,26.0,15.0,-0.759833,0.171071,0.387594,0.237279,0.602410,0.431076,0,2
9.0000,26.0,16.0,0.059335,0.617536,0.137952,0.233980,0.602410,0.302956,0,10
9.0000,26.0,17.0,-0.274650,1.040619,0.396866,0.874220,0.602410,1.072653,0,7
9.0000,26.0,18.0,-0.553951,0.414332,0.597664,0.797714,0.602410,1.096546,0,6
9.0000,26.0,19.0,0.757838,0.537937,0.502865,0.301859,0.602410,0.553291,1,14
9.0000,26.0,20.0,0.262478,-0.126298,0.506213,0.688188,0.602410,0.941295,0,9
9.0000,26.0,21.0,-0.735162,0.733468,0.184471,0.012774,0.602410,0.105010,0,6
9.0000,26.0,22.0,-0.035117,0.493561,0.180780,0.502773,0.602410,0.593163,-1,6
9.0000,26.0,23.0,0.081309,-0.346485,0.283780,0.696115,0.602410,0.838005,0,9
9.0000,26.0,24.0,-0.026282,0.079615,0.252471,0.256548,0.602410,0.382784,-1,6
9.0000,26.0,25.0,0.554782,-0.511725,0.424445,0.645715,0.602410,0.857937,0,9
9.0000,26.0,26.0,-0.699772,-0.644881,0.362670,0.112674,0.602410,0.294009,1,5
9.0000,26.0,27.0,0.000656,0.018395,0.093790,0.202882,0.602410,0.249777,-1,10
9.0000,26.0,28.0,0.190204,-0.534459,0.059216,0.645867,0.602410,0.675474,0,9
9.0000,26.0,29.0,0.187820,-0.748851,0.300004,0.272960,0.602410,0.422963,0,9
9.0000,26.0,30.0,-0.005930,-0.060595,0.028938,0.230247,0.602410,0.244716,0,5
9.0000,26.0,31.0,0.152753,0.232403,0.351965,0.687059,0.602410,0.863041,0,10
9.0000,27.0,0.0,0.917636,-0.525646,0.925615,0.547073,0.602410,1.009881,-1,13
9.0000,27.0,1.0,-0.362214,0.389725,0.488297,1.090148,0.602410,1.334297,0,6
9.0000,27.0,2.0,-0.285935,-0.439396,0.084452,0.994094,0.602410,1.036320,-1,5
9.0000,27.0,3.0,-0.041138,-0.319914,0.284631,0.644788,0.602410,0.787103,0,5
9.0000,27.0,4.0,-0.178564,0.517625,0.584166,0.661523,0.602410,0.953606,-1,6
9.0000,27.0,5.0,-0.839844,-0.118508,0.215161,0.188623,0.602410,0.296204,0,1
9.0000,27.0,6.0,-0.560247,0.047392,0.199783,0.357817,0.602410,0.457709,0,6
9.0000,27.0,7.0,-0.401534,-0.655471,0.677684,0.591290,0.602410,0.930131,0,5
9.0000,27.0,8.0,1.031043,-0.724452,0.440046,0.552342,0.602410,0.772365,0,13
9.0000,27.0,9.0,0.483933,0.004275,0.274290,0.512106,0.602410,0.649251,1,10
9.0000,27.0,10.0,1.435310,-0.054990,0.580377,0.403269,0.602410,0.693458,1,13
9.0000,27.0,11.0,0.415373,-0.101645,0.158463,0.697763,0.602410,0.776995,1,9
9.0000,27.0,12.0,0.018254,-0.248510,0.534419,0.548464,0.602410,0.815674,-1,9
9.0000,27.0,13.0,-0.679799,0.946195,0.390704,0.363750,0.602410,0.559102,0,7
9.0000,27.0,14.0,-0.092256,0.130035,0.252617,0.394125,0.602410,0.520433,0,6
9.0000,27.0,15.0,-0.137637,0.712256,0.223643,0.194889,0.602410,0.306710,0,6
9.0000,27.0,16.0,0.569960,0.640460,0.327822,0.338834,0.602410,0.502745,0,10
9.0000,27.0,17.0,0.748413,0.774988,0.451703,0.023189,0.602410,0.249040,1,11
9.0000,27.0,18.0,0.231977,0.222218,0.144413,0.819276,0.602410,0.891483,0,10
9.0000,27.0,19.0,-0.391496,0.475466,0.064727,0.980540,0.602410,1.012904,0,6
9.0000,27.0,20.0,-0.216970,0.119668,0.212200,0.600102,0.602410,0.706202,0,6
9.0000,27.0,21.0,-0.310909,0.632104,0.330638,0.616838,0.602410,0.782157,0,6
9.0000,27.0,22.0,-0.092097,0.518851,0.427801,0.505324,0.602410,0.719225,-1,6
9.0000,27.0,23.0,1.017224,-0.089487,0.223017,0.477347,0.602410,0.588856,0,13
9.0000,27.0,24.0,0.170573,-0.453127,0.410772,0.771954,0.602410,0.977340,0,9
9.0000,27.0,25.0,0.821310,-0.324361,0.839784,0.524436,0.602410,0.944327,-1,13
9.0000,27.0,26.0,-0.950416,0.031375,0.279856,0.285609,0.602410,0.425537,0,2
9.0000,27.0,27.0,0.060075,-0.154965,0.237686,0.401601,0.602410,0.520444,0,9
9.0000,27.0,28.0,-0.108302,-0.853498,0.329700,0.190226,0.602410,0.355076,0,4
9.0000,27.0,29.0,0.845674,-0.242879,0.485096,0.441590,0.602410,0.684138,0,13
9.0000,27.0,30.0,0.061153,-0.045665,0.324244,0.247640,0.602410,0.409762,0,9
9.0000,27.0,31.0,0.210963,-0.803920,0.509923,0.334282,0.602410,0.589243,0,8
9.0000,28.0,0.0,-0.172396,-0.721530,0.474560,0.255155,0.602410,0.492436,0,5
9.0000,28.0,1.0,-0.820622,-0.634868,0.761764,0.158314,0.602410,0.539196,0,1
9.0000,28.0,2.0,-0.017282,-0.001866,0.268172,0.202579,0.602410,0.336664,0,5
9.0000,28.0,3.0,0.447432,0.103720,0.155534,0.660793,0.602410,0.738560,0,10
9.0000,28.0,4.0,0.287720,-0.612546,0.120352,0.631973,0.602410,0.692149,0,9
9.0000,28.0,5.0,0.028431,-0.086197,0.196019,0.265857,0.602410,0.363867,0,9
9.0000,28.0,6.0,-0.590689,-0.480809,0.641767,0.624280,0.602410,0.945164,0,5
9.0000,28.0,7.0,0.093615,-0.016310,0.103047,0.271402,0.602410,0.322926,0,9
9.0000,28.0,8.0,0.079295,-0.569569,0.258756,0.367855,0.602410,0.497234,1,9
9.0000,28.0,9.0,0.851566,-0.226761,0.397095,0.419403,0.602410,0.617950,0,13
9.0000,28.0,10.0,0.455732,0.510241,0.508530,0.846439,0.602410,1.100704,0,10
9.0000,28.0,11.0,-0.147338,0.269751,0.055584,0.736458,0.602410,0.764250,-1,6
9.0000,28.0,12.0,-0.413972,-0.058084,0.108660,0.645351,0.602410,0.699681,0,5
9.0000,28.0,13.0,-0.774980,0.209693,0.106621,0.317295,0.602410,0.370606,-1,2
9.0000,28.0,14.0,-0.849095,-0.180807,0.356799,0.322268,0.602410,0.500668,1,1
9.0000,28.0,15.0,-0.210137,0.093007,0.113308,0.546397,0.602410,0.603051,1,6
9.0000,28.0,16.0,-0.279487,-0.094241,0.181710,0.661146,0.602410,0.752001,0,5
9.0000,28.0,17.0,-0.053023,0.005410,0.356903,0.223317,0.602410,0.401769,-1,6
9.0000,28.0,18.0,0.418256,-0.077945,0.139045,0.662490,0.602410,0.732012,0,9
9.0000,28.0,19.0,-0.133945,0.286989,0.139884,0.734348,0.602410,0.804290,0,6
9.0000,28.0,20.0,0.085240,0.816845,0.214697,0.111374,0.602410,0.218723,0,11
9.0000,28.0,21.0,0.811284,0.581791,0.454476,0.244610,0.602410,0.471848,0,14
9.0000,28.0,22.0,-0.124642,0.849719,0.533076,0.212795,0.602410,0.479333,0,7
9.0000,28.0,23.0,0.935391,0.101088,0.756250,0.330022,0.602410,0.708147,1,14
9.0000,28.0,24.0,1.213404,-0.113201,0.491214,0.625956,0.602410,0.871563,0,13
9.0000,28.0,25.0,0.665597,-0.587660,0.690311,0.260450,0.602410,0.605606,0,9
9.0000,28.0,26.0,-0.734911,-0.099650,0.450646,0.113848,0.602410,0.339171,0,5
9.0000,28.0,27.0,0.130813,-0.810282,0.218284,0.179096,0.602410,0.288238,0,8
9.0000,28.0,28.0,-0.291409,-0.901931,0.167326,0.617769,0.602410,0.701432,0,4
9.0000,28.0,29.0,-0.288177,-0.222957,0.321296,0.904999,0.602410,1.065647,0,5
9.0000,28.0,30.0,0.602941,-0.682884,0.770244,0.206446,0.602410,0.591568,0,9
9.0000,28.0,31.0,-0.699256,-0.007446,0.876225,0.063859,0.602410,0.501972,-1,5
9.0000,29.0,0.0,0.917755,-0.190394,0.103859,0.464959,0.602410,0.516888,0,13
9.0000,29.0,1.0,0.441051,0.004813,0.068491,0.585406,0.602410,0.619651,0,10
9.0000,29.0,2.0,0.857342,0.282060,0.342030,0.524025,0.602410,0.695039,1,14
9.0000,29.0,3.0,0.193988,-0.035405,0.121079,0.457552,0.602410,0.518092,1,9
9.0000,29.0,4.0,0.043447,-0.334219,0.428890,0.654415,0.602410,0.868860,0,9
9.0000,29.0,5.0,0.229118,-0.538717,0.145433,0.711030,0.602410,0.783747,0,9
9.0000,29.0,6.0,0.781004,-0.442158,0.184696,0.471835,0.602410,0.564183,0,13
9.0000,29.0,7.0,-0.062374,-0.301889,0.068620,0.647736,0.602410,0.682046,0,5
9.0000,29.0,8.0,0.115750,-0.004082,0.037184,0.302873,0.602410,0.321465,0,9
9.0000,29.0,9.0,0.129461,0.379114,0.410924,0.767750,0.602410,0.973212,0,10
9.0000,29.0,10.0,-0.806081,0.653144,0.405921,0.113231,0.602410,0.316192,0,2
9.0000,29.0,11.0,-0.223341,0.464658,0.183200,0.855518,0.602410,0.947118,0,6
9.0000,29.0,12.0,0.068222,-0.048165,0.111000,0.256770,0.602410,0.312270,0,9
9.0000,29.0,13.0,-0.291777,0.022569,0.086773,0.609709,0.602410,0.653095,0,6
9.0000,29.0,14.0,0.105333,0.000914,0.259230,0.286325,0.602410,0.415941,0,10
9.0000,29.0,15.0,0.368271,-0.187715,0.297979,0.880994,0.602410,1.029984,0,9
9.0000,29.0,16.0,-0.061834,0.692048,0.054496,0.104088,0.602410,0.131336,0,6
9.0000,29.0,17.0,0.141062,1.082856,0.593229,0.661941,0.602410,0.958555,0,11
9.0000,29.0,18.0,0.750903,0.008208,0.229691,0.027931,0.602410,0.142777,0,14
9.0000,29.0,19.0,0.326521,0.423807,0.078200,1.051577,0.602410,1.090677,0,10
9.0000,29.0,20.0,0.605996,0.889030,0.258851,0.329451,0.602410,0.458876,0,11
9.0000,29.0,21.0,-0.091720,0.815763,0.180467,0.119410,0.602410,0.209644,0,7
9.0000,29.0,22.0,-0.712680,0.529721,0.070826,0.332725,0.602410,0.368137,0,6
9.0000,29.0,23.0,-0.767069,0.159568,0.402051,0.214285,0.602410,0.415311,0,2
9.0000,29.0,24.0,0.112770,0.364563,0.221538,0.742790,0.602410,0.853559,-1,10
9.0000,29.0,25.0,-0.080489,-0.516781,0.175174,0.494566,0.602410,0.582152,0,5
9.0000,29.0,26.0,-0.059673,0.203929,0.294738,0.495278,0.602410,0.642647,-1,6
9.0000,29.0,27.0,-0.432865,-0.203048,0.138167,0.864549,0.602410,0.933633,0,5
9.0000,29.0,28.0,0.105347,-0.676379,0.327628,0.182633,0.602410,0.346448,0,9
9.0000,29.0,29.0,-0.789523,-0.054996,0.237440,0.057631,0.602410,0.176351,0,1
9.0000,29.0,30.0,0.010460,0.077384,0.378075,0.249029,0.602410,0.438067,-1,10
9.0000,29.0,31.0,0.805928,0.664734,0.521687,0.097743,0.602410,0.358586,1,14
9.0000,30.0,0.0,0.597361,0.027392,0.147014,0.256664,0.602410,0.330171,1,10
9.0000,30.0,1.0,0.395425,-0.142552,0.445324,0.783264,0.602410,1.005926,0,9
9.0000,30.0,2.0,0.004227,0.597485,0.013214,0.250175,0.602410,0.256782,0,10
9.0000,30.0,3.0,-0.027555,0.533176,0.057666,0.410318,0.602410,0.439151,0,6
9.0000,30.0,4.0,-0.029130,0.944062,0.404006,0.271145,0.602410,0.473148,0,7
9.0000,30.0,5.0,0.301805,-0.026326,0.185066,0.621630,0.602410,0.714163,1,9
9.0000,30.0,6.0,0.807547,-0.526527,0.221282,0.353003,0.602410,0.463644,0,13
9.0000,30.0,7.0,0.169116,-0.618871,0.103566,0.406244,0.602410,0.458026,0,9
9.0000,30.0,8.0,0.155744,0.006438,0.345381,0.373984,0.602410,0.546674,1,10
9.0000,30.0,9.0,0.155357,-0.453168,0.163182,0.742357,0.602410,0.823948,0,9
9.0000,30.0,10.0,-0.060071,-0.178745,0.326794,0.447154,0.602410,0.610551,-1,5
9.0000,30.0,11.0,0.265112,0.847041,0.107195,0.482352,0.602410,0.535950,0,11
9.0000,30.0,12.0,0.190629,0.494436,0.032819,0.735685,0.602410,0.752095,0,10
9.0000,30.0,13.0,0.093253,0.224252,0.486117,0.572806,0.602410,0.815864,-1,10
9.0000,30.0,14.0,0.850563,-0.612958,0.392536,0.241501,0.602410,0.437769,0,13
9.0000,30.0,15.0,0.024070,-0.526047,0.592205,0.425488,0.602410,0.721590,0,9
9.0000,30.0,16.0,0.091791,0.670057,0.202194,0.172130,0.602410,0.273227,0,10
9.0000,30.0,17.0,-0.675195,0.658754,0.248387,0.117066,0.602410,0.241259,0,6
9.0000,30.0,18.0,0.026858,0.212411,0.159379,0.488187,0.602410,0.567876,0,10
9.0000,30.0,19.0,0.311608,0.558120,0.042058,0.783783,0.602410,0.804812,0,10
9.0000,30.0,20.0,-0.087854,0.640435,0.305856,0.219649,0.602410,0.372577,0,6
9.0000,30.0,21.0,0.402904,0.716749,0.431383,0.514774,0.602410,0.730466,0,10
9.0000,30.0,22.0,-0.739511,0.152080,0.359698,0.204202,0.602410,0.384051,0,6
9.0000,30.0,23.0,-0.119284,0.769846,0.266233,0.138917,0.602410,0.272034,0,7
9.0000,30.0,24.0,-0.145410,0.291217,0.410485,0.760049,0.602410,0.965292,0,6
9.0000,30.0,25.0,0.274529,-0.282685,0.546759,0.982079,0.602410,1.255459,0,9
9.0000,30.0,26.0,0.861916,0.046693,0.715712,0.126538,0.602410,0.484394,1,14
9.0000,30.0,27.0,-0.352351,-0.022849,0.175023,0.648268,0.602410,0.735780,0,5
9.0000,30.0,28.0,0.102854,-0.324813,0.416738,0.716947,0.602410,0.925316,-1,9
9.0000,30.0,29.0,-0.576454,0.441860,0.398225,0.716317,0.602410,0.915429,0,6
9.0000,30.0,30.0,0.646420,0.438087,0.721504,0.574531,0.602410,0.935282,1,10
9.0000,30.0,31.0,-0.094183,-0.065198,0.247971,0.304482,0.602410,0.428467,0,5
9.0000,31.0,0.0,0.354700,0.705265,0.168145,0.532156,0.602410,0.616228,0,10
9.0000,31.0,1.0,-0.161152,0.735415,0.156577,0.223986,0.602410,0.302274,0,6
9.0000,31.0,2.0,-0.056615,0.807270,0.477477,0.070185,0.602410,0.308924,0,7
9.0000,31.0,3.0,-0.264742,0.458487,0.129942,0.936357,0.602410,1.001328,0,6
9.0000,31.0,4.0,-0.721655,0.652063,0.201150,0.087207,0.602410,0.187782,0,6
9.0000,31.0,5.0,-0.079308,0.272069,0.516740,0.631608,0.602410,0.889978,0,6
9.0000,31.0,6.0,0.245611,-0.917979,0.261707,0.576273,0.602410,0.707127,0,8
9.0000,31.0,7.0,0.017220,-0.618603,0.823565,0.204810,0.602410,0.616593,0,9
9.0000,31.0,8.0,0.064922,1.084416,1.071706,0.542154,0.602410,1.078008,0,11
9.0000,31.0,9.0,-0.524396,-0.715745,0.368907,0.341558,0.602410,0.526011,-1,5
9.0000,31.0,10.0,-0.268250,-0.504104,0.604129,0.854797,0.602410,1.156861,0,5
9.0000,31.0,11.0,-0.244779,0.649780,0.227886,0.491001,0.602410,0.604944,0,6
9.0000,31.0,12.0,0.156187,0.712633,0.111766,0.230139,0.602410,0.286022,0,10
9.0000,31.0,13.0,0.617257,0.853099,0.203929,0.238366,0.602410,0.340331,0,11
9.0000,31.0,14.0,0.415576,0.217876,0.011391,0.912335,0.602410,0.918031,0,10
9.0000,31.0,15.0,0.538583,0.291783,0.402353,0.808861,0.602410,1.010038,0,10
9.0000,31.0,16.0,0.164839,1.133787,0.354109,0.745842,0.602410,0.922896,0,11
9.0000,31.0,17.0,-0.299207,1.058852,0.340723,0.938841,0.602410,1.109202,0,7
9.0000,31.0,18.0,0.209145,0.847777,0.133165,0.378736,0.602410,0.445318,0,11
9.0000,31.0,19.0,0.331671,0.596635,0.102222,0.709112,0.602410,0.760223,0,10
9.0000,31.0,20.0,0.872492,0.873863,0.394719,0.342743,0.602410,0.540103,0,15
9.0000,31.0,21.0,0.681317,0.561651,0.227614,0.295336,0.602410,0.409143,0,10
9.0000,31.0,22.0,0.075865,0.064684,0.145779,0.280279,0.602410,0.353169,0,10
9.0000,31.0,23.0,0.053563,-0.127533,0.506868,0.345973,0.602410,0.599407,0,9
9.0000,31.0,24.0,0.714335,0.921349,0.260816,0.281313,0.602410,0.411720,0,11
9.0000,31.0,25.0,0.073497,1.018509,0.213185,0.458339,0.602410,0.564931,0,11
9.0000,31.0,26.0,0.065818,0.912599,0.835038,0.236099,0.602410,0.653618,0,11
9.0000,31.0,27.0,-0.958695,-0.207368,0.509055,0.586717,0.602410,0.841245,0,1
9.0000,31.0,28.0,-0.648537,-0.555283,0.180899,0.356973,0.602410,0.447422,1,5
9.0000,31.0,29.0,-0.389223,0.192048,0.576582,0.882430,0.602410,1.170721,1,6
9.0000,31.0,30.0,-0.783284,0.237656,0.741768,0.374246,0.602410,0.745130,1,2
9.0000,31.0,31.0,0.029323,0.634677,0.599672,0.175631,0.602410,0.475467,0,10
10.0000,0.0,0.0,0.770012,-0.091820,0.363028,0.113625,0.555556,0.295139,0,13
10.0000,0.0,1.0,0.593732,-0.920008,0.575382,0.408721,0.555556,0.696412,1,8
10.0000,0.0,2.0,-0.341666,-0.009625,0.355324,0.686125,0.555556,0.863787,0,5
10.0000,0.0,3.0,0.156927,0.890582,0.219495,0.349215,0.555556,0.458962,0,11
10.0000,0.0,4.0,0.138149,0.788785,0.333982,0.194812,0.555556,0.361803,0,11
10.0000,0.0,5.0,-0.581687,0.001280,0.258628,0.319443,0.555556,0.448757,0,6
10.0000,0.0,6.0,0.231173,-0.127707,0.110075,0.685723,0.555556,0.740761,0,9
10.0000,0.0,7.0,0.749033,0.225452,0.519588,0.365822,0.555556,0.625616,0,10
10.0000,0.0,8.0,-0.651162,-0.112064,0.274365,0.262596,0.555556,0.399779,0,5
10.0000,0.0,9.0,0.026449,-0.239697,0.135385,0.583751,0.555556,0.651444,1,9
10.0000,0.0,10.0,0.108855,-0.776172,0.722398,0.140125,0.555556,0.501324,0,8
10.0000,0.0,11.0,0.043287,0.638886,0.368616,0.203986,0.555556,0.388294,0,10
10.0000,0.0,12.0,0.412994,0.902363,0.775554,0.664966,0.555556,1.052743,-1,11
10.0000,0.0,13.0,0.720007,-0.065660,0.309469,0.101678,0.555556,0.256412,0,9
10.0000,0.0,14.0,0.887926,0.660857,0.362500,0.228337,0.555556,0.409587,0,14
10.0000,0.0,15.0,0.856733,1.347008,0.333759,0.871588,0.555556,1.038468,0,15
10.0000,0.0,16.0,0.407425,0.982666,0.215431,0.837518,0.555556,0.945233,0,11
10.0000,0.0,17.0,0.880486,0.338590,0.086113,0.626570,0.555556,0.669626,0,14
10.0000,0.0,18.0,0.388396,0.408629,0.060396,1.104911,0.555556,1.135109,0,10
10.0000,0.0,19.0,0.110675,0.411433,0.093628,0.755900,0.555556,0.802714,0,10
10.0000,0.0,20.0,0.456253,0.616561,0.151973,0.627260,0.555556,0.703247,0,10
10.0000,0.0,21.0,0.480495,0.307359,0.432518,0.983269,0.555556,1.199528,1,10
10.0000,0.0,22.0,0.759357,-0.143911,0.198962,0.202026,0.555556,0.301507,0,13
10.0000,0.0,23.0,0.827892,0.518920,0.260108,0.391138,0.555556,0.521192,1,14
10.0000,0.0,24.0,0.655653,-0.159127,0.290780,0.339444,0.555556,0.484834,0,9
10.0000,0.0,25.0,0.778006,-0.001970,0.046325,0.045831,0.555556,0.068994,0,13
10.0000,0.0,26.0,0.516718,0.119705,0.458077,0.588197,0.555556,0.817236,0,10
10.0000,0.0,27.0,-0.589811,0.106551,0.052046,0.389105,0.555556,0.415128,0,6
10.0000,0.0,28.0,-0.827973,0.009513,0.358524,0.076969,0.555556,0.256231,0,2
10.0000,0.0,29.0,-0.039567,0.307533,0.369419,0.678968,0.555556,0.863678,0,6
10.0000,0.0,30.0,-0.695825,-0.151292,0.339549,0.261381,0.555556,0.431155,0,5
10.0000,0.0,31.0,0.408086,-0.277798,0.096559,1.055045,0.555556,1.103324,0,9
10.0000,1.0,0.0,-0.083933,-0.168763,0.252519,0.502769,0.555556,0.629029,0,5
10.0000,1.0,1.0,0.764483,-0.165948,0.621812,0.244586,0.555556,0.555492,0,13
10.0000,1.0,2.0,-0.130264,0.553969,0.135208,0.516814,0.555556,0.584418,0,6
10.0000,1.0,3.0,-0.079428,-0.010195,0.080230,0.301050,0.555556,0.341165,0,5
10.0000,1.0,4.0,-0.063951,0.392862,0.074658,0.709295,0.555556,0.746624,0,6
10.0000,1.0,5.0,0.015337,-0.025060,0.151244,0.257119,0.555556,0.332741,1,9
10.0000,1.0,6.0,0.445624,-0.165282,0.286572,0.811047,0.555556,0.954333,0,9
10.0000,1.0,7.0,0.698251,0.261668,0.142958,0.467939,0.555556,0.539418,0,10
10.0000,1.0,8.0,0.135724,-0.058893,0.031161,0.413920,0.555556,0.429500,0,9
10.0000,1.0,9.0,0.386084,0.103239,0.234152,0.763260,0.555556,0.880336,0,10
10.0000,1.0,10.0,-0.009788,0.155938,0.773077,0.423447,0.555556,0.809986,-1,6
10.0000,1.0,11.0,0.773509,-0.218515,0.087553,0.350380,0.555556,0.394157,0,13
10.0000,1.0,12.0,0.271912,-0.529764,0.214342,0.834267,0.555556,0.941438,0,9
10.0000,1.0,13.0,0.121808,-0.634879,0.534354,0.311493,0.555556,0.578670,0,9
10.0000,1.0,14.0,0.124378,0.032194,0.500836,0.374726,0.555556,0.625144,0,10
10.0000,1.0,15.0,0.059401,0.743122,0.170330,0.080074,0.555556,0.165240,0,10
10.0000,1.0,16.0,-0.039783,0.830655,0.256892,0.092470,0.555556,0.220916,0,7
10.0000,1.0,17.0,0.750720,0.622408,0.189070,0.130336,0.555556,0.224871,0,14
10.0000,1.0,18.0,0.029252,0.220315,0.341324,0.551247,0.555556,0.721909,0,10
10.0000,1.0,19.0,-0.135362,0.801913,0.065693,0.196179,0.555556,0.229026,0,7
10.0000,1.0,20.0,-0.205787,0.887491,0.364000,0.443675,0.555556,0.625675,0,7
10.0000,1.0,21.0,-0.696817,0.057163,0.227991,0.117855,0.555556,0.231850,0,6
10.0000,1.0,22.0,0.172152,-0.060255,0.039481,0.482768,0.555556,0.502509,0,9
10.0000,1.0,23.0,0.430973,-0.108355,0.223747,0.730146,0.555556,0.842019,0,9
10.0000,1.0,24.0,-0.222806,0.433968,0.557608,0.938154,0.555556,1.216958,0,6
10.0000,1.0,25.0,0.664979,0.297110,0.358124,0.564532,0.555556,0.743594,0,10
10.0000,1.0,26.0,-0.255498,0.012876,0.564911,0.604637,0.555556,0.887093,0,6
10.0000,1.0,27.0,-0.964501,0.147230,0.485964,0.473897,0.555556,0.716879,1,2
10.0000,1.0,28.0,-0.412890,0.752077,0.459651,0.504959,0.555556,0.734784,0,7
10.0000,1.0,29.0,-0.651764,-0.371951,0.649275,0.627619,0.555556,0.952257,0,5
10.0000,1.0,30.0,-0.369668,-0.020149,0.233408,0.689470,0.555556,0.806174,0,5
10.0000,1.0,31.0,-0.039488,-0.135197,0.066836,0.397663,0.555556,0.431081,0,5
10.0000,2.0,0.0,0.133003,0.324388,0.173032,0.809967,0.555556,0.896483,0,10
10.0000,2.0,1.0,-0.105526,0.475517,0.066609,0.653417,0.555556,0.686721,0,6
10.0000,2.0,2.0,-0.015806,0.099143,0.244153,0.328562,0.555556,0.450638,0,6
10.0000,2.0,3.0,-0.008162,0.381146,0.100348,0.682864,0.555556,0.733038,0,6
10.0000,2.0,4.0,0.146784,0.663558,0.329007,0.301508,0.555556,0.466012,0,10
10.0000,2.0,5.0,-0.068038,0.602010,0.357565,0.308435,0.555556,0.487218,1,6
10.0000,2.0,6.0,-0.403455,0.258094,0.429897,1.030773,0.555556,1.245721,0,6
10.0000,2.0,7.0,0.635273,-0.123909,0.509362,0.314290,0.555556,0.568971,0,9
10.0000,2.0,8.0,-0.023801,-0.160033,0.321222,0.435017,0.555556,0.595628,0,5
10.0000,2.0,9.0,0.285740,-0.772572,0.280169,0.463594,0.555556,0.603679,0,8
10.0000,2.0,10.0,0.318612,-1.337613,0.963965,0.868757,0.555556,1.350739,0,8
10.0000,2.0,11.0,0.734147,-0.204769,0.058725,0.332155,0.555556,0.361518,0,9
10.0000,2.0,12.0,0.726219,0.255980,0.039005,0.432058,0.555556,0.451560,0,10
10.0000,2.0,13.0,0.907508,0.401990,0.055212,0.681535,0.555556,0.709141,0,14
10.0000,2.0,14.0,1.330469,0.229796,0.710321,0.718564,0.555556,1.073724,0,14
10.0000,2.0,15.0,-0.229409,-0.018724,0.631627,0.563264,0.555556,0.879077,1,5
10.0000,2.0,16.0,-0.508788,1.203939,1.068711,0.931467,0.555556,1.465822,0,7
10.0000,2.0,17.0,0.509693,0.748862,0.464933,0.365086,0.555556,0.597552,0,10
10.0000,2.0,18.0,0.780357,-0.439824,0.821523,0.481834,0.555556,0.892595,0,13
10.0000,2.0,19.0,0.010204,0.323060,0.171264,0.678109,0.555556,0.763741,0,10
10.0000,2.0,20.0,0.378934,0.459066,0.329205,1.044607,0.555556,1.209209,0,10
10.0000,2.0,21.0,-0.341714,0.187433,0.465561,0.920021,0.555556,1.152801,0,6
10.0000,2.0,22.0,-0.073320,0.108170,0.296026,0.383049,0.555556,0.531061,0,6
10.0000,2.0,23.0,0.816897,0.048193,0.285151,0.085629,0.555556,0.228204,0,14
10.0000,2.0,24.0,0.835028,0.985806,0.336786,0.521141,0.555556,0.689534,0,15
10.0000,2.0,25.0,1.241146,0.712393,0.264820,0.677554,0.555556,0.809964,0,14
10.0000,2.0,26.0,1.050865,0.192658,0.260569,0.719115,0.555556,0.849399,0,14
10.0000,2.0,27.0,0.146513,-0.051234,0.219857,0.426611,0.555556,0.536539,0,9
10.0000,2.0,28.0,0.272883,0.533404,0.179488,0.827024,0.555556,0.916768,0,10
10.0000,2.0,29.0,0.271125,0.869836,0.058627,0.534133,0.555556,0.563446,0,11
10.0000,2.0,30.0,0.059433,0.771841,0.214900,0.074673,0.555556,0.182123,0,11
10.0000,2.0,31.0,-0.222861,0.345030,0.387023,0.987902,0.555556,1.181413,0,6
10.0000,3.0,0.0,0.070674,1.104457,0.098264,0.551497,0.555556,0.600628,0,11
10.0000,3.0,1.0,-0.004164,0.801790,0.276786,0.055199,0.555556,0.193592,0,7
10.0000,3.0,2.0,-0.836162,0.572474,0.421814,0.291668,0.555556,0.502575,0,2
10.0000,3.0,3.0,0.318874,0.817808,0.382658,0.525302,0.555556,0.716631,0,11
10.0000,3.0,4.0,-0.798054,1.274600,0.256940,0.745879,0.555556,0.874349,0,3
10.0000,3.0,5.0,-1.067652,1.049500,1.332733,1.308561,0.555556,1.974928,-1,3
10.0000,3.0,6.0,-0.104706,-0.378658,0.253595,0.768836,0.555556,0.895634,-1,5
10.0000,3.0,7.0,-0.620913,0.030240,0.167118,0.234576,0.555556,0.318135,0,6
10.0000,3.0,8.0,-0.697922,-0.759559,0.626319,0.025244,0.555556,0.338403,-1,4
10.0000,3.0,9.0,-0.108481,0.030494,0.123376,0.348133,0.555556,0.409821,1,6
10.0000,3.0,10.0,-0.022560,0.173498,0.232551,0.460123,0.555556,0.576398,-1,6
10.0000,3.0,11.0,0.841666,-0.099950,0.146277,0.172629,0.555556,0.245768,0,13
10.0000,3.0,12.0,0.567743,0.532962,0.027187,0.588991,0.555556,0.602584,0,10
10.0000,3.0,13.0,0.851115,0.497494,0.360063,0.464175,0.555556,0.644207,-1,14
10.0000,3.0,14.0,0.746742,0.155217,0.167878,0.227042,0.555556,0.310981,0,10
10.0000,3.0,15.0,0.740542,-0.131619,0.089634,0.185124,0.555556,0.229941,0,9
10.0000,3.0,16.0,0.992976,0.323514,0.235751,0.841209,0.555556,0.959085,0,14
10.0000,3.0,17.0,0.857083,0.246052,0.315920,0.472295,0.555556,0.630255,0,14
10.0000,3.0,18.0,0.387579,0.958993,0.178245,0.794606,0.555556,0.883728,0,11
10.0000,3.0,19.0,0.678027,0.613932,0.256752,0.196339,0.555556,0.324715,0,10
10.0000,3.0,20.0,1.182820,0.180735,0.373487,0.753676,0.555556,0.940419,0,14
10.0000,3.0,21.0,0.809529,0.864608,0.406895,0.177676,0.555556,0.381123,0,15
10.0000,3.0,22.0,0.547523,0.158891,0.121947,0.585836,0.555556,0.646809,0,10
10.0000,3.0,23.0,0.519420,-0.367334,0.081330,0.926351,0.555556,0.967016,0,9
10.0000,3.0,24.0,0.783668,-0.065298,0.013576,0.082766,0.555556,0.089554,0,13
10.0000,3.0,25.0,0.693832,0.039047,0.153664,0.107268,0.555556,0.184100,0,10
10.0000,3.0,26.0,0.656327,0.289003,0.186974,0.569966,0.555556,0.663453,0,10
10.0000,3.0,27.0,0.774242,-0.408465,0.204214,0.509032,0.555556,0.611139,0,13
10.0000,3.0,28.0,-0.061440,-0.168728,0.533408,0.477376,0.555556,0.744080,0,5
10.0000,3.0,29.0,0.650033,0.678737,0.110826,0.129320,0.555556,0.184733,0,10
10.0000,3.0,30.0,0.753044,1.113378,0.033684,0.661582,0.555556,0.678424,0,15
10.0000,3.0,31.0,0.556598,1.246957,0.075192,0.829762,0.555556,0.867358,0,11
10.0000,4.0,0.0,0.461240,0.725899,0.355054,0.459563,0.555556,0.637090,0,10
10.0000,4.0,1.0,-0.353024,1.292333,0.118107,0.945720,0.555556,1.004773,0,7
10.0000,4.0,2.0,-0.849265,1.113571,0.238017,0.811453,0.555556,0.930462,0,3
10.0000,4.0,3.0,0.046172,0.808811,0.077180,0.077737,0.555556,0.116327,0,11
10.0000,4.0,4.0,-0.011515,0.740031,0.391710,0.053160,0.555556,0.249015,0,6
10.0000,4.0,5.0,0.044822,-0.011834,0.432309,0.267573,0.555556,0.483728,0,9
10.0000,4.0,6.0,-0.701395,-0.852660,0.252065,0.119327,0.555556,0.245360,-1,4
10.0000,4.0,7.0,-0.787998,0.134367,0.173279,0.187498,0.555556,0.274138,0,2
10.0000,4.0,8.0,-0.417341,0.446644,0.236151,1.038816,0.555556,1.156892,0,6
10.0000,4.0,9.0,-0.767719,-0.145793,0.391837,0.205063,0.555556,0.400981,0,1
10.0000,4.0,10.0,0.259619,0.003439,0.391163,0.609555,0.555556,0.805136,0,10
10.0000,4.0,11.0,0.842390,0.230952,0.192661,0.424277,0.555556,0.520607,0,14
10.0000,4.0,12.0,0.712872,0.454673,0.402284,0.478662,0.555556,0.679804,0,10
10.0000,4.0,13.0,-0.054165,-0.204415,0.098328,0.538748,0.555556,0.587912,0,5
10.0000,4.0,14.0,-0.014669,0.058003,0.417644,0.279038,0.555556,0.487861,1,6
10.0000,4.0,15.0,0.598917,0.128400,0.327391,0.403719,0.555556,0.567415,-1,10
10.0000,4.0,16.0,0.037885,0.243914,0.326697,0.596754,0.555556,0.760102,0,10
10.0000,4.0,17.0,0.296644,0.716018,0.244798,0.497970,0.555556,0.620369,0,10
10.0000,4.0,18.0,0.255445,0.257499,0.272533,0.961637,0.555556,1.097903,0,10
10.0000,4.0,19.0,0.542604,-0.138526,0.389473,0.559542,0.555556,0.754278,0,9
10.0000,4.0,20.0,0.794106,-0.677064,0.117641,0.064090,0.555556,0.122910,0,13
10.0000,4.0,21.0,0.551451,-0.132535,0.183258,0.527051,0.555556,0.618680,0,9
10.0000,4.0,22.0,0.405897,0.594811,0.137500,0.732770,0.555556,0.801520,0,10
10.0000,4.0,23.0,0.281266,-0.039387,0.329826,0.651582,0.555556,0.816495,0,9
10.0000,4.0,24.0,0.933670,-0.178625,0.570371,0.475730,0.555556,0.760916,1,13
10.0000,4.0,25.0,0.011387,-0.252570,0.163498,0.599830,0.555556,0.681579,0,9
10.0000,4.0,26.0,0.696198,-0.206922,0.406915,0.371278,0.555556,0.574735,0,9
10.0000,4.0,27.0,0.987419,-0.533256,0.335372,0.678984,0.555556,0.846670,0,13
10.0000,4.0,28.0,0.772753,0.293182,0.574616,0.473170,0.555556,0.760478,0,14
10.0000,4.0,29.0,0.156364,0.687137,0.316893,0.282753,0.555556,0.441199,0,10
10.0000,4.0,30.0,0.871946,1.366685,0.148367,0.922566,0.555556,0.996749,0,15
10.0000,4.0,31.0,0.681581,1.077492,0.046034,0.618241,0.555556,0.641258,0,11
10.0000,5.0,0.0,0.238272,0.104105,0.565879,0.659701,0.555556,0.942640,0,10
10.0000,5.0,1.0,0.010293,1.541770,0.347562,0.490224,0.555556,0.664005,0,11
10.0000,5.0,2.0,-1.086572,1.146207,0.481179,1.541551,0.555556,1.782140,0,3
10.0000,5.0,3.0,-0.436749,0.549105,0.206106,0.809732,0.555556,0.912785,0,6
10.0000,5.0,4.0,-0.898437,0.279884,0.122474,0.597658,0.555556,0.658895,0,2
10.0000,5.0,5.0,-0.573473,-0.300144,0.088446,0.763886,0.555556,0.808109,0,5
10.0000,5.0,6.0,-0.810568,-0.731738,0.128335,0.043679,0.555556,0.107846,0,1
10.0000,5.0,7.0,-0.853630,-0.539359,0.123545,0.386703,0.555556,0.448476,0,1
10.0000,5.0,8.0,-0.815104,-0.112501,0.148767,0.165401,0.555556,0.239785,0,1
10.0000,5.0,9.0,-0.658361,0.545363,0.450511,0.374002,0.555556,0.599257,1,6
10.0000,5.0,10.0,0.182454,1.083862,0.411786,0.735556,0.555556,0.941448,0,11
10.0000,5.0,11.0,0.008117,0.319291,0.073788,0.675437,0.555556,0.712331,0,10
10.0000,5.0,12.0,0.236822,-0.145134,0.453049,0.726419,0.555556,0.952943,0,9
10.0000,5.0,13.0,-0.423138,-0.636556,0.197485,0.627814,0.555556,0.726557,0,5
10.0000,5.0,14.0,-0.458875,-0.986896,0.215923,0.799820,0.555556,0.907781,0,4
10.0000,5.0,15.0,0.130543,-0.744578,0.533683,0.181360,0.555556,0.448201,0,9
10.0000,5.0,16.0,-0.954863,0.066712,0.540959,0.326030,0.555556,0.596509,0,2
10.0000,5.0,17.0,-0.524030,1.022207,0.038145,0.767596,0.555556,0.786669,1,7
10.0000,5.0,18.0,-0.574579,0.659861,0.387423,0.306443,0.555556,0.500154,0,6
10.0000,5.0,19.0,-0.553460,-0.081428,0.465817,0.442875,0.555556,0.675783,0,5
10.0000,5.0,20.0,0.657231,-0.366520,0.335523,0.618171,0.555556,0.785933,0,9
10.0000,5.0,21.0,0.141885,-0.009790,0.225581,0.397601,0.555556,0.510391,0,9
10.0000,5.0,22.0,0.106478,0.801227,0.970860,0.145762,0.555556,0.631192,1,11
10.0000,5.0,23.0,-0.646554,0.076529,0.428187,0.220771,0.555556,0.434864,0,6
10.0000,5.0,24.0,0.076878,0.652830,0.213885,0.209072,0.555556,0.316014,0,10
10.0000,5.0,25.0,0.081657,0.169337,0.379180,0.500998,0.555556,0.690588,-1,10
10.0000,5.0,26.0,-0.321244,-0.840300,0.168332,0.552354,0.555556,0.636520,0,4
10.0000,5.0,27.0,0.208320,-0.606827,0.059063,0.539209,0.555556,0.568741,0,9
10.0000,5.0,28.0,-0.193630,-0.617551,0.393346,0.486009,0.555556,0.682683,0,5
10.0000,5.0,29.0,0.435228,0.222417,0.475706,0.935760,0.555556,1.173613,0,10
10.0000,5.0,30.0,0.739675,0.691333,0.489841,0.030684,0.555556,0.275605,0,10
10.0000,5.0,31.0,0.761198,1.002458,0.444514,0.465895,0.555556,0.688151,0,15
10.0000,6.0,0.0,0.575712,0.279590,0.607294,0.733826,0.555556,1.037473,-1,10
10.0000,6.0,1.0,-0.150224,1.471764,0.547331,0.533379,0.555556,0.807044,0,7
10.0000,6.0,2.0,-0.042426,0.910255,0.264838,0.216253,0.555556,0.348671,0,7
10.0000,6.0,3.0,-0.534475,1.276593,0.749647,0.841700,0.555556,1.216524,0,7
10.0000,6.0,4.0,-0.679690,0.282929,0.052405,0.523810,0.555556,0.550013,0,6
10.0000,6.0,5.0,-0.420375,-0.003737,0.191492,0.651720,0.555556,0.747466,0,5
10.0000,6.0,6.0,-1.221754,-0.179106,0.280028,0.723550,0.555556,0.863564,0,1
10.0000,6.0,7.0,-0.396696,-0.220453,0.191690,0.971648,0.555556,1.067493,0,5
10.0000,6.0,8.0,-1.139801,-0.292178,0.199174,0.977241,0.555556,1.076828,0,1
10.0000,6.0,9.0,-0.315540,-0.283834,0.268920,1.068229,0.555556,1.202689,1,5
10.0000,6.0,10.0,0.592805,0.154456,0.311640,0.466454,0.555556,0.622274,-1,10
10.0000,6.0,11.0,0.064660,0.164506,0.135572,0.472551,0.555556,0.540337,0,10
10.0000,6.0,12.0,-0.304304,0.772653,0.751225,0.485997,0.555556,0.861609,0,7
10.0000,6.0,13.0,0.392098,-0.600283,0.302643,0.728651,0.555556,0.879972,1,9
10.0000,6.0,14.0,0.147394,-0.686899,0.484385,0.265821,0.555556,0.508014,0,9
10.0000,6.0,15.0,0.664156,-0.627579,0.424960,0.189073,0.555556,0.401553,0,9
10.0000,6.0,16.0,-0.299593,-0.730703,1.285329,0.490415,0.555556,1.133080,0,5
10.0000,6.0,17.0,-0.659432,1.002258,0.677900,0.495908,0.555556,0.834858,0,7
10.0000,6.0,18.0,0.019215,-0.144593,0.116087,0.404766,0.555556,0.462810,0,9
10.0000,6.0,19.0,0.007828,-0.047188,0.093388,0.268676,0.555556,0.315370,0,9
10.0000,6.0,20.0,-0.300896,-0.189759,0.063997,0.898813,0.555556,0.930811,0,5
10.0000,6.0,21.0,-0.351098,-0.026779,0.159380,0.693119,0.555556,0.772809,0,5
10.0000,6.0,22.0,-0.548339,-0.735787,0.434980,0.287596,0.555556,0.505086,-1,5
10.0000,6.0,23.0,0.260952,0.260117,0.127805,0.973920,0.555556,1.037822,1,10
10.0000,6.0,24.0,0.493936,-0.016361,0.633536,0.530971,0.555556,0.847739,0,9
10.0000,6.0,25.0,0.130972,0.746044,0.666863,0.181547,0.555556,0.514979,0,10
10.0000,6.0,26.0,0.192696,-0.567820,0.103563,0.602286,0.555556,0.654067,0,9
10.0000,6.0,27.0,-0.035604,-0.484048,0.144669,0.559859,0.555556,0.632194,0,5
10.0000,6.0,28.0,0.153637,-1.210663,0.236580,0.678220,0.555556,0.796510,0,8
10.0000,6.0,29.0,0.322276,-1.033567,0.378181,0.913587,0.555556,1.102678,0,8
10.0000,6.0,30.0,0.354397,-0.617737,0.315590,0.695395,0.555556,0.853190,0,9
10.0000,6.0,31.0,0.652433,0.174366,0.038017,0.375476,0.555556,0.394485,0,10
10.0000,7.0,0.0,0.169146,-0.282211,0.231457,0.838709,0.555556,0.954437,0,9
10.0000,7.0,1.0,-0.450900,0.140597,0.420579,0.756318,0.555556,0.966608,0,6
10.0000,7.0,2.0,0.100670,0.096279,0.148826,0.401162,0.555556,0.475575,0,10
10.0000,7.0,3.0,0.651805,0.513133,0.523765,0.454712,0.555556,0.716594,0,10
10.0000,7.0,4.0,-0.676218,0.037595,0.352556,0.131810,0.555556,0.308088,0,6
10.0000,7.0,5.0,-0.673725,0.166018,0.511793,0.321796,0.555556,0.577693,0,6
10.0000,7.0,6.0,-0.659115,-0.527123,0.275205,0.412740,0.555556,0.550342,1,5
10.0000,7.0,7.0,-0.708864,0.114150,0.246768,0.179243,0.555556,0.302627,0,6
10.0000,7.0,8.0,-0.829928,-0.146579,0.039408,0.240934,0.555556,0.260638,0,1
10.0000,7.0,9.0,-0.538404,-0.189903,0.374256,0.668745,0.555556,0.855873,0,5
10.0000,7.0,10.0,-0.053103,-0.587383,0.356785,0.328925,0.555556,0.507317,-1,5
10.0000,7.0,11.0,-0.125174,0.181007,0.133466,0.588093,0.555556,0.654827,1,6
10.0000,7.0,12.0,-0.611544,0.037418,0.383490,0.259866,0.555556,0.451611,0,6
10.0000,7.0,13.0,0.411597,0.468739,0.169757,1.008425,0.555556,1.093303,0,10
10.0000,7.0,14.0,0.191071,0.603478,0.177789,0.513122,0.555556,0.602016,0,10
10.0000,7.0,15.0,0.702940,0.243564,0.088297,0.432182,0.555556,0.476331,0,10
10.0000,7.0,16.0,0.730336,0.242912,0.821733,0.406850,0.555556,0.817716,0,10
10.0000,7.0,17.0,-0.840471,0.051997,0.674108,0.112938,0.555556,0.449992,1,2
10.0000,7.0,18.0,-0.248920,0.474142,0.568603,0.918823,0.555556,1.203125,0,6
10.0000,7.0,19.0,-0.391846,0.266142,0.127742,1.050961,0.555556,1.114832,0,6
10.0000,7.0,20.0,-0.013719,0.190287,0.352261,0.489617,0.555556,0.665748,0,6
10.0000,7.0,21.0,-0.660442,-0.011682,0.358302,0.147756,0.555556,0.326907,0,5
10.0000,7.0,22.0,-0.798468,-0.910659,0.477475,0.269072,0.555556,0.507809,0,0
10.0000,7.0,23.0,-0.243190,-0.095322,0.184113,0.655068,0.555556,0.747125,1,5
10.0000,7.0,24.0,-0.714419,0.584488,0.284828,0.220708,0.555556,0.363121,0,6
10.0000,7.0,25.0,-0.805615,0.991418,0.824066,0.485605,0.555556,0.897639,0,3
10.0000,7.0,26.0,-0.397194,-0.483315,0.126240,0.992248,0.555556,1.055368,0,5
10.0000,7.0,27.0,-0.147292,-0.533265,0.235492,0.598379,0.555556,0.716125,0,5
10.0000,7.0,28.0,-0.621891,-0.676738,0.099654,0.182337,0.555556,0.232164,0,5
10.0000,7.0,29.0,-0.713576,-0.518018,0.343160,0.364945,0.555556,0.536525,0,5
10.0000,7.0,30.0,0.228250,0.110408,0.534979,0.652119,0.555556,0.919609,0,10
10.0000,7.0,31.0,0.589302,0.536474,0.339616,0.531706,0.555556,0.701514,1,10
10.0000,8.0,0.0,-0.432698,-0.262543,0.456575,1.006702,0.555556,1.234990,0,5
10.0000,8.0,1.0,0.691808,-0.124626,0.063315,0.217422,0.555556,0.249080,0,9
10.0000,8.0,2.0,0.441491,0.055939,0.209754,0.649945,0.555556,0.754822,0,10
10.0000,8.0,3.0,0.902299,0.719364,0.170272,0.213023,0.555556,0.298160,0,14
10.0000,8.0,4.0,0.501968,0.112439,0.388510,0.609561,0.555556,0.803816,0,10
10.0000,8.0,5.0,-0.075571,-0.933402,0.317171,0.293656,0.555556,0.452241,0,4
10.0000,8.0,6.0,0.117799,-0.816119,0.196117,0.175168,0.555556,0.273227,0,8
10.0000,8.0,7.0,-0.338956,-0.761980,0.175174,0.513126,0.555556,0.600713,0,4
10.0000,8.0,8.0,-0.883691,-0.407116,0.175393,0.632798,0.555556,0.720495,0,1
10.0000,8.0,9.0,-1.077101,-1.091747,0.322463,1.427518,0.555556,1.588749,0,0
10.0000,8.0,10.0,-0.799979,-0.064219,0.053961,0.088580,0.555556,0.115560,0,1
10.0000,8.0,11.0,-0.647891,0.122207,0.114907,0.285886,0.555556,0.343339,0,6
10.0000,8.0,12.0,-0.184713,-0.307426,0.245157,0.894983,0.555556,1.017562,0,5
10.0000,8.0,13.0,-0.370471,0.493410,0.086670,0.982459,0.555556,1.025794,0,6
10.0000,8.0,14.0,-0.184358,0.180793,0.389578,0.697153,0.555556,0.891942,0,6
10.0000,8.0,15.0,0.736141,0.836299,0.677012,0.078780,0.555556,0.417286,-1,11
10.0000,8.0,16.0,0.217541,-0.478259,0.283305,0.855428,0.555556,0.997080,0,9
10.0000,8.0,17.0,0.016072,-1.145763,0.450854,0.522987,0.555556,0.748414,0,8
10.0000,8.0,18.0,0.497579,-0.811727,0.264887,0.414240,0.555556,0.546683,0,8
10.0000,8.0,19.0,0.180568,0.080201,0.289034,0.520690,0.555556,0.665207,0,10
10.0000,8.0,20.0,-0.086235,-0.781692,0.210631,0.107600,0.555556,0.212916,0,4
10.0000,8.0,21.0,-0.057623,-0.504231,0.059787,0.533618,0.555556,0.563512,0,5
10.0000,8.0,22.0,-0.091126,-0.250009,0.052749,0.660247,0.555556,0.686621,0,5
10.0000,8.0,23.0,-0.049045,-0.215997,0.004360,0.555999,0.555556,0.558179,0,5
10.0000,8.0,24.0,-0.171483,-0.234428,0.296328,0.771926,0.555556,0.920090,0,5
10.0000,8.0,25.0,-1.100080,0.059801,0.616762,0.536716,0.555556,0.845097,0,2
10.0000,8.0,26.0,-0.703751,0.104934,0.022783,0.170010,0.555556,0.181402,0,6
10.0000,8.0,27.0,-0.560137,0.191787,0.124821,0.619376,0.555556,0.681786,0,6
10.0000,8.0,28.0,-0.900063,-0.140421,0.329689,0.334043,0.555556,0.498888,0,1
10.0000,8.0,29.0,-0.719059,-0.819112,0.140836,0.057933,0.555556,0.128351,0,4
10.0000,8.0,30.0,-1.093626,-0.173621,0.618640,0.725199,0.555556,1.034519,0,1
10.0000,8.0,31.0,-0.016702,0.156412,0.259610,0.425847,0.555556,0.555652,0,6
10.0000,9.0,0.0,-0.627397,-0.973076,0.821392,0.473076,0.555556,0.883772,0,4
10.0000,9.0,1.0,0.296888,-0.079533,0.109817,0.706823,0.555556,0.761731,0,9
10.0000,9.0,2.0,0.526889,0.479317,0.164636,0.794614,0.555556,0.876932,0,10
10.0000,9.0,3.0,0.543115,0.872511,0.377697,0.411725,0.555556,0.600574,0,11
10.0000,9.0,4.0,0.184164,-0.047882,0.258564,0.495082,0.555556,0.624364,1,9
10.0000,9.0,5.0,0.952648,-0.533023,0.837950,0.601935,0.555556,1.020910,0,13
10.0000,9.0,6.0,-0.376632,-0.243012,0.099738,1.021733,0.555556,1.071602,0,5
10.0000,9.0,7.0,0.070349,-0.429567,0.283021,0.680742,0.555556,0.822252,0,9
10.0000,9.0,8.0,-0.578591,-0.087182,0.146728,0.388289,0.555556,0.461653,0,5
10.0000,9.0,9.0,-0.873085,-0.751721,0.179797,0.148360,0.555556,0.238259,0,0
10.0000,9.0,10.0,-0.977002,-0.420056,0.192884,0.817920,0.555556,0.914362,0,1
10.0000,9.0,11.0,-0.478133,-0.055816,0.233657,0.586747,0.555556,0.703575,0,5
10.0000,9.0,12.0,0.106894,0.161351,0.072640,0.521011,0.555556,0.557331,0,10
10.0000,9.0,13.0,0.019458,0.243876,0.120716,0.588016,0.555556,0.648374,0,10
10.0000,9.0,14.0,-0.562341,0.552861,0.574757,0.556241,0.555556,0.843620,-1,6
10.0000,9.0,15.0,0.777923,-0.005895,0.008810,0.046081,0.555556,0.050486,1,13
10.0000,9.0,16.0,0.921019,-0.088148,0.276936,0.285897,0.555556,0.424364,0,13
10.0000,9.0,17.0,0.536853,-0.055453,0.327636,0.455368,0.555556,0.619186,0,9
10.0000,9.0,18.0,0.130656,-0.981682,0.363982,0.475924,0.555556,0.657915,1,8
10.0000,9.0,19.0,0.132925,-0.502740,0.697046,0.642710,0.555556,0.991233,-1,9
10.0000,9.0,20.0,-0.108847,0.092498,0.427654,0.408215,0.555556,0.622042,0,6
10.0000,9.0,21.0,0.325575,-0.667188,0.344460,0.587032,0.555556,0.759262,-1,9
10.0000,9.0,22.0,-0.120331,-0.705220,0.397607,0.193598,0.555556,0.392401,0,5
10.0000,9.0,23.0,-0.073765,-0.177291,0.346400,0.506785,0.555556,0.679985,0,5
10.0000,9.0,24.0,0.069933,-0.656530,0.084453,0.194047,0.555556,0.236273,0,9
10.0000,9.0,25.0,0.236724,-0.661927,0.389153,0.479177,0.555556,0.673754,0,9
10.0000,9.0,26.0,-0.529862,-0.075969,0.243676,0.493715,0.555556,0.615553,0,5
10.0000,9.0,27.0,-0.190243,-0.177741,0.086759,0.702584,0.555556,0.745964,0,5
10.0000,9.0,28.0,-0.038229,-0.427850,0.136471,0.654860,0.555556,0.723095,1,5
10.0000,9.0,29.0,-0.685796,-0.746450,0.938565,0.035599,0.555556,0.504882,-1,5
10.0000,9.0,30.0,-0.544614,0.777410,0.095967,0.296334,0.555556,0.344317,0,7
10.0000,9.0,31.0,-0.143121,0.977315,1.075600,0.491177,0.555556,1.028978,0,7
10.0000,10.0,0.0,-1.021399,0.242494,0.735065,0.775354,0.555556,1.142886,0,2
10.0000,10.0,1.0,0.082884,-0.247633,0.182172,0.645634,0.555556,0.736720,1,9
10.0000,10.0,2.0,0.309829,-0.196380,0.421692,0.919483,0.555556,1.130329,0,9
10.0000,10.0,3.0,0.028145,0.353255,0.098000,0.693932,0.555556,0.742933,0,10
10.0000,10.0,4.0,-0.132422,0.280903,0.490667,0.769061,0.555556,1.014394,0,6
10.0000,10.0,5.0,-0.268376,-0.632064,0.244846,0.588954,0.555556,0.711377,-1,5
10.0000,10.0,6.0,-0.644137,0.061619,0.146951,0.209092,0.555556,0.282568,0,6
10.0000,10.0,7.0,-0.676929,-0.617474,0.319315,0.190727,0.555556,0.350384,0,5
10.0000,10.0,8.0,-0.815775,-0.039041,0.363306,0.077977,0.555556,0.259631,0,1
10.0000,10.0,9.0,-0.100131,-0.721214,0.081471,0.145339,0.555556,0.186075,0,5
10.0000,10.0,10.0,-0.470493,-0.785358,0.622530,0.441614,0.555556,0.752879,-1,4
10.0000,10.0,11.0,-0.158569,0.609834,0.061983,0.434329,0.555556,0.465321,0,6
10.0000,10.0,12.0,-0.275873,0.521340,0.094359,0.859452,0.555556,0.906632,0,6
10.0000,10.0,13.0,0.012804,0.022833,0.268322,0.255654,0.555556,0.389815,0,10
10.0000,10.0,14.0,-0.162291,0.727422,0.421257,0.251452,0.555556,0.462080,0,6
10.0000,10.0,15.0,0.850381,-0.058333,0.416656,0.131268,0.555556,0.339596,0,13
10.0000,10.0,16.0,0.815870,0.885522,0.499550,0.232232,0.555556,0.482007,0,15
10.0000,10.0,17.0,1.072857,-0.036848,0.979600,0.494146,0.555556,0.983946,1,13
10.0000,10.0,18.0,0.813473,-0.109732,0.983429,0.159529,0.555556,0.651243,0,13
10.0000,10.0,19.0,-0.763117,0.751266,1.180214,0.006906,0.555556,0.597013,1,3
10.0000,10.0,20.0,0.859390,0.007135,0.740267,0.115363,0.555556,0.485496,-1,14
10.0000,10.0,21.0,-0.331396,0.196496,0.273480,0.933619,0.555556,1.070359,0,6
10.0000,10.0,22.0,0.663924,0.128143,0.730893,0.266628,0.555556,0.632074,1,10
10.0000,10.0,23.0,-0.166676,-1.238728,0.973736,0.680491,0.555556,1.167359,0,4
10.0000,10.0,24.0,-0.482191,-0.584966,0.357910,0.654240,0.555556,0.833195,-1,5
10.0000,10.0,25.0,-0.002842,0.091877,0.152756,0.316335,0.555556,0.392713,0,6
10.0000,10.0,26.0,0.229582,-0.597745,0.072544,0.600595,0.555556,0.636867,0,9
10.0000,10.0,27.0,0.102206,-0.597085,0.616165,0.364941,0.555556,0.673023,1,9
10.0000,10.0,28.0,-0.170345,-0.514924,0.147357,0.685771,0.555556,0.759449,0,5
10.0000,10.0,29.0,0.113768,0.132683,0.641611,0.479354,0.555556,0.800160,-1,10
10.0000,10.0,30.0,-0.708257,0.382528,0.204264,0.545619,0.555556,0.647750,0,6
10.0000,10.0,31.0,-0.655895,0.947073,0.227109,0.370535,0.555556,0.484089,1,7
10.0000,11.0,0.0,0.014838,-0.395320,0.365980,0.676189,0.555556,0.859179,0,9
10.0000,11.0,1.0,0.807192,-0.634847,0.668507,0.136481,0.555556,0.470735,0,13
10.0000,11.0,2.0,0.682959,0.883481,0.599202,0.194338,0.555556,0.493939,0,11
10.0000,11.0,3.0,0.617017,0.234032,0.577916,0.564424,0.555556,0.853382,0,10
10.0000,11.0,4.0,0.157489,-0.732323,0.396198,0.238700,0.555556,0.436799,0,9
10.0000,11.0,5.0,-0.397493,-0.048694,0.077824,0.692334,0.555556,0.731246,0,5
10.0000,11.0,6.0,-0.597689,-0.289672,0.156711,0.694244,0.555556,0.772599,0,5
10.0000,11.0,7.0,-0.638376,0.342686,0.298834,0.648884,0.555556,0.798301,0,6
10.0000,11.0,8.0,-0.657176,-0.710281,0.339990,0.086583,0.555556,0.256578,0,5
10.0000,11.0,9.0,0.318355,-0.818543,0.026983,0.525541,0.555556,0.539032,0,8
10.0000,11.0,10.0,0.159163,-0.562201,0.512288,0.550269,0.555556,0.806413,-1,9
10.0000,11.0,11.0,-0.080817,0.140476,0.232155,0.446225,0.555556,0.562302,0,6
10.0000,11.0,12.0,-0.444919,0.651782,0.057929,0.573862,0.555556,0.602827,0,6
10.0000,11.0,13.0,-0.060017,0.758279,0.059070,0.075938,0.555556,0.105473,0,7
10.0000,11.0,14.0,0.041651,0.750226,0.209912,0.062465,0.555556,0.167421,0,11
10.0000,11.0,15.0,0.548030,0.768197,0.271786,0.286130,0.555556,0.422024,0,11
10.0000,11.0,16.0,-0.223970,0.874346,0.165745,0.457605,0.555556,0.540478,0,7
10.0000,11.0,17.0,-0.655443,0.889861,0.419974,0.239538,0.555556,0.449525,0,7
10.0000,11.0,18.0,-0.025303,-0.053036,0.321050,0.278146,0.555556,0.438671,0,5
10.0000,11.0,19.0,-0.114534,-0.304167,0.261340,0.763753,0.555556,0.894423,0,5
10.0000,11.0,20.0,0.023458,-0.892008,1.161433,0.172204,0.555556,0.752921,-1,8
10.0000,11.0,21.0,-0.018227,0.173890,0.301272,0.459414,0.555556,0.610050,0,6
10.0000,11.0,22.0,0.694972,0.731777,0.323540,0.029091,0.555556,0.190861,-1,10
10.0000,11.0,23.0,0.056466,0.582864,0.153609,0.342950,0.555556,0.419755,0,10
10.0000,11.0,24.0,-0.151424,0.211490,0.068860,0.692810,0.555556,0.727240,0,6
10.0000,11.0,25.0,-0.161055,-0.145601,0.547532,0.586089,0.555556,0.859855,0,5
10.0000,11.0,26.0,0.689528,-0.347944,0.594663,0.565706,0.555556,0.863038,0,9
10.0000,11.0,27.0,0.859464,0.748347,0.648569,0.120286,0.555556,0.444571,0,14
10.0000,11.0,28.0,-0.338173,-0.267646,0.183302,1.059373,0.555556,1.151024,0,5
10.0000,11.0,29.0,-0.579695,-1.028096,0.598060,0.674774,0.555556,0.973804,0,4
10.0000,11.0,30.0,-0.132650,-0.022785,0.124047,0.384688,0.555556,0.446711,1,5
10.0000,11.0,31.0,-0.643583,0.419572,0.890275,0.617690,0.555556,1.062828,0,6
10.0000,12.0,0.0,0.885769,-0.537451,0.070600,0.448442,0.555556,0.483742,0,13
10.0000,12.0,1.0,1.159921,-0.156457,0.138391,0.709298,0.555556,0.778493,0,13
10.0000,12.0,2.0,1.458419,-0.286707,0.483484,0.815219,0.555556,1.056961,0,13
10.0000,12.0,3.0,0.159039,-0.744187,0.393867,0.235538,0.555556,0.432472,0,9
10.0000,12.0,4.0,-0.447224,-0.066169,0.200630,0.651304,0.555556,0.751619,0,5
10.0000,12.0,5.0,0.038079,0.104360,0.438475,0.346095,0.555556,0.565332,0,10
10.0000,12.0,6.0,-1.016440,-0.513185,0.247720,0.775893,0.555556,0.899753,0,1
10.0000,12.0,7.0,-0.717395,0.059844,0.349387,0.098058,0.555556,0.272751,-1,6
10.0000,12.0,8.0,-0.051861,-0.883985,0.559098,0.176514,0.555556,0.456063,0,4
10.0000,12.0,9.0,0.356132,-0.694247,0.724050,0.561919,0.555556,0.923943,-1,9
10.0000,12.0,10.0,-0.546919,0.437426,0.473932,0.814031,0.555556,1.050997,0,6
10.0000,12.0,11.0,-0.755088,-0.142323,0.235464,0.199792,0.555556,0.317524,0,1
10.0000,12.0,12.0,-0.664333,0.806966,0.298688,0.091742,0.555556,0.241086,0,7
10.0000,12.0,13.0,0.083602,0.305232,0.150265,0.719781,0.555556,0.794913,0,10
10.0000,12.0,14.0,0.119539,-0.009274,0.114101,0.358847,0.555556,0.415897,0,9
10.0000,12.0,15.0,0.170154,0.187592,0.233387,0.682948,0.555556,0.799641,1,10
10.0000,12.0,16.0,0.038390,0.235804,0.140999,0.583523,0.555556,0.654022,0,10
10.0000,12.0,17.0,-0.028166,0.906863,0.279943,0.201279,0.555556,0.341251,0,7
10.0000,12.0,18.0,-0.718738,0.802722,0.326436,0.038993,0.555556,0.202211,0,7
10.0000,12.0,19.0,0.045806,0.505185,0.298223,0.521559,0.555556,0.670671,0,10
10.0000,12.0,20.0,-0.390037,0.934705,0.779872,0.742332,0.555556,1.132268,-1,7
10.0000,12.0,21.0,0.297851,-0.360237,0.081616,1.100357,0.555556,1.141165,0,9
10.0000,12.0,22.0,0.115315,0.004939,0.068076,0.351461,0.555556,0.385499,1,10
10.0000,12.0,23.0,-0.211334,-0.018455,0.233741,0.530574,0.555556,0.647445,0,5
10.0000,12.0,24.0,-0.046533,0.581399,0.241953,0.338177,0.555556,0.459153,0,6
10.0000,12.0,25.0,0.185464,0.997035,0.060332,0.615523,0.555556,0.645689,0,11
10.0000,12.0,26.0,0.354076,0.669598,0.164368,0.596195,0.555556,0.678380,0,10
10.0000,12.0,27.0,0.743843,0.410217,0.651835,0.508910,0.555556,0.834827,1,10
10.0000,12.0,28.0,-0.065980,-0.117641,0.333091,0.390115,0.555556,0.556660,-1,5
10.0000,12.0,29.0,-0.869661,0.019598,0.264912,0.133606,0.555556,0.266062,0,2
10.0000,12.0,30.0,0.020223,-0.149620,0.209022,0.414301,0.555556,0.518812,0,9
10.0000,12.0,31.0,0.528182,-0.624698,0.043241,0.473792,0.555556,0.495412,0,9
10.0000,13.0,0.0,0.789231,-0.307745,0.513484,0.494676,0.555556,0.751418,0,13
10.0000,13.0,1.0,1.595476,0.351275,0.735965,1.267212,0.555556,1.635195,0,14
10.0000,13.0,2.0,1.435567,-0.097662,1.084030,0.401091,0.555556,0.943106,0,13
10.0000,13.0,3.0,-0.617953,-0.364072,0.309295,0.695894,0.555556,0.850541,0,5
10.0000,13.0,4.0,-0.764074,0.595290,0.598423,0.184876,0.555556,0.484087,1,2
10.0000,13.0,5.0,0.454295,0.399812,0.908268,1.041871,0.555556,1.496005,-1,10
10.0000,13.0,6.0,-1.215068,0.217320,0.377993,0.812496,0.555556,1.001493,0,2
10.0000,13.0,7.0,-0.892055,0.242302,0.587414,0.523185,0.555556,0.816892,0,2
10.0000,13.0,8.0,0.569831,0.399538,0.170918,0.795870,0.555556,0.881329,1,10
10.0000,13.0,9.0,0.888236,0.024695,1.447230,0.166128,0.555556,0.889743,0,14
10.0000,13.0,10.0,-1.039232,-0.691252,0.252446,0.545660,0.555556,0.671883,1,1
10.0000,13.0,11.0,-0.699623,0.029122,0.290870,0.094283,0.555556,0.239718,0,6
10.0000,13.0,12.0,-0.637170,0.188201,0.588500,0.433087,0.555556,0.727337,0,6
10.0000,13.0,13.0,0.789456,0.254001,0.136166,0.420093,0.555556,0.488176,0,14
10.0000,13.0,14.0,0.448603,0.544625,0.529485,0.804294,0.555556,1.069037,-1,10
10.0000,13.0,15.0,-0.683885,-0.241919,0.375954,0.453562,0.555556,0.641539,1,5
10.0000,13.0,16.0,-0.040119,-0.085259,0.501904,0.320675,0.555556,0.571627,-1,5
10.0000,13.0,17.0,-0.822570,0.875862,0.454675,0.220593,0.555556,0.447930,0,3
10.0000,13.0,18.0,-0.067418,0.346132,0.265248,0.723240,0.555556,0.855864,1,6
10.0000,13.0,19.0,0.810768,0.022196,0.112908,0.065281,0.555556,0.121735,0,14
10.0000,13.0,20.0,0.528396,0.579875,0.840462,0.571166,0.555556,0.991398,-1,10
10.0000,13.0,21.0,0.174931,-0.740606,0.295493,0.268788,0.555556,0.416534,0,9
10.0000,13.0,22.0,0.461049,-0.208423,0.494745,0.869785,0.555556,1.117158,0,9
10.0000,13.0,23.0,-0.065561,0.707306,0.550720,0.113951,0.555556,0.389311,0,6
10.0000,13.0,24.0,-0.901894,0.679340,0.314451,0.237960,0.555556,0.395186,0,2
10.0000,13.0,25.0,-0.130681,0.921300,0.210248,0.356114,0.555556,0.461238,1,7
10.0000,13.0,26.0,0.094038,0.060783,0.275874,0.349139,0.555556,0.487076,-1,10
10.0000,13.0,27.0,-0.549545,0.404028,0.115197,0.841217,0.555556,0.898816,0,6
10.0000,13.0,28.0,-0.584430,0.513894,0.118272,0.592217,0.555556,0.651353,1,6
10.0000,13.0,29.0,-0.380902,0.004350,0.211879,0.682572,0.555556,0.788511,0,6
10.0000,13.0,30.0,-0.033792,-0.740763,0.228605,0.061354,0.555556,0.175656,0,5
10.0000,13.0,31.0,0.700327,-0.713295,0.290543,0.033063,0.555556,0.178335,0,9
10.0000,14.0,0.0,0.818248,0.676510,0.483184,0.089709,0.555556,0.331301,0,14
10.0000,14.0,1.0,-0.024308,0.046245,0.491100,0.272331,0.555556,0.517881,0,6
10.0000,14.0,2.0,1.216315,-0.109015,0.807725,0.587904,0.555556,0.991767,1,13
10.0000,14.0,3.0,-0.173909,-0.050578,0.004381,0.477573,0.555556,0.479764,0,5
10.0000,14.0,4.0,-0.119939,-0.080097,0.227587,0.409846,0.555556,0.523640,0,5
10.0000,14.0,5.0,-0.139998,-0.278284,0.599721,0.779281,0.555556,1.079142,-1,5
10.0000,14.0,6.0,-0.103063,0.630182,0.335498,0.290949,0.555556,0.458698,0,6
10.0000,14.0,7.0,-0.825091,0.670486,0.307064,0.105550,0.555556,0.259081,1,2
10.0000,14.0,8.0,-0.094414,0.375814,0.398813,0.754765,0.555556,0.954172,0,6
10.0000,14.0,9.0,-0.107202,-0.730492,0.202449,0.149286,0.555556,0.250511,0,5
10.0000,14.0,10.0,-0.436204,-0.800198,0.379350,0.496808,0.555556,0.686483,0,4
10.0000,14.0,11.0,-0.250492,-0.936566,0.425056,0.624838,0.555556,0.837366,0,4
10.0000,14.0,12.0,-0.168796,-0.120071,0.344053,0.556162,0.555556,0.728188,1,5
10.0000,14.0,13.0,0.494443,0.760941,0.181065,0.393777,0.555556,0.484309,0,11
10.0000,14.0,14.0,0.846191,0.302376,0.444847,0.541280,0.555556,0.763704,0,14
10.0000,14.0,15.0,0.341870,-0.129380,0.223561,0.811116,0.555556,0.922896,0,9
10.0000,14.0,16.0,-0.086388,0.599935,0.493170,0.335589,0.555556,0.582174,0,6
10.0000,14.0,17.0,-1.340299,0.039328,0.593032,0.364930,0.555556,0.661446,1,2
10.0000,14.0,18.0,-0.362522,0.033468,0.410116,0.696518,0.555556,0.901577,0,6
10.0000,14.0,19.0,0.663634,-0.175904,0.273350,0.358251,0.555556,0.494926,0,9
10.0000,14.0,20.0,-0.043668,-0.499933,0.267371,0.531600,0.555556,0.665286,0,5
10.0000,14.0,21.0,-0.723945,-0.646212,0.154604,0.095479,0.555556,0.172781,0,5
10.0000,14.0,22.0,-0.121624,-0.932021,0.497140,0.360852,0.555556,0.609422,0,4
10.0000,14.0,23.0,-0.350029,-0.485053,0.594754,0.998717,0.555556,1.296094,-1,5
10.0000,14.0,24.0,-0.174815,0.954740,0.286656,0.510302,0.555556,0.653631,0,7
10.0000,14.0,25.0,0.071064,1.017760,0.992161,0.449143,0.555556,0.945223,0,11
10.0000,14.0,26.0,-0.220064,-0.626835,0.147392,0.517069,0.555556,0.590765,0,5
10.0000,14.0,27.0,-0.029885,-0.017226,0.207191,0.259799,0.555556,0.363395,0,5
10.0000,14.0,28.0,-0.309866,0.824769,0.376277,0.523671,0.555556,0.711810,0,7
10.0000,14.0,29.0,-0.053610,-0.250047,0.056652,0.618248,0.555556,0.646574,0,5
10.0000,14.0,30.0,-0.084560,-0.130715,0.111076,0.433685,0.555556,0.489222,0,5
10.0000,14.0,31.0,0.032549,0.024181,0.666564,0.263528,0.555556,0.596810,0,10
10.0000,15.0,0.0,-0.089548,0.637700,0.014949,0.255475,0.555556,0.262949,0,6
10.0000,15.0,1.0,0.021538,0.677945,0.063398,0.121121,0.555556,0.152820,0,10
10.0000,15.0,2.0,0.129823,0.229066,0.190283,0.685692,0.555556,0.780834,-1,10
10.0000,15.0,3.0,-0.199459,-0.164978,0.407983,0.695735,0.555556,0.899727,-1,5
10.0000,15.0,4.0,-0.396201,-0.971358,0.477336,0.818559,0.555556,1.057227,0,4
10.0000,15.0,5.0,-1.364114,-0.006718,0.205299,0.330899,0.555556,0.433549,0,1
10.0000,15.0,6.0,-0.743260,-0.009498,0.349471,0.051248,0.555556,0.225983,0,5
10.0000,15.0,7.0,-0.087864,0.417441,0.290457,0.716379,0.555556,0.861607,0,6
10.0000,15.0,8.0,-0.142488,-0.231529,0.169077,0.712493,0.555556,0.797032,-1,5
10.0000,15.0,9.0,0.032504,0.092414,0.029110,0.325692,0.555556,0.340248,1,10
10.0000,15.0,10.0,0.320700,0.143948,0.092950,0.827403,0.555556,0.873878,0,10
10.0000,15.0,11.0,0.378250,-0.141852,0.115527,0.831676,0.555556,0.889440,0,9
10.0000,15.0,12.0,-0.016356,-0.490077,0.436689,0.539120,0.555556,0.757465,0,5
10.0000,15.0,13.0,0.491517,0.136247,0.186158,0.672826,0.555556,0.765905,0,10
10.0000,15.0,14.0,-0.090676,-0.376532,0.213925,0.749335,0.555556,0.856297,0,5
10.0000,15.0,15.0,0.714803,0.070263,0.113804,0.111458,0.555556,0.168360,0,10
10.0000,15.0,16.0,0.158578,0.438377,0.132052,0.808745,0.555556,0.874771,0,10
10.0000,15.0,17.0,-0.251848,0.520286,0.616080,0.825765,0.555556,1.133805,0,6
10.0000,15.0,18.0,-0.187828,-0.682853,0.186544,0.351320,0.555556,0.444591,0,5
10.0000,15.0,19.0,0.224851,-0.719594,0.326533,0.381599,0.555556,0.544865,0,9
10.0000,15.0,20.0,-0.700454,-0.107582,0.188713,0.178025,0.555556,0.272381,0,5
10.0000,15.0,21.0,-0.612611,-0.244288,0.432765,0.592420,0.555556,0.808802,0,5
10.0000,15.0,22.0,-0.782386,0.208156,0.143146,0.331868,0.555556,0.403441,0,2
10.0000,15.0,23.0,-0.435144,0.032699,0.133812,0.642107,0.555556,0.709013,1,6
10.0000,15.0,24.0,-0.696554,0.054748,0.114359,0.115971,0.555556,0.173150,0,6
10.0000,15.0,25.0,-0.497083,0.092339,0.144333,0.589924,0.555556,0.662090,0,6
10.0000,15.0,26.0,-0.639870,-0.552404,0.444173,0.390551,0.555556,0.612638,0,5
10.0000,15.0,27.0,-0.197884,0.097658,0.069571,0.577070,0.555556,0.611855,1,6
10.0000,15.0,28.0,-0.297014,0.291807,0.195318,1.061046,0.555556,1.158705,0,6
10.0000,15.0,29.0,-0.038583,0.209502,0.158061,0.536592,0.555556,0.615622,1,6
10.0000,15.0,30.0,0.281346,0.391500,0.289360,1.071825,0.555556,1.216505,0,10
10.0000,15.0,31.0,-0.177059,1.280949,0.379760,0.656431,0.555556,0.846311,0,7
10.0000,16.0,0.0,-0.051480,0.427019,0.126996,0.665585,0.555556,0.729083,0,6
10.0000,16.0,1.0,0.043931,0.877623,0.149359,0.159508,0.555556,0.234187,0,11
10.0000,16.0,2.0,-0.246017,0.825872,0.332485,0.433098,0.555556,0.599340,1,7
10.0000,16.0,3.0,0.511083,0.496917,0.998447,0.795420,0.555556,1.294643,0,10
10.0000,16.0,4.0,-0.211275,-0.883289,0.570793,0.447460,0.555556,0.732856,-1,4
10.0000,16.0,5.0,-0.725961,0.162062,0.286968,0.252066,0.555556,0.395550,0,6
10.0000,16.0,6.0,0.140120,-0.085016,0.446133,0.450875,0.555556,0.673942,-1,9
10.0000,16.0,7.0,-0.878362,0.081589,0.053157,0.199609,0.555556,0.226188,0,2
10.0000,16.0,8.0,-0.848143,-0.024649,0.160043,0.104765,0.555556,0.184786,0,1
10.0000,16.0,9.0,-0.134339,0.038637,0.267727,0.395612,0.555556,0.529476,-1,6
10.0000,16.0,10.0,0.207984,-0.379601,0.028331,0.957603,0.555556,0.971769,0,9
10.0000,16.0,11.0,0.145037,-0.503441,0.259862,0.663229,0.555556,0.793160,0,9
10.0000,16.0,12.0,0.743250,0.230715,0.190866,0.377823,0.555556,0.473256,0,10
10.0000,16.0,13.0,0.764751,-0.124683,0.278322,0.166255,0.555556,0.305415,0,13
10.0000,16.0,14.0,-0.012958,-0.411709,0.267383,0.662104,0.555556,0.795795,0,5
10.0000,16.0,15.0,0.742781,-0.027400,0.245533,0.057084,0.555556,0.179851,0,9
10.0000,16.0,16.0,0.731050,0.279233,0.328640,0.464466,0.555556,0.628786,0,10
10.0000,16.0,17.0,0.529996,1.153846,0.559018,0.903688,0.555556,1.183197,0,11
10.0000,16.0,18.0,-0.314575,0.064446,0.364508,0.705310,0.555556,0.887563,0,6
10.0000,16.0,19.0,0.459656,-0.861898,1.413552,0.542281,0.555556,1.249056,-1,8
10.0000,16.0,20.0,-0.586051,0.738206,0.091978,0.205328,0.555556,0.251317,0,6
10.0000,16.0,21.0,-0.177116,0.899335,0.171876,0.406089,0.555556,0.492026,0,7
10.0000,16.0,22.0,-0.133371,0.206565,0.198101,0.650925,0.555556,0.749975,-1,6
10.0000,16.0,23.0,0.191500,-0.238859,0.051862,0.817987,0.555556,0.843919,0,9
10.0000,16.0,24.0,-0.051805,0.077819,0.204524,0.320099,0.555556,0.422361,0,6
10.0000,16.0,25.0,-0.141145,-0.028315,0.092643,0.402083,0.555556,0.448404,0,5
10.0000,16.0,26.0,-0.107102,0.382967,0.192395,0.770689,0.555556,0.866886,1,6
10.0000,16.0,27.0,-0.675420,0.045470,0.526117,0.138521,0.555556,0.401580,0,6
10.0000,16.0,28.0,0.429769,-0.131863,0.314429,0.770955,0.555556,0.928170,0,9
10.0000,16.0,29.0,-0.005071,-0.494517,0.338487,0.527702,0.555556,0.696946,-1,5
10.0000,16.0,30.0,0.222902,0.000642,0.328332,0.548841,0.555556,0.713006,0,10
10.0000,16.0,31.0,-0.671516,0.357301,0.104720,0.593772,0.555556,0.646133,0,6
10.0000,17.0,0.0,0.346615,0.056403,0.041998,0.712499,0.555556,0.733498,0,10
10.0000,17.0,1.0,-0.020477,0.165906,0.050603,0.444914,0.555556,0.470215,1,6
10.0000,17.0,2.0,-0.442821,0.044979,0.490755,0.639015,0.555556,0.884393,0,6
10.0000,17.0,3.0,0.590257,-0.752382,0.375266,0.194266,0.555556,0.381900,0,8
10.0000,17.0,4.0,-0.307869,0.073886,0.025771,0.710268,0.555556,0.723154,1,6
10.0000,17.0,5.0,-0.168604,0.000558,0.528388,0.446580,0.555556,0.710774,0,6
10.0000,17.0,6.0,0.475361,-0.864170,0.480498,0.522804,0.555556,0.763053,0,8
10.0000,17.0,7.0,-0.430810,0.092787,0.137094,0.707297,0.555556,0.775844,1,6
10.0000,17.0,8.0,-0.499038,0.044461,0.434464,0.534128,0.555556,0.751361,1,6
10.0000,17.0,9.0,0.739404,0.162630,0.441175,0.244819,0.555556,0.465406,0,10
10.0000,17.0,10.0,-0.057640,-0.532800,0.366665,0.467171,0.555556,0.650503,-1,5
10.0000,17.0,11.0,-0.146803,-0.263787,0.296450,0.772033,0.555556,0.920258,0,5
10.0000,17.0,12.0,0.659610,-0.562821,0.228551,0.333039,0.555556,0.447314,0,9
10.0000,17.0,13.0,0.183749,-0.422185,0.342061,0.878100,0.555556,1.049131,0,9
10.0000,17.0,14.0,-0.000004,-1.003765,0.629093,0.381779,0.555556,0.696326,0,4
10.0000,17.0,15.0,-0.122628,0.345475,0.136926,0.800433,0.555556,0.868896,-1,6
10.0000,17.0,16.0,0.123394,-0.094859,0.361843,0.435006,0.555556,0.615927,0,9
10.0000,17.0,17.0,0.528334,0.574210,0.775765,0.584346,0.555556,0.972228,-1,10
10.0000,17.0,18.0,-0.293798,0.057310,0.033736,0.679821,0.555556,0.696689,0,6
10.0000,17.0,19.0,-0.333380,0.309197,0.205932,1.105235,0.555556,1.208201,0,6
10.0000,17.0,20.0,-0.987115,0.620440,0.114224,0.516589,0.555556,0.573700,0,2
10.0000,17.0,21.0,-0.538161,0.624917,0.392712,0.451350,0.555556,0.647707,0,6
10.0000,17.0,22.0,0.560610,0.123812,0.101228,0.489163,0.555556,0.539777,1,10
10.0000,17.0,23.0,0.032055,-0.088715,0.406117,0.320457,0.555556,0.523515,0,9
10.0000,17.0,24.0,0.140484,-0.795036,0.092984,0.201947,0.555556,0.248439,0,8
10.0000,17.0,25.0,-0.086334,-0.472452,0.147292,0.631767,0.555556,0.705413,1,5
10.0000,17.0,26.0,-0.460325,-0.073019,0.185689,0.637320,0.555556,0.730165,0,5
10.0000,17.0,27.0,-0.215455,-0.754537,0.185568,0.345109,0.555556,0.437893,0,4
10.0000,17.0,28.0,-0.441501,-0.553764,0.700733,0.792581,0.555556,1.142948,-1,5
10.0000,17.0,29.0,-0.586809,0.353053,0.195443,0.765717,0.555556,0.863439,0,6
10.0000,17.0,30.0,-0.086842,0.539341,0.136656,0.484544,0.555556,0.552872,0,6
10.0000,17.0,31.0,-0.525830,0.448693,0.295661,0.847619,0.555556,0.995449,1,6
10.0000,18.0,0.0,0.255756,-0.057563,0.090634,0.630620,0.555556,0.675937,0,9
10.0000,18.0,1.0,-0.106143,0.120352,0.252111,0.446453,0.555556,0.572509,-1,6
10.0000,18.0,2.0,-0.033690,-0.259320,0.437394,0.618376,0.555556,0.837074,0,5
10.0000,18.0,3.0,0.689167,-0.708395,0.365573,0.046937,0.555556,0.229723,0,9
10.0000,18.0,4.0,-0.029867,0.105919,0.456771,0.343899,0.555556,0.572284,0,6
10.0000,18.0,5.0,0.159844,-0.917716,0.468659,0.405720,0.555556,0.640049,0,8
10.0000,18.0,6.0,0.170933,-0.560196,0.082728,0.578139,0.555556,0.619503,0,9
10.0000,18.0,7.0,-0.296014,-0.630549,0.048414,0.628560,0.555556,0.652767,0,5
10.0000,18.0,8.0,-0.204248,-0.276871,0.305328,0.899451,0.555556,1.052114,0,5
10.0000,18.0,9.0,-0.023632,-0.089510,0.191222,0.317673,0.555556,0.413284,0,5
10.0000,18.0,10.0,-0.700753,0.453479,0.874308,0.491860,0.555556,0.929014,0,6
10.0000,18.0,11.0,0.521086,-0.263263,0.356054,0.841867,0.555556,1.019894,0,9
10.0000,18.0,12.0,1.207907,0.043274,0.237006,0.511444,0.555556,0.629947,0,14
10.0000,18.0,13.0,0.869431,0.303132,0.600038,0.576870,0.555556,0.876889,0,14
10.0000,18.0,14.0,0.790842,-0.768290,0.226741,0.029053,0.555556,0.142423,0,12
10.0000,18.0,15.0,0.341236,0.065984,0.370787,0.720549,0.555556,0.905943,0,10
10.0000,18.0,16.0,-0.403954,-0.841615,0.094685,0.566900,0.555556,0.614242,0,4
10.0000,18.0,17.0,-0.123244,-0.743143,0.502106,0.169017,0.555556,0.420070,-1,5
10.0000,18.0,18.0,-0.355821,0.314375,0.113343,1.115209,0.555556,1.171880,0,6
10.0000,18.0,19.0,-0.792948,0.606323,0.247876,0.176277,0.555556,0.300216,0,2
10.0000,18.0,20.0,-0.512060,0.448282,0.055314,0.878921,0.555556,0.906578,0,6
10.0000,18.0,21.0,-0.803996,0.420526,0.841550,0.514991,0.555556,0.935766,1,2
10.0000,18.0,22.0,0.837780,0.064230,0.496649,0.121543,0.555556,0.369868,0,14
10.0000,18.0,23.0,0.063399,0.966197,1.408031,0.344943,0.555556,1.048958,-1,11
10.0000,18.0,24.0,-0.009488,-0.354653,0.144575,0.688192,0.555556,0.760480,0,5
10.0000,18.0,25.0,0.208267,-0.021941,0.086392,0.526039,0.555556,0.569235,0,9
10.0000,18.0,26.0,-0.068639,0.181756,0.043049,0.509662,0.555556,0.531187,0,6
10.0000,18.0,27.0,-0.056938,0.036500,0.142351,0.287222,0.555556,0.358397,0,6
10.0000,18.0,28.0,0.269721,0.651915,0.102946,0.551729,0.555556,0.603202,0,10
10.0000,18.0,29.0,0.076862,0.115056,0.183124,0.397999,0.555556,0.489561,0,10
10.0000,18.0,30.0,-0.346472,0.011811,0.155604,0.687637,0.555556,0.765439,0,6
10.0000,18.0,31.0,-0.944849,0.145352,0.658847,0.430784,0.555556,0.760207,1,2
10.0000,19.0,0.0,-0.075447,0.242799,0.716471,0.628739,0.555556,0.986974,0,6
10.0000,19.0,1.0,0.818962,0.177127,0.153694,0.291066,0.555556,0.367913,0,14
10.0000,19.0,2.0,0.574491,0.550312,0.160453,0.534105,0.555556,0.614331,0,10
10.0000,19.0,3.0,0.567695,-0.191270,0.577503,0.599782,0.555556,0.888533,0,9
10.0000,19.0,4.0,-0.483611,0.838983,0.941173,0.470731,0.555556,0.941318,-1,7
10.0000,19.0,5.0,-0.812902,-0.023034,0.437249,0.067229,0.555556,0.285853,0,1
10.0000,19.0,6.0,-0.061822,-0.792026,0.187541,0.082140,0.555556,0.175910,1,4
10.0000,19.0,7.0,-0.396970,-0.407043,0.565651,1.101315,0.555556,1.384140,-1,5
10.0000,19.0,8.0,0.839361,-0.022971,0.388485,0.093208,0.555556,0.287450,0,13
10.0000,19.0,9.0,-0.095592,-0.009637,0.123584,0.322192,0.555556,0.383985,0,5
10.0000,19.0,10.0,0.063253,-0.498840,0.785069,0.550945,0.555556,0.943480,0,9
10.0000,19.0,11.0,1.082670,0.473723,0.468265,0.943025,0.555556,1.177158,0,14
10.0000,19.0,12.0,0.716130,-0.680665,0.267758,0.051141,0.555556,0.185020,0,9
10.0000,19.0,13.0,0.287444,-0.649400,0.053453,0.580779,0.555556,0.607505,0,9
10.0000,19.0,14.0,0.700274,-0.792790,0.168733,0.040807,0.555556,0.125173,0,8
10.0000,19.0,15.0,0.604576,-0.120441,0.723368,0.376609,0.555556,0.738293,0,9
10.0000,19.0,16.0,0.134403,-0.862018,0.137244,0.258927,0.555556,0.327549,0,8
10.0000,19.0,17.0,0.760591,-0.508996,0.588006,0.365923,0.555556,0.659926,1,13
10.0000,19.0,18.0,-0.496553,-0.082177,0.693311,0.577523,0.555556,0.924178,0,5
10.0000,19.0,19.0,0.017035,1.087527,0.177271,0.498696,0.555556,0.587331,0,11
10.0000,19.0,20.0,-0.145580,0.417434,0.091891,0.810193,0.555556,0.856139,0,6
10.0000,19.0,21.0,-0.283509,-0.101890,0.341096,0.722451,0.555556,0.892999,0,5
10.0000,19.0,22.0,0.449357,-0.585779,0.181937,0.706339,0.555556,0.797307,0,9
10.0000,19.0,23.0,0.896327,-0.819411,0.500591,0.262925,0.555556,0.513221,0,12
10.0000,19.0,24.0,0.638644,-0.344254,0.177560,0.648954,0.555556,0.737734,0,9
10.0000,19.0,25.0,0.069628,-0.478205,0.086484,0.600444,0.555556,0.643686,0,9
10.0000,19.0,26.0,0.280092,0.010446,0.035581,0.638273,0.555556,0.656064,-1,10
10.0000,19.0,27.0,0.174005,0.211500,0.375678,0.735624,0.555556,0.923463,0,10
10.0000,19.0,28.0,-0.017955,0.591811,0.598702,0.297491,0.555556,0.596842,0,6
10.0000,19.0,29.0,0.812429,0.075482,0.283753,0.109693,0.555556,0.251569,0,14
10.0000,19.0,30.0,0.141575,0.103126,0.047698,0.478706,0.555556,0.502555,1,10
10.0000,19.0,31.0,0.111984,-0.044039,0.211006,0.361815,0.555556,0.467318,0,9
10.0000,20.0,0.0,1.336044,-0.020448,0.612148,0.358894,0.555556,0.664968,0,13
10.0000,20.0,1.0,0.399975,0.667222,0.141080,0.591266,0.555556,0.661806,0,10
10.0000,20.0,2.0,0.739329,0.804579,0.352022,0.036084,0.555556,0.212095,-1,11
10.0000,20.0,3.0,0.192339,-0.141711,0.335972,0.638843,0.555556,0.806830,0,9
10.0000,20.0,4.0,1.149534,0.342974,0.834573,1.033987,0.555556,1.451273,0,14
10.0000,20.0,5.0,-0.098067,-0.310322,0.274607,0.743767,0.555556,0.881070,0,5
10.0000,20.0,6.0,0.583913,-1.061566,0.970430,0.725641,0.555556,1.210856,0,8
10.0000,20.0,7.0,0.044550,0.218766,0.721154,0.557648,0.555556,0.918225,-1,10
10.0000,20.0,8.0,0.399671,-0.720321,0.165652,0.528192,0.555556,0.611019,0,9
10.0000,20.0,9.0,-0.169823,-0.483215,0.434451,0.753260,0.555556,0.970486,0,5
10.0000,20.0,10.0,1.039480,-0.948471,0.292295,0.951637,0.555556,1.097785,0,12
10.0000,20.0,11.0,0.670850,-0.012587,0.049218,0.129936,0.555556,0.154545,0,9
10.0000,20.0,12.0,0.557933,0.247373,0.346991,0.728212,0.555556,0.901708,0,10
10.0000,20.0,13.0,0.431267,-0.603174,0.593917,0.689854,0.555556,0.986812,0,9
10.0000,20.0,14.0,0.238049,-0.784545,0.163831,0.389996,0.555556,0.471912,0,8
10.0000,20.0,15.0,-0.024429,-1.434529,0.819510,0.321979,0.555556,0.731734,0,4
10.0000,20.0,16.0,-0.000966,-0.979975,0.922128,0.337495,0.555556,0.798559,1,4
10.0000,20.0,17.0,0.053621,-0.209613,0.377471,0.547992,0.555556,0.736728,-1,9
10.0000,20.0,18.0,0.024998,0.850159,0.115574,0.107555,0.555556,0.165342,0,11
10.0000,20.0,19.0,-0.419071,1.295920,0.288616,0.950536,0.555556,1.094844,0,7
10.0000,20.0,20.0,0.106864,0.540375,0.153357,0.511050,0.555556,0.587729,0,10
10.0000,20.0,21.0,-0.380747,0.662103,0.292450,0.607880,0.555556,0.754106,-1,6
10.0000,20.0,22.0,-0.117753,-0.196205,0.029934,0.604815,0.555556,0.619782,0,5
10.0000,20.0,23.0,-0.146477,-0.030266,0.149391,0.412697,0.555556,0.487392,0,5
10.0000,20.0,24.0,0.038948,-0.438501,0.104465,0.641130,0.555556,0.693363,0,9
10.0000,20.0,25.0,0.151639,-0.715137,0.328257,0.240797,0.555556,0.404926,1,9
10.0000,20.0,26.0,-0.004669,-0.087322,0.248480,0.310347,0.555556,0.434587,-1,5
10.0000,20.0,27.0,-0.962615,0.040256,0.139988,0.317582,0.555556,0.387576,0,2
10.0000,20.0,28.0,-1.207288,0.436377,0.744628,1.015550,0.555556,1.387864,0,2
10.0000,20.0,29.0,0.026378,0.333018,0.316403,0.688091,0.555556,0.846293,0,10
10.0000,20.0,30.0,-0.207055,-0.113017,0.519544,0.617655,0.555556,0.877427,0,5
10.0000,20.0,31.0,0.961998,0.019952,0.215882,0.305808,0.555556,0.413748,0,14
10.0000,21.0,0.0,0.387422,-0.467207,0.279833,1.027431,0.555556,1.167347,0,9
10.0000,21.0,1.0,0.887008,0.227802,0.231853,0.486696,0.555556,0.602622,0,14
10.0000,21.0,2.0,1.178008,0.659715,0.243452,0.713220,0.555556,0.834946,0,14
10.0000,21.0,3.0,0.619386,-0.039836,0.147692,0.243597,0.555556,0.317443,0,9
10.0000,21.0,4.0,0.044119,-0.021779,0.172602,0.269824,0.555556,0.356125,0,9
10.0000,21.0,5.0,0.029395,-0.080719,0.208670,0.308882,0.555556,0.413217,0,9
10.0000,21.0,6.0,-0.369694,-0.040689,0.567025,0.699757,0.555556,0.983269,0,5
10.0000,21.0,7.0,0.829368,-0.904034,0.767757,0.297869,0.555556,0.681748,-1,12
10.0000,21.0,8.0,0.711643,-0.290505,0.187020,0.494591,0.555556,0.588101,0,9
10.0000,21.0,9.0,-0.078783,-0.258188,0.283511,0.656942,0.555556,0.798698,0,5
10.0000,21.0,10.0,0.642770,-0.942541,0.472462,0.377557,0.555556,0.613788,0,8
10.0000,21.0,11.0,1.001673,0.071665,0.289983,0.421760,0.555556,0.566752,0,14
10.0000,21.0,12.0,0.303960,-0.516817,0.498096,0.902940,0.555556,1.151987,-1,9
10.0000,21.0,13.0,-0.930269,0.068882,1.076854,0.279563,0.555556,0.817990,0,2
10.0000,21.0,14.0,0.639235,-0.839317,0.797671,0.170108,0.555556,0.568943,0,8
10.0000,21.0,15.0,0.420599,0.260410,0.457192,1.017975,0.555556,1.246570,0,10
10.0000,21.0,16.0,0.735462,0.616818,0.398551,0.143520,0.555556,0.342796,0,10
10.0000,21.0,17.0,-0.422117,0.189912,0.709270,0.890179,0.555556,1.244814,0,6
10.0000,21.0,18.0,0.088938,1.099777,0.275311,0.572499,0.555556,0.710155,0,11
10.0000,21.0,19.0,-0.665439,0.799622,0.070082,0.083134,0.555556,0.118175,0,7
10.0000,21.0,20.0,-0.468638,0.368206,0.212143,1.030481,0.555556,1.136552,0,6
10.0000,21.0,21.0,0.206344,0.800898,0.315983,0.336650,0.555556,0.494641,-1,11
10.0000,21.0,22.0,0.165073,-0.302899,0.137040,0.853111,0.555556,0.921631,0,9
10.0000,21.0,23.0,0.226502,-0.537623,0.119973,0.740754,0.555556,0.800741,0,9
10.0000,21.0,24.0,0.612194,-0.443155,0.139523,0.655219,0.555556,0.724981,0,9
10.0000,21.0,25.0,0.636499,0.096869,0.162927,0.268356,0.555556,0.349820,0,10
10.0000,21.0,26.0,-0.063264,0.150482,0.091745,0.444858,0.555556,0.490731,-1,6
10.0000,21.0,27.0,-0.400464,-0.124555,0.190906,0.788317,0.555556,0.883771,1,5
10.0000,21.0,28.0,-0.061316,0.072172,0.433398,0.322122,0.555556,0.538821,0,6
10.0000,21.0,29.0,-0.979088,0.298198,0.467597,0.785928,0.555556,1.019727,0,2
10.0000,21.0,30.0,0.222300,0.600751,0.086134,0.580039,0.555556,0.623107,0,10
10.0000,21.0,31.0,0.139850,0.234563,0.341550,0.712968,0.555556,0.883743,-1,10
10.0000,22.0,0.0,0.807290,-0.008493,0.311977,0.059191,0.555556,0.215179,0,13
10.0000,22.0,1.0,0.086491,0.103892,0.214173,0.392616,0.555556,0.499703,-1,10
10.0000,22.0,2.0,0.783550,0.530177,0.700604,0.329437,0.555556,0.679739,0,14
10.0000,22.0,3.0,0.298157,-0.435210,0.135414,1.049038,0.555556,1.116745,0,9
10.0000,22.0,4.0,-0.138615,-0.830065,0.236947,0.225899,0.555556,0.344372,0,4
10.0000,22.0,5.0,-0.780406,-0.214986,0.092860,0.344839,0.555556,0.391270,0,1
10.0000,22.0,6.0,-0.366264,-0.332194,0.158607,1.126122,0.555556,1.205425,0,5
10.0000,22.0,7.0,-0.426170,0.146859,0.307843,0.802623,0.555556,0.956544,1,6
10.0000,22.0,8.0,0.619594,0.046823,0.038346,0.248140,0.555556,0.267313,0,10
10.0000,22.0,9.0,0.276185,-0.120121,0.066122,0.742080,0.555556,0.775141,0,9
10.0000,22.0,10.0,0.773242,-0.096730,0.085700,0.120976,0.555556,0.163826,0,13
10.0000,22.0,11.0,0.485215,-0.173459,0.268055,0.756316,0.555556,0.890344,0,9
10.0000,22.0,12.0,-0.050726,-0.502111,0.390172,0.532260,0.555556,0.727346,0,5
10.0000,22.0,13.0,-0.088893,0.626854,0.571794,0.277577,0.555556,0.563474,0,6
10.0000,22.0,14.0,0.508924,0.545061,0.375993,0.694137,0.555556,0.882134,0,10
10.0000,22.0,15.0,-0.100688,1.414039,0.408700,0.400708,0.555556,0.605058,0,7
10.0000,22.0,16.0,0.613913,0.855967,0.489118,0.240830,0.555556,0.485390,0,11
10.0000,22.0,17.0,0.354928,1.259610,0.478371,0.980604,0.555556,1.219789,0,11
10.0000,22.0,18.0,0.542827,0.613926,0.404116,0.463580,0.555556,0.665638,0,10
10.0000,22.0,19.0,-0.496851,0.635142,0.163500,0.518323,0.555556,0.600073,0,6
10.0000,22.0,20.0,-0.210399,0.741114,0.096731,0.339666,0.555556,0.388031,0,6
10.0000,22.0,21.0,0.174597,0.593892,0.654149,0.503150,0.555556,0.830225,-1,10
10.0000,22.0,22.0,0.708393,-0.743461,0.264451,0.016153,0.555556,0.148379,1,9
10.0000,22.0,23.0,0.792981,-0.573818,0.376624,0.242803,0.555556,0.431115,0,13
10.0000,22.0,24.0,0.985430,-0.087390,0.081412,0.411882,0.555556,0.452588,0,13
10.0000,22.0,25.0,0.909269,0.388006,0.199689,0.690069,0.555556,0.789914,1,14
10.0000,22.0,26.0,0.302860,-0.058285,0.066777,0.689634,0.555556,0.723022,0,9
10.0000,22.0,27.0,0.380463,-0.117187,0.330210,0.787882,0.555556,0.952987,0,9
10.0000,22.0,28.0,-0.515477,-0.724029,0.335142,0.362882,0.555556,0.530453,0,5
10.0000,22.0,29.0,-0.473288,0.015913,0.419400,0.572594,0.555556,0.782294,1,6
10.0000,22.0,30.0,0.640183,0.430399,0.155283,0.613091,0.555556,0.690733,0,10
10.0000,22.0,31.0,0.951425,-0.157575,0.038464,0.468302,0.555556,0.487534,1,13
10.0000,23.0,0.0,0.076571,0.417862,0.267162,0.701659,0.555556,0.835239,-1,10
10.0000,23.0,1.0,0.029991,-0.327258,0.282022,0.687036,0.555556,0.828047,-1,9
10.0000,23.0,2.0,-0.494405,0.571049,0.315935,0.663228,0.555556,0.821195,0,6
10.0000,23.0,3.0,0.062685,-0.061677,0.410114,0.312472,0.555556,0.517529,0,9
10.0000,23.0,4.0,0.085638,-1.157606,0.585227,0.582527,0.555556,0.875140,-1,8
10.0000,23.0,5.0,-0.448742,0.061037,0.543680,0.643739,0.555556,0.915579,0,6
10.0000,23.0,6.0,-0.898443,-0.675897,0.711696,0.233727,0.555556,0.589574,-1,1
10.0000,23.0,7.0,-0.352361,-0.202844,0.297267,0.951745,0.555556,1.100378,0,5
10.0000,23.0,8.0,0.534817,0.066726,0.080640,0.471370,0.555556,0.511690,0,10
10.0000,23.0,9.0,0.206788,-0.010296,0.055095,0.520177,0.555556,0.547725,0,9
10.0000,23.0,10.0,0.290361,0.047426,0.336438,0.667810,0.555556,0.836029,0,10
10.0000,23.0,11.0,0.130843,-0.916020,0.252315,0.346166,0.555556,0.472324,0,8
10.0000,23.0,12.0,0.036759,-1.028435,0.182312,0.435191,0.555556,0.526347,0,8
10.0000,23.0,13.0,0.218633,-0.725377,0.193350,0.365143,0.555556,0.461818,0,9
10.0000,23.0,14.0,0.689629,-0.041936,0.294868,0.114860,0.555556,0.262294,0,9
10.0000,23.0,15.0,-0.041044,0.514515,0.462041,0.496987,0.555556,0.728008,0,6
10.0000,23.0,16.0,-0.211577,-0.166303,0.075693,0.721025,0.555556,0.758871,0,5
10.0000,23.0,17.0,-0.329425,0.263152,0.240570,1.049062,0.555556,1.169347,0,6
10.0000,23.0,18.0,-0.129944,0.901089,0.043183,0.316314,0.555556,0.337905,0,7
10.0000,23.0,19.0,-0.048705,1.235043,0.204216,0.491220,0.555556,0.593328,0,7
10.0000,23.0,20.0,0.033163,1.138234,0.391131,0.530056,0.555556,0.725621,0,11
10.0000,23.0,21.0,-0.559968,0.653563,0.288842,0.349358,0.555556,0.493779,0,6
10.0000,23.0,22.0,0.380465,0.212747,0.067703,0.966240,0.555556,1.000092,0,10
10.0000,23.0,23.0,0.166007,0.342563,0.207875,0.878851,0.555556,0.982788,0,10
10.0000,23.0,24.0,0.741979,0.098556,0.065674,0.129392,0.555556,0.162229,0,10
10.0000,23.0,25.0,0.442072,0.271506,0.104602,1.006872,0.555556,1.059173,0,10
10.0000,23.0,26.0,0.062643,0.388829,0.226651,0.710426,0.555556,0.823751,-1,10
10.0000,23.0,27.0,0.006015,-0.215489,0.056301,0.535705,0.555556,0.563856,-1,9
10.0000,23.0,28.0,-0.238583,0.121313,0.241003,0.687589,0.555556,0.808091,0,6
10.0000,23.0,29.0,-0.038324,-0.261196,0.533202,0.623872,0.555556,0.890473,-1,5
10.0000,23.0,30.0,0.354949,0.742151,0.321177,0.523140,0.555556,0.683728,0,10
10.0000,23.0,31.0,0.619480,-0.183409,0.319331,0.461433,0.555556,0.621098,0,9
10.0000,24.0,0.0,0.703827,0.761116,0.438119,0.020949,0.555556,0.240008,0,11
10.0000,24.0,1.0,0.108105,-0.127162,0.402451,0.460915,0.555556,0.662140,0,9
10.0000,24.0,2.0,-0.886748,-0.060706,0.283132,0.189543,0.555556,0.331109,0,1
10.0000,24.0,3.0,-0.055183,-0.713578,0.068615,0.097268,0.555556,0.131575,0,5
10.0000,24.0,4.0,-0.558772,-0.763917,1.113763,0.262219,0.555556,0.819100,-1,4
10.0000,24.0,5.0,-1.271946,0.928073,0.094316,1.110571,0.555556,1.157729,0,3
10.0000,24.0,6.0,-1.174988,0.823543,0.675506,0.804638,0.555556,1.142391,1,3
10.0000,24.0,7.0,0.137723,0.095706,0.029414,0.461021,0.555556,0.475727,-1,10
10.0000,24.0,8.0,0.079723,0.110474,0.156489,0.394165,0.555556,0.472409,0,10
10.0000,24.0,9.0,0.338463,-0.449302,0.340605,1.058307,0.555556,1.228610,0,9
10.0000,24.0,10.0,0.115103,-0.553709,0.125010,0.491546,0.555556,0.554051,-1,9
10.0000,24.0,11.0,-0.100674,0.050506,0.028022,0.349513,0.555556,0.363524,0,6
10.0000,24.0,12.0,0.037894,-0.251053,0.454761,0.608204,0.555556,0.835584,1,9
10.0000,24.0,13.0,-0.022132,-0.562582,0.309104,0.370740,0.555556,0.525292,0,5
10.0000,24.0,14.0,0.254798,-0.425178,0.176256,1.004077,0.555556,1.092205,1,9
10.0000,24.0,15.0,-0.045645,-0.649766,0.257743,0.184002,0.555556,0.312874,0,5
10.0000,24.0,16.0,-0.042246,-0.441582,0.082950,0.638891,0.555556,0.680366,0,5
10.0000,24.0,17.0,-0.613600,-0.396217,0.601067,0.696684,0.555556,0.997217,0,5
10.0000,24.0,18.0,0.091877,0.974584,0.555469,0.397334,0.555556,0.675068,1,11
10.0000,24.0,19.0,-0.270540,0.368106,0.365496,1.066350,0.555556,1.249098,1,6
10.0000,24.0,20.0,-0.754479,0.540377,0.388695,0.301060,0.555556,0.495407,0,2
10.0000,24.0,21.0,-0.308704,0.537363,0.110414,0.859528,0.555556,0.914735,0,6
10.0000,24.0,22.0,-0.050527,0.063706,0.196241,0.303538,0.555556,0.401659,0,6
10.0000,24.0,23.0,-0.467802,0.146341,0.408549,0.737973,0.555556,0.942248,1,6
10.0000,24.0,24.0,0.542912,0.419822,0.074801,0.843382,0.555556,0.880782,0,10
10.0000,24.0,25.0,0.911380,0.472567,0.309540,0.617492,0.555556,0.772262,1,14
10.0000,24.0,26.0,0.630315,-0.075868,0.542294,0.253393,0.555556,0.524540,1,9
10.0000,24.0,27.0,-0.103079,-0.415591,0.136632,0.739982,0.555556,0.808299,0,5
10.0000,24.0,28.0,-0.770416,-0.582071,0.486688,0.213987,0.555556,0.457331,0,1
10.0000,24.0,29.0,-0.342081,0.676443,0.459198,0.581779,0.555556,0.811378,0,6
10.0000,24.0,30.0,0.565330,0.181965,0.213682,0.587231,0.555556,0.694071,0,10
10.0000,24.0,31.0,0.201162,0.484465,0.104145,0.811936,0.555556,0.864009,0,10
10.0000,25.0,0.0,0.078400,1.227374,1.048860,0.531256,0.555556,1.055686,-1,11
10.0000,25.0,1.0,-0.667665,-0.244779,0.268653,0.483650,0.555556,0.617976,0,5
10.0000,25.0,2.0,-0.775740,-0.011095,0.217295,0.046491,0.555556,0.155138,0,1
10.0000,25.0,3.0,-0.142220,-0.609907,0.195904,0.403076,0.555556,0.501028,-1,5
10.0000,25.0,4.0,-0.039938,0.138533,0.601420,0.403874,0.555556,0.704584,1,6
10.0000,25.0,5.0,-0.805147,0.555196,0.424580,0.291969,0.555556,0.504259,0,2
10.0000,25.0,6.0,-0.728046,0.324235,0.385107,0.515220,0.555556,0.707773,0,6
10.0000,25.0,7.0,0.168057,-0.240675,0.282942,0.775953,0.555556,0.917424,0,9
10.0000,25.0,8.0,-0.353907,-0.129582,0.455666,0.813532,0.555556,1.041365,0,5
10.0000,25.0,9.0,-0.653163,-1.013490,0.836133,0.527952,0.555556,0.946019,0,4
10.0000,25.0,10.0,0.103660,-0.256604,0.204357,0.688444,0.555556,0.790622,0,9
10.0000,25.0,11.0,-0.134367,0.079065,0.461131,0.433217,0.555556,0.663782,0,6
10.0000,25.0,12.0,0.728625,0.863074,0.614986,0.127041,0.555556,0.434534,0,11
10.0000,25.0,13.0,-0.135895,0.499446,0.063621,0.655246,0.555556,0.687056,0,6
10.0000,25.0,14.0,-0.094917,0.239667,0.201578,0.648652,0.555556,0.749441,0,6
10.0000,25.0,15.0,-0.736764,0.064359,0.235248,0.088313,0.555556,0.205937,0,6
10.0000,25.0,16.0,-0.017804,-0.493539,0.347343,0.532228,0.555556,0.705900,-1,5
10.0000,25.0,17.0,-0.457168,-0.451009,0.162403,0.980390,0.555556,1.061591,0,5
10.0000,25.0,18.0,-0.534412,-0.178877,0.119703,0.656662,0.555556,0.716514,0,5
10.0000,25.0,19.0,-0.119988,-0.716072,0.115479,0.181947,0.555556,0.239687,0,5
10.0000,25.0,20.0,0.113718,-0.235695,0.204342,0.670275,0.555556,0.772446,-1,9
10.0000,25.0,21.0,-0.281356,0.150190,0.184355,0.801786,0.555556,0.893963,0,6
10.0000,25.0,22.0,0.065109,0.832241,0.237690,0.116277,0.555556,0.235122,0,11
10.0000,25.0,23.0,0.229630,-0.080480,0.065882,0.612393,0.555556,0.645334,0,9
10.0000,25.0,24.0,0.147190,0.356123,0.065695,0.845319,0.555556,0.878166,0,10
10.0000,25.0,25.0,0.031451,0.182559,0.153895,0.481419,0.555556,0.558367,0,10
10.0000,25.0,26.0,-0.576377,0.168656,0.561772,0.533888,0.555556,0.814774,0,6
10.0000,25.0,27.0,-0.355961,-0.317993,0.247047,1.117917,0.555556,1.241440,0,5
10.0000,25.0,28.0,-0.762498,-1.005579,0.346042,0.474140,0.555556,0.647161,0,0
10.0000,25.0,29.0,-0.194606,-0.187929,0.603371,0.730517,0.555556,1.032202,1,5
10.0000,25.0,30.0,0.038548,0.776189,0.640790,0.058129,0.555556,0.378524,0,11
10.0000,25.0,31.0,0.053060,0.740275,0.236144,0.075565,0.555556,0.193637,0,10
10.0000,26.0,0.0,0.456991,0.074870,0.132859,0.645166,0.555556,0.711595,0,10
10.0000,26.0,1.0,0.283825,-0.565698,0.666942,0.763681,0.555556,1.097152,0,9
10.0000,26.0,2.0,-1.099305,-0.078640,0.527402,0.558069,0.555556,0.821770,0,1
10.0000,26.0,3.0,-0.571396,-0.440196,0.114814,0.752550,0.555556,0.809957,0,5
10.0000,26.0,4.0,-0.908911,-0.805612,0.362116,0.273775,0.555556,0.454833,0,0
10.0000,26.0,5.0,-0.600085,-0.708520,0.440918,0.192272,0.555556,0.412731,-1,5
10.0000,26.0,6.0,-1.373893,0.358643,1.141808,0.882839,0.555556,1.453743,0,2
10.0000,26.0,7.0,-0.175776,-1.094349,0.252878,0.730341,0.555556,0.856780,0,4
10.0000,26.0,8.0,0.429047,-0.711648,0.246905,0.511545,0.555556,0.634998,0,9
10.0000,26.0,9.0,0.552506,-0.150220,0.204544,0.557044,0.555556,0.659315,1,9
10.0000,26.0,10.0,0.803112,-0.655184,0.965059,0.100530,0.555556,0.583060,1,13
10.0000,26.0,11.0,-0.067974,-0.614255,0.323724,0.279924,0.555556,0.441785,-1,5
10.0000,26.0,12.0,-0.239736,0.061450,0.178291,0.608659,0.555556,0.697805,0,6
10.0000,26.0,13.0,-0.409151,0.832085,0.239012,0.551573,0.555556,0.671079,0,7
10.0000,26.0,14.0,-0.691015,0.148682,0.034976,0.262631,0.555556,0.280120,0,6
10.0000,26.0,15.0,-0.410604,-0.016000,0.335057,0.663905,0.555556,0.831434,0,5
10.0000,26.0,16.0,-0.082220,0.597503,0.188642,0.335930,0.555556,0.430252,0,6
10.0000,26.0,17.0,0.139249,0.011458,0.195471,0.393158,0.555556,0.490894,1,10
10.0000,26.0,18.0,-0.668540,-0.201146,0.601773,0.400197,0.555556,0.701083,-1,5
10.0000,26.0,19.0,-0.462114,-0.959968,0.609849,0.737668,0.555556,1.042592,1,4
10.0000,26.0,20.0,-0.601176,-0.271797,0.236233,0.662371,0.555556,0.780487,0,5
10.0000,26.0,21.0,0.096348,0.052580,0.415102,0.344989,0.555556,0.552540,0,10
10.0000,26.0,22.0,-0.176100,0.652107,0.195560,0.379541,0.555556,0.477321,-1,6
10.0000,26.0,23.0,-0.026172,-0.106473,0.021287,0.343043,0.555556,0.353687,0,5
10.0000,26.0,24.0,0.112023,-0.110809,0.208937,0.440190,0.555556,0.544658,0,9
10.0000,26.0,25.0,0.497210,0.012265,0.147049,0.522959,0.555556,0.596483,0,10
10.0000,26.0,26.0,0.632490,-0.538674,0.307933,0.435232,0.555556,0.589199,0,9
10.0000,26.0,27.0,-0.072539,-0.837427,0.183910,0.130399,0.555556,0.222354,0,4
10.0000,26.0,28.0,-0.135687,-1.020476,0.228290,0.555875,0.555556,0.670020,0,4
10.0000,26.0,29.0,0.755097,-0.914333,0.128962,0.243256,0.555556,0.307737,0,12
10.0000,26.0,30.0,0.045474,-0.824315,0.221218,0.090180,0.555556,0.200789,0,8
10.0000,26.0,31.0,0.008870,-0.099200,0.062269,0.327230,0.555556,0.358365,0,9
10.0000,27.0,0.0,0.169049,-0.015741,0.468039,0.449475,0.555556,0.683495,0,9
10.0000,27.0,1.0,0.518425,-1.245741,0.244483,0.891231,0.555556,1.013473,0,8
10.0000,27.0,2.0,-0.028365,-0.822472,0.247602,0.077744,0.555556,0.201545,0,4
10.0000,27.0,3.0,-0.176082,-0.204533,0.300315,0.726583,0.555556,0.876740,-1,5
10.0000,27.0,4.0,-0.915724,0.353534,0.344983,0.700945,0.555556,0.873437,0,2
10.0000,27.0,5.0,-0.746599,-0.640785,0.339506,0.097901,0.555556,0.267654,0,5
10.0000,27.0,6.0,-1.427904,-0.650141,0.281674,0.660792,0.555556,0.801629,0,1
10.0000,27.0,7.0,-0.754108,-0.688428,0.346645,0.033130,0.555556,0.206453,1,1
10.0000,27.0,8.0,-0.023823,-0.039275,0.427151,0.267319,0.555556,0.480895,0,5
10.0000,27.0,9.0,0.862064,-0.786268,1.247793,0.146414,0.555556,0.770310,0,12
10.0000,27.0,10.0,-0.190100,0.798536,0.077538,0.302431,0.555556,0.341200,0,7
10.0000,27.0,11.0,-0.231714,0.270056,0.133719,0.940641,0.555556,1.007501,0,6
10.0000,27.0,12.0,-0.115171,0.335435,0.052743,0.785073,0.555556,0.811445,0,6
10.0000,27.0,13.0,-0.373382,0.193117,0.071834,0.931189,0.555556,0.967105,0,6
10.0000,27.0,14.0,-0.506554,0.137347,0.389682,0.642193,0.555556,0.837034,0,6
10.0000,27.0,15.0,0.110125,0.748753,0.207990,0.144706,0.555556,0.248701,0,10
10.0000,27.0,16.0,0.454836,0.868872,0.295662,0.560556,0.555556,0.708388,1,11
10.0000,27.0,17.0,0.195876,0.295980,0.131976,0.905701,0.555556,0.971689,0,10
10.0000,27.0,18.0,0.150218,0.856354,0.503645,0.280914,0.555556,0.532736,0,11
10.0000,27.0,19.0,0.537559,0.013239,0.889608,0.429723,0.555556,0.874527,0,10
10.0000,27.0,20.0,-0.505328,0.314705,0.272094,0.938195,0.555556,1.074242,0,6
10.0000,27.0,21.0,-0.074587,1.146896,0.204231,0.568793,0.555556,0.670909,0,7
10.0000,27.0,22.0,0.175317,0.898732,0.227536,0.401277,0.555556,0.515045,0,11
10.0000,27.0,23.0,0.143096,0.086861,0.322800,0.458637,0.555556,0.620037,0,10
10.0000,27.0,24.0,0.572208,-0.789382,0.265806,0.243785,0.555556,0.376688,0,8
10.0000,27.0,25.0,-0.016110,-0.041244,0.147826,0.266070,0.555556,0.339983,0,5
10.0000,27.0,26.0,-0.066771,-0.143139,0.290943,0.435001,0.555556,0.580472,0,5
10.0000,27.0,27.0,-0.906773,-0.790522,0.276034,0.250610,0.555556,0.388627,0,0
10.0000,27.0,28.0,-0.000052,-0.720475,0.178285,0.065428,0.555556,0.154571,0,5
10.0000,27.0,29.0,0.691486,-0.925879,0.448236,0.283263,0.555556,0.507382,0,8
10.0000,27.0,30.0,0.158525,-1.411648,1.023598,0.514342,0.555556,1.026141,0,8
10.0000,27.0,31.0,-0.124164,-0.082946,0.187077,0.420432,0.555556,0.513970,0,5
10.0000,28.0,0.0,0.439669,0.389177,0.346373,1.069771,0.555556,1.242957,0,10
10.0000,28.0,1.0,0.290102,-0.576666,0.411437,0.744849,0.555556,0.950567,0,9
10.0000,28.0,2.0,-0.130202,-0.063283,0.140975,0.408501,0.555556,0.478988,1,5
10.0000,28.0,3.0,-0.372282,-0.756127,1.245197,0.521243,0.555556,1.143841,-1,4
10.0000,28.0,4.0,-1.129517,0.916517,0.848563,1.017360,0.555556,1.441641,0,3
10.0000,28.0,5.0,-1.459121,-0.019437,0.891239,0.336717,0.555556,0.782337,0,1
10.0000,28.0,6.0,-0.634558,-0.854672,0.195158,0.202628,0.555556,0.300207,0,4
10.0000,28.0,7.0,-0.103456,-0.780707,0.594814,0.132453,0.555556,0.429860,0,4
10.0000,28.0,8.0,0.391304,0.400590,0.063803,1.109738,0.555556,1.141639,0,10
10.0000,28.0,9.0,0.598987,0.355358,0.345787,0.737678,0.555556,0.910571,0,10
10.0000,28.0,10.0,-0.270167,0.647813,0.125922,0.560124,0.555556,0.623085,0,6
10.0000,28.0,11.0,-0.616556,0.877440,0.334623,0.275696,0.555556,0.443007,0,7
10.0000,28.0,12.0,0.229949,0.265176,0.173730,0.930684,0.555556,1.017549,0,10
10.0000,28.0,13.0,-0.407302,0.708227,0.253517,0.533697,0.555556,0.660456,0,6
10.0000,28.0,14.0,-0.386991,1.026349,0.449154,0.928429,0.555556,1.153006,1,7
10.0000,28.0,15.0,-0.720646,0.656415,0.389287,0.081120,0.555556,0.275764,0,6
10.0000,28.0,16.0,-0.346753,0.488295,0.259011,0.991454,0.555556,1.120959,0,6
10.0000,28.0,17.0,0.021847,-0.130064,0.197963,0.379849,0.555556,0.478830,0,9
10.0000,28.0,18.0,0.833390,0.027510,0.754940,0.088386,0.555556,0.465856,0,14
10.0000,28.0,19.0,0.184482,1.514997,0.339207,0.687376,0.555556,0.856979,0,11
10.0000,28.0,20.0,-0.088002,0.504802,0.172221,0.567061,0.555556,0.653172,0,6
10.0000,28.0,21.0,0.668377,0.771538,0.132915,0.060706,0.555556,0.127163,0,11
10.0000,28.0,22.0,0.109301,0.403138,0.111131,0.761148,0.555556,0.816714,0,10
10.0000,28.0,23.0,0.676245,0.321410,0.591704,0.569714,0.555556,0.865566,1,10
10.0000,28.0,24.0,0.548465,-0.393362,0.134885,0.850483,0.555556,0.917925,1,9
10.0000,28.0,25.0,0.368337,-0.697411,0.455953,0.559194,0.555556,0.787171,1,9
10.0000,28.0,26.0,-0.254787,-0.204077,0.033735,0.867745,0.555556,0.884612,0,5
10.0000,28.0,27.0,-0.496008,-0.461341,0.087436,0.892781,0.555556,0.936499,0,5
10.0000,28.0,28.0,-0.023036,-0.282075,0.103613,0.644191,0.555556,0.695997,-1,5
10.0000,28.0,29.0,0.133517,0.054732,0.157711,0.406273,0.555556,0.485128,0,10
10.0000,28.0,30.0,0.395809,0.069139,0.039018,0.712781,0.555556,0.732290,1,10
10.0000,28.0,31.0,0.686389,-0.054337,0.252171,0.129271,0.555556,0.255357,0,9
10.0000,29.0,0.0,-0.085294,-0.004121,0.482756,0.307670,0.555556,0.549048,0,5
10.0000,29.0,1.0,0.922388,0.320967,0.251365,0.693789,0.555556,0.819472,1,14
10.0000,29.0,2.0,0.017747,-0.005196,0.109670,0.252824,0.555556,0.307659,0,9
10.0000,29.0,3.0,-0.086346,0.479949,0.323562,0.617277,0.555556,0.779058,0,6
10.0000,29.0,4.0,-0.514049,-0.508545,0.195602,0.764822,0.555556,0.862623,0,5
10.0000,29.0,5.0,-0.214547,-0.818480,0.231898,0.366360,0.555556,0.482309,-1,4
10.0000,29.0,6.0,0.047777,-0.688815,0.224227,0.120338,0.555556,0.232452,0,9
10.0000,29.0,7.0,0.089850,0.056930,0.433248,0.339816,0.555556,0.556440,0,10
10.0000,29.0,8.0,0.081404,0.062958,0.208932,0.334624,0.555556,0.439090,0,10
10.0000,29.0,9.0,0.076372,-0.163353,0.305418,0.483225,0.555556,0.635934,0,9
10.0000,29.0,10.0,0.287348,0.789767,0.100414,0.470884,0.555556,0.521091,0,11
10.0000,29.0,11.0,-0.125191,0.952371,0.116046,0.407905,0.555556,0.465928,0,7
10.0000,29.0,12.0,-0.026528,0.428753,0.094051,0.647472,0.555556,0.694497,0,6
10.0000,29.0,13.0,0.254232,0.019150,0.196993,0.604362,0.555556,0.702858,1,10
10.0000,29.0,14.0,-0.121406,-0.189343,0.350177,0.597743,0.555556,0.772831,0,5
10.0000,29.0,15.0,-0.399239,-0.477509,0.440180,1.002022,0.555556,1.222112,0,5
10.0000,29.0,16.0,-0.391063,-0.229928,0.227451,0.992432,0.555556,1.106157,0,5
10.0000,29.0,17.0,0.078856,0.194234,0.079447,0.545203,0.555556,0.584927,0,10
10.0000,29.0,18.0,0.212160,0.015918,0.409912,0.531381,0.555556,0.736337,0,10
10.0000,29.0,19.0,-0.098337,1.088267,0.089980,0.577809,0.555556,0.622799,0,7
10.0000,29.0,20.0,-0.296021,0.553338,0.182646,0.808280,0.555556,0.899603,0,6
10.0000,29.0,21.0,0.389183,0.845210,0.067004,0.578135,0.555556,0.611637,0,11
10.0000,29.0,22.0,0.217837,0.726619,0.248512,0.362701,0.555556,0.486957,0,10
10.0000,29.0,23.0,-0.502809,0.991796,0.929182,0.743687,0.555556,1.208278,-1,7
10.0000,29.0,24.0,0.013941,-0.752433,0.588490,0.048768,0.555556,0.343013,0,8
10.0000,29.0,25.0,0.021742,0.337975,0.150192,0.688144,0.555556,0.763240,0,10
10.0000,29.0,26.0,-0.270212,-0.102445,0.166585,0.706244,0.555556,0.789537,0,5
10.0000,29.0,27.0,-0.385259,-0.747069,0.255100,0.520683,0.555556,0.648233,0,5
10.0000,29.0,28.0,-0.477870,-0.018202,0.263428,0.564398,0.555556,0.696112,0,5
10.0000,29.0,29.0,-0.542123,0.379306,0.253693,0.871333,0.555556,0.998180,0,6
10.0000,29.0,30.0,0.235882,-0.106398,0.265122,0.659130,0.555556,0.791691,0,9
10.0000,29.0,31.0,-0.155988,0.149406,0.109832,0.583545,0.555556,0.638461,-1,6
10.0000,30.0,0.0,0.806944,0.113484,0.061245,0.160855,0.555556,0.191477,0,14
10.0000,30.0,1.0,0.759923,0.087929,0.292727,0.108691,0.555556,0.255055,0,14
10.0000,30.0,2.0,-0.157751,0.396897,0.063952,0.851255,0.555556,0.883231,0,6
10.0000,30.0,3.0,-0.169804,0.836645,0.171482,0.294480,0.555556,0.380221,0,7
10.0000,30.0,4.0,-0.278951,0.227239,0.051555,0.944503,0.555556,0.970280,0,6
10.0000,30.0,5.0,-0.018968,0.078020,0.387311,0.301465,0.555556,0.495120,-1,6
10.0000,30.0,6.0,0.620251,-0.582612,0.382954,0.360810,0.555556,0.552287,0,9
10.0000,30.0,7.0,-0.313967,-1.195993,0.191295,0.995052,0.555556,1.090699,0,4
10.0000,30.0,8.0,0.193031,-0.815693,0.017778,0.320604,0.555556,0.329493,1,8
10.0000,30.0,9.0,0.074643,-0.681733,0.672170,0.157228,0.555556,0.493313,0,9
10.0000,30.0,10.0,0.018243,0.425613,0.233762,0.648270,0.555556,0.765151,0,10
10.0000,30.0,11.0,-0.008276,0.544200,0.065010,0.412605,0.555556,0.445110,0,6
10.0000,30.0,12.0,0.081284,0.772236,0.429348,0.099495,0.555556,0.314169,-1,11
10.0000,30.0,13.0,1.028184,-0.047159,0.370125,0.442318,0.555556,0.627381,0,13
10.0000,30.0,14.0,0.356768,0.816553,0.389316,0.545556,0.555556,0.740214,0,11
10.0000,30.0,15.0,0.052205,0.745419,0.259027,0.072473,0.555556,0.201987,0,10
10.0000,30.0,16.0,-0.113426,0.427328,0.377476,0.742803,0.555556,0.931541,0,6
10.0000,30.0,17.0,-0.419131,0.052005,0.396113,0.675229,0.555556,0.873285,0,6
10.0000,30.0,18.0,-0.020937,0.598132,0.043754,0.283288,0.555556,0.305165,0,6
10.0000,30.0,19.0,-0.032291,0.914108,0.176810,0.217084,0.555556,0.305489,0,7
10.0000,30.0,20.0,0.118799,0.491562,0.036655,0.642384,0.555556,0.660711,0,10
10.0000,30.0,21.0,-0.080552,0.782441,0.286105,0.100320,0.555556,0.243372,0,7
10.0000,30.0,22.0,-0.048616,0.149211,0.128356,0.429463,0.555556,0.493641,1,6
10.0000,30.0,23.0,-0.118549,0.482182,0.339454,0.661216,0.555556,0.830943,-1,6
10.0000,30.0,24.0,0.814197,-0.028210,0.529483,0.070514,0.555556,0.335255,0,13
10.0000,30.0,25.0,-0.326765,0.785303,0.084995,0.509836,0.555556,0.552333,0,7
10.0000,30.0,26.0,-0.241378,0.384108,0.070342,1.016008,0.555556,1.051179,0,6
10.0000,30.0,27.0,-0.086976,-0.121287,0.198100,0.420795,0.555556,0.519845,0,5
10.0000,30.0,28.0,-0.236351,-0.931021,0.505850,0.587414,0.555556,0.840339,0,4
10.0000,30.0,29.0,-0.904400,0.173566,0.463164,0.408214,0.555556,0.639796,0,2
10.0000,30.0,30.0,-0.295353,0.641453,0.244774,0.605645,0.555556,0.728032,0,6
10.0000,30.0,31.0,0.436616,0.393499,0.376973,1.071530,0.555556,1.260017,0,10
10.0000,31.0,0.0,0.868318,0.601695,0.258369,0.285826,0.555556,0.415010,0,14
10.0000,31.0,1.0,1.224850,-0.043078,0.752761,0.496649,0.555556,0.873030,-1,13
10.0000,31.0,2.0,0.016252,0.575808,0.150104,0.336117,0.555556,0.411169,0,10
10.0000,31.0,3.0,0.359130,0.685421,0.151846,0.573742,0.555556,0.649665,0,10
10.0000,31.0,4.0,-0.354084,0.559981,0.137727,0.830141,0.555556,0.899005,0,6
10.0000,31.0,5.0,0.004951,0.916851,0.641160,0.213532,0.555556,0.534112,0,11
10.0000,31.0,6.0,0.213332,-0.240216,0.079731,0.861592,0.555556,0.901457,0,9
10.0000,31.0,7.0,0.128877,-0.786854,0.358148,0.177088,0.555556,0.356162,1,8
10.0000,31.0,8.0,0.004061,-0.874349,0.751650,0.137831,0.555556,0.513656,0,8
10.0000,31.0,9.0,0.425853,0.474093,0.266762,0.984518,0.555556,1.117899,0,10
10.0000,31.0,10.0,0.908166,0.067397,0.423437,0.235267,0.555556,0.446986,0,14
10.0000,31.0,11.0,0.390637,0.341993,0.057354,1.121748,0.555556,1.150425,0,10
10.0000,31.0,12.0,0.302288,0.455185,0.086587,1.023716,0.555556,1.067009,0,10
10.0000,31.0,13.0,0.642895,0.320612,0.183085,0.627098,0.555556,0.718640,0,10
10.0000,31.0,14.0,1.391969,0.193812,0.222010,0.596526,0.555556,0.707531,0,14
10.0000,31.0,15.0,0.753814,0.101030,0.404513,0.128882,0.555556,0.331138,0,14
10.0000,31.0,16.0,0.982340,0.153685,0.386209,0.521873,0.555556,0.714978,0,14
10.0000,31.0,17.0,0.455894,0.653642,0.122800,0.555171,0.555556,0.616571,0,10
10.0000,31.0,18.0,0.046544,0.863635,0.178614,0.139621,0.555556,0.228928,0,11
10.0000,31.0,19.0,0.665069,0.774257,0.254572,0.066238,0.555556,0.193524,0,11
10.0000,31.0,20.0,-0.025921,0.455154,0.247926,0.608475,0.555556,0.732438,0,6
10.0000,31.0,21.0,0.780217,0.743775,0.547506,0.014864,0.555556,0.288617,0,14
10.0000,31.0,22.0,0.105532,-0.462264,0.482898,0.677844,0.555556,0.919294,0,9
10.0000,31.0,23.0,0.302622,0.705603,0.225394,0.514664,0.555556,0.627361,-1,10
10.0000,31.0,24.0,0.422171,-0.053688,0.148735,0.673241,0.555556,0.747609,0,9
10.0000,31.0,25.0,-0.129116,0.421068,0.251901,0.776571,0.555556,0.902521,0,6
10.0000,31.0,26.0,-0.204448,0.411301,0.166465,0.929547,0.555556,1.012779,0,6
10.0000,31.0,27.0,-0.257798,0.170665,0.240666,0.808217,0.555556,0.928549,0,6
10.0000,31.0,28.0,0.256581,-0.593360,0.403734,0.657533,0.555556,0.859400,0,9
10.0000,31.0,29.0,0.061760,-0.400311,0.186252,0.701821,0.555556,0.794947,0,9
10.0000,31.0,30.0,-0.088927,0.059024,0.267802,0.340509,0.555556,0.474410,1,6
10.0000,31.0,31.0,-0.677940,0.617338,1.092970,0.189678,0.555556,0.736162,0,6
