t,x,tachyon_field,tachyon_velocity,tachyon_gradient,gauge_field,potential,energy_density,is_soliton_core
0.0000,-5.0000,-0.098661,0.000000,0.000691,0.000193,0.995153,0.995153,0
0.0000,-4.9219,-0.098553,0.000000,0.001437,0.000230,0.995163,0.995164,0
0.0000,-4.8438,-0.098437,0.000000,0.001552,0.000272,0.995175,0.995176,0
0.0000,-4.7656,-0.098311,0.000000,0.001676,0.000321,0.995187,0.995188,0
0.0000,-4.6875,-0.098175,0.000000,0.001810,0.000379,0.995200,0.995202,0
0.0000,-4.6094,-0.098028,0.000000,0.001954,0.000445,0.995214,0.995216,0
0.0000,-4.5312,-0.097869,0.000000,0.002110,0.000522,0.995230,0.995232,0
0.0000,-4.4531,-0.097698,0.000000,0.002277,0.000610,0.995246,0.995249,0
0.0000,-4.3750,-0.097514,0.000000,0.002458,0.000711,0.995264,0.995267,0
0.0000,-4.2969,-0.097314,0.000000,0.002652,0.000826,0.995284,0.995287,0
0.0000,-4.2188,-0.097099,0.000000,0.002861,0.000958,0.995304,0.995308,0
0.0000,-4.1406,-0.096867,0.000000,0.003087,0.001107,0.995327,0.995331,0
0.0000,-4.0625,-0.096617,0.000000,0.003329,0.001277,0.995351,0.995356,0
0.0000,-3.9844,-0.096347,0.000000,0.003589,0.001468,0.995376,0.995383,0
0.0000,-3.9062,-0.096056,0.000000,0.003870,0.001684,0.995404,0.995412,0
0.0000,-3.8281,-0.095743,0.000000,0.004171,0.001926,0.995434,0.995443,0
0.0000,-3.7500,-0.095405,0.000000,0.004494,0.002197,0.995466,0.995476,0
0.0000,-3.6719,-0.095040,0.000000,0.004841,0.002499,0.995501,0.995512,0
0.0000,-3.5938,-0.094648,0.000000,0.005213,0.002835,0.995538,0.995551,0
0.0000,-3.5156,-0.094226,0.000000,0.005612,0.003207,0.995577,0.995593,0
0.0000,-3.4375,-0.093771,0.000000,0.006040,0.003619,0.995620,0.995638,0
0.0000,-3.3594,-0.093282,0.000000,0.006498,0.004072,0.995665,0.995686,0
0.0000,-3.2812,-0.092756,0.000000,0.006987,0.004570,0.995714,0.995738,0
0.0000,-3.2031,-0.092190,0.000000,0.007511,0.005114,0.995765,0.995794,0
0.0000,-3.1250,-0.091582,0.000000,0.008069,0.005708,0.995821,0.995853,0
0.0000,-3.0469,-0.090929,0.000000,0.008666,0.006354,0.995880,0.995918,0
0.0000,-2.9688,-0.090228,0.000000,0.009301,0.007053,0.995943,0.995986,0
0.0000,-2.8906,-0.089476,0.000000,0.009977,0.007808,0.996010,0.996060,0
0.0000,-2.8125,-0.088670,0.000000,0.010696,0.008621,0.996082,0.996139,0
0.0000,-2.7344,-0.087805,0.000000,0.011459,0.009493,0.996157,0.996223,0
0.0000,-2.6562,-0.086879,0.000000,0.012268,0.010424,0.996238,0.996313,0
0.0000,-2.5781,-0.085888,0.000000,0.013124,0.011416,0.996323,0.996409,0
0.0000,-2.5000,-0.084828,0.000000,0.014029,0.012468,0.996413,0.996511,0
0.0000,-2.4219,-0.083696,0.000000,0.014983,0.013580,0.996508,0.996620,0
0.0000,-2.3438,-0.082487,0.000000,0.015988,0.014751,0.996608,0.996735,0
0.0000,-2.2656,-0.081198,0.000000,0.017043,0.015980,0.996712,0.996858,0
0.0000,-2.1875,-0.079824,0.000000,0.018149,0.017265,0.996822,0.996987,0
0.0000,-2.1094,-0.078362,0.000000,0.019305,0.018602,0.996938,0.997124,0
0.0000,-2.0312,-0.076808,0.000000,0.020511,0.019988,0.997058,0.997268,0
0.0000,-1.9531,-0.075157,0.000000,0.021765,0.021420,0.997182,0.997419,0
0.0000,-1.8750,-0.073407,0.000000,0.023064,0.022892,0.997312,0.997578,0
0.0000,-1.7969,-0.071554,0.000000,0.024407,0.024398,0.997445,0.997743,0
0.0000,-1.7188,-0.069594,0.000000,0.025790,0.025934,0.997583,0.997916,0
0.0000,-1.6406,-0.067524,0.000000,0.027208,0.027492,0.997725,0.998095,0
0.0000,-1.5625,-0.065342,0.000000,0.028656,0.029064,0.997869,0.998280,0
0.0000,-1.4844,-0.063046,0.000000,0.030129,0.030642,0.998016,0.998470,0
0.0000,-1.4062,-0.060635,0.000000,0.031619,0.032219,0.998165,0.998664,0
0.0000,-1.3281,-0.058106,0.000000,0.033119,0.033786,0.998314,0.998863,0
0.0000,-1.2500,-0.055460,0.000000,0.034620,0.035332,0.998464,0.999063,0
0.0000,-1.1719,-0.052697,0.000000,0.036112,0.036850,0.998613,0.999265,0
0.0000,-1.0938,-0.049817,0.000000,0.037586,0.038328,0.998760,0.999467,0
0.0000,-1.0156,-0.046824,0.000000,0.039031,0.039758,0.998905,0.999666,0
0.0000,-0.9375,-0.043719,0.000000,0.040435,0.041129,0.999045,0.999863,0
0.0000,-0.8594,-0.040506,0.000000,0.041786,0.042432,0.999180,1.000053,0
0.0000,-0.7812,-0.037190,0.000000,0.043072,0.043658,0.999309,1.000236,0
0.0000,-0.7031,-0.033776,0.000000,0.044281,0.044798,0.999430,1.000410,0
0.0000,-0.6250,-0.030271,0.000000,0.045402,0.045843,0.999542,1.000573,0
0.0000,-0.5469,-0.026682,0.000000,0.046422,0.046785,0.999644,1.000722,0
0.0000,-0.4688,-0.023018,0.000000,0.047331,0.047617,0.999735,1.000855,0
0.0000,-0.3906,-0.019287,0.000000,0.048118,0.048333,0.999814,1.000972,0
0.0000,-0.3125,-0.015499,0.000000,0.048776,0.048927,0.999880,1.001069,0
0.0000,-0.2344,-0.011665,0.000000,0.049296,0.049393,0.999932,1.001147,0
0.0000,-0.1562,-0.007797,0.000000,0.049671,0.049729,0.999970,1.001203,0
0.0000,-0.0781,-0.003904,0.000000,0.049899,0.049932,0.999992,1.001237,0
0.0000,0.0000,0.000000,0.000000,0.049975,0.050000,1.000000,1.001249,0
0.0000,0.0781,0.003904,0.000000,0.049899,0.049932,0.999992,1.001237,0
0.0000,0.1562,0.007797,0.000000,0.049671,0.049729,0.999970,1.001203,0
0.0000,0.2344,0.011665,0.000000,0.049296,0.049393,0.999932,1.001147,0
0.0000,0.3125,0.015499,0.000000,0.048776,0.048927,0.999880,1.001069,0
0.0000,0.3906,0.019287,0.000000,0.048118,0.048333,0.999814,1.000972,0
0.0000,0.4688,0.023018,0.000000,0.047331,0.047617,0.999735,1.000855,0
0.0000,0.5469,0.026682,0.000000,0.046422,0.046785,0.999644,1.000722,0
0.0000,0.6250,0.030271,0.000000,0.045402,0.045843,0.999542,1.000573,0
0.0000,0.7031,0.033776,0.000000,0.044281,0.044798,0.999430,1.000410,0
0.0000,0.7812,0.037190,0.000000,0.043072,0.043658,0.999309,1.000236,0
0.0000,0.8594,0.040506,0.000000,0.041786,0.042432,0.999180,1.000053,0
0.0000,0.9375,0.043719,0.000000,0.040435,0.041129,0.999045,0.999863,0
0.0000,1.0156,0.046824,0.000000,0.039031,0.039758,0.998905,0.999666,0
0.0000,1.0938,0.049817,0.000000,0.037586,0.038328,0.998760,0.999467,0
0.0000,1.1719,0.052697,0.000000,0.036112,0.036850,0.998613,0.999265,0
0.0000,1.2500,0.055460,0.000000,0.034620,0.035332,0.998464,0.999063,0
0.0000,1.3281,0.058106,0.000000,0.033119,0.033786,0.998314,0.998863,0
0.0000,1.4062,0.060635,0.000000,0.031619,0.032219,0.998165,0.998664,0
0.0000,1.4844,0.063046,0.000000,0.030129,0.030642,0.998016,0.998470,0
0.0000,1.5625,0.065342,0.000000,0.028656,0.029064,0.997869,0.998280,0
0.0000,1.6406,0.067524,0.000000,0.027208,0.027492,0.997725,0.998095,0
0.0000,1.7188,0.069594,0.000000,0.025790,0.025934,0.997583,0.997916,0
0.0000,1.7969,0.071554,0.000000,0.024407,0.024398,0.997445,0.997743,0
0.0000,1.8750,0.073407,0.000000,0.023064,0.022892,0.997312,0.997578,0
0.0000,1.9531,0.075157,0.000000,0.021765,0.021420,0.997182,0.997419,0
0.0000,2.0312,0.076808,0.000000,0.020511,0.019988,0.997058,0.997268,0
0.0000,2.1094,0.078362,0.000000,0.019305,0.018602,0.996938,0.997124,0
0.0000,2.1875,0.079824,0.000000,0.018149,0.017265,0.996822,0.996987,0
0.0000,2.2656,0.081198,0.000000,0.017043,0.015980,0.996712,0.996858,0
0.0000,2.3438,0.082487,0.000000,0.015988,0.014751,0.996608,0.996735,0
0.0000,2.4219,0.083696,0.000000,0.014983,0.013580,0.996508,0.996620,0
0.0000,2.5000,0.084828,0.000000,0.014029,0.012468,0.996413,0.996511,0
0.0000,2.5781,0.085888,0.000000,0.013124,0.011416,0.996323,0.996409,0
0.0000,2.6562,0.086879,0.000000,0.012268,0.010424,0.996238,0.996313,0
0.0000,2.7344,0.087805,0.000000,0.011459,0.009493,0.996157,0.996223,0
0.0000,2.8125,0.088670,0.000000,0.010696,0.008621,0.996082,0.996139,0
0.0000,2.8906,0.089476,0.000000,0.009977,0.007808,0.996010,0.996060,0
0.0000,2.9688,0.090228,0.000000,0.009301,0.007053,0.995943,0.995986,0
0.0000,3.0469,0.090929,0.000000,0.008666,0.006354,0.995880,0.995918,0
0.0000,3.1250,0.091582,0.000000,0.008069,0.005708,0.995821,0.995853,0
0.0000,3.2031,0.092190,0.000000,0.007511,0.005114,0.995765,0.995794,0
0.0000,3.2812,0.092756,0.000000,0.006987,0.004570,0.995714,0.995738,0
0.0000,3.3594,0.093282,0.000000,0.006498,0.004072,0.995665,0.995686,0
0.0000,3.4375,0.093771,0.000000,0.006040,0.003619,0.995620,0.995638,0
0.0000,3.5156,0.094226,0.000000,0.005612,0.003207,0.995577,0.995593,0
0.0000,3.5938,0.094648,0.000000,0.005213,0.002835,0.995538,0.995551,0
0.0000,3.6719,0.095040,0.000000,0.004841,0.002499,0.995501,0.995512,0
0.0000,3.7500,0.095405,0.000000,0.004494,0.002197,0.995466,0.995476,0
0.0000,3.8281,0.095743,0.000000,0.004171,0.001926,0.995434,0.995443,0
0.0000,3.9062,0.096056,0.000000,0.003870,0.001684,0.995404,0.995412,0
0.0000,3.9844,0.096347,0.000000,0.003589,0.001468,0.995376,0.995383,0
0.0000,4.0625,0.096617,0.000000,0.003329,0.001277,0.995351,0.995356,0
0.0000,4.1406,0.096867,0.000000,0.003087,0.001107,0.995327,0.995331,0
0.0000,4.2188,0.097099,0.000000,0.002861,0.000958,0.995304,0.995308,0
0.0000,4.2969,0.097314,0.000000,0.002652,0.000826,0.995284,0.995287,0
0.0000,4.3750,0.097514,0.000000,0.002458,0.000711,0.995264,0.995267,0
0.0000,4.4531,0.097698,0.000000,0.002277,0.000610,0.995246,0.995249,0
0.0000,4.5312,0.097869,0.000000,0.002110,0.000522,0.995230,0.995232,0
0.0000,4.6094,0.098028,0.000000,0.001954,0.000445,0.995214,0.995216,0
0.0000,4.6875,0.098175,0.000000,0.001810,0.000379,0.995200,0.995202,0
0.0000,4.7656,0.098311,0.000000,0.001676,0.000321,0.995187,0.995188,0
0.0000,4.8438,0.098437,0.000000,0.001552,0.000272,0.995175,0.995176,0
0.0000,4.9219,0.098553,0.000000,0.000746,0.000230,0.995163,0.995163,0
2.0000,-5.0000,-0.283593,-0.202838,0.000568,0.005695,0.961092,0.981690,0
2.0000,-4.9219,-0.283504,-0.202744,0.001699,0.005745,0.961116,0.981695,0
2.0000,-4.8438,-0.283327,-0.202569,0.002844,0.005842,0.961163,0.981710,0
2.0000,-4.7656,-0.283059,-0.202289,0.003993,0.005989,0.961234,0.981728,0
2.0000,-4.6875,-0.282703,-0.201928,0.005163,0.006184,0.961328,0.981756,0
2.0000,-4.6094,-0.282253,-0.201476,0.006351,0.006426,0.961447,0.981791,0
2.0000,-4.5312,-0.281711,-0.200900,0.007558,0.006714,0.961591,0.981828,0
2.0000,-4.4531,-0.281072,-0.200294,0.008809,0.007048,0.961759,0.981886,0
2.0000,-4.3750,-0.280334,-0.199495,0.010065,0.007426,0.961953,0.981933,0
2.0000,-4.2969,-0.279499,-0.198696,0.011388,0.007845,0.962172,0.982009,0
2.0000,-4.2188,-0.278555,-0.197745,0.012738,0.008307,0.962419,0.982085,0
2.0000,-4.1406,-0.277509,-0.196646,0.014106,0.008806,0.962692,0.982160,0
2.0000,-4.0625,-0.276351,-0.195578,0.015584,0.009342,0.962994,0.982275,0
2.0000,-3.9844,-0.275074,-0.194272,0.017058,0.009914,0.963324,0.982376,0
2.0000,-3.9062,-0.273686,-0.192849,0.018567,0.010514,0.963682,0.982487,0
2.0000,-3.8281,-0.272173,-0.191479,0.020227,0.011144,0.964071,0.982644,0
2.0000,-3.7500,-0.270525,-0.189868,0.021885,0.011802,0.964492,0.982793,0
2.0000,-3.6719,-0.268753,-0.188037,0.023522,0.012479,0.964942,0.982935,0
2.0000,-3.5938,-0.266850,-0.186275,0.025333,0.013172,0.965422,0.983130,0
2.0000,-3.5156,-0.264795,-0.184470,0.027280,0.013883,0.965938,0.983362,0
2.0000,-3.4375,-0.262587,-0.182348,0.029158,0.014608,0.966487,0.983575,0
2.0000,-3.3594,-0.260239,-0.179980,0.030981,0.015336,0.967068,0.983781,0
2.0000,-3.2812,-0.257747,-0.177620,0.032951,0.016060,0.967679,0.984031,0
2.0000,-3.2031,-0.255090,-0.175353,0.035168,0.016783,0.968324,0.984350,0
2.0000,-3.1250,-0.252252,-0.173060,0.037551,0.017506,0.969007,0.984717,0
2.0000,-3.0469,-0.249223,-0.170605,0.039968,0.018227,0.969728,0.985107,0
2.0000,-2.9688,-0.246007,-0.167932,0.042350,0.018939,0.970485,0.985507,0
2.0000,-2.8906,-0.242606,-0.165060,0.044697,0.019636,0.971276,0.985919,0
2.0000,-2.8125,-0.239023,-0.162024,0.047037,0.020311,0.972099,0.986350,0
2.0000,-2.7344,-0.235256,-0.158855,0.049392,0.020960,0.972951,0.986804,0
2.0000,-2.6562,-0.231305,-0.155570,0.051775,0.021579,0.973833,0.987287,0
2.0000,-2.5781,-0.227166,-0.152176,0.054187,0.022164,0.974741,0.987798,0
2.0000,-2.5000,-0.222838,-0.148679,0.056623,0.022713,0.975675,0.988338,0
2.0000,-2.4219,-0.218319,-0.145083,0.059077,0.023222,0.976633,0.988907,0
2.0000,-2.3438,-0.213608,-0.141390,0.061541,0.023689,0.977612,0.989504,0
2.0000,-2.2656,-0.208703,-0.137603,0.064008,0.024113,0.978610,0.990127,0
2.0000,-2.1875,-0.203606,-0.133726,0.066470,0.024492,0.979624,0.990775,0
2.0000,-2.1094,-0.198317,-0.129763,0.068918,0.024825,0.980652,0.991446,0
2.0000,-2.0312,-0.192838,-0.125715,0.071344,0.025112,0.981691,0.992138,0
2.0000,-1.9531,-0.187170,-0.121588,0.073740,0.025352,0.982736,0.992848,0
2.0000,-1.8750,-0.181316,-0.117382,0.076099,0.025546,0.983784,0.993572,0
2.0000,-1.7969,-0.175279,-0.113103,0.078414,0.025695,0.984833,0.994309,0
2.0000,-1.7188,-0.169064,-0.108751,0.080676,0.025800,0.985877,0.995053,0
2.0000,-1.6406,-0.162674,-0.104331,0.082879,0.025863,0.986913,0.995802,0
2.0000,-1.5625,-0.156114,-0.099844,0.085018,0.025886,0.987937,0.996552,0
2.0000,-1.4844,-0.149390,-0.095293,0.087085,0.025873,0.988944,0.997299,0
2.0000,-1.4062,-0.142507,-0.090681,0.089076,0.025826,0.989931,0.998038,0
2.0000,-1.3281,-0.135472,-0.086009,0.090984,0.025749,0.990893,0.998765,0
2.0000,-1.2500,-0.128291,-0.081279,0.092806,0.025644,0.991827,0.999477,0
2.0000,-1.1719,-0.120971,-0.076495,0.094537,0.025518,0.992727,1.000169,0
2.0000,-1.0938,-0.113519,-0.071657,0.096173,0.025372,0.993591,1.000837,0
2.0000,-1.0156,-0.105944,-0.066770,0.097711,0.025212,0.994414,1.001477,0
2.0000,-0.9375,-0.098252,-0.061834,0.099147,0.025043,0.995193,1.002087,0
2.0000,-0.8594,-0.090452,-0.056853,0.100478,0.024867,0.995923,1.002661,0
2.0000,-0.7812,-0.082552,-0.051829,0.101702,0.024690,0.996602,1.003197,0
2.0000,-0.7031,-0.074561,-0.046765,0.102816,0.024515,0.997227,1.003692,0
2.0000,-0.6250,-0.066487,-0.041666,0.103818,0.024348,0.997794,1.004143,0
2.0000,-0.5469,-0.058339,-0.036533,0.104707,0.024190,0.998301,1.004547,0
2.0000,-0.4688,-0.050127,-0.031370,0.105480,0.024046,0.998745,1.004901,0
2.0000,-0.3906,-0.041858,-0.026182,0.106137,0.023919,0.999125,1.005205,0
2.0000,-0.3125,-0.033543,-0.020972,0.106676,0.023811,0.999438,1.005456,0
2.0000,-0.2344,-0.025190,-0.015745,0.107096,0.023724,0.999683,1.005653,0
2.0000,-0.1562,-0.016809,-0.010504,0.107397,0.023661,0.999859,1.005794,0
2.0000,-0.0781,-0.008409,-0.005254,0.107577,0.023623,0.999965,1.005879,0
2.0000,0.0000,-0.000000,-0.000000,0.107637,0.023610,1.000000,1.005907,0
2.0000,0.0781,0.008409,0.005254,0.107577,0.023623,0.999965,1.005879,0
2.0000,0.1562,0.016809,0.010504,0.107397,0.023661,0.999859,1.005794,0
2.0000,0.2344,0.025190,0.015745,0.107096,0.023724,0.999683,1.005653,0
2.0000,0.3125,0.033543,0.020972,0.106676,0.023811,0.999438,1.005456,0
2.0000,0.3906,0.041858,0.026182,0.106137,0.023919,0.999125,1.005205,0
2.0000,0.4688,0.050127,0.031370,0.105480,0.024046,0.998745,1.004901,0
2.0000,0.5469,0.058339,0.036533,0.104707,0.024190,0.998301,1.004547,0
2.0000,0.6250,0.066487,0.041666,0.103818,0.024348,0.997794,1.004143,0
2.0000,0.7031,0.074561,0.046765,0.102816,0.024515,0.997227,1.003692,0
2.0000,0.7812,0.082552,0.051829,0.101702,0.024690,0.996602,1.003197,0
2.0000,0.8594,0.090452,0.056853,0.100478,0.024867,0.995923,1.002661,0
2.0000,0.9375,0.098252,0.061834,0.099147,0.025043,0.995193,1.002087,0
2.0000,1.0156,0.105944,0.066770,0.097711,0.025212,0.994414,1.001477,0
2.0000,1.0938,0.113519,0.071657,0.096173,0.025372,0.993591,1.000837,0
2.0000,1.1719,0.120971,0.076495,0.094537,0.025518,0.992727,1.000169,0
2.0000,1.2500,0.128291,0.081279,0.092806,0.025644,0.991827,0.999477,0
2.0000,1.3281,0.135472,0.086009,0.090984,0.025749,0.990893,0.998765,0
2.0000,1.4062,0.142507,0.090681,0.089076,0.025826,0.989931,0.998038,0
2.0000,1.4844,0.149390,0.095293,0.087085,0.025873,0.988944,0.997299,0
2.0000,1.5625,0.156114,0.099844,0.085018,0.025886,0.987937,0.996552,0
2.0000,1.6406,0.162674,0.104331,0.082879,0.025863,0.986913,0.995802,0
2.0000,1.7188,0.169064,0.108751,0.080676,0.025800,0.985877,0.995053,0
2.0000,1.7969,0.175279,0.113103,0.078414,0.025695,0.984833,0.994309,0
2.0000,1.8750,0.181316,0.117382,0.076099,0.025546,0.983784,0.993572,0
2.0000,1.9531,0.187170,0.121588,0.073740,0.025352,0.982736,0.992848,0
2.0000,2.0312,0.192838,0.125715,0.071344,0.025112,0.981691,0.992138,0
2.0000,2.1094,0.198317,0.129763,0.068918,0.024825,0.980652,0.991446,0
2.0000,2.1875,0.203606,0.133726,0.066470,0.024492,0.979624,0.990775,0
2.0000,2.2656,0.208703,0.137603,0.064008,0.024113,0.978610,0.990127,0
2.0000,2.3438,0.213608,0.141390,0.061541,0.023689,0.977612,0.989504,0
2.0000,2.4219,0.218319,0.145083,0.059077,0.023222,0.976633,0.988907,0
2.0000,2.5000,0.222838,0.148679,0.056623,0.022713,0.975675,0.988338,0
2.0000,2.5781,0.227166,0.152175,0.054185,0.022164,0.974741,0.987798,0
2.0000,2.6562,0.231305,0.155565,0.051769,0.021579,0.973833,0.987286,0
2.0000,2.7344,0.235255,0.158840,0.049372,0.020961,0.972952,0.986801,0
2.0000,2.8125,0.239019,0.161981,0.046983,0.020313,0.972099,0.986341,0
2.0000,2.8906,0.242596,0.164957,0.044576,0.019640,0.971278,0.985899,0
2.0000,2.9688,0.245984,0.167726,0.042122,0.018949,0.970490,0.985469,0
2.0000,3.0469,0.249178,0.170271,0.039620,0.018246,0.969739,0.985048,0
2.0000,3.1250,0.252175,0.172649,0.037146,0.017539,0.969025,0.984651,0
2.0000,3.2031,0.254982,0.175009,0.034843,0.016830,0.968350,0.984306,0
2.0000,3.2812,0.257619,0.177476,0.032799,0.016116,0.967710,0.984033,0
2.0000,3.3594,0.260107,0.179961,0.030906,0.015395,0.967100,0.983808,0
2.0000,3.4375,0.262448,0.182187,0.028946,0.014671,0.966522,0.983575,0
2.0000,3.5156,0.264629,0.184078,0.026904,0.013959,0.965979,0.983322,0
2.0000,3.5938,0.266652,0.185927,0.025004,0.013264,0.965472,0.983109,0
2.0000,3.6719,0.268536,0.187858,0.023285,0.012582,0.964997,0.982952,0
2.0000,3.7500,0.270290,0.189556,0.021538,0.011916,0.964552,0.982788,0
2.0000,3.8281,0.271902,0.190999,0.019785,0.011277,0.964140,0.982615,0
2.0000,3.9062,0.273381,0.192504,0.018190,0.010666,0.963761,0.982493,0
2.0000,3.9844,0.274744,0.193885,0.016629,0.010082,0.963410,0.982381,0
2.0000,4.0625,0.275980,0.195013,0.015061,0.009534,0.963090,0.982255,0
2.0000,4.1406,0.277097,0.196179,0.013608,0.009023,0.962800,0.982171,0
2.0000,4.2188,0.278106,0.197187,0.012172,0.008547,0.962537,0.982087,0
2.0000,4.2969,0.278999,0.198034,0.010763,0.008116,0.962303,0.982004,0
2.0000,4.3750,0.279788,0.198883,0.009423,0.007726,0.962097,0.981952,0
2.0000,4.4531,0.280471,0.199526,0.008088,0.007380,0.961917,0.981888,0
2.0000,4.5312,0.281051,0.200138,0.006798,0.007082,0.961764,0.981847,0
2.0000,4.6094,0.281534,0.200618,0.005528,0.006831,0.961637,0.981807,0
2.0000,4.6875,0.281915,0.201002,0.004276,0.006630,0.961537,0.981777,0
2.0000,4.7656,0.282202,0.201301,0.003046,0.006477,0.961461,0.981757,0
2.0000,4.8438,0.282391,0.201486,0.001820,0.006376,0.961411,0.981741,0
2.0000,4.9219,0.282486,0.201587,0.000608,0.006324,0.961386,0.981734,0
4.0000,-5.0000,-1.066089,-0.575721,0.002763,0.028792,0.615697,0.781475,0
4.0000,-4.9219,-1.065657,-0.575533,0.008291,0.028763,0.615906,0.781606,0
4.0000,-4.8438,-1.064793,-0.575152,0.013826,0.028705,0.616325,0.781866,0
4.0000,-4.7656,-1.063497,-0.574587,0.019374,0.028618,0.616955,0.782261,0
4.0000,-4.6875,-1.061766,-0.573826,0.024938,0.028501,0.617795,0.782784,0
4.0000,-4.6094,-1.059600,-0.572889,0.030524,0.028356,0.618848,0.783452,0
4.0000,-4.5312,-1.056997,-0.571751,0.036135,0.028183,0.620114,0.784249,0
4.0000,-4.4531,-1.053954,-0.570444,0.041780,0.027981,0.621595,0.785200,0
4.0000,-4.3750,-1.050469,-0.568933,0.047457,0.027752,0.623293,0.786286,0
4.0000,-4.2969,-1.046539,-0.567257,0.053178,0.027495,0.625209,0.787534,0
4.0000,-4.2188,-1.042160,-0.565383,0.058942,0.027212,0.627347,0.788930,0
4.0000,-4.1406,-1.037329,-0.563331,0.064756,0.026902,0.629709,0.790489,0
4.0000,-4.0625,-1.032042,-0.561104,0.070628,0.026567,0.632297,0.792220,0
4.0000,-3.9844,-1.026294,-0.558670,0.076552,0.026208,0.635115,0.794108,0
4.0000,-3.9062,-1.020080,-0.556087,0.082550,0.025825,0.638165,0.796193,0
4.0000,-3.8281,-1.013395,-0.553278,0.088606,0.025419,0.641453,0.798439,0
4.0000,-3.7500,-1.006236,-0.550313,0.094743,0.024992,0.644979,0.800890,0
4.0000,-3.6719,-0.998592,-0.547146,0.100957,0.024546,0.648749,0.803530,0
4.0000,-3.5938,-0.990461,-0.543765,0.107245,0.024081,0.652767,0.806358,0
4.0000,-3.5156,-0.981835,-0.540230,0.113636,0.023599,0.657036,0.809417,0
4.0000,-3.4375,-0.972705,-0.536440,0.120101,0.023102,0.661562,0.812659,0
4.0000,-3.3594,-0.963069,-0.532467,0.126668,0.022591,0.666346,0.816132,0
4.0000,-3.2812,-0.952914,-0.528295,0.133346,0.022070,0.671395,0.819838,0
4.0000,-3.2031,-0.942234,-0.523842,0.140101,0.021538,0.676713,0.823738,0
4.0000,-3.1250,-0.931023,-0.519212,0.146983,0.020998,0.682302,0.827902,0
4.0000,-3.0469,-0.919268,-0.514330,0.153976,0.020453,0.688169,0.832301,0
4.0000,-2.9688,-0.906964,-0.509144,0.161052,0.019904,0.694314,0.836909,0
4.0000,-2.8906,-0.894103,-0.503760,0.168271,0.019353,0.700742,0.841801,0
4.0000,-2.8125,-0.880672,-0.498088,0.175605,0.018804,0.707458,0.846938,0
4.0000,-2.7344,-0.866665,-0.492066,0.183016,0.018257,0.714461,0.852290,0
4.0000,-2.6562,-0.852075,-0.485807,0.190572,0.017713,0.721752,0.857934,0
4.0000,-2.5781,-0.836888,-0.479245,0.198258,0.017177,0.729334,0.863846,0
4.0000,-2.5000,-0.821098,-0.472270,0.206005,0.016649,0.737207,0.869967,0
4.0000,-2.4219,-0.804700,-0.464977,0.213868,0.016129,0.745365,0.876359,0
4.0000,-2.3438,-0.787681,-0.457389,0.221881,0.015621,0.753809,0.883050,0
4.0000,-2.2656,-0.770031,-0.449360,0.229959,0.015128,0.762535,0.889960,0
4.0000,-2.1875,-0.751750,-0.440873,0.238078,0.014648,0.771531,0.897078,0
4.0000,-2.1094,-0.732831,-0.432036,0.246316,0.014181,0.780789,0.904474,0
4.0000,-2.0312,-0.713263,-0.422820,0.254669,0.013733,0.790301,0.912138,0
4.0000,-1.9531,-0.693039,-0.413080,0.263035,0.013304,0.800052,0.919983,0
4.0000,-1.8750,-0.672164,-0.402795,0.271381,0.012891,0.810021,0.927985,0
4.0000,-1.7969,-0.650636,-0.392066,0.279775,0.012495,0.820185,0.936198,0
4.0000,-1.7188,-0.628449,-0.380916,0.288246,0.012117,0.830524,0.944632,0
4.0000,-1.6406,-0.605598,-0.369241,0.296711,0.011763,0.841009,0.953213,0
4.0000,-1.5625,-0.582088,-0.356938,0.305067,0.011430,0.851607,0.961857,0
4.0000,-1.4844,-0.557931,-0.344008,0.313290,0.011113,0.862275,0.970534,0
4.0000,-1.4062,-0.533136,-0.330523,0.321421,0.010812,0.872970,0.979259,0
4.0000,-1.3281,-0.507709,-0.316540,0.329492,0.010528,0.883645,0.988036,0
4.0000,-1.2500,-0.481653,-0.302049,0.337479,0.010263,0.894251,0.996823,0
4.0000,-1.1719,-0.454978,-0.287002,0.345308,0.010022,0.904732,1.005544,0
4.0000,-1.0938,-0.427699,-0.271348,0.352896,0.009803,0.915025,1.014116,0
4.0000,-1.0156,-0.399838,-0.255066,0.360176,0.009606,0.925065,1.022464,0
4.0000,-0.9375,-0.371421,-0.238163,0.367103,0.009429,0.934777,1.030527,0
4.0000,-0.8594,-0.342478,-0.220663,0.373645,0.009271,0.944090,1.038247,0
4.0000,-0.7812,-0.313039,-0.202598,0.379774,0.009129,0.952927,1.045569,0
4.0000,-0.7031,-0.283138,-0.184002,0.385460,0.009003,0.961213,1.052436,0
4.0000,-0.6250,-0.252811,-0.164913,0.390670,0.008892,0.968873,1.058786,0
4.0000,-0.5469,-0.222096,-0.145369,0.395370,0.008795,0.975834,1.064562,0
4.0000,-0.4688,-0.191035,-0.125413,0.399524,0.008712,0.982026,1.069704,0
4.0000,-0.3906,-0.159670,-0.105094,0.403101,0.008642,0.987387,1.074157,0
4.0000,-0.3125,-0.128050,-0.084462,0.406071,0.008585,0.991857,1.077874,0
4.0000,-0.2344,-0.096222,-0.063575,0.408409,0.008541,0.995388,1.080811,0
4.0000,-0.1562,-0.064236,-0.042493,0.410094,0.008510,0.997940,1.082934,0
4.0000,-0.0781,-0.032145,-0.021280,0.411111,0.008492,0.999484,1.084218,0
4.0000,0.0000,-0.000000,-0.000000,0.411451,0.008486,1.000000,1.084648,0
4.0000,0.0781,0.032145,0.021280,0.411111,0.008492,0.999484,1.084218,0
4.0000,0.1562,0.064236,0.042493,0.410094,0.008510,0.997940,1.082934,0
4.0000,0.2344,0.096222,0.063575,0.408409,0.008541,0.995388,1.080811,0
4.0000,0.3125,0.128050,0.084462,0.406071,0.008585,0.991857,1.077874,0
4.0000,0.3906,0.159670,0.105093,0.403101,0.008642,0.987387,1.074157,0
4.0000,0.4688,0.191034,0.125413,0.399523,0.008712,0.982026,1.069703,0
4.0000,0.5469,0.222096,0.145367,0.395367,0.008795,0.975834,1.064561,0
4.0000,0.6250,0.252811,0.164908,0.390663,0.008892,0.968873,1.058783,0
4.0000,0.7031,0.283137,0.183990,0.385444,0.009004,0.961213,1.052428,0
4.0000,0.7812,0.313036,0.202570,0.379741,0.009131,0.952928,1.045552,0
4.0000,0.8594,0.342472,0.220608,0.373581,0.009274,0.944092,1.038213,0
4.0000,0.9375,0.371408,0.238063,0.366991,0.009436,0.934782,1.030466,0
4.0000,1.0156,0.399814,0.254906,0.360003,0.009618,0.925073,1.022369,0
4.0000,1.0938,0.427659,0.271125,0.352663,0.009823,0.915040,1.013987,0
4.0000,1.1719,0.454918,0.286740,0.345040,0.010053,0.904755,1.005399,0
4.0000,1.2500,0.481571,0.301798,0.337224,0.010305,0.894283,0.996693,0
4.0000,1.3281,0.507609,0.316349,0.329294,0.010578,0.883686,0.987951,0
4.0000,1.4062,0.533023,0.330400,0.321275,0.010868,0.873018,0.979220,0
4.0000,1.4844,0.557808,0.343888,0.313132,0.011173,0.862328,0.970496,0
4.0000,1.5625,0.581950,0.356728,0.304820,0.011495,0.851668,0.961767,0
4.0000,1.6406,0.605436,0.368917,0.296366,0.011840,0.841083,0.953064,0
4.0000,1.7188,0.628258,0.380564,0.287882,0.012209,0.830612,0.944480,0
4.0000,1.7969,0.650418,0.391780,0.279457,0.012600,0.820288,0.936098,0
4.0000,1.8750,0.671923,0.402534,0.271062,0.013008,0.810135,0.927907,0
4.0000,1.9531,0.692771,0.412719,0.262623,0.013434,0.800180,0.919853,0
4.0000,2.0312,0.712958,0.422355,0.254176,0.013882,0.790449,0.911963,0
4.0000,2.1094,0.732486,0.431594,0.245832,0.014351,0.780958,0.904331,0
4.0000,2.1875,0.751369,0.440470,0.237596,0.014836,0.771718,0.896971,0
4.0000,2.2656,0.769611,0.448861,0.229386,0.015336,0.762742,0.889810,0
4.0000,2.3438,0.787210,0.456787,0.221227,0.015855,0.754042,0.882861,0
4.0000,2.4219,0.804177,0.464404,0.213213,0.016389,0.745625,0.876211,0
4.0000,2.5000,0.820525,0.471686,0.205307,0.016935,0.737492,0.869831,0
4.0000,2.5781,0.836257,0.478529,0.197452,0.017492,0.729650,0.863656,0
4.0000,2.6562,0.851377,0.485053,0.189720,0.018061,0.722101,0.857753,0
4.0000,2.7344,0.865900,0.491327,0.182130,0.018638,0.714843,0.852145,0
4.0000,2.8125,0.879835,0.497229,0.174610,0.019219,0.707876,0.846753,0
4.0000,2.8906,0.893183,0.502825,0.167200,0.019807,0.701202,0.841609,0
4.0000,2.9688,0.905960,0.508214,0.159932,0.020396,0.694816,0.836756,0
4.0000,3.0469,0.918173,0.513278,0.152741,0.020984,0.688715,0.832116,0
4.0000,3.1250,0.929825,0.518076,0.145657,0.021571,0.682899,0.827715,0
4.0000,3.2031,0.940931,0.522688,0.138700,0.022153,0.677362,0.823586,0
4.0000,3.2812,0.951497,0.527000,0.131815,0.022728,0.672100,0.819656,0
4.0000,3.3594,0.961528,0.531103,0.125038,0.023295,0.667112,0.815966,0
4.0000,3.4375,0.971034,0.535014,0.118361,0.023849,0.662391,0.812516,0
4.0000,3.5156,0.980022,0.538654,0.111754,0.024391,0.657934,0.809253,0
4.0000,3.5938,0.988496,0.542134,0.105249,0.024918,0.653739,0.806232,0
4.0000,3.6719,0.996467,0.545389,0.098815,0.025426,0.649799,0.803406,0
4.0000,3.7500,1.003936,0.548432,0.092453,0.025915,0.646113,0.800777,0
4.0000,3.8281,1.010913,0.551313,0.086171,0.026383,0.642675,0.798363,0
4.0000,3.9062,1.017400,0.553957,0.079943,0.026827,0.639483,0.796118,0
4.0000,3.9844,1.023404,0.556448,0.073785,0.027247,0.636533,0.794080,0
4.0000,4.0625,1.028929,0.558724,0.067677,0.027640,0.633823,0.792210,0
4.0000,4.1406,1.033978,0.560819,0.061623,0.028006,0.631349,0.790521,0
4.0000,4.2188,1.038558,0.562731,0.055616,0.028342,0.629108,0.789005,0
4.0000,4.2969,1.042668,0.564440,0.049648,0.028648,0.627099,0.787649,0
4.0000,4.3750,1.046315,0.565980,0.043722,0.028923,0.625318,0.786466,0
4.0000,4.4531,1.049500,0.567309,0.037825,0.029165,0.623765,0.785429,0
4.0000,4.5312,1.052225,0.568469,0.031959,0.029374,0.622437,0.784558,0
4.0000,4.6094,1.054493,0.569421,0.026115,0.029550,0.621332,0.783828,0
4.0000,4.6875,1.056306,0.570195,0.020291,0.029691,0.620450,0.783255,0
4.0000,4.7656,1.057664,0.570769,0.014483,0.029797,0.619789,0.782822,0
4.0000,4.8438,1.058569,0.571156,0.008685,0.029868,0.619349,0.782538,0
4.0000,4.9219,1.059021,0.571348,0.002895,0.029903,0.619130,0.782395,0
6.0000,-5.0000,-2.234162,-0.500310,0.003791,0.010893,0.211736,0.337216,0
6.0000,-4.9219,-2.233569,-0.500280,0.011379,0.010891,0.211858,0.337379,0
6.0000,-4.8438,-2.232384,-0.500217,0.018985,0.010887,0.212104,0.337704,0
6.0000,-4.7656,-2.230603,-0.500124,0.026622,0.010880,0.212473,0.338195,0
6.0000,-4.6875,-2.228224,-0.499997,0.034302,0.010872,0.212968,0.338852,0
6.0000,-4.6094,-2.225243,-0.499837,0.042038,0.010860,0.213589,0.339678,0
6.0000,-4.5312,-2.221656,-0.499640,0.049841,0.010844,0.214339,0.340677,0
6.0000,-4.4531,-2.217456,-0.499405,0.057726,0.010825,0.215220,0.341852,0
6.0000,-4.3750,-2.212636,-0.499130,0.065703,0.010801,0.216235,0.343208,0
6.0000,-4.2969,-2.207190,-0.498810,0.073788,0.010772,0.217388,0.344750,0
6.0000,-4.2188,-2.201107,-0.498447,0.081992,0.010738,0.218682,0.346487,0
6.0000,-4.1406,-2.194378,-0.498026,0.090330,0.010696,0.220123,0.348420,0
6.0000,-4.0625,-2.186993,-0.497560,0.098817,0.010648,0.221714,0.350566,0
6.0000,-3.9844,-2.178938,-0.497022,0.107465,0.010593,0.223462,0.352922,0
6.0000,-3.9062,-2.170201,-0.496432,0.116293,0.010529,0.225372,0.355512,0
6.0000,-3.8281,-2.160767,-0.495760,0.125313,0.010457,0.227453,0.358333,0
6.0000,-3.7500,-2.150621,-0.495019,0.134544,0.010376,0.229711,0.361408,0
6.0000,-3.6719,-2.139745,-0.494190,0.144002,0.010287,0.232154,0.364745,0
6.0000,-3.5938,-2.128121,-0.493268,0.153705,0.010188,0.234793,0.368360,0
6.0000,-3.5156,-2.115728,-0.492256,0.163676,0.010081,0.237638,0.372276,0
6.0000,-3.4375,-2.102546,-0.491121,0.173929,0.009964,0.240699,0.376498,0
6.0000,-3.3594,-2.088552,-0.489888,0.184494,0.009839,0.243989,0.381067,0
6.0000,-3.2812,-2.073719,-0.488512,0.195385,0.009706,0.247523,0.385986,0
6.0000,-3.2031,-2.058023,-0.487008,0.206634,0.009566,0.251314,0.391297,0
6.0000,-3.1250,-2.041433,-0.485359,0.218267,0.009418,0.255380,0.397025,0
6.0000,-3.0469,-2.023919,-0.483535,0.230303,0.009264,0.259738,0.403193,0
6.0000,-2.9688,-2.005448,-0.481561,0.242787,0.009105,0.264410,0.409859,0
6.0000,-2.8906,-1.985983,-0.479380,0.255735,0.008942,0.269416,0.417041,0
6.0000,-2.8125,-1.965489,-0.477008,0.269190,0.008775,0.274782,0.424800,0
6.0000,-2.7344,-1.943922,-0.474428,0.283191,0.008607,0.280535,0.433188,0
6.0000,-2.6562,-1.921241,-0.471592,0.297761,0.008436,0.286703,0.442245,0
6.0000,-2.5781,-1.897397,-0.468532,0.312959,0.008266,0.293321,0.452063,0
6.0000,-2.5000,-1.872341,-0.465188,0.328817,0.008098,0.300424,0.462691,0
6.0000,-2.4219,-1.846020,-0.461544,0.345375,0.007930,0.308052,0.474211,0
6.0000,-2.3438,-1.818376,-0.457615,0.362700,0.007767,0.316249,0.486735,0
6.0000,-2.2656,-1.789348,-0.453322,0.380819,0.007608,0.325065,0.500331,0
6.0000,-2.1875,-1.758873,-0.448672,0.399794,0.007454,0.334553,0.515126,0
6.0000,-2.1094,-1.726880,-0.443655,0.419690,0.007307,0.344773,0.531260,0
6.0000,-2.0312,-1.693296,-0.438186,0.440537,0.007166,0.355790,0.548832,0
6.0000,-1.9531,-1.658046,-0.432278,0.462410,0.007033,0.367677,0.568022,0
6.0000,-1.8750,-1.621045,-0.425904,0.485375,0.006908,0.380513,0.589006,0
6.0000,-1.7969,-1.582206,-0.418973,0.509461,0.006792,0.394384,0.611929,0
6.0000,-1.7188,-1.541441,-0.411492,0.534743,0.006684,0.409384,0.637023,0
6.0000,-1.6406,-1.498653,-0.403432,0.561290,0.006586,0.425615,0.664517,0
6.0000,-1.5625,-1.453740,-0.394687,0.589116,0.006498,0.443186,0.694604,0
6.0000,-1.4844,-1.406603,-0.385245,0.618278,0.006418,0.462210,0.727551,0
6.0000,-1.4062,-1.357134,-0.375088,0.648834,0.006347,0.482807,0.763646,0
6.0000,-1.3281,-1.305223,-0.364102,0.680766,0.006286,0.505099,0.803105,0
6.0000,-1.2500,-1.250764,-0.352232,0.714065,0.006233,0.529199,0.846177,0
6.0000,-1.1719,-1.193650,-0.339481,0.748736,0.006187,0.555214,0.893141,0
6.0000,-1.0938,-1.133774,-0.325751,0.784697,0.006152,0.583230,0.944162,0
6.0000,-1.0156,-1.071041,-0.310931,0.821802,0.006126,0.613296,0.999314,1
6.0000,-0.9375,-1.005368,-0.295002,0.859911,0.006107,0.645407,1.058643,1
6.0000,-0.8594,-0.936680,-0.277913,0.898820,0.006099,0.679481,1.122037,1
6.0000,-0.7812,-0.864927,-0.259510,0.938182,0.006101,0.715329,1.189095,1
6.0000,-0.7031,-0.790089,-0.239681,0.977570,0.006110,0.752616,1.259161,1
6.0000,-0.6250,-0.712182,-0.218401,1.016489,0.006121,0.790824,1.331299,1
6.0000,-0.5469,-0.631263,-0.195639,1.054275,0.006134,0.829221,1.404106,1
6.0000,-0.4688,-0.547451,-0.171345,1.090043,0.006147,0.866828,1.475604,1
6.0000,-0.3906,-0.460944,-0.145565,1.122796,0.006158,0.902422,1.543353,1
6.0000,-0.3125,-0.372015,-0.118461,1.151534,0.006168,0.934580,1.604613,1
6.0000,-0.2344,-0.281016,-0.090200,1.175273,0.006180,0.961774,1.656475,1
6.0000,-0.1562,-0.188378,-0.060916,1.193066,0.006198,0.982515,1.696074,1
6.0000,-0.0781,-0.094600,-0.030816,1.204100,0.006216,0.995542,1.720946,1
6.0000,0.0000,-0.000238,-0.000284,1.207827,0.006230,1.000000,1.729423,1
6.0000,0.0781,0.094123,0.030194,1.204058,0.006239,0.995587,1.720921,1
6.0000,0.1562,0.187897,0.060205,1.193000,0.006249,0.982603,1.696040,1
6.0000,0.2344,0.280529,0.089486,1.175201,0.006264,0.961902,1.656455,1
6.0000,0.3125,0.371522,0.117834,1.151440,0.006281,0.934744,1.604594,1
6.0000,0.3906,0.460442,0.145005,1.122629,0.006296,0.902617,1.543279,1
6.0000,0.4688,0.546932,0.170767,1.089782,0.006309,0.867052,1.475446,1
6.0000,0.5469,0.630720,0.195022,1.053977,0.006324,0.829472,1.403923,1
6.0000,0.6250,0.711616,0.217786,1.016215,0.006340,0.791098,1.331160,1
6.0000,0.7031,0.789504,0.239059,0.977296,0.006357,0.752906,1.259035,1
6.0000,0.7812,0.864319,0.258838,0.937844,0.006380,0.715633,1.188908,1
6.0000,0.8594,0.936042,0.277226,0.898412,0.006413,0.679799,1.121799,1
6.0000,0.9375,1.004696,0.294376,0.859457,0.006456,0.645738,1.058399,1
6.0000,1.0156,1.070332,0.310335,0.821270,0.006504,0.613640,0.999036,1
6.0000,1.0938,1.133019,0.325121,0.784059,0.006561,0.583588,0.943814,0
6.0000,1.1719,1.192841,0.338852,0.748030,0.006628,0.555588,0.892773,0
6.0000,1.2500,1.249899,0.351633,0.713313,0.006702,0.529588,0.845818,0
6.0000,1.3281,1.304296,0.363461,0.679932,0.006782,0.505503,0.802708,0
6.0000,1.4062,1.356138,0.374394,0.647922,0.006871,0.483228,0.763216,0
6.0000,1.4844,1.405534,0.384556,0.617323,0.006969,0.462648,0.727134,0
6.0000,1.5625,1.452595,0.393967,0.588089,0.007073,0.443641,0.694170,0
6.0000,1.6406,1.497423,0.402638,0.560172,0.007186,0.426088,0.664044,0
6.0000,1.7188,1.540122,0.410685,0.533566,0.007307,0.409877,0.636555,0
6.0000,1.7969,1.580793,0.418137,0.508207,0.007434,0.394896,0.611454,0
6.0000,1.8750,1.619529,0.424988,0.484019,0.007569,0.381047,0.588492,0
6.0000,1.9531,1.656421,0.431336,0.460979,0.007710,0.368233,0.567511,0
6.0000,2.0312,1.691557,0.437210,0.439017,0.007856,0.356369,0.548315,0
6.0000,2.1094,1.725017,0.442596,0.418058,0.008006,0.345376,0.530710,0
6.0000,2.1875,1.756879,0.447584,0.398073,0.008161,0.335182,0.514582,0
6.0000,2.2656,1.787216,0.452187,0.378994,0.008318,0.325721,0.499780,0
6.0000,2.3438,1.816096,0.456397,0.360755,0.008476,0.316934,0.486160,0
6.0000,2.4219,1.843584,0.460299,0.343330,0.008635,0.308766,0.473648,0
6.0000,2.5000,1.869742,0.463877,0.326649,0.008793,0.301169,0.462119,0
6.0000,2.5781,1.894623,0.467149,0.310667,0.008950,0.294100,0.451482,0
6.0000,2.6562,1.918283,0.470179,0.295354,0.009103,0.287517,0.441682,0
6.0000,2.7344,1.940772,0.472934,0.280647,0.009251,0.281384,0.432616,0
6.0000,2.8125,1.962134,0.475465,0.266520,0.009395,0.275670,0.424241,0
6.0000,2.8906,1.982416,0.477791,0.252934,0.009532,0.270343,0.416500,0
6.0000,2.9688,2.001655,0.479894,0.239842,0.009662,0.265378,0.409322,0
6.0000,3.0469,2.019891,0.481836,0.227227,0.009784,0.260750,0.402688,0
6.0000,3.1250,2.037160,0.483592,0.215043,0.009896,0.256437,0.396536,0
6.0000,3.2031,2.053492,0.485192,0.203268,0.010000,0.252418,0.390838,0
6.0000,3.2812,2.068920,0.486657,0.191875,0.010094,0.248676,0.385566,0
6.0000,3.3594,2.083472,0.487969,0.180830,0.010177,0.245194,0.380676,0
6.0000,3.4375,2.097175,0.489177,0.170119,0.010251,0.241957,0.376161,0
6.0000,3.5156,2.110053,0.490254,0.159710,0.010314,0.238951,0.371978,0
6.0000,3.5938,2.122130,0.491236,0.149586,0.010368,0.236164,0.368122,0
6.0000,3.6719,2.133426,0.492120,0.139725,0.010411,0.233585,0.364565,0
6.0000,3.7500,2.143962,0.492910,0.130106,0.010446,0.231204,0.361290,0
6.0000,3.8281,2.153755,0.493629,0.120714,0.010472,0.229011,0.358289,0
6.0000,3.9062,2.162823,0.494260,0.111526,0.010491,0.226998,0.355536,0
6.0000,3.9844,2.171181,0.494835,0.102531,0.010502,0.225157,0.353034,0
6.0000,4.0625,2.178843,0.495336,0.093707,0.010507,0.223482,0.350757,0
6.0000,4.1406,2.185823,0.495788,0.085043,0.010508,0.221967,0.348707,0
6.0000,4.2188,2.192131,0.496179,0.076522,0.010504,0.220606,0.346866,0
6.0000,4.2969,2.197779,0.496524,0.068128,0.010497,0.219393,0.345233,0
6.0000,4.3750,2.202777,0.496821,0.059849,0.010487,0.218326,0.343798,0
6.0000,4.4531,2.207131,0.497076,0.051669,0.010477,0.217400,0.342555,0
6.0000,4.5312,2.210850,0.497289,0.043576,0.010466,0.216613,0.341499,0
6.0000,4.6094,2.213939,0.497463,0.035554,0.010456,0.215960,0.340626,0
6.0000,4.6875,2.216405,0.497602,0.027593,0.010447,0.215441,0.339932,0
6.0000,4.7656,2.218251,0.497703,0.019676,0.010440,0.215053,0.339413,0
6.0000,4.8438,2.219480,0.497771,0.011793,0.010435,0.214795,0.339069,0
6.0000,4.9219,2.220093,0.497804,0.003929,0.010432,0.214666,0.338897,0
8.0000,-5.0000,-2.942406,-0.215264,0.005034,-0.013419,0.105185,0.128406,0
8.0000,-4.9219,-2.941619,-0.215066,0.015114,-0.013414,0.105267,0.128547,0
8.0000,-4.8438,-2.940044,-0.214670,0.025232,-0.013403,0.105432,0.128830,0
8.0000,-4.7656,-2.937677,-0.214072,0.035413,-0.013387,0.105681,0.129258,0
8.0000,-4.6875,-2.934511,-0.213273,0.045681,-0.013364,0.106014,0.129835,0
8.0000,-4.6094,-2.930539,-0.212266,0.056064,-0.013334,0.106433,0.130566,0
8.0000,-4.5312,-2.925751,-0.211052,0.066586,-0.013297,0.106941,0.131460,0
8.0000,-4.4531,-2.920135,-0.209622,0.077273,-0.013251,0.107540,0.132524,0
8.0000,-4.3750,-2.913677,-0.207975,0.088153,-0.013195,0.108233,0.133770,0
8.0000,-4.2969,-2.906361,-0.206099,0.099251,-0.013129,0.109023,0.135209,0
8.0000,-4.2188,-2.898169,-0.203996,0.110597,-0.013052,0.109914,0.136856,0
8.0000,-4.1406,-2.889080,-0.201651,0.122216,-0.012961,0.110911,0.138728,0
8.0000,-4.0625,-2.879073,-0.199064,0.134138,-0.012857,0.112020,0.140843,0
8.0000,-3.9844,-2.868121,-0.196222,0.146390,-0.012737,0.113246,0.143223,0
8.0000,-3.9062,-2.856199,-0.193122,0.159001,-0.012601,0.114595,0.145892,0
8.0000,-3.8281,-2.843277,-0.189754,0.172002,-0.012447,0.116075,0.148876,0
8.0000,-3.7500,-2.829324,-0.186110,0.185419,-0.012275,0.117695,0.152207,0
8.0000,-3.6719,-2.814306,-0.182188,0.199284,-0.012084,0.119463,0.155919,0
8.0000,-3.5938,-2.798186,-0.177974,0.213622,-0.011872,0.121390,0.160046,0
8.0000,-3.5156,-2.780927,-0.173475,0.228465,-0.011640,0.123488,0.164633,0
8.0000,-3.4375,-2.762488,-0.168675,0.243837,-0.011386,0.125768,0.169721,0
8.0000,-3.3594,-2.742828,-0.163586,0.259764,-0.011110,0.128244,0.175364,0
8.0000,-3.2812,-2.721900,-0.158199,0.276270,-0.010813,0.130933,0.181610,0
8.0000,-3.2031,-2.699660,-0.152528,0.293376,-0.010493,0.133852,0.188521,0
8.0000,-3.1250,-2.676060,-0.146577,0.311099,-0.010151,0.137018,0.196155,0
8.0000,-3.0469,-2.651051,-0.140357,0.329455,-0.009786,0.140454,0.204580,0
8.0000,-2.9688,-2.624583,-0.133893,0.348461,-0.009400,0.144183,0.213866,0
8.0000,-2.8906,-2.596604,-0.127187,0.368125,-0.008991,0.148229,0.224084,0
8.0000,-2.8125,-2.567063,-0.120273,0.388467,-0.008561,0.152622,0.235319,0
8.0000,-2.7344,-2.535906,-0.113154,0.409499,-0.008110,0.157393,0.247652,0
8.0000,-2.6562,-2.503079,-0.105857,0.431236,-0.007643,0.162577,0.261177,0
8.0000,-2.5781,-2.468526,-0.098412,0.453690,-0.007162,0.168212,0.275989,0
8.0000,-2.5000,-2.432190,-0.090842,0.476851,-0.006670,0.174343,0.292182,0
8.0000,-2.4219,-2.394018,-0.083225,0.500710,-0.006171,0.181017,0.309858,0
8.0000,-2.3438,-2.353954,-0.075607,0.525239,-0.005666,0.188287,0.329106,0
8.0000,-2.2656,-2.311949,-0.068062,0.550420,-0.005155,0.196210,0.350032,0
8.0000,-2.1875,-2.267951,-0.060644,0.576255,-0.004637,0.204853,0.372752,0
8.0000,-2.1094,-2.221909,-0.053369,0.602751,-0.004116,0.214286,0.397391,0
8.0000,-2.0312,-2.173771,-0.046290,0.629934,-0.003594,0.224590,0.424096,0
8.0000,-1.9531,-2.123482,-0.039437,0.657801,-0.003076,0.235854,0.453010,0
8.0000,-1.8750,-2.070990,-0.032883,0.686342,-0.002565,0.248178,0.484278,0
8.0000,-1.7969,-2.016241,-0.026712,0.715561,-0.002061,0.261671,0.518067,0
8.0000,-1.7188,-1.959183,-0.020937,0.745476,-0.001565,0.276453,0.554564,0
8.0000,-1.6406,-1.899760,-0.015586,0.776154,-0.001078,0.292659,0.594011,0
8.0000,-1.5625,-1.837909,-0.010664,0.807651,-0.000603,0.310437,0.636665,1
8.0000,-1.4844,-1.773565,-0.006188,0.839994,-0.000145,0.329949,0.682784,1
8.0000,-1.4062,-1.706660,-0.002233,0.873232,0.000296,0.351370,0.732659,1
8.0000,-1.3281,-1.637123,0.001212,0.907426,0.000721,0.374890,0.786619,1
8.0000,-1.2500,-1.564875,0.004184,0.942661,0.001128,0.400706,0.845035,1
8.0000,-1.1719,-1.489832,0.006675,0.979018,0.001515,0.429023,0.908296,1
8.0000,-1.0938,-1.411903,0.008693,1.016511,0.001880,0.460041,0.976738,1
8.0000,-1.0156,-1.331002,0.010230,1.055146,0.002222,0.493944,1.050673,1
8.0000,-0.9375,-1.247037,0.011301,1.094937,0.002544,0.530874,1.130391,1
8.0000,-0.8594,-1.159918,0.011982,1.135810,0.002842,0.570909,1.216021,1
8.0000,-0.7812,-1.069566,0.012277,1.177575,0.003115,0.614011,1.307434,1
8.0000,-0.7031,-0.975922,0.012153,1.219938,0.003363,0.659966,1.404170,1
8.0000,-0.6250,-0.878951,0.011685,1.262452,0.003589,0.708318,1.505283,1
8.0000,-0.5469,-0.778664,0.010929,1.304477,0.003788,0.758271,1.609165,1
8.0000,-0.4688,-0.675127,0.009860,1.345127,0.003961,0.808612,1.713348,1
8.0000,-0.3906,-0.568488,0.008506,1.383249,0.004108,0.857642,1.814370,1
8.0000,-0.3125,-0.458994,0.006941,1.417497,0.004230,0.903179,1.907854,1
8.0000,-0.2344,-0.347004,0.005185,1.446396,0.004324,0.942674,1.988721,1
8.0000,-0.1562,-0.232995,0.003258,1.468419,0.004391,0.973457,2.051592,1
8.0000,-0.0781,-0.117563,0.001230,1.482240,0.004431,0.993129,2.091649,1
8.0000,0.0000,-0.001395,-0.000838,1.486993,0.004444,0.999999,2.105576,1
8.0000,0.0781,0.114779,-0.002914,1.482353,0.004428,0.993449,2.092140,1
8.0000,0.1562,0.230223,-0.004936,1.468595,0.004385,0.974072,2.052473,1
8.0000,0.2344,0.344247,-0.006830,1.446629,0.004314,0.943538,1.989932,1
8.0000,0.3125,0.456259,-0.008568,1.417780,0.004213,0.904237,1.909327,1
8.0000,0.3906,0.565775,-0.010129,1.383521,0.004085,0.858836,1.815957,1
8.0000,0.4688,0.672434,-0.011438,1.345347,0.003929,0.809892,1.714942,1
8.0000,0.5469,0.775986,-0.012461,1.304640,0.003743,0.759595,1.610721,1
8.0000,0.6250,0.876284,-0.013225,1.262535,0.003529,0.709652,1.506744,1
8.0000,0.7031,0.973257,-0.013673,1.219912,0.003288,0.661288,1.405483,1
8.0000,0.7812,1.066895,-0.013730,1.177424,0.003021,0.615306,1.308574,1
8.0000,0.8594,1.157230,-0.013428,1.135528,0.002723,0.572170,1.216983,1
8.0000,0.9375,1.244321,-0.012761,1.094537,0.002401,0.532097,1.131196,1
8.0000,1.0156,1.328251,-0.011652,1.054619,0.002054,0.495126,1.051319,1
8.0000,1.0938,1.409106,-0.010084,1.015824,0.001682,0.461185,0.977202,1
8.0000,1.1719,1.486973,-0.008060,0.978188,0.001285,0.430131,0.908608,1
8.0000,1.2500,1.561947,-0.005565,0.941720,0.000866,0.401782,0.845237,1
8.0000,1.3281,1.634117,-0.002604,0.906355,0.000426,0.375936,0.786701,1
8.0000,1.4062,1.703565,0.000866,0.872014,-0.000031,0.352390,0.732619,1
8.0000,1.4844,1.770369,0.004862,0.838635,-0.000506,0.330945,0.682638,1
8.0000,1.5625,1.834602,0.009317,0.806163,-0.000999,0.311414,0.636434,1
8.0000,1.6406,1.896332,0.014224,0.774563,-0.001505,0.293620,0.593723,0
8.0000,1.7188,1.955627,0.019583,0.743770,-0.002020,0.277399,0.554217,0
8.0000,1.7969,2.012546,0.025367,0.713710,-0.002543,0.262605,0.517648,0
8.0000,1.8750,2.067145,0.031574,0.684356,-0.003073,0.249104,0.483805,0
8.0000,1.9531,2.119477,0.038123,0.655694,-0.003610,0.236774,0.452498,0
8.0000,2.0312,2.169597,0.044945,0.627725,-0.004148,0.225505,0.423565,0
8.0000,2.1094,2.217559,0.052018,0.600446,-0.004684,0.215198,0.396848,0
8.0000,2.1875,2.263417,0.059282,0.573827,-0.005216,0.205764,0.372188,0
8.0000,2.2656,2.307220,0.066723,0.547860,-0.005739,0.197122,0.349450,0
8.0000,2.3438,2.349020,0.074287,0.522540,-0.006255,0.189201,0.328509,0
8.0000,2.4219,2.388867,0.081896,0.497883,-0.006762,0.181936,0.309255,0
8.0000,2.5000,2.426814,0.089504,0.473916,-0.007259,0.175268,0.291591,0
8.0000,2.5781,2.462916,0.097031,0.450649,-0.007743,0.169145,0.275412,0
8.0000,2.6562,2.497228,0.104448,0.428093,-0.008211,0.163518,0.260619,0
8.0000,2.7344,2.529805,0.111720,0.406240,-0.008659,0.158344,0.247112,0
8.0000,2.8125,2.560703,0.118815,0.385077,-0.009086,0.153584,0.234794,0
8.0000,2.8906,2.589974,0.125725,0.364597,-0.009490,0.149204,0.223580,0
8.0000,2.9688,2.617671,0.132410,0.344783,-0.009870,0.145172,0.213381,0
8.0000,3.0469,2.643846,0.138864,0.325628,-0.010226,0.141460,0.204122,0
8.0000,3.1250,2.668550,0.145058,0.307118,-0.010558,0.138041,0.195725,0
8.0000,3.2031,2.691833,0.150977,0.289240,-0.010866,0.134894,0.188122,0
8.0000,3.2812,2.713744,0.156615,0.271978,-0.011151,0.131996,0.181247,0
8.0000,3.3594,2.734330,0.161953,0.255312,-0.011413,0.129330,0.175036,0
8.0000,3.4375,2.753637,0.167000,0.239220,-0.011652,0.126877,0.169435,0
8.0000,3.5156,2.771708,0.171739,0.223677,-0.011869,0.124622,0.164386,0
8.0000,3.5938,2.788586,0.176186,0.208657,-0.012065,0.122553,0.159844,0
8.0000,3.6719,2.804311,0.180332,0.194131,-0.012240,0.120655,0.155762,0
8.0000,3.7500,2.818919,0.184190,0.180072,-0.012395,0.118917,0.152099,0
8.0000,3.8281,2.832447,0.187761,0.166449,-0.012532,0.117331,0.148818,0
8.0000,3.9062,2.844927,0.191052,0.153234,-0.012652,0.115885,0.145886,0
8.0000,3.9844,2.856390,0.194071,0.140397,-0.012756,0.114573,0.143274,0
8.0000,4.0625,2.866864,0.196822,0.127908,-0.012846,0.113387,0.140953,0
8.0000,4.1406,2.876375,0.199318,0.115737,-0.012922,0.112321,0.138901,0
8.0000,4.2188,2.884948,0.201559,0.103855,-0.012986,0.111368,0.137096,0
8.0000,4.2969,2.892603,0.203557,0.092234,-0.013039,0.110524,0.135520,0
8.0000,4.3750,2.899359,0.205314,0.080844,-0.013083,0.109784,0.134156,0
8.0000,4.4531,2.905235,0.206840,0.069658,-0.013119,0.109145,0.132992,0
8.0000,4.5312,2.910243,0.208136,0.058647,-0.013147,0.108603,0.132015,0
8.0000,4.6094,2.914398,0.209211,0.047783,-0.013169,0.108155,0.131215,0
8.0000,4.6875,2.917709,0.210064,0.037040,-0.013186,0.107800,0.130585,0
8.0000,4.7656,2.920186,0.210702,0.026391,-0.013198,0.107535,0.130118,0
8.0000,4.8438,2.921833,0.211126,0.015808,-0.013206,0.107359,0.129809,0
8.0000,4.9219,2.922656,0.211338,0.005265,-0.013209,0.107271,0.129655,0
10.0000,-5.0000,-3.113409,0.040821,0.009132,0.008469,0.088723,0.089599,0
10.0000,-4.9219,-3.111982,0.041119,0.027395,0.008464,0.088849,0.090071,0
10.0000,-4.8438,-3.109128,0.041712,0.045651,0.008454,0.089102,0.091015,0
10.0000,-4.7656,-3.104849,0.042594,0.063899,0.008439,0.089483,0.092432,0
10.0000,-4.6875,-3.099144,0.043757,0.082135,0.008416,0.089993,0.094324,0
10.0000,-4.6094,-3.092015,0.045185,0.100357,0.008385,0.090634,0.096692,0
10.0000,-4.5312,-3.083463,0.046859,0.118560,0.008345,0.091409,0.099537,0
10.0000,-4.4531,-3.073490,0.048748,0.136730,0.008292,0.092321,0.102859,0
10.0000,-4.3750,-3.062099,0.050815,0.154851,0.008227,0.093374,0.106657,0
10.0000,-4.2969,-3.049295,0.053013,0.172900,0.008150,0.094572,0.110927,0
10.0000,-4.2188,-3.035083,0.055299,0.190856,0.008060,0.095920,0.115665,0
10.0000,-4.1406,-3.019473,0.057631,0.208706,0.007960,0.097422,0.120865,0
10.0000,-4.0625,-3.002473,0.059981,0.226444,0.007847,0.099084,0.126526,0
10.0000,-3.9844,-2.984091,0.062317,0.244064,0.007722,0.100913,0.132644,0
10.0000,-3.9062,-2.964338,0.064609,0.261557,0.007581,0.102915,0.139215,0
10.0000,-3.8281,-2.943223,0.066811,0.278904,0.007422,0.105099,0.146233,0
10.0000,-3.7500,-2.920759,0.068877,0.296084,0.007245,0.107473,0.153688,0
10.0000,-3.6719,-2.896960,0.070766,0.313087,0.007051,0.110046,0.161573,0
10.0000,-3.5938,-2.871840,0.072462,0.329917,0.006839,0.112828,0.169889,0
10.0000,-3.5156,-2.845411,0.073953,0.346589,0.006610,0.115830,0.178641,0
10.0000,-3.4375,-2.817685,0.075231,0.363112,0.006360,0.119063,0.187835,0
10.0000,-3.3594,-2.788674,0.076269,0.379489,0.006088,0.122542,0.197475,0
10.0000,-3.2812,-2.758390,0.077043,0.395723,0.005795,0.126280,0.207567,0
10.0000,-3.2031,-2.726843,0.077550,0.411836,0.005482,0.130293,0.218129,0
10.0000,-3.1250,-2.694040,0.077803,0.427869,0.005149,0.134599,0.229188,0
10.0000,-3.0469,-2.659988,0.077820,0.443856,0.004795,0.139217,0.240778,0
10.0000,-2.9688,-2.624688,0.077589,0.459820,0.004419,0.144168,0.252926,0
10.0000,-2.8906,-2.588141,0.077111,0.475788,0.004021,0.149475,0.265668,0
10.0000,-2.8125,-2.550346,0.076394,0.491807,0.003605,0.155164,0.279054,0
10.0000,-2.7344,-2.511296,0.075477,0.507934,0.003172,0.161264,0.293147,0
10.0000,-2.6562,-2.470981,0.074371,0.524216,0.002719,0.167806,0.308010,0
10.0000,-2.5781,-2.429388,0.073075,0.540690,0.002249,0.174825,0.323706,0
10.0000,-2.5000,-2.386499,0.071602,0.557405,0.001764,0.182360,0.340314,0
10.0000,-2.4219,-2.342293,0.069977,0.574433,0.001266,0.190455,0.357930,0
10.0000,-2.3438,-2.296744,0.068237,0.591834,0.000756,0.199157,0.376658,0
10.0000,-2.2656,-2.249819,0.066371,0.609659,0.000234,0.208519,0.396602,0
10.0000,-2.1875,-2.201484,0.064391,0.627963,-0.000295,0.218602,0.417880,0
10.0000,-2.1094,-2.151700,0.062326,0.646826,-0.000829,0.229470,0.440638,0
10.0000,-2.0312,-2.100418,0.060196,0.666323,-0.001367,0.241197,0.465033,0
10.0000,-1.9531,-2.047587,0.058006,0.686511,-0.001909,0.253864,0.491224,0
10.0000,-1.8750,-1.993150,0.055749,0.707463,-0.002449,0.267563,0.519394,0
10.0000,-1.7969,-1.937046,0.053463,0.729266,-0.002985,0.282392,0.549757,0
10.0000,-1.7188,-1.879203,0.051160,0.752001,-0.003518,0.298463,0.582542,0
10.0000,-1.6406,-1.819546,0.048824,0.775738,-0.004043,0.315898,0.617989,0
10.0000,-1.5625,-1.757994,0.046475,0.800559,-0.004559,0.334830,0.656368,1
10.0000,-1.4844,-1.694458,0.044126,0.826560,-0.005063,0.355404,0.697986,1
10.0000,-1.4062,-1.628844,0.041784,0.853814,-0.005554,0.377777,0.743153,1
10.0000,-1.3281,-1.561050,0.039436,0.882384,-0.006030,0.402112,0.792193,1
10.0000,-1.2500,-1.490971,0.037090,0.912350,-0.006488,0.428581,0.845461,1
10.0000,-1.1719,-1.418495,0.034772,0.943762,-0.006928,0.457354,0.903303,1
10.0000,-1.0938,-1.343508,0.032451,0.976639,-0.007349,0.488592,0.966031,1
10.0000,-1.0156,-1.265895,0.030130,1.010976,-0.007747,0.522432,1.033924,1
10.0000,-0.9375,-1.185543,0.027833,1.046724,-0.008123,0.558965,1.107172,1
10.0000,-0.8594,-1.102345,0.025528,1.083757,-0.008475,0.598210,1.185807,1
10.0000,-0.7812,-1.016206,0.023213,1.121851,-0.008802,0.640070,1.269624,1
10.0000,-0.7031,-0.927055,0.020898,1.160683,-0.009102,0.684281,1.358106,1
10.0000,-0.6250,-0.834849,0.018561,1.199767,-0.009376,0.730352,1.450263,1
10.0000,-0.5469,-0.739592,0.016193,1.238424,-0.009621,0.777487,1.544488,1
10.0000,-0.4688,-0.641346,0.013794,1.275796,-0.009837,0.824532,1.638483,1
10.0000,-0.3906,-0.540249,0.011357,1.310812,-0.010024,0.869930,1.729139,1
10.0000,-0.3125,-0.436531,0.008873,1.342203,-0.010180,0.911741,1.812570,1
10.0000,-0.2344,-0.330529,0.006345,1.368629,-0.010305,0.947756,1.884387,1
10.0000,-0.1562,-0.222683,0.003783,1.388765,-0.010398,0.975708,1.940090,1
10.0000,-0.0781,-0.113535,0.001195,1.401452,-0.010460,0.993589,1.975665,1
10.0000,0.0000,-0.003706,-0.001406,1.405923,-0.010488,0.999993,1.988345,1
10.0000,0.0781,0.106141,-0.003995,1.401889,-0.010483,0.994393,1.977087,1
10.0000,0.1562,0.215339,-0.006559,1.389589,-0.010445,0.977254,1.942792,1
10.0000,0.2344,0.323264,-0.009085,1.369792,-0.010373,0.949933,1.888174,1
10.0000,0.3125,0.429369,-0.011560,1.343621,-0.010268,0.914408,1.817164,1
10.0000,0.3906,0.533205,-0.013981,1.312383,-0.010130,0.872940,1.734239,1
10.0000,0.4688,0.634429,-0.016351,1.277449,-0.009960,0.827752,1.643846,1
10.0000,0.5469,0.732806,-0.018679,1.240078,-0.009757,0.780802,1.549890,1
10.0000,0.6250,0.828191,-0.020968,1.201344,-0.009522,0.733672,1.455520,1
10.0000,0.7031,0.920516,-0.023226,1.162146,-0.009256,0.687545,1.363116,1
10.0000,0.7812,1.009776,-0.025476,1.123159,-0.008960,0.643234,1.274308,1
10.0000,0.8594,1.096010,-0.027713,1.084870,-0.008633,0.601250,1.190108,1
10.0000,0.9375,1.179287,-0.029940,1.047631,-0.008280,0.561868,1.111083,1
10.0000,1.0156,1.259702,-0.032190,1.011665,-0.007899,0.525195,1.037446,1
10.0000,1.0938,1.337360,-0.034442,0.977096,-0.007492,0.491218,0.969169,1
10.0000,1.1719,1.412373,-0.036695,0.943981,-0.007062,0.459849,0.906073,1
10.0000,1.2500,1.484857,-0.038982,0.912336,-0.006610,0.430954,0.847894,1
10.0000,1.3281,1.554926,-0.041278,0.882137,-0.006137,0.404372,0.794311,1
10.0000,1.4062,1.622691,-0.043578,0.853322,-0.005646,0.379934,0.744970,1
10.0000,1.4844,1.688257,-0.045895,0.825834,-0.005138,0.357469,0.699535,1
10.0000,1.5625,1.751727,-0.048221,0.799609,-0.004617,0.336812,0.657677,0
10.0000,1.6406,1.813196,-0.050548,0.774550,-0.004084,0.317806,0.619066,0
10.0000,1.7188,1.872751,-0.052858,0.750579,-0.003541,0.300306,0.583409,0
10.0000,1.7969,1.930474,-0.055165,0.727621,-0.002993,0.284177,0.550441,0
10.0000,1.8750,1.986442,-0.057459,0.705594,-0.002440,0.269297,0.519909,0
10.0000,1.9531,2.040723,-0.059704,0.684409,-0.001885,0.255555,0.491577,0
10.0000,2.0312,2.093381,-0.061909,0.663989,-0.001332,0.242849,0.465241,0
10.0000,2.1094,2.144471,-0.064068,0.644273,-0.000782,0.231089,0.440722,0
10.0000,2.1875,2.194048,-0.066163,0.625182,-0.000237,0.220193,0.417847,0
10.0000,2.2656,2.242156,-0.068167,0.606636,0.000300,0.210088,0.396454,0
10.0000,2.3438,2.288835,-0.070068,0.588575,0.000826,0.200706,0.376411,0
10.0000,2.4219,2.334121,-0.071877,0.570943,0.001339,0.191989,0.357599,0
10.0000,2.5000,2.378045,-0.073558,0.553678,0.001839,0.183882,0.339906,0
10.0000,2.5781,2.420633,-0.075088,0.536704,0.002324,0.176338,0.323221,0
10.0000,2.6562,2.461905,-0.076452,0.519971,0.002790,0.169314,0.307457,0
10.0000,2.7344,2.501879,-0.077651,0.503435,0.003237,0.162769,0.292542,0
10.0000,2.8125,2.540567,-0.078673,0.487047,0.003666,0.156670,0.278405,0
10.0000,2.8906,2.577980,-0.079480,0.470745,0.004074,0.150984,0.264974,0
10.0000,2.9688,2.614121,-0.080062,0.454479,0.004462,0.145683,0.252192,0
10.0000,3.0469,2.648992,-0.080415,0.438218,0.004826,0.140741,0.240018,0
10.0000,3.1250,2.682592,-0.080547,0.421932,0.005169,0.136135,0.228416,0
10.0000,3.2031,2.714919,-0.080439,0.405581,0.005490,0.131843,0.217347,0
10.0000,3.2812,2.745964,-0.080076,0.389123,0.005791,0.127846,0.206779,0
10.0000,3.3594,2.775719,-0.079457,0.372528,0.006070,0.124127,0.196690,0
10.0000,3.4375,2.804172,-0.078601,0.355786,0.006326,0.120671,0.187067,0
10.0000,3.5156,2.831311,-0.077529,0.338890,0.006562,0.117463,0.177905,0
10.0000,3.5938,2.857123,-0.076245,0.321824,0.006778,0.114490,0.169193,0
10.0000,3.6719,2.881596,-0.074761,0.304568,0.006977,0.111740,0.160925,0
10.0000,3.7500,2.904712,-0.073085,0.287115,0.007158,0.109202,0.153098,0
10.0000,3.8281,2.926458,-0.071258,0.269469,0.007320,0.106866,0.145719,0
10.0000,3.9062,2.946817,-0.069318,0.251648,0.007464,0.104724,0.138796,0
10.0000,3.9844,2.965777,-0.067310,0.233664,0.007593,0.102768,0.132338,0
10.0000,4.0625,2.983327,-0.065262,0.215528,0.007708,0.100989,0.126349,0
10.0000,4.1406,2.999454,-0.063204,0.197243,0.007811,0.099382,0.120835,0
10.0000,4.2188,3.014146,-0.061166,0.178815,0.007902,0.097939,0.115800,0
10.0000,4.2969,3.027394,-0.059188,0.160260,0.007981,0.096657,0.111252,0
10.0000,4.3750,3.039187,-0.057314,0.141598,0.008047,0.095529,0.107198,0
10.0000,4.4531,3.049518,-0.055588,0.122853,0.008101,0.094551,0.103644,0
10.0000,4.5312,3.058383,-0.054052,0.104045,0.008144,0.093720,0.100595,0
10.0000,4.6094,3.065775,-0.052734,0.085191,0.008176,0.093033,0.098054,0
10.0000,4.6875,3.071694,-0.051658,0.066300,0.008200,0.092487,0.096020,0
10.0000,4.7656,3.076135,-0.050838,0.047379,0.008217,0.092078,0.094494,0
10.0000,4.8438,3.079097,-0.050286,0.028437,0.008228,0.091807,0.093477,0
10.0000,4.9219,3.080578,-0.050008,0.009481,0.008234,0.091672,0.092968,0
12.0000,-5.0000,-2.849627,0.167009,0.006746,-0.003146,0.115346,0.129326,0
12.0000,-4.9219,-2.848573,0.166627,0.020250,-0.003136,0.115466,0.129565,0
12.0000,-4.8438,-2.846463,0.165851,0.033781,-0.003119,0.115709,0.130044,0
12.0000,-4.7656,-2.843294,0.164676,0.047352,-0.003092,0.116073,0.130765,0
12.0000,-4.6875,-2.839064,0.163119,0.060976,-0.003058,0.116562,0.131737,0
12.0000,-4.6094,-2.833767,0.161209,0.074666,-0.003015,0.117177,0.132971,0
12.0000,-4.5312,-2.827398,0.158965,0.088432,-0.002965,0.117920,0.134479,0
12.0000,-4.4531,-2.819949,0.156391,0.102284,-0.002906,0.118796,0.136269,0
12.0000,-4.3750,-2.811416,0.153493,0.116228,-0.002838,0.119807,0.138355,0
12.0000,-4.2969,-2.801789,0.150298,0.130276,-0.002762,0.120957,0.140753,0
12.0000,-4.2188,-2.791060,0.146848,0.144433,-0.002680,0.122252,0.143480,0
12.0000,-4.1406,-2.779221,0.143171,0.158691,-0.002594,0.123697,0.146554,0
12.0000,-4.0625,-2.766265,0.139290,0.173039,-0.002502,0.125297,0.149987,0
12.0000,-3.9844,-2.752184,0.135228,0.187482,-0.002403,0.127060,0.153797,0
12.0000,-3.9062,-2.736971,0.131020,0.202029,-0.002297,0.128991,0.158002,0
12.0000,-3.8281,-2.720617,0.126692,0.216683,-0.002187,0.131100,0.162623,0
12.0000,-3.7500,-2.703114,0.122264,0.231435,-0.002074,0.133394,0.167673,0
12.0000,-3.6719,-2.684455,0.117764,0.246282,-0.001958,0.135884,0.173169,0
12.0000,-3.5938,-2.664632,0.113233,0.261227,-0.001842,0.138578,0.179134,0
12.0000,-3.5156,-2.643638,0.108705,0.276269,-0.001728,0.141489,0.185587,0
12.0000,-3.4375,-2.621465,0.104191,0.291405,-0.001615,0.144628,0.192543,0
12.0000,-3.3594,-2.598106,0.099711,0.306643,-0.001504,0.148009,0.200025,0
12.0000,-3.2812,-2.573552,0.095290,0.322002,-0.001395,0.151646,0.208061,0
12.0000,-3.2031,-2.547794,0.090945,0.337495,-0.001288,0.155556,0.216676,0
12.0000,-3.1250,-2.520819,0.086674,0.353134,-0.001185,0.159755,0.225898,0
12.0000,-3.0469,-2.492616,0.082495,0.368939,-0.001085,0.164263,0.235761,0
12.0000,-2.9688,-2.463172,0.078423,0.384939,-0.000991,0.169102,0.246305,0
12.0000,-2.8906,-2.432470,0.074467,0.401153,-0.000903,0.174295,0.257569,0
12.0000,-2.8125,-2.400492,0.070621,0.417602,-0.000823,0.179868,0.269597,0
12.0000,-2.7344,-2.367219,0.066901,0.434322,-0.000751,0.185849,0.282445,0
12.0000,-2.6562,-2.332629,0.063317,0.451346,-0.000688,0.192270,0.296171,0
12.0000,-2.5781,-2.296696,0.059858,0.468704,-0.000636,0.199166,0.310839,0
12.0000,-2.5000,-2.259394,0.056528,0.486434,-0.000595,0.206575,0.326521,0
12.0000,-2.4219,-2.220691,0.053333,0.504585,-0.000564,0.214541,0.343304,0
12.0000,-2.3438,-2.180553,0.050273,0.523197,-0.000546,0.223110,0.361277,0
12.0000,-2.2656,-2.138942,0.047333,0.542313,-0.000540,0.232336,0.380541,0
12.0000,-2.1875,-2.095816,0.044522,0.561990,-0.000546,0.242276,0.401214,0
12.0000,-2.1094,-2.051131,0.041840,0.582283,-0.000564,0.252996,0.423425,0
12.0000,-2.0312,-2.004835,0.039270,0.603243,-0.000595,0.264566,0.447311,0
12.0000,-1.9531,-1.956874,0.036817,0.624932,-0.000637,0.277067,0.473034,0
12.0000,-1.8750,-1.907189,0.034479,0.647417,-0.000690,0.290587,0.500771,0
12.0000,-1.7969,-1.855715,0.032248,0.670759,-0.000755,0.305222,0.530712,0
12.0000,-1.7188,-1.802383,0.030114,0.695025,-0.000830,0.321080,0.563071,0
12.0000,-1.6406,-1.747117,0.028084,0.720292,-0.000914,0.338277,0.598087,0
12.0000,-1.5625,-1.689837,0.026148,0.746624,-0.001008,0.356942,0.636010,0
12.0000,-1.4844,-1.630457,0.024292,0.774092,-0.001108,0.377213,0.677118,0
12.0000,-1.4062,-1.568885,0.022527,0.802766,-0.001215,0.399236,0.721706,1
12.0000,-1.3281,-1.505025,0.020838,0.832704,-0.001327,0.423166,0.770081,1
12.0000,-1.2500,-1.438775,0.019216,0.863957,-0.001443,0.449161,0.822558,1
12.0000,-1.1719,-1.370032,0.017667,0.896562,-0.001561,0.477375,0.879448,1
12.0000,-1.0938,-1.298688,0.016176,0.930529,-0.001680,0.507953,0.941034,1
12.0000,-1.0156,-1.224637,0.014737,0.965829,-0.001799,0.541009,1.007545,1
12.0000,-0.9375,-1.147777,0.013348,1.002395,-0.001916,0.576615,1.079122,1
12.0000,-0.8594,-1.068013,0.012000,1.040081,-0.002030,0.614764,1.155748,1
12.0000,-0.7812,-0.985264,0.010684,1.078653,-0.002138,0.655338,1.237177,1
12.0000,-0.7031,-0.899473,0.009395,1.117771,-0.002240,0.698058,1.322853,1
12.0000,-0.6250,-0.810612,0.008127,1.156938,-0.002335,0.742426,1.411766,1
12.0000,-0.5469,-0.718701,0.006867,1.195496,-0.002421,0.787665,1.502356,1
12.0000,-0.4688,-0.623816,0.005616,1.232600,-0.002496,0.832663,1.592403,1
12.0000,-0.3906,-0.526108,0.004366,1.267213,-0.002561,0.875951,1.678955,1
12.0000,-0.3125,-0.425814,0.003106,1.298150,-0.002613,0.915720,1.758408,1
12.0000,-0.2344,-0.323272,0.001849,1.324138,-0.002651,0.949930,1.826694,1
12.0000,-0.1562,-0.218918,0.000583,1.343932,-0.002677,0.976507,1.879680,1
12.0000,-0.0781,-0.113282,-0.000686,1.356475,-0.002687,0.993618,1.913728,1
12.0000,0.0000,-0.006968,-0.001944,1.361033,-0.002683,0.999976,1.926280,1
12.0000,0.0781,0.099379,-0.003201,1.357324,-0.002665,0.995082,1.916347,1
12.0000,0.1562,0.205113,-0.004442,1.345570,-0.002632,0.979327,1.884709,1
12.0000,0.2344,0.309624,-0.005662,1.326447,-0.002586,0.953909,1.833743,1
12.0000,0.3125,0.412371,-0.006873,1.300984,-0.002525,0.920610,1.766995,1
12.0000,0.3906,0.512903,-0.008063,1.270411,-0.002452,0.881489,1.688568,1
12.0000,0.4688,0.610872,-0.009245,1.235997,-0.002367,0.838604,1.602557,1
12.0000,0.5469,0.706028,-0.010429,1.198952,-0.002270,0.793799,1.512652,1
12.0000,0.6250,0.798209,-0.011613,1.160326,-0.002164,0.748589,1.421882,1
12.0000,0.7031,0.887329,-0.012815,1.120988,-0.002050,0.704129,1.332557,1
12.0000,0.7812,0.973363,-0.014043,1.081627,-0.001928,0.661235,1.246322,1
12.0000,0.8594,1.056333,-0.015301,1.042746,-0.001801,0.620437,1.164236,1
12.0000,0.9375,1.136292,-0.016601,1.004710,-0.001670,0.582038,1.086912,1
12.0000,1.0156,1.213319,-0.017953,0.967768,-0.001537,0.546173,1.014632,1
12.0000,1.0938,1.287506,-0.019361,0.932064,-0.001403,0.512861,0.947425,1
12.0000,1.1719,1.358954,-0.020830,0.897682,-0.001269,0.482038,0.885174,1
12.0000,1.2500,1.427769,-0.022376,0.864654,-0.001138,0.453594,0.827659,1
12.0000,1.3281,1.494056,-0.023996,0.832969,-0.001011,0.427388,0.774595,1
12.0000,1.4062,1.557920,-0.025695,0.802596,-0.000889,0.403266,0.725677,1
12.0000,1.4844,1.619462,-0.027492,0.773487,-0.000774,0.381070,0.680591,0
12.0000,1.5625,1.678777,-0.029375,0.745579,-0.000666,0.360646,0.639025,0
12.0000,1.6406,1.735958,-0.031358,0.718803,-0.000568,0.341846,0.600683,0
12.0000,1.7188,1.791090,-0.033451,0.693095,-0.000480,0.324530,0.565289,0
12.0000,1.7969,1.844254,-0.035648,0.668380,-0.000402,0.308569,0.532584,0
12.0000,1.8750,1.895525,-0.037958,0.644584,-0.000337,0.293846,0.502328,0
12.0000,1.9531,1.944971,-0.040389,0.621647,-0.000285,0.280253,0.474311,0
12.0000,2.0312,1.992657,-0.042943,0.599497,-0.000244,0.267690,0.448334,0
12.0000,2.1094,2.038642,-0.045616,0.578069,-0.000217,0.256070,0.424218,0
12.0000,2.1875,2.082980,-0.048422,0.557307,-0.000204,0.245311,0.401808,0
12.0000,2.2656,2.125721,-0.051364,0.537154,-0.000204,0.235342,0.380960,0
12.0000,2.3438,2.166911,-0.054431,0.517551,-0.000217,0.226096,0.361541,0
12.0000,2.4219,2.206589,-0.057638,0.498451,-0.000243,0.217515,0.343438,0
12.0000,2.5000,2.244794,-0.060983,0.479812,-0.000281,0.209547,0.326552,0
12.0000,2.5781,2.281559,-0.064462,0.461582,-0.000330,0.202141,0.310785,0
12.0000,2.6562,2.316916,-0.068069,0.443722,-0.000391,0.195257,0.296055,0
12.0000,2.7344,2.350891,-0.071814,0.426201,-0.000463,0.188854,0.282292,0
12.0000,2.8125,2.383510,-0.075685,0.408983,-0.000543,0.182897,0.269431,0
12.0000,2.8906,2.414794,-0.079668,0.392034,-0.000631,0.177354,0.257408,0
12.0000,2.9688,2.444765,-0.083765,0.375331,-0.000727,0.172197,0.246176,0
12.0000,3.0469,2.473440,-0.087967,0.358855,-0.000829,0.167399,0.235690,0
12.0000,3.1250,2.500836,-0.092257,0.342578,-0.000934,0.162937,0.225904,0
12.0000,3.2031,2.526968,-0.096617,0.326481,-0.001044,0.158788,0.216780,0
12.0000,3.2812,2.551849,-0.101046,0.310552,-0.001156,0.154934,0.208289,0
12.0000,3.3594,2.575491,-0.105525,0.294779,-0.001271,0.151356,0.200398,0
12.0000,3.4375,2.597908,-0.110029,0.279145,-0.001387,0.148038,0.193078,0
12.0000,3.5156,2.619108,-0.114537,0.263642,-0.001504,0.144966,0.186303,0
12.0000,3.5938,2.639102,-0.119034,0.248275,-0.001623,0.142126,0.180054,0
12.0000,3.6719,2.657901,-0.123490,0.233045,-0.001741,0.139505,0.174307,0
12.0000,3.7500,2.675515,-0.127862,0.217948,-0.001856,0.137092,0.169038,0
12.0000,3.8281,2.691955,-0.132123,0.202989,-0.001969,0.134878,0.164228,0
12.0000,3.9062,2.707232,-0.136253,0.188175,-0.002077,0.132851,0.159857,0
12.0000,3.9844,2.721358,-0.140228,0.173505,-0.002178,0.131004,0.155905,0
12.0000,4.0625,2.734342,-0.144014,0.158965,-0.002272,0.129328,0.152349,0
12.0000,4.1406,2.746196,-0.147590,0.144554,-0.002360,0.127817,0.149171,0
12.0000,4.2188,2.756929,-0.150935,0.130277,-0.002444,0.126463,0.146355,0
12.0000,4.2969,2.766552,-0.154022,0.116140,-0.002521,0.125262,0.143882,0
12.0000,4.3750,2.775076,-0.156816,0.102135,-0.002590,0.124207,0.141732,0
12.0000,4.4531,2.782510,-0.159292,0.088250,-0.002650,0.123294,0.139888,0
12.0000,4.5312,2.788865,-0.161445,0.074472,-0.002702,0.122519,0.138336,0
12.0000,4.6094,2.794147,-0.163273,0.060791,-0.002746,0.121878,0.137067,0
12.0000,4.6875,2.798363,-0.164761,0.047191,-0.002781,0.121369,0.136068,0
12.0000,4.7656,2.801520,-0.165883,0.033657,-0.002807,0.120989,0.135326,0
12.0000,4.8438,2.803622,-0.166623,0.020172,-0.002825,0.120737,0.134834,0
12.0000,4.9219,2.804672,-0.166988,0.006720,-0.002835,0.120611,0.134588,0
14.0000,-5.0000,-2.612311,0.065926,0.005078,-0.002715,0.145944,0.148133,0
14.0000,-4.9219,-2.611517,0.065938,0.015237,-0.002728,0.146059,0.148352,0
14.0000,-4.8438,-2.609930,0.065963,0.025411,-0.002751,0.146288,0.148790,0
14.0000,-4.7656,-2.607547,0.066000,0.035619,-0.002786,0.146634,0.149449,0
14.0000,-4.6875,-2.604365,0.066045,0.045874,-0.002832,0.147096,0.150333,0
14.0000,-4.6094,-2.600379,0.066098,0.056181,-0.002890,0.147677,0.151443,0
14.0000,-4.5312,-2.595586,0.066161,0.066553,-0.002955,0.148378,0.152786,0
14.0000,-4.4531,-2.589980,0.066230,0.077011,-0.003029,0.149203,0.154367,0
14.0000,-4.3750,-2.583553,0.066298,0.087568,-0.003109,0.150154,0.156191,0
14.0000,-4.2969,-2.576298,0.066362,0.098231,-0.003196,0.151235,0.158268,0
14.0000,-4.2188,-2.568205,0.066426,0.109015,-0.003287,0.152450,0.160605,0
14.0000,-4.1406,-2.559264,0.066487,0.119939,-0.003379,0.153803,0.163213,0
14.0000,-4.0625,-2.549464,0.066528,0.131019,-0.003472,0.155299,0.166103,0
14.0000,-3.9844,-2.538792,0.066547,0.142268,-0.003565,0.156945,0.169288,0
14.0000,-3.9062,-2.527235,0.066551,0.153704,-0.003655,0.158746,0.172783,0
14.0000,-3.8281,-2.514776,0.066533,0.165341,-0.003740,0.160711,0.176603,0
14.0000,-3.7500,-2.501400,0.066473,0.177199,-0.003819,0.162846,0.180767,0
14.0000,-3.6719,-2.487089,0.066371,0.189301,-0.003888,0.165161,0.185294,0
14.0000,-3.5938,-2.471822,0.066226,0.201664,-0.003948,0.167667,0.190208,0
14.0000,-3.5156,-2.455579,0.066029,0.214302,-0.003997,0.170372,0.195531,0
14.0000,-3.4375,-2.438337,0.065773,0.227238,-0.004032,0.173291,0.201290,0
14.0000,-3.3594,-2.420073,0.065452,0.240500,-0.004050,0.176435,0.207516,0
14.0000,-3.2812,-2.400759,0.065052,0.254109,-0.004052,0.179821,0.214243,0
14.0000,-3.2031,-2.380368,0.064568,0.268084,-0.004037,0.183463,0.221504,0
14.0000,-3.1250,-2.358871,0.064004,0.282449,-0.004003,0.187379,0.229340,0
14.0000,-3.0469,-2.336236,0.063353,0.297227,-0.003948,0.191591,0.237795,0
14.0000,-2.9688,-2.312429,0.062600,0.312443,-0.003870,0.196118,0.246914,0
14.0000,-2.8906,-2.287416,0.061742,0.328130,-0.003770,0.200985,0.256754,0
14.0000,-2.8125,-2.261159,0.060779,0.344311,-0.003648,0.206219,0.267370,0
14.0000,-2.7344,-2.233618,0.059707,0.361008,-0.003503,0.211848,0.278824,0
14.0000,-2.6562,-2.204752,0.058532,0.378246,-0.003335,0.217906,0.291184,0
14.0000,-2.5781,-2.174517,0.057255,0.396055,-0.003143,0.224427,0.304526,0
14.0000,-2.5000,-2.142868,0.055870,0.414463,-0.002927,0.231450,0.318931,0
14.0000,-2.4219,-2.109757,0.054377,0.433503,-0.002687,0.239020,0.334491,0
14.0000,-2.3438,-2.075133,0.052789,0.453208,-0.002425,0.247184,0.351305,0
14.0000,-2.2656,-2.038943,0.051108,0.473601,-0.002142,0.255995,0.369478,0
14.0000,-2.1875,-2.001133,0.049348,0.494714,-0.001839,0.265512,0.389128,0
14.0000,-2.1094,-1.961644,0.047522,0.516582,-0.001516,0.275800,0.410383,0
14.0000,-2.0312,-1.920417,0.045632,0.539240,-0.001175,0.286930,0.433384,0
14.0000,-1.9531,-1.877388,0.043690,0.562730,-0.000815,0.298980,0.458289,0
14.0000,-1.8750,-1.832491,0.041703,0.587099,-0.000439,0.312039,0.485270,0
14.0000,-1.7969,-1.785654,0.039681,0.612387,-0.000049,0.326202,0.514514,0
14.0000,-1.7188,-1.736805,0.037636,0.638640,0.000352,0.341574,0.546226,0
14.0000,-1.6406,-1.685867,0.035584,0.665905,0.000761,0.358268,0.580627,0
14.0000,-1.5625,-1.632757,0.033533,0.694227,0.001175,0.376410,0.617956,0
14.0000,-1.4844,-1.577394,0.031493,0.723655,0.001593,0.396131,0.658472,0
14.0000,-1.4062,-1.519686,0.029476,0.754235,0.002012,0.417574,0.702448,0
14.0000,-1.3281,-1.459544,0.027478,0.786009,0.002431,0.440884,0.750170,0
14.0000,-1.2500,-1.396872,0.025511,0.819011,0.002846,0.466211,0.801927,1
14.0000,-1.1719,-1.331574,0.023573,0.853257,0.003256,0.493698,0.858000,1
14.0000,-1.0938,-1.263551,0.021661,0.888739,0.003659,0.523476,0.918640,1
14.0000,-1.0156,-1.192708,0.019783,0.925416,0.004050,0.555649,0.984042,1
14.0000,-0.9375,-1.118955,0.017930,0.963196,0.004427,0.590271,1.054306,1
14.0000,-0.8594,-1.042209,0.016103,1.001923,0.004789,0.627323,1.129379,1
14.0000,-0.7812,-0.962404,0.014299,1.041353,0.005130,0.666676,1.208990,1
14.0000,-0.7031,-0.879497,0.012510,1.081132,0.005449,0.708045,1.292551,1
14.0000,-0.6250,-0.793478,0.010732,1.120768,0.005742,0.750936,1.379061,1
14.0000,-0.5469,-0.704377,0.008959,1.159614,0.006008,0.794596,1.466996,1
14.0000,-0.4688,-0.612288,0.007184,1.196841,0.006244,0.837957,1.554207,1
14.0000,-0.3906,-0.517371,0.005404,1.231456,0.006447,0.879625,1.637893,1
14.0000,-0.3125,-0.419873,0.003615,1.262322,0.006615,0.917895,1.714643,1
14.0000,-0.2344,-0.320133,0.001816,1.288226,0.006748,0.950858,1.780637,1
14.0000,-0.1562,-0.218588,0.000012,1.307994,0.006843,0.976576,1.832016,1
14.0000,-0.0781,-0.115759,-0.001793,1.320612,0.006899,0.993337,1.865363,1
14.0000,0.0000,-0.012242,-0.003591,1.325382,0.006916,0.999925,1.878267,1
14.0000,0.0781,0.091332,-0.005374,1.322020,0.006894,0.995844,1.869742,1
14.0000,0.1562,0.194324,-0.007132,1.310704,0.006833,0.981412,1.840425,1
14.0000,0.2344,0.296129,-0.008863,1.292054,0.006732,0.957701,1.792456,1
14.0000,0.3125,0.396207,-0.010564,1.267019,0.006593,0.926336,1.729073,1
14.0000,0.3906,0.494101,-0.012237,1.236753,0.006418,0.889228,1.654093,1
14.0000,0.4688,0.589450,-0.013889,1.202471,0.006207,0.848310,1.571383,1
14.0000,0.5469,0.681987,-0.015525,1.165330,0.005963,0.805343,1.484467,1
14.0000,0.6250,0.771533,-0.017155,1.126365,0.005688,0.761794,1.396296,1
14.0000,0.7031,0.857982,-0.018790,1.086440,0.005384,0.718801,1.309157,1
14.0000,0.7812,0.941289,-0.020434,1.046243,0.005054,0.677184,1.224707,1
14.0000,0.8594,1.021457,-0.022097,1.006303,0.004701,0.637489,1.144057,1
14.0000,0.9375,1.098524,-0.023784,0.967001,0.004327,0.600043,1.067871,1
14.0000,1.0156,1.172551,-0.025495,0.928606,0.003936,0.565004,0.996483,1
14.0000,1.0938,1.243618,-0.027239,0.891295,0.003530,0.532414,0.929988,1
14.0000,1.1719,1.311816,-0.029009,0.855173,0.003113,0.502230,0.868311,1
14.0000,1.2500,1.377239,-0.030807,0.820293,0.002688,0.474359,0.811276,1
14.0000,1.3281,1.439987,-0.032633,0.786673,0.002257,0.448675,0.758638,0
14.0000,1.4062,1.500157,-0.034476,0.754302,0.001822,0.425036,0.710121,0
14.0000,1.4844,1.557846,-0.036338,0.723153,0.001387,0.403293,0.665435,0
14.0000,1.5625,1.613149,-0.038207,0.693190,0.000954,0.383300,0.624294,0
14.0000,1.6406,1.666157,-0.040072,0.664368,0.000525,0.364913,0.586419,0
14.0000,1.7188,1.716957,-0.041924,0.636644,0.000102,0.347997,0.551547,0
14.0000,1.7969,1.765633,-0.043749,0.609973,-0.000310,0.332428,0.519434,0
14.0000,1.8750,1.812265,-0.045531,0.584306,-0.000709,0.318087,0.489848,0
14.0000,1.9531,1.856931,-0.047265,0.559598,-0.001092,0.304869,0.462581,0
14.0000,2.0312,1.899702,-0.048939,0.535803,-0.001457,0.292675,0.437437,0
14.0000,2.1094,1.940650,-0.050545,0.512873,-0.001803,0.281417,0.414238,0
14.0000,2.1875,1.979839,-0.052080,0.490768,-0.002129,0.271015,0.392823,0
14.0000,2.2656,2.017332,-0.053532,0.469449,-0.002434,0.261395,0.373045,0
14.0000,2.3438,2.053190,-0.054890,0.448880,-0.002717,0.252492,0.354771,0
14.0000,2.4219,2.087470,-0.056151,0.429030,-0.002978,0.244245,0.337882,0
14.0000,2.5000,2.120226,-0.057306,0.409864,-0.003213,0.236602,0.322265,0
14.0000,2.5781,2.151511,-0.058355,0.391344,-0.003422,0.229512,0.307816,0
14.0000,2.6562,2.181374,-0.059305,0.373437,-0.003607,0.222932,0.294444,0
14.0000,2.7344,2.209861,-0.060157,0.356109,-0.003766,0.216822,0.282063,0
14.0000,2.8125,2.237016,-0.060905,0.339331,-0.003902,0.211146,0.270597,0
14.0000,2.8906,2.262881,-0.061556,0.323077,-0.004014,0.205872,0.259979,0
14.0000,2.9688,2.287497,-0.062109,0.307320,-0.004102,0.200969,0.250143,0
14.0000,3.0469,2.310900,-0.062570,0.292026,-0.004166,0.196412,0.241030,0
14.0000,3.1250,2.333126,-0.062953,0.277165,-0.004209,0.192176,0.232587,0
14.0000,3.2031,2.354207,-0.063264,0.262713,-0.004231,0.188240,0.224768,0
14.0000,3.2812,2.374175,-0.063502,0.248644,-0.004234,0.184583,0.217527,0
14.0000,3.3594,2.393058,-0.063672,0.234936,-0.004220,0.181188,0.210827,0
14.0000,3.4375,2.410883,-0.063787,0.221567,-0.004188,0.178038,0.204632,0
14.0000,3.5156,2.427677,-0.063851,0.208506,-0.004142,0.175120,0.198908,0
14.0000,3.5938,2.443463,-0.063875,0.195731,-0.004083,0.172418,0.193624,0
14.0000,3.6719,2.458260,-0.063864,0.183225,-0.004015,0.169923,0.188758,0
14.0000,3.7500,2.472091,-0.063820,0.170972,-0.003937,0.167622,0.184283,0
14.0000,3.8281,2.484975,-0.063745,0.158945,-0.003851,0.165506,0.180178,0
14.0000,3.9062,2.496927,-0.063655,0.147126,-0.003761,0.163566,0.176423,0
14.0000,3.9844,2.507963,-0.063557,0.135499,-0.003667,0.161795,0.173001,0
14.0000,4.0625,2.518098,-0.063445,0.124046,-0.003573,0.160185,0.169897,0
14.0000,4.1406,2.527345,-0.063322,0.112752,-0.003479,0.158729,0.167096,0
14.0000,4.2188,2.535716,-0.063202,0.101602,-0.003387,0.157422,0.164586,0
14.0000,4.2969,2.543221,-0.063089,0.090577,-0.003299,0.156260,0.162356,0
14.0000,4.3750,2.549868,-0.062978,0.079661,-0.003217,0.155237,0.160397,0
14.0000,4.4531,2.555668,-0.062872,0.068845,-0.003142,0.154350,0.158700,0
14.0000,4.5312,2.560626,-0.062779,0.058117,-0.003076,0.153596,0.157259,0
14.0000,4.6094,2.564748,-0.062700,0.047456,-0.003017,0.152972,0.156066,0
14.0000,4.6875,2.568040,-0.062634,0.036848,-0.002970,0.152475,0.155118,0
14.0000,4.7656,2.570506,-0.062582,0.026288,-0.002935,0.152104,0.154410,0
14.0000,4.8438,2.572148,-0.062547,0.015763,-0.002910,0.151857,0.153940,0
14.0000,4.9219,2.572969,-0.062531,0.005253,-0.002897,0.151734,0.153705,0
16.0000,-5.0000,-2.554046,0.003081,0.005340,0.004319,0.154598,0.154624,0
16.0000,-4.9219,-2.553212,0.003092,0.016024,0.004334,0.154725,0.154865,0
16.0000,-4.8438,-2.551542,0.003120,0.026722,0.004364,0.154981,0.155349,0
16.0000,-4.7656,-2.549037,0.003162,0.037443,0.004408,0.155365,0.156077,0
16.0000,-4.6875,-2.545692,0.003213,0.048196,0.004466,0.155879,0.157052,0
16.0000,-4.6094,-2.541506,0.003279,0.058992,0.004538,0.156525,0.158276,0
16.0000,-4.5312,-2.536474,0.003362,0.069839,0.004621,0.157305,0.159754,0
16.0000,-4.4531,-2.530594,0.003454,0.080746,0.004716,0.158221,0.161491,0
16.0000,-4.3750,-2.523858,0.003558,0.091726,0.004820,0.159276,0.163494,0
16.0000,-4.2969,-2.516261,0.003679,0.102788,0.004932,0.160475,0.165768,0
16.0000,-4.2188,-2.507797,0.003812,0.113939,0.005051,0.161821,0.168323,0
16.0000,-4.1406,-2.498458,0.003955,0.125195,0.005175,0.163319,0.171166,0
16.0000,-4.0625,-2.488236,0.004112,0.136566,0.005302,0.164975,0.174310,0
16.0000,-3.9844,-2.477120,0.004283,0.148061,0.005431,0.166793,0.177764,0
16.0000,-3.9062,-2.465101,0.004464,0.159692,0.005560,0.168781,0.181543,0
16.0000,-3.8281,-2.452168,0.004657,0.171477,0.005686,0.170946,0.185659,0
16.0000,-3.7500,-2.438308,0.004862,0.183425,0.005808,0.173296,0.190130,0
16.0000,-3.6719,-2.423508,0.005078,0.195547,0.005924,0.175840,0.194972,0
16.0000,-3.5938,-2.407754,0.005306,0.207863,0.006034,0.178587,0.200205,0
16.0000,-3.5156,-2.391029,0.005542,0.220386,0.006133,0.181550,0.205850,0
16.0000,-3.4375,-2.373318,0.005786,0.233132,0.006221,0.184738,0.211930,0
16.0000,-3.3594,-2.354603,0.006042,0.246115,0.006297,0.188167,0.218472,0
16.0000,-3.2812,-2.334863,0.006307,0.259357,0.006359,0.191849,0.225502,0
16.0000,-3.2031,-2.314078,0.006575,0.272875,0.006406,0.195801,0.233054,0
16.0000,-3.1250,-2.292226,0.006852,0.286690,0.006436,0.200040,0.241160,0
16.0000,-3.0469,-2.269283,0.007136,0.300820,0.006448,0.204586,0.249859,0
16.0000,-2.9688,-2.245223,0.007424,0.315288,0.006443,0.209459,0.259191,0
16.0000,-2.8906,-2.220019,0.007713,0.330122,0.006418,0.214682,0.269204,0
16.0000,-2.8125,-2.193641,0.008004,0.345344,0.006373,0.220281,0.279947,0
16.0000,-2.7344,-2.166059,0.008296,0.360980,0.006308,0.226284,0.291475,0
16.0000,-2.6562,-2.137238,0.008589,0.377059,0.006222,0.232721,0.303849,0
16.0000,-2.5781,-2.107143,0.008876,0.393614,0.006117,0.239627,0.317137,0
16.0000,-2.5000,-2.075736,0.009155,0.410677,0.005991,0.247039,0.331413,0
16.0000,-2.4219,-2.042975,0.009430,0.428281,0.005844,0.254999,0.346760,0
16.0000,-2.3438,-2.008817,0.009695,0.446462,0.005678,0.263552,0.363268,0
16.0000,-2.2656,-1.973215,0.009947,0.465261,0.005494,0.272748,0.381036,0
16.0000,-2.1875,-1.936120,0.010181,0.484722,0.005291,0.282643,0.400177,0
16.0000,-2.1094,-1.897478,0.010395,0.504887,0.005071,0.293298,0.420813,0
16.0000,-2.0312,-1.857231,0.010587,0.525802,0.004834,0.304781,0.443076,0
16.0000,-1.9531,-1.815321,0.010757,0.547516,0.004582,0.317167,0.467116,0
16.0000,-1.8750,-1.771682,0.010892,0.570082,0.004317,0.330536,0.493096,0
16.0000,-1.7969,-1.726246,0.010991,0.593557,0.004041,0.344978,0.521197,0
16.0000,-1.7188,-1.678939,0.011050,0.617992,0.003752,0.360592,0.551614,0
16.0000,-1.6406,-1.629684,0.011066,0.643443,0.003455,0.377483,0.584557,0
16.0000,-1.5625,-1.578401,0.011036,0.669965,0.003151,0.395765,0.620255,0
16.0000,-1.4844,-1.525002,0.010950,0.697614,0.002842,0.415561,0.658956,0
16.0000,-1.4062,-1.469399,0.010802,0.726441,0.002531,0.436998,0.700916,0
16.0000,-1.3281,-1.411496,0.010589,0.756486,0.002218,0.460208,0.746401,0
16.0000,-1.2500,-1.351198,0.010308,0.787778,0.001906,0.485322,0.795673,0
16.0000,-1.1719,-1.288406,0.009955,0.820327,0.001597,0.512465,0.848983,1
16.0000,-1.0938,-1.223021,0.009525,0.854122,0.001294,0.541745,0.906553,1
16.0000,-1.0156,-1.154949,0.009011,0.889115,0.001001,0.573241,0.968544,1
16.0000,-0.9375,-1.084097,0.008408,0.925210,0.000717,0.606985,1.035027,1
16.0000,-0.8594,-1.010385,0.007716,0.962242,0.000445,0.642934,1.105919,1
16.0000,-0.7812,-0.933747,0.006934,0.999962,0.000188,0.680943,1.180930,1
16.0000,-0.7031,-0.854141,0.006064,1.038021,-0.000053,0.720720,1.259482,1
16.0000,-0.6250,-0.771556,0.005101,1.075939,-0.000275,0.761782,1.340618,1
16.0000,-0.5469,-0.686025,0.004049,1.113098,-0.000476,0.803413,1.422915,1
16.0000,-0.4688,-0.597635,0.002910,1.148719,-0.000655,0.844621,1.504403,1
16.0000,-0.3906,-0.506538,0.001693,1.181872,-0.000812,0.884129,1.582541,1
16.0000,-0.3125,-0.412967,0.000415,1.211506,-0.000944,0.920395,1.654269,1
16.0000,-0.2344,-0.317240,-0.000907,1.236507,-0.001052,0.951706,1.716182,1
16.0000,-0.1562,-0.219763,-0.002253,1.255797,-0.001133,0.976329,1.764844,1
16.0000,-0.0781,-0.121022,-0.003597,1.268445,-0.001184,0.992721,1.797205,1
16.0000,0.0000,-0.021568,-0.004923,1.273792,-0.001204,0.999767,1.811054,1
16.0000,0.0781,0.078008,-0.006204,1.271545,-0.001194,0.996965,1.805397,1
16.0000,0.1562,0.177110,-0.007423,1.261818,-0.001154,0.984518,1.780639,1
16.0000,0.2344,0.275167,-0.008561,1.245126,-0.001085,0.963300,1.738506,1
16.0000,0.3125,0.371661,-0.009601,1.222293,-0.000990,0.934698,1.681744,1
16.0000,0.3906,0.466150,-0.010535,1.194353,-0.000869,0.900390,1.613685,1
16.0000,0.4688,0.558279,-0.011353,1.162417,-0.000723,0.862123,1.537793,1
16.0000,0.5469,0.647778,-0.012055,1.127570,-0.000553,0.821525,1.457304,1
16.0000,0.6250,0.734462,-0.012645,1.090798,-0.000359,0.779994,1.374994,1
16.0000,0.7031,0.818215,-0.013128,1.052945,-0.000144,0.738643,1.293076,1
16.0000,0.7812,0.898984,-0.013515,1.014700,0.000091,0.698302,1.213201,1
16.0000,0.8594,0.976762,-0.013809,0.976599,0.000344,0.659550,1.136518,1
16.0000,0.9375,1.051578,-0.014016,0.939047,0.000612,0.622752,1.063756,1
16.0000,1.0156,1.123488,-0.014141,0.902335,0.000894,0.588113,0.995318,1
16.0000,1.0938,1.192568,-0.014190,0.866657,0.001188,0.555714,0.931363,1
16.0000,1.1719,1.258903,-0.014173,0.832136,0.001491,0.525552,0.871878,1
16.0000,1.2500,1.322589,-0.014098,0.798838,0.001801,0.497566,0.816737,0
16.0000,1.3281,1.383722,-0.013968,0.766791,0.002115,0.471657,0.765741,0
16.0000,1.4062,1.442400,-0.013788,0.735998,0.002430,0.447708,0.718651,0
16.0000,1.4844,1.498722,-0.013562,0.706435,0.002744,0.425588,0.675208,0
16.0000,1.5625,1.552781,-0.013296,0.678065,0.003057,0.405166,0.635143,0
16.0000,1.6406,1.604669,-0.012999,0.650839,0.003364,0.386312,0.598195,0
16.0000,1.7188,1.654474,-0.012673,0.624706,0.003665,0.368900,0.564113,0
16.0000,1.7969,1.702280,-0.012324,0.599613,0.003955,0.352814,0.532662,0
16.0000,1.8750,1.748164,-0.011952,0.575507,0.004235,0.337944,0.503623,0
16.0000,1.9531,1.792202,-0.011561,0.552328,0.004502,0.324188,0.476793,0
16.0000,2.0312,1.834465,-0.011161,0.530023,0.004756,0.311454,0.451983,0
16.0000,2.1094,1.875019,-0.010752,0.508539,0.004993,0.299657,0.429025,0
16.0000,2.1875,1.913924,-0.010336,0.487826,0.005213,0.288719,0.407764,0
16.0000,2.2656,1.951241,-0.009914,0.467839,0.005414,0.278570,0.388060,0
16.0000,2.3438,1.987024,-0.009489,0.448530,0.005597,0.269146,0.369785,0
16.0000,2.4219,2.021324,-0.009066,0.429855,0.005760,0.260390,0.352822,0
16.0000,2.5000,2.054189,-0.008649,0.411775,0.005901,0.252248,0.337068,0
16.0000,2.5781,2.085664,-0.008233,0.394252,0.006021,0.244673,0.322427,0
16.0000,2.6562,2.115791,-0.007821,0.377251,0.006119,0.237623,0.308816,0
16.0000,2.7344,2.144610,-0.007418,0.360738,0.006197,0.231058,0.296154,0
16.0000,2.8125,2.172156,-0.007024,0.344678,0.006252,0.224943,0.284371,0
16.0000,2.8906,2.198466,-0.006640,0.329045,0.006286,0.219247,0.273405,0
16.0000,2.9688,2.223570,-0.006264,0.313813,0.006300,0.213939,0.263199,0
16.0000,3.0469,2.247499,-0.005898,0.298953,0.006294,0.208993,0.253697,0
16.0000,3.1250,2.270281,-0.005546,0.284438,0.006268,0.204386,0.244854,0
16.0000,3.2031,2.291942,-0.005208,0.270248,0.006225,0.200096,0.236627,0
16.0000,3.2812,2.312507,-0.004879,0.256362,0.006164,0.196103,0.228976,0
16.0000,3.3594,2.331999,-0.004563,0.242757,0.006088,0.192389,0.221865,0
16.0000,3.4375,2.350438,-0.004264,0.229414,0.005999,0.188938,0.215262,0
16.0000,3.5156,2.367845,-0.003978,0.216314,0.005897,0.185735,0.209139,0
16.0000,3.5938,2.384237,-0.003704,0.203442,0.005784,0.182766,0.203468,0
16.0000,3.6719,2.399633,-0.003446,0.190780,0.005662,0.180020,0.198225,0
16.0000,3.7500,2.414047,-0.003202,0.178310,0.005535,0.177485,0.193388,0
16.0000,3.8281,2.427494,-0.002974,0.166018,0.005401,0.175151,0.188938,0
16.0000,3.9062,2.439987,-0.002761,0.153894,0.005265,0.173010,0.184857,0
16.0000,3.9844,2.451539,-0.002561,0.141918,0.005129,0.171052,0.181128,0
16.0000,4.0625,2.462162,-0.002377,0.130078,0.004994,0.169271,0.177737,0
16.0000,4.1406,2.471864,-0.002211,0.118364,0.004862,0.167660,0.174671,0
16.0000,4.2188,2.480656,-0.002057,0.106764,0.004735,0.166212,0.171918,0
16.0000,4.2969,2.488546,-0.001917,0.095262,0.004615,0.164924,0.169469,0
16.0000,4.3750,2.495541,-0.001797,0.083849,0.004504,0.163790,0.167313,0
16.0000,4.4531,2.501647,-0.001690,0.072515,0.004403,0.162806,0.165443,0
16.0000,4.5312,2.506871,-0.001596,0.061247,0.004313,0.161969,0.163853,0
16.0000,4.6094,2.511217,-0.001520,0.050035,0.004237,0.161276,0.162536,0
16.0000,4.6875,2.514689,-0.001461,0.038869,0.004174,0.160724,0.161489,0
16.0000,4.7656,2.517291,-0.001413,0.027739,0.004127,0.160312,0.160706,0
16.0000,4.8438,2.519024,-0.001381,0.016633,0.004094,0.160038,0.160186,0
16.0000,4.9219,2.519890,-0.001369,0.005543,0.004078,0.159902,0.159926,0
18.0000,-5.0000,-2.572030,-0.016386,0.005387,-0.000195,0.151875,0.152052,0
18.0000,-4.9219,-2.571188,-0.016390,0.016164,-0.000207,0.152001,0.152294,0
18.0000,-4.8438,-2.569504,-0.016398,0.026954,-0.000229,0.152254,0.152780,0
18.0000,-4.7656,-2.566976,-0.016410,0.037768,-0.000262,0.152635,0.153510,0
18.0000,-4.6875,-2.563603,-0.016425,0.048613,-0.000306,0.153145,0.154488,0
18.0000,-4.6094,-2.559381,-0.016445,0.059497,-0.000360,0.153785,0.155716,0
18.0000,-4.5312,-2.554306,-0.016469,0.070432,-0.000423,0.154558,0.157198,0
18.0000,-4.4531,-2.548376,-0.016498,0.081426,-0.000497,0.155466,0.158940,0
18.0000,-4.3750,-2.541584,-0.016532,0.092487,-0.000578,0.156513,0.160948,0
18.0000,-4.2969,-2.533924,-0.016570,0.103628,-0.000668,0.157701,0.163228,0
18.0000,-4.2188,-2.525392,-0.016615,0.114857,-0.000765,0.159035,0.165788,0
18.0000,-4.1406,-2.515978,-0.016664,0.126183,-0.000868,0.160520,0.168638,0
18.0000,-4.0625,-2.505676,-0.016719,0.137620,-0.000976,0.162161,0.171786,0
18.0000,-3.9844,-2.494475,-0.016781,0.149177,-0.001089,0.163962,0.175245,0
18.0000,-3.9062,-2.482367,-0.016850,0.160865,-0.001206,0.165932,0.179026,0
18.0000,-3.8281,-2.469340,-0.016924,0.172697,-0.001324,0.168077,0.183144,0
18.0000,-3.7500,-2.455383,-0.017007,0.184685,-0.001443,0.170405,0.187615,0
18.0000,-3.6719,-2.440483,-0.017097,0.196842,-0.001562,0.172925,0.192454,0
18.0000,-3.5938,-2.424626,-0.017193,0.209183,-0.001680,0.175646,0.197681,0
18.0000,-3.5156,-2.407798,-0.017298,0.221721,-0.001794,0.178580,0.203316,0
18.0000,-3.4375,-2.389982,-0.017411,0.234473,-0.001905,0.181737,0.209383,0
18.0000,-3.3594,-2.371162,-0.017530,0.247454,-0.002010,0.185130,0.215906,0
18.0000,-3.2812,-2.351318,-0.017655,0.260682,-0.002109,0.188775,0.222913,0
18.0000,-3.2031,-2.330430,-0.017788,0.274177,-0.002199,0.192685,0.230434,0
18.0000,-3.1250,-2.308478,-0.017926,0.287959,-0.002280,0.196879,0.238503,0
18.0000,-3.0469,-2.285437,-0.018067,0.302048,-0.002351,0.201375,0.247158,0
18.0000,-2.9688,-2.261283,-0.018211,0.316468,-0.002410,0.206194,0.256438,0
18.0000,-2.8906,-2.235988,-0.018357,0.331245,-0.002456,0.211358,0.266390,0
18.0000,-2.8125,-2.209525,-0.018501,0.346404,-0.002489,0.216893,0.277063,0
18.0000,-2.7344,-2.181863,-0.018642,0.361972,-0.002507,0.222826,0.288513,0
18.0000,-2.6562,-2.152967,-0.018779,0.377982,-0.002510,0.229187,0.300799,0
18.0000,-2.5781,-2.122803,-0.018910,0.394464,-0.002497,0.236010,0.313991,0
18.0000,-2.5000,-2.091332,-0.019028,0.411454,-0.002470,0.243332,0.328161,0
18.0000,-2.4219,-2.058514,-0.019134,0.428987,-0.002426,0.251194,0.343393,0
18.0000,-2.3438,-2.024303,-0.019224,0.447106,-0.002366,0.259642,0.359779,0
18.0000,-2.2656,-1.988653,-0.019292,0.465852,-0.002290,0.268724,0.377420,0
18.0000,-2.1875,-1.951514,-0.019335,0.485269,-0.002199,0.278497,0.396428,0
18.0000,-2.1094,-1.912830,-0.019347,0.505407,-0.002091,0.289022,0.416928,0
18.0000,-2.0312,-1.872544,-0.019328,0.526316,-0.001966,0.300366,0.439057,0
18.0000,-1.9531,-1.830593,-0.019273,0.548047,-0.001826,0.312602,0.462966,0
18.0000,-1.8750,-1.786912,-0.019176,0.570652,-0.001672,0.325815,0.488821,0
18.0000,-1.7969,-1.741429,-0.019040,0.594187,-0.001503,0.340092,0.516803,0
18.0000,-1.7188,-1.694070,-0.018863,0.618709,-0.001321,0.355533,0.547112,0
18.0000,-1.6406,-1.644755,-0.018641,0.644276,-0.001130,0.372245,0.579965,0
18.0000,-1.5625,-1.593402,-0.018372,0.670943,-0.000929,0.390344,0.615595,0
18.0000,-1.4844,-1.539920,-0.018055,0.698767,-0.000720,0.409952,0.654253,0
18.0000,-1.4062,-1.484219,-0.017689,0.727797,-0.000504,0.431202,0.696203,0
18.0000,-1.3281,-1.426202,-0.017276,0.758075,-0.000283,0.454228,0.741716,0
18.0000,-1.2500,-1.365770,-0.016814,0.789630,-0.000059,0.479165,0.791065,0
18.0000,-1.1719,-1.302822,-0.016304,0.822473,0.000166,0.506146,0.844510,1
18.0000,-1.0938,-1.237259,-0.015750,0.856593,0.000391,0.535284,0.902284,1
18.0000,-1.0156,-1.168980,-0.015149,0.891943,0.000612,0.566670,0.964566,1
18.0000,-0.9375,-1.097893,-0.014501,0.928428,0.000827,0.600346,1.031440,1
18.0000,-0.8594,-1.023913,-0.013803,0.965889,0.001035,0.636283,1.102850,1
18.0000,-0.7812,-0.946972,-0.013058,1.004084,0.001235,0.674353,1.178531,1
18.0000,-0.7031,-0.867025,-0.012266,1.042669,0.001424,0.714281,1.257936,1
18.0000,-0.6250,-0.784055,-0.011427,1.081171,0.001600,0.755604,1.340135,1
18.0000,-0.5469,-0.698092,-0.010536,1.118970,0.001760,0.797624,1.423727,1
18.0000,-0.4688,-0.609216,-0.009589,1.155291,0.001904,0.839361,1.506755,1
18.0000,-0.3906,-0.517578,-0.008590,1.189200,0.002030,0.879538,1.586673,1
18.0000,-0.3125,-0.423404,-0.007538,1.219632,0.002137,0.916605,1.660385,1
18.0000,-0.2344,-0.327010,-0.006438,1.245453,0.002223,0.948815,1.724412,1
18.0000,-0.1562,-0.228802,-0.005292,1.265547,0.002287,0.974384,1.775203,1
18.0000,-0.0781,-0.129268,-0.004106,1.278947,0.002329,0.991703,1.809564,1
18.0000,0.0000,-0.028966,-0.002892,1.284950,0.002348,0.999581,1.825133,1
18.0000,0.0781,0.071505,-0.001663,1.283226,0.002345,0.997449,1.820784,1
18.0000,0.1562,0.171538,-0.000434,1.273864,0.002318,0.985466,1.796830,1
18.0000,0.2344,0.270546,0.000782,1.257364,0.002269,0.964486,1.754969,1
18.0000,0.3125,0.368001,0.001976,1.234560,0.002197,0.935909,1.697980,1
18.0000,0.3906,0.463446,0.003135,1.206500,0.002105,0.901447,1.629273,1
18.0000,0.4688,0.556516,0.004252,1.174320,0.001993,0.862892,1.552414,1
18.0000,0.5469,0.646934,0.005317,1.139132,0.001863,0.821921,1.470746,1
18.0000,0.6250,0.734506,0.006331,1.101950,0.001714,0.779972,1.387139,1
18.0000,0.7031,0.819113,0.007292,1.063642,0.001550,0.738195,1.303889,1
18.0000,0.7812,0.900700,0.008201,1.024918,0.001372,0.697445,1.222707,1
18.0000,0.8594,0.979257,0.009055,0.986331,0.001182,0.658313,1.144779,1
18.0000,0.9375,1.054814,0.009850,0.948296,0.000984,0.621176,1.070857,1
18.0000,1.0156,1.127428,0.010591,0.911110,0.000777,0.586240,1.001357,1
18.0000,1.0938,1.197175,0.011278,0.874977,0.000563,0.553588,0.936444,1
18.0000,1.1719,1.264143,0.011913,0.840024,0.000346,0.523212,0.876104,1
18.0000,1.2500,1.328429,0.012495,0.806322,0.000128,0.495049,0.820205,1
18.0000,1.3281,1.390131,0.013024,0.773902,-0.000089,0.468997,0.768544,0
18.0000,1.4062,1.449351,0.013501,0.742766,-0.000304,0.444932,0.720874,0
18.0000,1.4844,1.506188,0.013927,0.712893,-0.000514,0.422720,0.676925,0
18.0000,1.5625,1.560741,0.014302,0.684244,-0.000717,0.402226,0.636423,0
18.0000,1.6406,1.613102,0.014630,0.656770,-0.000913,0.383316,0.599097,0
18.0000,1.7188,1.663361,0.014914,0.630420,-0.001100,0.365864,0.564689,0
18.0000,1.7969,1.711605,0.015157,0.605136,-0.001275,0.349747,0.532957,0
18.0000,1.8750,1.757914,0.015362,0.580860,-0.001438,0.334855,0.503673,0
18.0000,1.9531,1.802364,0.015528,0.557536,-0.001586,0.321085,0.476629,0
18.0000,2.0312,1.845028,0.015660,0.535106,-0.001718,0.308342,0.451634,0
18.0000,2.1094,1.885974,0.015762,0.513516,-0.001835,0.296540,0.428514,0
18.0000,2.1875,1.925265,0.015837,0.492713,-0.001935,0.285600,0.407109,0
18.0000,2.2656,1.962961,0.015888,0.472643,-0.002018,0.275451,0.387273,0
18.0000,2.3438,1.999116,0.015921,0.453259,-0.002086,0.266029,0.368878,0
18.0000,2.4219,2.033783,0.015939,0.434516,-0.002137,0.257275,0.351805,0
18.0000,2.5000,2.067009,0.015947,0.416367,-0.002171,0.249137,0.335945,0
18.0000,2.5781,2.098840,0.015943,0.398774,-0.002189,0.241566,0.321205,0
18.0000,2.6562,2.129317,0.015934,0.381700,-0.002191,0.234520,0.307496,0
18.0000,2.7344,2.158481,0.015921,0.365110,-0.002176,0.227960,0.294741,0
18.0000,2.8125,2.186366,0.015904,0.348971,-0.002146,0.221849,0.282868,0
18.0000,2.8906,2.213007,0.015885,0.333252,-0.002100,0.216157,0.271813,0
18.0000,2.9688,2.238437,0.015866,0.317925,-0.002041,0.210853,0.261519,0
18.0000,3.0469,2.262683,0.015847,0.302964,-0.001968,0.205912,0.251934,0
18.0000,3.1250,2.285775,0.015830,0.288342,-0.001884,0.201309,0.243008,0
18.0000,3.2031,2.307737,0.015815,0.274036,-0.001789,0.197022,0.234700,0
18.0000,3.2812,2.328593,0.015803,0.260027,-0.001684,0.193033,0.226970,0
18.0000,3.3594,2.348366,0.015794,0.246291,-0.001571,0.189323,0.219783,0
18.0000,3.4375,2.367076,0.015787,0.232811,-0.001452,0.185875,0.213107,0
18.0000,3.5156,2.384742,0.015784,0.219567,-0.001328,0.182675,0.206913,0
18.0000,3.5938,2.401383,0.015785,0.206544,-0.001201,0.179710,0.201174,0
18.0000,3.6719,2.417015,0.015787,0.193725,-0.001070,0.176967,0.195867,0
18.0000,3.7500,2.431653,0.015791,0.181094,-0.000940,0.174435,0.190970,0
18.0000,3.8281,2.445311,0.015799,0.168638,-0.000810,0.172105,0.186462,0
18.0000,3.9062,2.458003,0.015807,0.156343,-0.000681,0.169966,0.182327,0
18.0000,3.9844,2.469740,0.015816,0.144194,-0.000556,0.168011,0.178548,0
18.0000,4.0625,2.480533,0.015827,0.132180,-0.000436,0.166233,0.175111,0
18.0000,4.1406,2.490393,0.015838,0.120289,-0.000321,0.164624,0.172003,0
18.0000,4.2188,2.499328,0.015849,0.108508,-0.000212,0.163179,0.169213,0
18.0000,4.2969,2.507347,0.015860,0.096825,-0.000112,0.161893,0.166729,0
18.0000,4.3750,2.514457,0.015871,0.085231,-0.000021,0.160761,0.164543,0
18.0000,4.4531,2.520664,0.015880,0.073713,0.000062,0.159779,0.162647,0
18.0000,4.5312,2.525975,0.015889,0.062261,0.000133,0.158944,0.161034,0
18.0000,4.6094,2.530393,0.015897,0.050866,0.000194,0.158252,0.159699,0
18.0000,4.6875,2.533922,0.015903,0.039516,0.000244,0.157701,0.158636,0
18.0000,4.7656,2.536567,0.015908,0.028200,0.000281,0.157290,0.157842,0
18.0000,4.8438,2.538329,0.015911,0.016910,0.000306,0.157017,0.157315,0
18.0000,4.9219,2.539209,0.015913,0.005635,0.000319,0.156880,0.157051,0
20.0000,-5.0000,-2.609278,-0.019508,0.005286,-0.003808,0.146383,0.146602,0
20.0000,-4.9219,-2.608452,-0.019509,0.015864,-0.003799,0.146502,0.146833,0
20.0000,-4.8438,-2.606799,-0.019512,0.026458,-0.003782,0.146742,0.147297,0
20.0000,-4.7656,-2.604318,-0.019516,0.037081,-0.003755,0.147103,0.147995,0
20.0000,-4.6875,-2.601005,-0.019520,0.047743,-0.003721,0.147585,0.148930,0
20.0000,-4.6094,-2.596858,-0.019522,0.058456,-0.003678,0.148192,0.150105,0
20.0000,-4.5312,-2.591871,-0.019522,0.069231,-0.003627,0.148925,0.151525,0
20.0000,-4.4531,-2.586041,-0.019517,0.080080,-0.003569,0.149786,0.153195,0
20.0000,-4.3750,-2.579359,-0.019506,0.091015,-0.003503,0.150778,0.155122,0
20.0000,-4.2969,-2.571819,-0.019486,0.102050,-0.003431,0.151906,0.157314,0
20.0000,-4.2188,-2.563414,-0.019455,0.113196,-0.003351,0.153173,0.159780,0
20.0000,-4.1406,-2.554133,-0.019410,0.124468,-0.003265,0.154585,0.162529,0
20.0000,-4.0625,-2.543966,-0.019348,0.135879,-0.003171,0.156145,0.165573,0
20.0000,-3.9844,-2.532901,-0.019268,0.147443,-0.003071,0.157861,0.168924,0
20.0000,-3.9062,-2.520928,-0.019165,0.159174,-0.002965,0.159738,0.172597,0
20.0000,-3.8281,-2.508030,-0.019042,0.171084,-0.002852,0.161784,0.176607,0
20.0000,-3.7500,-2.494196,-0.018895,0.183189,-0.002735,0.164008,0.180971,0
20.0000,-3.6719,-2.479407,-0.018724,0.195502,-0.002613,0.166417,0.185708,0
20.0000,-3.5938,-2.463648,-0.018529,0.208039,-0.002488,0.169023,0.190839,0
20.0000,-3.5156,-2.446901,-0.018309,0.220815,-0.002360,0.171835,0.196386,0
20.0000,-3.4375,-2.429146,-0.018061,0.233846,-0.002230,0.174866,0.202375,0
20.0000,-3.3594,-2.410363,-0.017789,0.247149,-0.002098,0.178130,0.208832,0
20.0000,-3.2812,-2.390529,-0.017492,0.260741,-0.001965,0.181639,0.215787,0
20.0000,-3.2031,-2.369622,-0.017171,0.274637,-0.001833,0.185411,0.223273,0
20.0000,-3.1250,-2.347617,-0.016829,0.288857,-0.001700,0.189462,0.231325,0
20.0000,-3.0469,-2.324488,-0.016469,0.303420,-0.001570,0.193812,0.239981,0
20.0000,-2.9688,-2.300208,-0.016090,0.318345,-0.001444,0.198482,0.249284,0
20.0000,-2.8906,-2.274747,-0.015694,0.333655,-0.001321,0.203494,0.259281,0
20.0000,-2.8125,-2.248074,-0.015284,0.349373,-0.001203,0.208875,0.270024,0
20.0000,-2.7344,-2.220157,-0.014862,0.365523,-0.001091,0.214653,0.281567,0
20.0000,-2.6562,-2.190961,-0.014430,0.382131,-0.000985,0.220857,0.293974,0
20.0000,-2.5781,-2.160449,-0.013992,0.399223,-0.000887,0.227523,0.307311,0
20.0000,-2.5000,-2.128583,-0.013550,0.416832,-0.000797,0.234688,0.321654,0
20.0000,-2.4219,-2.095319,-0.013104,0.434988,-0.000718,0.242393,0.337086,0
20.0000,-2.3438,-2.060616,-0.012657,0.453727,-0.000649,0.250684,0.353698,0
20.0000,-2.2656,-2.024425,-0.012210,0.473086,-0.000590,0.259611,0.371591,0
20.0000,-2.1875,-1.986696,-0.011767,0.493103,-0.000543,0.269231,0.390876,0
20.0000,-2.1094,-1.947377,-0.011329,0.513821,-0.000508,0.279606,0.411676,0
20.0000,-2.0312,-1.906412,-0.010898,0.535285,-0.000486,0.290803,0.434127,0
20.0000,-1.9531,-1.863739,-0.010474,0.557544,-0.000476,0.302898,0.458380,0
20.0000,-1.8750,-1.819295,-0.010058,0.580647,-0.000480,0.315973,0.484599,0
20.0000,-1.7969,-1.773013,-0.009652,0.604648,-0.000496,0.330121,0.512967,0
20.0000,-1.7188,-1.724819,-0.009259,0.629602,-0.000524,0.345440,0.543682,0
20.0000,-1.6406,-1.674638,-0.008878,0.655563,-0.000565,0.362041,0.576962,0
20.0000,-1.5625,-1.622387,-0.008508,0.682591,-0.000618,0.380041,0.613042,0
20.0000,-1.4844,-1.567983,-0.008152,0.710740,-0.000681,0.399566,0.652175,0
20.0000,-1.4062,-1.511334,-0.007808,0.740063,-0.000755,0.420752,0.694629,0
20.0000,-1.3281,-1.452348,-0.007479,0.770604,-0.000838,0.443739,0.740682,0
20.0000,-1.2500,-1.390927,-0.007163,0.802400,-0.000928,0.468667,0.790616,1
20.0000,-1.1719,-1.326973,-0.006860,0.835471,-0.001025,0.495676,0.844706,1
20.0000,-1.0938,-1.260385,-0.006570,0.869814,-0.001127,0.524890,0.903200,1
20.0000,-1.0156,-1.191065,-0.006291,0.905390,-0.001233,0.556409,0.966295,1
20.0000,-0.9375,-1.118918,-0.006023,0.942115,-0.001340,0.590289,1.034098,1
20.0000,-0.8594,-1.043859,-0.005765,0.979845,-0.001447,0.626517,1.106583,1
20.0000,-0.7812,-0.965817,-0.005514,1.018351,-0.001552,0.664981,1.183516,1
20.0000,-0.7031,-0.884742,-0.005268,1.057301,-0.001654,0.705423,1.264381,1
20.0000,-0.6250,-0.800614,-0.005024,1.096235,-0.001750,0.747395,1.348274,1
20.0000,-0.5469,-0.713455,-0.004783,1.134540,-0.001839,0.790208,1.433810,1
20.0000,-0.4688,-0.623342,-0.004538,1.171441,-0.001919,0.832882,1.519030,1
20.0000,-0.3906,-0.530417,-0.004285,1.205995,-0.001990,0.874126,1.601348,1
20.0000,-0.3125,-0.434905,-0.004022,1.237120,-0.002048,0.912349,1.677591,1
20.0000,-0.2344,-0.337117,-0.003747,1.263648,-0.002094,0.945748,1.744159,1
20.0000,-0.1562,-0.237460,-0.003458,1.284425,-0.002126,0.972454,1.797335,1
20.0000,-0.0781,-0.136426,-0.003150,1.298432,-0.002145,0.990766,1.833734,1
20.0000,0.0000,-0.034580,-0.002824,1.304920,-0.002148,0.999402,1.850815,1
20.0000,0.0781,0.067468,-0.002482,1.303521,-0.002137,0.997728,1.847316,1
20.0000,0.1562,0.169095,-0.002127,1.294309,-0.002111,0.985872,1.823494,1
20.0000,0.2344,0.269703,-0.001758,1.277788,-0.002071,0.964701,1.781074,1
20.0000,0.3125,0.368749,-0.001379,1.254807,-0.002019,0.935662,1.722935,1
20.0000,0.3906,0.465767,-0.000994,1.226446,-0.001953,0.900540,1.652627,1
20.0000,0.4688,0.560382,-0.000605,1.193876,-0.001875,0.861203,1.573875,1
20.0000,0.5469,0.652310,-0.000214,1.158244,-0.001789,0.819399,1.490166,1
20.0000,0.6250,0.741357,0.000181,1.120592,-0.001694,0.776624,1.404488,1
20.0000,0.7031,0.827403,0.000578,1.081808,-0.001592,0.734065,1.319220,1
20.0000,0.7812,0.910390,0.000974,1.042613,-0.001485,0.692603,1.236125,1
20.0000,0.8594,0.990311,0.001373,1.003568,-0.001376,0.652841,1.156417,1
20.0000,0.9375,1.067197,0.001775,0.965088,-0.001266,0.615159,1.080859,1
20.0000,1.0156,1.141106,0.002181,0.927468,-0.001155,0.579762,1.009863,1
20.0000,1.0938,1.212114,0.002590,0.890905,-0.001048,0.546725,0.943585,1
20.0000,1.1719,1.280310,0.003003,0.855526,-0.000944,0.516035,0.882003,1
20.0000,1.2500,1.345790,0.003423,0.821397,-0.000847,0.487620,0.824973,1
20.0000,1.3281,1.408653,0.003847,0.788541,-0.000757,0.461370,0.772276,0
20.0000,1.4062,1.469000,0.004279,0.756954,-0.000676,0.437154,0.723653,0
20.0000,1.4844,1.526927,0.004717,0.726611,-0.000604,0.414834,0.678827,0
20.0000,1.5625,1.582533,0.005161,0.697473,-0.000544,0.394266,0.637514,0
20.0000,1.6406,1.635907,0.005610,0.669491,-0.000495,0.375313,0.599437,0
20.0000,1.7188,1.687140,0.006066,0.642610,-0.000460,0.357842,0.564335,0
20.0000,1.7969,1.736315,0.006528,0.616776,-0.000438,0.341731,0.531959,0
20.0000,1.8750,1.783512,0.006996,0.591931,-0.000430,0.326863,0.502079,0
20.0000,1.9531,1.828804,0.007465,0.568019,-0.000434,0.313134,0.474485,0
20.0000,2.0312,1.872265,0.007938,0.544987,-0.000454,0.300445,0.448983,0
20.0000,2.1094,1.913959,0.008413,0.522783,-0.000487,0.288710,0.425396,0
20.0000,2.1875,1.953949,0.008888,0.501354,-0.000533,0.277847,0.403564,0
20.0000,2.2656,1.992295,0.009363,0.480655,-0.000592,0.267783,0.383342,0
20.0000,2.3438,2.029052,0.009835,0.460643,-0.000663,0.258454,0.364598,0
20.0000,2.4219,2.064271,0.010302,0.441276,-0.000746,0.249798,0.347214,0
20.0000,2.5000,2.098001,0.010762,0.422514,-0.000840,0.241763,0.331080,0
20.0000,2.5781,2.130289,0.011214,0.404321,-0.000944,0.234299,0.316100,0
20.0000,2.6562,2.161176,0.011658,0.386663,-0.001058,0.227362,0.302185,0
20.0000,2.7344,2.190705,0.012088,0.369508,-0.001179,0.220913,0.289254,0
20.0000,2.8125,2.218912,0.012504,0.352827,-0.001307,0.214914,0.277236,0
20.0000,2.8906,2.245834,0.012902,0.336594,-0.001441,0.209334,0.266065,0
20.0000,2.9688,2.271505,0.013282,0.320780,-0.001580,0.204141,0.255680,0
20.0000,3.0469,2.295956,0.013642,0.305361,-0.001724,0.199311,0.246027,0
20.0000,3.1250,2.319218,0.013980,0.290315,-0.001870,0.194817,0.237057,0
20.0000,3.2031,2.341318,0.014297,0.275619,-0.002019,0.190637,0.228724,0
20.0000,3.2812,2.362283,0.014588,0.261251,-0.002167,0.186752,0.220987,0
20.0000,3.3594,2.382138,0.014854,0.247195,-0.002315,0.183144,0.213809,0
20.0000,3.4375,2.400907,0.015094,0.233429,-0.002461,0.179794,0.207156,0
20.0000,3.5156,2.418612,0.015306,0.219937,-0.002606,0.176689,0.200996,0
20.0000,3.5938,2.435272,0.015494,0.206699,-0.002748,0.173815,0.195301,0
20.0000,3.6719,2.450908,0.015657,0.193698,-0.002886,0.171158,0.190045,0
20.0000,3.7500,2.465538,0.015797,0.180917,-0.003021,0.168708,0.185204,0
20.0000,3.8281,2.479177,0.015914,0.168340,-0.003149,0.166455,0.180757,0
20.0000,3.9062,2.491841,0.016011,0.155952,-0.003272,0.164389,0.176685,0
20.0000,3.9844,2.503544,0.016087,0.143738,-0.003387,0.162502,0.172969,0
20.0000,4.0625,2.514300,0.016145,0.131682,-0.003494,0.160786,0.169595,0
20.0000,4.1406,2.524119,0.016187,0.119771,-0.003594,0.159235,0.166548,0
20.0000,4.2188,2.533014,0.016216,0.107989,-0.003686,0.157843,0.163815,0
20.0000,4.2969,2.540993,0.016235,0.096323,-0.003770,0.156604,0.161385,0
20.0000,4.3750,2.548064,0.016246,0.084758,-0.003846,0.155514,0.159249,0
20.0000,4.4531,2.554236,0.016251,0.073282,-0.003914,0.154569,0.157398,0
20.0000,4.5312,2.559515,0.016252,0.061882,-0.003973,0.153765,0.155824,0
20.0000,4.6094,2.563905,0.016251,0.050545,-0.004023,0.153099,0.154521,0
20.0000,4.6875,2.567412,0.016248,0.039260,-0.004063,0.152569,0.153485,0
20.0000,4.7656,2.570039,0.016245,0.028014,-0.004093,0.152174,0.152711,0
20.0000,4.8438,2.571789,0.016243,0.016797,-0.004114,0.151911,0.152197,0
20.0000,4.9219,2.572664,0.016242,0.005597,-0.004124,0.151779,0.151941,0
