idx,mu_sym,c4_pta_product,c4_c0_ratio_split,pta_suppression_split,screening_suppression_factor,phi_center_ratio,numerically_stable,log10_ssf,log10_pcr,gamma_theta_0,gamma_theta_1,gamma_theta_2,gamma_theta_3,gamma_theta_4,gamma_theta_5,gamma_theta_6,gamma_theta_7,gamma_theta_8,gamma_theta_9,gamma_theta_10,gamma_theta_11,gamma_theta_12,gamma_theta_13,gamma_theta_14,pta_max_deviation_from_hd,wall_time_seconds,error
0,1.0,0.08035,16.07,0.005,0.00011811720750749558,1.9741863069299735e-14,True,-3.927686829048825,-13.704611864709133,0.5799062091042586,0.46879641280871315,0.2737102909353943,0.08146208529647006,-0.05578001519702092,-0.12176101787164424,-0.13185602691204776,-0.11420161272997237,-0.08748969119963668,-0.05048514917863668,0.01019970798943659,0.1011978376906961,0.20781659220493226,0.295978580277969,0.33035000000150017,0.08035000000000003,0.017447948455810547,
1,0.5298072505696647,32.7298321812601,6545.96643625202,0.005,7.071432866844724e-05,1.5105284537002564e-14,True,-4.150492577276148,-13.82087108954421,33.21306562174413,24.775349880261068,6.521280809691951,-9.53587928136232,-13.735770962021656,-5.518170352586748,6.6656037819225125,12.126293431069834,6.241165766383954,-5.984872390616545,-13.786413951306015,-9.01445885383014,7.309742236424165,25.258544567221147,32.9798321812616,32.7298321812601,0.01380467414855957,
2,70.19645358509929,0.0030994136577169235,0.6198827315433847,0.005,nan,nan,False,nan,nan,0.5026942433881662,0.4112856842496399,0.25892817331682694,0.10421727802827747,-0.023412355706056806,-0.10899279744672778,-0.14793921478483954,-0.14316334063743932,-0.10246366053067964,-0.03644404152987981,0.04284330364591726,0.12276601510942178,0.19101302034031845,0.23691568769077426,0.25309941365921707,0.0030994136577169318,0.12444901466369629,
3,1.8118727021155852,0.6062816714631754,121.25633429263507,0.005,0.00022236741909757824,2.80667014188337e-14,True,-3.652928844530098,-13.551808625476603,1.10557494650509,0.860336659042195,0.3743487999099608,-0.07345811809046102,-0.27614309674059806,-0.20868866240669945,-0.02235966862015218,0.0829734598234719,0.014454968272847007,-0.14607876942877945,-0.21204198154430187,-0.04564101670950563,0.32221741497863216,0.6980861537039968,0.8562816714646755,0.6062816714631754,0.01579880714416504,
4,0.013809860332635707,1.629574304631248e-05,0.003259148609262496,0.005,3.020044651190214e-05,1.0217246587221037e-14,True,-4.519986635975907,-13.990666125051295,0.4996126668461909,0.4089903960725301,0.25833821000645624,0.10512545161873238,-0.022120542717215738,-0.10848320999898854,-0.1485811046008716,-0.14431922082397522,-0.10306128075965384,-0.03588365237837371,0.04414612941505543,0.12362681419632879,0.19034237956075598,0.2345584517026744,0.2500162957445464,1.6295743046290667e-05,0.005404233932495117,
5,0.08959197354086791,1.3109341911072996,262.18683822145994,0.005,3.2273558802197915e-05,1.0161508075199541e-14,True,-4.491153142345126,-13.993041833377454,1.8098751824599368,1.3849291793650975,0.5091860473509935,-0.28102293607656453,-0.5713894358975994,-0.3251558521044477,0.12434548139978235,0.347152095993562,0.15104221916362676,-0.2741567860725882,-0.5098053127850999,-0.2423783009405498,0.47549365292144047,1.2368369651817472,1.5609341911088,1.3109341911072998,0.008896827697753906,
6,3.7243341537465002,0.0007502874632027502,0.15005749264055004,0.005,0.0006387652612212116,5.6116705209821695e-14,True,-3.1946587106772184,-13.250907835704961,0.5003462916148302,0.4095368307415887,0.25847866139268044,0.10490924454709015,-0.022428082053706274,-0.10860452646423188,-0.14842829117522272,-0.14404404273805993,-0.10291900650612049,-0.03601706310370269,0.04383596828796924,0.12342188547806553,0.1905020376708321,0.23511963416328907,0.2507502874647029,0.0007502874632027701,0.017687559127807617,
7,10.799265383858115,215.94706964064693,43189.41392812938,0.005,nan,nan,False,nan,nan,216.33870553120093,161.17504999622852,41.580416048788926,-63.50496544085071,-90.50299611529657,-35.80089290902729,44.81052139506346,80.81558150644236,41.75532073317448,-39.28653489032242,-91.20808413024162,-60.168269728271476,47.16321341713017,165.33955273250484,216.19706964064844,215.94706964064693,0.2065284252166748,
8,0.25824866217809506,0.04676662277919288,9.353324555838576,0.005,4.5013299653356684e-05,1.2011607242824278e-14,True,-4.34665915038699,-13.920398876861237,0.5463396215431715,0.44379460268800924,0.26728401696632587,0.09135451792938815,-0.04170872629283938,-0.11621025142090884,-0.13884791902341465,-0.12679223086422553,-0.0939993694344278,-0.04438101667824606,0.024390955443762276,0.11057423562519172,0.20051152541766068,0.27030199327163723,0.296766622780693,0.04676662277919286,0.01959085464477539,
9,0.10610744509343836,0.13233036937157824,26.466073874315647,0.005,3.3108692503782287e-05,1.0292658589531698e-14,True,-4.48005796964372,-13.987472432659075,0.6318605914314686,0.5074942279953008,0.2836568812499674,0.06615057273292872,-0.07755956375059453,-0.13035249717724032,-0.121033972531826,-0.09471384719251813,-0.07741400771760379,-0.059933128754281466,-0.011765512472735558,0.08668504391163517,0.2191233785173929,0.3357208154919923,0.3823303693730784,0.13233036937157827,0.011797666549682617,
10,25.340622609355954,7.580049782958284e-05,0.015160099565916569,0.005,nan,nan,False,nan,nan,0.4996721418521916,0.4090346955654188,0.2583495964091454,0.10510792369787554,-0.022145474950511473,-0.10849304513243384,-0.148568716006871,-0.14429691211929307,-0.10304974657699757,-0.035894467994242604,0.044120984633031685,0.12361020061228767,0.19035532305375236,0.23460394679994936,0.2500758004993297,7.58004978295701e-05,0.12691783905029297,
11,9.809360730387745,21.41585928566012,4283.171857132023,0.005,0.005860795190291586,6.547182305944478e-13,True,-2.2320434550866217,-12.183945566002794,21.90474902907493,16.35243874220779,4.356320179684399,-6.2031973433754395,-8.995265555989102,-3.6481612477693615,4.31009089479236,7.884614240403662,4.048106902075554,-3.9284386613196007,-9.00549546305118,-5.855624904768075,4.84872328980877,16.60830645891186,21.665859285661618,21.41585928566012,0.041399478912353516,
12,0.04074235824697025,0.004644447659511732,0.9288895319023464,0.005,3.0585325360596164e-05,9.89118486024087e-15,True,-4.514486895203453,-14.004751681361094,0.5042385049663011,0.4124359154038483,0.2592238199315727,0.10376216761225733,-0.02405971822898284,-0.10924816553689992,-0.14761754638985006,-0.14258409772827224,-0.10216417682636461,-0.03672486773156155,0.04219042232011562,0.1223346453419352,0.19134909662286467,0.23809696257310642,0.25464444766101185,0.004644447659511719,0.005681753158569336,
13,0.019820287355084912,324.6888722054,64937.77444108,0.005,3.0270771789626416e-05,1.0631434175462996e-14,True,-4.51897650604366,-13.973408145403667,325.02614376414755,242.13003799614253,62.38846672745905,-95.53631681987218,-136.0653381570043,-53.77408081982962,67.45002386467365,121.58356330652447,62.83343151141842,-59.05150274398181,-137.15884776784668,-90.52871877595592,70.81676454991077,248.47944472196582,324.9388722054015,324.6888722054,0.00543522834777832,
14,1.5120847986381405,0.0307729338091728,6.15458676183456,0.005,0.00017995376465066316,2.4860016203062908e-14,True,-3.7448390634322575,-13.604498592633291,0.5303539284514013,0.4318877842602815,0.26422357946411607,0.09606567278577771,-0.035007440217258524,-0.11356676409160947,-0.1421777255227996,-0.13278836487586917,-0.0970995272386183,-0.04147399526699407,0.03114937036995532,0.11503963501720253,0.1970325731570626,0.25807382027727577,0.2807729338106729,0.030772933809172787,0.016144752502441406,
15,51.985453794599835,6.1184911974353104,1223.698239487062,0.005,nan,nan,False,nan,nan,6.6150287007262625,4.9640101820404965,1.429125642509902,-1.6971531096836303,-2.5857348995649883,-1.1197640288005655,1.125254939864413,2.149535281798559,1.0829213747603217,-1.1479809037859696,-2.541323187804172,-1.5846366237924692,1.5212349666652716,4.912514219117976,6.368491197436811,6.1184911974353104,0.12504816055297852,
16,0.6897346977033075,0.0001646849616721782,0.032936992334435644,0.005,8.610931271216555e-05,1.6719253462897753e-14,True,-4.06494987710856,-13.776783118295466,0.4997609818791721,0.409100867364433,0.25836660470204253,0.10508174159102861,-0.022182717154045652,-0.10850773623680507,-0.1485502107035634,-0.1442635887779581,-0.10303251753967108,-0.03591062368165171,0.04408342493756265,0.12358538428432568,0.19037465723031394,0.23467190451767264,0.2501646849631723,0.00016468496167215685,0.0241544246673584,
17,0.8421241479639013,3.6407821066921926,728.1564213384385,0.005,0.00010139913522897431,1.820895247089204e-14,True,-3.9939657488181273,-13.739715037686508,4.138558314841369,3.1194305909587245,0.9550090184408465,-0.9673107801587997,-1.5475855732738117,-0.7102404598886805,0.6094082299898752,1.22062664928657,0.602651363971724,-0.6976311820210042,-1.494323578581344,-0.8928662205963591,0.9822829051050557,3.0181510457374126,3.8907821066936927,3.6407821066921926,0.019464731216430664,
18,35.5685157679625,0.00027816018038140215,0.05563203607628043,0.005,nan,nan,False,nan,nan,0.49987440036712744,0.409185346237803,0.25838831850525334,0.1050483159486578,-0.022230262776852562,-0.1085264917786572,-0.14852658572739402,-0.14422104620884496,-0.10301052192092901,-0.035931248997740604,0.044035473985576834,0.12355370227690499,0.19039934039561685,0.2347586634016018,0.25027816018188154,0.0002781601803814038,0.1909799575805664,
19,1.2373729021741122,583.688756170252,116737.75123405039,0.005,0.00014523486259128903,2.2072612581911527e-14,True,-3.8379291218337483,-13.656146259373193,583.8965434341138,434.9476297945513,111.94882515632669,-171.82819441187576,-244.58516239793687,-96.58239807762305,121.37251157733937,218.68423946475622,113.03701575412616,-106.12745936718103,-246.60380977451524,-162.84086180658707,127.15450085972432,446.501013890807,583.9387561702534,583.688756170252,0.02222466468811035,
20,0.028993956497541187,0.016878955316192004,3.3757910632384007,0.005,3.042575810675322e-05,1.1595318253903036e-14,True,-4.516758591816787,-13.935717326886527,0.5164668961082828,0.42154413687131587,0.26156492748491844,0.10015832985660586,-0.029185923693837268,-0.1112703235287975,-0.14507038274371736,-0.1379973042990986,-0.09979268489205335,-0.03894861834849325,0.037020515657773714,0.11891880030742824,0.19401035058055366,0.24745100693442668,0.2668789553176921,0.01687895531619199,0.005437374114990234,
21,0.044704338880536106,11.79753140820224,2359.506281640448,0.005,3.0677204325829684e-05,9.906082501576863e-15,True,-4.513184221032947,-14.004098059370888,12.29122973447866,9.191884111570937,2.515826007270515,-3.36999030932768,-4.965228033288748,-2.0584136966717237,2.307602867195421,4.278642970781499,2.183725627157799,-2.180206272117597,-4.941101637844238,-3.1702109557617204,2.7565415814374767,9.254494750899317,12.047531408203739,11.79753140820224,0.005776643753051758,
22,6.0180738558021005,0.008388850380660687,1.6777700761321372,0.005,0.0016734771189902825,1.2911056704681572e-13,True,-2.7763802212591133,-12.889038211472425,0.507981035712302,0.41522351014853676,0.2599403219551309,0.10265920374337842,-0.02562860667389619,-0.10986705222199837,-0.14683798036599105,-0.14118029773243276,-0.10143837558440215,-0.03740545236110725,0.04060815901064855,0.12128921713173278,0.19216358028174718,0.24095979205044554,0.2583888503821608,0.008388850380660673,0.027525663375854492,
23,23.12644247543508,0.2245440689044873,44.90881378089746,0.005,nan,nan,False,nan,nan,0.724028189685566,0.5761445424377987,0.301302232788129,0.03898779501513942,-0.11619670255053113,-0.1455938681179907,-0.10183553891137881,-0.0601423545778241,-0.05953964359835041,-0.07669393981265654,-0.0507320351111904,0.060939201373295365,0.23918173147457963,0.40622394159705544,0.47454406890598744,0.2245440689044873,0.12305474281311035,
24,0.17271653921854432,4.530590281253203e-05,0.009061180562506406,0.005,3.758904844257553e-05,1.0970150081250123e-14,True,-4.424938668203968,-13.959787430856199,0.4996416625026298,0.40901199326036736,0.2583437611823644,0.10511690628842595,-0.022132697847908608,-0.1084880048896424,-0.1485750648298895,-0.14430834473366339,-0.10305565753705843,-0.03588892528043791,0.04413387066117177,0.1236187146296794,0.1903486898598426,0.2345806317796335,0.2500453059043127,4.530590281254243e-05,0.0194246768951416,
25,0.21131025414006063,119.02168998919285,23804.33799783857,0.005,4.078865929038343e-05,1.1430142692577699e-14,True,-4.3894605695629645,-13.941948347888857,119.46178271396846,89.0170319985213,23.033471228411983,-34.95429936823306,-49.8916838504275,-19.78076062582288,24.63113940734698,44.477650550740776,22.96766188137146,-21.669326348336444,-50.25055808411067,-33.106937462943804,26.07997431701837,91.23405323555812,119.27168998919436,119.02168998919285,0.01250910758972168,
26,15.799427165799864,0.0845137834236538,16.90275668473076,0.005,nan,nan,False,nan,nan,0.5840679108877493,0.47189622382109186,0.2745070426394393,0.08023558723626198,-0.057524622331182954,-0.1224492211212515,-0.13098914791170566,-0.11264058428616007,-0.0866825987458572,-0.05124196066766006,0.008440227978751998,0.10003531939968141,0.20872229968627157,0.29916205246571337,0.3345137834251539,0.08451378342365379,0.22173476219177246,
27,4.547944600553805,2.22309403089237,444.618806178474,0.005,0.0008827250096842525,7.511478909701823e-14,True,-3.0541745686500055,-13.124274547804063,2.7215789974319087,2.0640046327983037,0.6837304058739551,-0.549711808735164,-0.9535804391435557,-0.47592050579300454,0.3142526234410986,0.6891265241347515,0.32785192524704376,-0.43995144355966903,-0.8952545163949118,-0.4970511285557422,0.6739069484779239,1.93424006838758,2.4730940308938703,2.22309403089237,0.13765645027160645,
28,0.06128763999881558,0.0004481725978407344,0.08963451956814687,0.005,3.114620719748314e-05,9.981791604435844e-15,True,-4.5065948316209505,-14.000791501389184,0.500044327788649,0.40931191534821537,0.2584208508609349,0.10499823651872381,-0.022301497239891808,-0.10855459196693895,-0.14849118998763108,-0.14415730749036415,-0.10297756733966988,-0.03596215054513592,0.04396363224462832,0.12350623521993144,0.1904363215501934,0.2348886485010857,0.2504481725993409,0.0004481725978407458,0.013153553009033203,
29,0.012601761177581806,0.36056732604408426,72.11346520881685,0.005,3.0189324161108446e-05,1.0144826657762745e-14,True,-4.520146609281858,-13.993755369253629,0.8599834434142379,0.6774097494669729,0.32733066675999634,-0.001079673450475993,-0.17318985533306844,-0.16807622083927798,-0.0735161732828519,-0.00914638485263189,-0.03317339607639408,-0.1014175993557586,-0.10821105781101048,0.022961835996924446,0.26876955319643236,0.5102222075804298,0.6105673260455844,0.36056732604408426,0.007723569869995117,
30,2.9495632488151102,2.7509124300700304e-05,0.0055018248601400605,0.005,0.0004350624599997651,4.271710542200521e-14,True,-3.3614483888247606,-13.369398183457054,0.49962387462143204,0.4089987440962292,0.25834035571859193,0.10512214856740681,-0.022125241075161867,-0.10848506338198981,-0.1485787700306639,-0.1443150168572199,-0.10305910719910304,-0.035885690528512815,0.044141391003336604,0.12362368344732337,0.19034481869897713,0.2345670250321975,0.25002750912580085,2.7509124300717502e-05,0.024651765823364258,
31,77.03689917691204,58.87183380730601,11774.366761461202,0.005,nan,nan,False,nan,nan,59.341997826307555,44.23728060069454,11.523626566768424,-17.236355272057782,-24.68915587608465,-9.839002787837543,12.108238503937468,21.927093320088826,11.308435144328167,-10.736456506223137,-24.833177104022848,-16.31324266697718,12.996158661300857,45.24573569625856,59.12183380730751,58.87183380730601,0.1958005428314209,
32,0.32498418410467317,0.0017010068631664575,0.3402013726332915,0.005,5.1290162084523014e-05,1.2829521078330302e-14,True,-4.289965928497071,-13.891789555388167,0.5012965357125303,0.41024461262307366,0.25866058423181915,0.10462919744059716,-0.022826429344859914,-0.10876166436357669,-0.14823035612452712,-0.14368761208967495,-0.10273472255681289,-0.03618986636735048,0.043434225063164744,0.12315644691423396,0.19070883845405967,0.23584651845581495,0.25170100686466657,0.0017010068631664321,0.02313852310180664,
33,0.37465500928927237,0.8416464948372163,168.32929896744326,0.005,5.600955530649419e-05,1.3414022652170451e-14,True,-4.251737875442354,-13.872440964604557,1.3408221016866633,1.0355586620111197,0.4193865228208621,-0.14278797268125565,-0.3747599334512865,-0.24759050234608637,0.02664211702583205,0.1712132039639891,0.06007721936092944,-0.1888588048719109,-0.3114995324804015,-0.11135430781859576,0.37341404546689916,0.8780372445623992,1.0916464948387166,0.8416464948372164,0.017012834548950195,
34,89.10981802532203,1.1838017319217787e-05,0.0023676034638435576,0.005,nan,nan,False,nan,nan,0.4996082113490573,0.40898707743034995,0.2583373570080632,0.10512676470142687,-0.02211867494953564,-0.10848247321202845,-0.1485820326771976,-0.14432089205322676,-0.10306214482880184,-0.03588284213977532,0.044148013105562815,0.12362805878260208,0.19034140991485227,0.23455504349325787,0.2500118380188194,1.1838017319243388e-05,0.20399165153503418,
35,2.584627551660544,45.0543605050551,9010.87210101102,0.005,0.0003568997495482515,3.7490038833801086e-14,True,-3.4474537568071595,-13.42608410971724,45.53143242594546,33.95058901576555,8.879614071636201,-13.166233827720914,-18.89969469463665,-7.555207244113986,9.231509283233175,16.746836171290433,8.630106975482127,-8.22498521186823,-18.99436043181835,-12.455437441512721,9.990577517968218,34.68141534454902,45.3043605050566,45.0543605050551,0.024156808853149414,
36,0.010784373920303184,0.0022326575588915163,0.44653151177830325,0.005,3.0174500127342632e-05,1.0039003097104406e-14,True,-4.520359915720586,-13.998309411784867,0.5018279206150263,0.4106404105101552,0.2587623170922194,0.10447259262217391,-0.023049188672680628,-0.10884953726646962,-0.1481196690938273,-0.14348829291916174,-0.1026316693427267,-0.03628649948049134,0.04320956669921604,0.12300801132205114,0.19082448328079152,0.23625299858007426,0.25223265756039165,0.0022326575588915154,0.007813453674316406,
37,0.06994420376022926,276.6256912265043,55325.138245300855,0.005,3.144871955654521e-05,1.003032639712808e-14,True,-4.50239703228063,-13.998684934360915,276.9869914720749,206.34845126856158,53.19144146211622,-81.37866445419837,-115.92707449277144,-45.83004675978916,57.4435086257794,103.56437619368553,53.51704140996975,-50.315513413413136,-116.84890424343672,-77.10959454992086,60.36204629000862,211.73214441051655,276.87569122650575,276.6256912265043,0.012224912643432617,
38,5.314226294793988,0.03620184702835282,7.240369405670564,0.005,0.001186231580672284,9.917866658763264e-14,True,-2.925830518062643,-13.003581734898772,0.5357801275419515,0.435929446198427,0.26526241732343453,0.09446651383468144,-0.037282131230033815,-0.11446407198184477,-0.14104745279111724,-0.1307530313602052,-0.09604720668166221,-0.04246075742033895,0.028855287484994295,0.11352389553810877,0.1982134720698688,0.2622245631196524,0.28620184702985296,0.03620184702835283,0.1875295639038086,
39,13.705140191157216,1.6935121478110569,338.70242956221136,0.005,nan,nan,False,nan,nan,2.192261873298226,1.6697469142517476,0.5823934186091022,-0.3937163867276962,-0.7316879348173171,-0.3883895427752718,0.20399630924453405,0.49058296441901217,0.2251997221893291,-0.34369435890494654,-0.6714703656610068,-0.34919314387415906,0.5587121305237258,1.5293416804586388,1.943512147812557,1.6935121478110569,0.3292422294616699,
40,0.1826731638052036,0.000585712696721683,0.1171425393443366,0.005,3.838199525706807e-05,1.1085864338559551e-14,True,-4.4158724525653374,-13.95523044031829,0.5001817991257899,0.4094143097981122,0.258447169546853,0.1049577222442493,-0.022359125942762834,-0.10857732502804474,-0.14846255482309598,-0.14410574284718455,-0.10295090707312761,-0.03598714990664045,0.04390551225373882,0.12346783435599872,0.19046623931580844,0.2349938064872095,0.25058571269822183,0.0005857126967216963,0.013502120971679688,
41,0.14998272433776222,27.41789928737019,5483.579857474037,0.005,3.588399523229976e-05,1.071723573472614e-14,True,-4.445099209698545,-13.969917216505472,27.903788373388554,20.820776261480603,5.504827465616311,-7.971178448629195,-11.510094196456812,-4.640197339268305,5.559685772167131,10.134816570895412,5.211520245128807,-5.019372643396419,-11.54176316284215,-7.5313799994619695,6.154288920807982,21.197240481423137,27.667899287371686,27.417899287370187,0.011663675308227539,
42,19.970910675775183,0.0035932151490724973,0.7186430298144995,0.005,nan,nan,False,nan,nan,0.5031877980086084,0.4116533045471168,0.2590226636251995,0.10407182219889045,-0.023619256381962474,-0.10907441451381183,-0.14783640777024748,-0.14297821137033478,-0.1023679438670621,-0.03653379515150955,0.042634639129806584,0.12262814692382643,0.1911204321961985,0.23729322973704564,0.25359321515057265,0.003593215149072515,0.22971224784851074,
43,6.875697696556574,0.17104433967721858,34.20886793544371,0.005,0.0022031198150222094,1.8058101141378708e-13,True,-2.656961883426615,-12.743327918871763,0.6705552070908035,0.5363156097234165,0.2910649086790934,0.05474685533180745,-0.093780548829518,-0.13675126422602227,-0.11297391645706077,-0.08019973762651723,-0.06990983420271273,-0.06696980058177723,-0.028124782385779604,0.07587619676016318,0.22754445352791725,0.3653200609870952,0.4210443396787187,0.17104433967721855,0.057254791259765625,
44,0.05217880831052285,5.920681741766534e-05,0.011841363483533068,0.005,3.086937065798522e-05,9.937172444830755e-15,True,-4.510472224503987,-14.00273717358046,0.49965555646761745,0.40902234207148236,0.25834642116158824,0.10511281158823058,-0.022138522270632836,-0.10849030247662769,-0.14857217072860454,-0.14430313319384833,-0.10305296303493455,-0.03589145191806785,0.04412799658490762,0.12361483352784339,0.1903517135911644,0.23459125989606683,0.2500592068189178,5.920681741766742e-05,0.012787580490112305,
45,0.02537679801656051,8.498556979348278,1699.7113958696555,0.005,3.0357828526954995e-05,1.129906952743283e-14,True,-4.517729296429008,-13.946957318971421,8.993904593536444,6.73589727853253,1.8845579439849764,-2.3982332975004788,-3.582972104389775,-1.5131488038314886,1.6207727984668305,3.041836827216171,1.5442645659475,-1.5805829258196964,-3.547061897363541,-2.2491452506278296,2.038947624944375,6.732222991355997,8.748556979349779,8.49855697934828,0.007818460464477539,
46,1.060169338134006,0.00011970306505309457,0.023940613010618915,0.005,0.00012475537877391172,2.0328169245429065e-14,True,-3.903940720883159,-13.691901732154363,0.49971602247078384,0.4090673797008563,0.2583579972892317,0.10509499160990192,-0.022163869935118756,-0.10850030148713703,-0.14855957571072326,-0.1442804527722956,-0.10304123666495307,-0.03590244774820474,0.04410243283011881,0.12359794312138891,0.19036487275399816,0.2346375130514822,0.25011970306655323,0.00011970306505310058,0.020644664764404297,
47,40.95806241539124,446.7018445506221,89340.36891012442,0.005,nan,nan,False,nan,nan,446.97811699443116,332.96501110742105,85.73599318125987,-131.47686863904383,-187.18824258198907,-73.94076950618233,92.85251787877873,167.32698964877136,86.48397699454998,-81.22864547340004,-188.71757790401819,-124.59444642322192,97.35706471195462,341.76597393923043,446.9518445506236,446.7018445506221,0.18870902061462402,
48,0.9752109549337118,0.0221548962532277,4.43097925064554,0.005,0.0001154266493031071,1.950086895472855e-14,True,-3.937693911205056,-13.709946036133099,0.5217401993935881,0.4254719155651778,0.26257449366651764,0.09860423093582954,-0.03139651998611342,-0.11214234767803091,-0.14397195808037402,-0.13601932104862507,-0.09877001591924421,-0.03990757617849815,0.034791073904503825,0.11744577032061998,0.19515797491438233,0.2514847929238278,0.27215489625472783,0.022154896253227696,0.015030384063720703,
49,0.6009772242049614,754.449873798106,150889.9747596212,0.005,7.750565895584202e-05,1.5833800282267364e-14,True,-4.110666586995981,-13.800414837282895,754.5722908194354,562.0741248715756,144.62444672725744,-222.1281639875606,-316.13332754952705,-124.80633388332625,156.92412699172536,282.7036503207477,146.13672229828924,-137.1650909032198,-318.76192716399237,-210.51695406171535,164.29851293268968,577.0585413616747,754.6998737981074,754.449873798106,0.0122528076171875,
50,44.74142571374434,0.013183936516388273,2.6367873032776545,0.005,nan,nan,False,nan,nan,0.5127737245946498,0.41879330696467126,0.26085787521402043,0.10124674703139129,-0.027637726897053922,-0.11065959917389016,-0.1458396672807619,-0.13938258995400266,-0.10050891373646283,-0.038277009766749366,0.0385819109216161,0.11995044064587927,0.19320660892779137,0.2446259345458043,0.2631839365178884,0.013183936516388273,0.12155604362487793,
51,1.717869453069947,4.661154296790148,932.2308593580295,0.005,0.00020853180387548855,2.7039522236231847e-14,True,-3.680827699950183,-13.568000986251157,5.158420380488559,3.8790668711798215,1.1502601154605117,-1.2678750469590196,-1.9751170803720637,-0.8788907919508775,0.821844645175179,1.6031705642676783,0.8004365537575645,-0.883094573838928,-1.925499816455979,-1.1777516754672765,1.2042345851737877,3.798289241655927,4.911154296791648,4.661154296790148,0.01711869239807129,
52,0.02326440705012844,0.00021520097149069336,0.04304019429813867,0.005,3.0322253168333498e-05,1.0925893040297588e-14,True,-4.51823853053943,-13.961543055353188,0.4998114726340376,0.4091384750081561,0.25837627108302574,0.10506686142514392,-0.022203883142319233,-0.10851608568214768,-0.14853969352155919,-0.1442446500099745,-0.10302272570225514,-0.035919805498456366,0.04406207850801727,0.12357128033620257,0.19038564548867534,0.23471052715865331,0.2502152009729908,0.00021520097149069217,0.005394697189331055,
53,0.0358602295265083,0.30892428377266307,61.78485675453261,0.005,3.048374189307016e-05,9.874687941317574e-15,True,-4.51593172421668,-14.005476620005828,0.8083662195440141,0.6389630641191516,0.3174486249376296,0.014132474907029097,-0.15155164536644844,-0.15954049602014003,-0.08426799783850804,-0.028507684350756957,-0.04318369331488571,-0.09203093253319976,-0.08638838085540423,0.03738044886307819,0.2575361423810101,0.470737879978849,0.5589242837741633,0.3089242837726631,0.006085395812988281,
54,8.357378922166019,3.261787966701791e-05,0.006523575933403581,0.005,0.0037076245181584273,3.360860868187099e-13,True,-2.4309042545568933,-12.473549465938524,0.49962898082272933,0.40900254741031467,0.2583413332933429,0.10512064371523047,-0.022127381621427585,-0.1084859077731809,-0.14857770641320486,-0.1443131015528854,-0.1030581169367659,-0.03588661909860459,0.044139232208790416,0.12362225709514475,0.190345929957053,0.2345709309943881,0.25003261788116715,3.261787966701846e-05,0.03583502769470215,
55,29.08237584844745,16.386714000572667,3277.3428001145335,0.005,nan,nan,False,nan,nan,16.878118012801615,12.60839195797649,3.393979042289881,-4.721795380529919,-6.888075567850464,-2.8169282618550673,3.2630478587532386,5.999156223185999,3.0732758900934485,-3.014338540237413,-6.880341558630484,-4.451499668841637,3.7547820238989797,12.763211141933866,16.636714000574166,16.386714000572667,0.11497688293457031,
56,0.12329257880407025,0.006097525948977575,1.219505189795515,0.005,3.4105112981134735e-05,1.044703154976848e-14,True,-4.467180507428769,-13.981007093734164,0.5056908568044077,0.4135176883072963,0.2595018705613594,0.10333414398037581,-0.02466855170862466,-0.10948833489706962,-0.14731502271682828,-0.14203932959070378,-0.10188251747887878,-0.03698898001407628,0.041576398499916206,0.12192894938758173,0.19166517066991154,0.2392079315766456,0.2560975259504777,0.006097525948977556,0.0134124755859375,
57,0.29605321172475896,3.0602084007844765,612.0416801568953,0.005,4.8550354804859864e-05,1.2478671170652215e-14,True,-4.313807591930441,-13.903831659363478,3.5582748607121015,2.687211000274294,0.8439146020315049,-0.7962950351854998,-1.304327717094377,-0.6142814076544982,0.4885356718872853,1.0029659363150538,0.4901150936558868,-0.5921057965363116,-1.2489919351364238,-0.7307714419472705,0.8559963297941615,2.574266228099359,3.3102084007859767,3.0602084007844765,0.01788640022277832,
58,12.562213439985477,0.0003228404864334476,0.06456809728668951,0.005,nan,nan,False,nan,nan,0.49991905833572575,0.4092186093763106,0.2583968682078584,0.10503515476731705,-0.022248983630644363,-0.10853387668048561,-0.14851728350989027,-0.14420429528269707,-0.1030018612548525,-0.03593937011392575,0.044016593535425835,0.1235412276432008,0.19040905926985752,0.2347928242829888,0.2503228404879336,0.00032284048643344,0.14851713180541992,
59,3.274536947842051,165.2270972508329,33045.419450166584,0.005,0.0005138118003585694,4.791216016434198e-14,True,-3.289195925815563,-13.31955424812944,165.64409006340935,123.41556229849313,31.875006252224765,-48.5647196546456,-69.25154841196664,-27.417735989681596,34.25087539789521,61.800346679363685,31.923947963117975,-30.067645740253262,-69.77546660854502,-46.00737574710035,36.13058905299671,126.56096964173305,165.47709725083442,165.2270972508329,0.025867223739624023,
60,0.07641244704048498,0.061394890335373715,12.278978067074743,0.005,3.169937167863352e-05,1.007036700280385e-14,True,-4.498949345959115,-13.996954701801082,0.5609605758493196,0.4546849061089496,0.2700831772291779,0.08704556620055,-0.04783790673819244,-0.1186280575947597,-0.13580238647150514,-0.12130800187931431,-0.09116387989157822,-0.04703985836730556,0.018209523381318343,0.10649005859924202,0.20369347078239822,0.2814862164124078,0.31139489033687384,0.06139489033537371,0.012803316116333008,
61,0.015707223749987266,76.05274088222922,15210.548176445844,0.005,3.021995456411148e-05,1.0244492955410049e-14,True,-4.519706192960941,-13.98950953185692,76.51431548565252,57.02794705345829,14.811241602464023,-22.29722108950158,-31.887881170971202,-12.678717267940518,15.685217908166551,28.36832282354755,14.638718936343663,-13.859267311482268,-32.09327194757981,-21.11011049092736,16.733354977889896,58.381610997199,76.30274088223072,76.05274088222922,0.007578134536743164,
62,2.1242887997115822,0.0013278924310425805,0.2655784862085161,0.005,0.00027210431497584256,3.164749447481068e-14,True,-3.5652645712105424,-13.499660667284433,0.5009236078150813,0.40996684019643764,0.25858918773268574,0.10473910328359463,-0.0226700960215549,-0.10869999483407997,-0.14830803669362091,-0.1438274950235551,-0.1028070456850651,-0.036122048889777644,0.04359189113707495,0.12326061956392594,0.1906276784853037,0.23556124919546756,0.2513278924325427,0.0013278924310425877,0.023206710815429688,
63,61.23539221665207,0.4618826888681837,92.37653777363673,0.005,nan,nan,False,nan,nan,0.9612481546777438,0.7528359773589357,0.34671764724449167,-0.03092346774273355,-0.21564055144252936,-0.18482194337964433,-0.05242281863205153,0.028837378247322576,-0.013534799044009185,-0.11983273357341813,-0.15102364855518308,-0.005325168983860762,0.29080770281850626,0.5876841230848446,0.7118826888696838,0.4618826888681836,0.1975104808807373,
64,0.4554434434350315,2.129470387200924e-05,0.004258940774401848,0.005,6.366810153533198e-05,1.431665591501902e-14,True,-4.196078099798821,-13.844158412702553,0.49961766330783813,0.40899411764789595,0.2583391665717122,0.10512397910800549,-0.02212263726004675,-0.10848403624299187,-0.14858006384208988,-0.1443173466823006,-0.10306031177948637,-0.035884560992151406,0.04414401701612588,0.12362541849852113,0.19034346693628879,0.2345622737200891,0.25002129470537215,2.129470387202126e-05,0.011932849884033203,
65,0.42805691229666737,1.5233864051256354,304.67728102512706,0.005,6.10749023978421e-05,1.4016794482603495e-14,True,-4.214137218388295,-13.853351294335816,2.022221183206251,1.5430934366309996,0.5498393778257828,-0.34360357533367164,-0.6604059890015209,-0.3602706237429236,0.16857697573314262,0.42680175960226574,0.19222317438547049,-0.31277221345628176,-0.5995807371425285,-0.3016944467707656,0.5217063254082952,1.3992699367695434,1.7733864051271355,1.5233864051256354,0.012844085693359375,
66,56.419691248488924,0.000654409072555752,0.13088181451115039,0.005,nan,nan,False,nan,nan,0.5002504611575862,0.4094654521752857,0.2584603147921596,0.10493748680855754,-0.022387909425277883,-0.10858867938159172,-0.14844825257930686,-0.1440799881462905,-0.10293759122047717,-0.03599963619643885,0.04387648339037386,0.1234486544935256,0.1904811821731099,0.23504632915220314,0.2506544090740559,0.0006544090725557616,0.09189319610595703,
67,2.2646595785453334,248.6269285284742,49725.38570569484,0.005,0.00029644022313163657,3.3350953582810263e-14,True,-3.5280628685101085,-13.476891744061318,249.00222646388983,185.5042180043416,47.833799236039034,-73.1312546724413,-104.1957147699766,-41.20232300155922,51.61430548312759,93.0674649674954,48.08986429975571,-45.22644341809769,-105.01753400183661,-69.29240752301313,54.271746612126435,190.3253436066894,248.8769285284757,248.6269285284742,0.01727151870727539,
68,0.017014330289852473,0.04043648864858448,8.087297729716894,0.005,3.023484091002155e-05,1.024723693268258e-14,True,-4.519492312226935,-13.989393222086925,0.5400126520972027,0.43908200899823574,0.26607272794328396,0.09321914354558679,-0.03905642764019452,-0.11516398689754617,-0.14016582146665893,-0.12916543773538303,-0.09522637933585604,-0.043230448132848584,0.027065865095519382,0.11234159380948247,0.19913459264843844,0.26546221081921567,0.2904364886500846,0.04043648864858446,0.006928443908691406,
69,0.08293445262296,50.03957223320783,10007.914446641566,0.005,3.1973012221545153e-05,1.0113902493389071e-14,True,-4.495216446319174,-13.995081237650993,50.51415184940834,37.66192859365525,9.833548398975793,-14.634694574159171,-20.988476713613874,-8.379178753247926,10.269405571220826,18.615823223274084,9.596422068488168,-9.131099946281894,-21.10094943807797,-13.847296534287763,11.074962342740465,38.492920716426646,50.28957223320933,50.03957223320783,0.008743762969970703,
70,3.4840302019830873,0.002000054312682017,0.40001086253640333,0.005,0.0005695785646424892,5.157404849876518e-14,True,-3.2444463631785267,-13.287568775677597,0.5015954336563876,0.4104672444179855,0.2587178078048893,0.10454110901729989,-0.02295172892478379,-0.10881109186870921,-0.14816809593284225,-0.1435754973307537,-0.10267675629986137,-0.03624422139078201,0.04330785729708936,0.12307295358747537,0.19077388734943762,0.23607515888724095,0.25200005431418215,0.0020000543126820203,0.01649785041809082,
71,11.597161966947127,0.9350361763607141,187.00723527214282,0.005,nan,nan,False,nan,nan,1.4341650940113995,1.105084459530878,0.4372569018303386,-0.17029715161244696,-0.41388980358752947,-0.2630262432972473,0.04608538424800565,0.20622557958097654,0.07817953150096435,-0.20583336304218094,-0.35096298701824663,-0.137428481692854,0.39372819839695333,0.9494394822636756,1.1850361763622144,0.9350361763607142,0.12823700904846191,
72,0.27770352414961724,1.0613648980532078e-05,0.0021227297961064154,0.005,4.682463597682681e-05,1.2252882816091161e-14,True,-4.329525590223305,-13.911761719966623,0.49960698759282884,0.4089861659250978,0.2583371227217277,0.10512712535548584,-0.022118161944530052,-0.10848227084456989,-0.14858228758459635,-0.14432135107657357,-0.10306238215585425,-0.03588261959793507,0.044148530483965685,0.12362840062328971,0.1903411435898657,0.23455410738727994,0.25001061365048066,1.0613648980528634e-05,0.014830350875854492,
73,0.13142923298673082,496.83423847710554,99366.84769542111,0.005,3.4619152423338174e-05,1.0525806066528352e-14,True,-4.460683569111498,-13.977744635934975,497.08544775262607,370.2870643841148,95.32896818132156,-146.24403533535173,-208.19349746626332,-82.22680960490615,103.2898329621869,186.12193763551633,96.20145571789324,-90.34073604955081,-209.90190379866573,-138.5912899143633,108.26187882373702,380.095316638318,497.084238477107,496.83423847710554,0.013271093368530273,
74,31.504458156810056,0.01984147634926854,3.968295269853708,0.005,nan,nan,False,nan,nan,0.5194279360598191,0.42374964431211254,0.2621318142417954,0.09928567968951203,-0.030427207114115406,-0.11175997834379363,-0.1444536005986479,-0.1368866366376268,-0.09921844071874308,-0.03948708774667782,0.0357686502246872,0.11809167157904567,0.19465475908846014,0.2497160390830323,0.26984147635076866,0.019841476349268528,0.19656920433044434,
75,7.855457545582912,9.449673145505606,1889.9346291011213,0.005,0.003052391250548944,2.705830611359374e-13,True,-2.515359799988429,-12.567699394306944,9.944545259070976,7.44397454046628,2.066556705454092,-2.678397276778932,-3.9814856388518596,-1.6703522819434884,1.8187904539106308,3.3984162257283144,1.7286254229537548,-1.7534583059018054,-3.948972782710283,-2.5146945906238574,2.245834712879303,7.459410636389404,9.699673145507106,9.449673145505606,0.11426758766174316,
76,0.03303806196676426,0.00010711325539480395,0.02142265107896079,0.005,3.0430893937001027e-05,9.86609481803242e-15,True,-4.516685289633147,-14.005854715069864,0.4997034389552698,0.4090580069677788,0.258355588193638,0.10509870010661107,-0.022158594859661464,-0.10849822060371031,-0.14856219684647903,-0.14428517277066705,-0.10304367702731966,-0.03590015941770708,0.044107752875898874,0.12360145816588546,0.1903621342146372,0.23462788735657492,0.25010711325689494,0.00010711325539480843,0.008503437042236328,
77,0.021475873621071166,0.15390864401899165,30.78172880379833,0.005,3.0294506853252635e-05,1.0753705819361237e-14,True,-4.518636112738481,-13.968441848347611,0.6534280782451779,0.5235586018049954,0.2877859449755229,0.05979440352217145,-0.08660076692147185,-0.1339190224313892,-0.11654148306919143,-0.08662401708712622,-0.07323135438011923,-0.06385520742765634,-0.020883792422529315,0.08066044166559806,0.22381709161292343,0.35221875263476293,0.40390864402049176,0.15390864401899162,0.00680994987487793,
78,1.6115214989514577,6.605968734806045e-05,0.01321193746961209,0.005,0.0001934761205807683,2.5902012350355856e-14,True,-3.71337262930124,-13.586666493883797,0.4996624059115269,0.40902744382618844,0.2583477324775812,0.1051107929837977,-0.0221413935933107,-0.10849143514057184,-0.1485707439951676,-0.1443005640100569,-0.10305163469984965,-0.03589269749935016,0.04412510078403818,0.12361292022308436,0.19035320422958937,0.2345964993426494,0.2500660596888482,6.605968734807455e-05,0.024446487426757812,
79,48.563211242386195,24.69191805664329,4938.383611328658,0.005,nan,nan,False,nan,nan,25.179169968590877,18.79136556001576,4.983203267191864,-7.1682042418880885,-10.367919923966754,-4.189638568440502,4.992150037522647,9.112829160529808,4.683126076506669,-4.52389684545834,-10.389851788749471,-6.770292613485032,5.561332625186497,19.11305776840461,24.941918056644788,24.69191805664329,0.19217133522033691,
80,0.6393750679199609,0.004010238698059518,0.8020477396119037,0.005,8.120567868628967e-05,1.62193395706902e-14,True,-4.090413599627212,-13.789966833641776,0.5036046130710148,0.4119637659851992,0.25910246225771116,0.10394898233863546,-0.02379398743414527,-0.10914334148055684,-0.14774958554140355,-0.1428218666339563,-0.10228710955720734,-0.0366095935735105,0.04245841848531794,0.1225117149545921,0.19121114328987993,0.23761207025653397,0.25401023869955963,0.004010238698059498,0.019995689392089844,
81,0.8982131317023535,13.664151328458832,2732.8302656917663,0.005,0.00010722769397271661,1.875341623811676e-14,True,-3.9696930338015224,-13.72691960696458,14.15691645754422,10.58152627015838,2.8730089946997115,-3.9198281559204493,-5.747333656542072,-2.3669345211710313,2.6962238510098864,4.978450451822443,2.5455443622906517,-2.5194841013305393,-5.729874756681223,-3.69136673618569,3.16256933422339,10.681642130244047,13.914151328460331,13.664151328458832,0.021647214889526367,
82,38.50909507117151,0.007275408646800664,1.4550817293601328,0.005,nan,nan,False,nan,nan,0.5068681506320419,0.41439458640369115,0.2597272617383655,0.10298718288825327,-0.02516207943299053,-0.10968301906236337,-0.1470697933973088,-0.14159773400138212,-0.10165420103200264,-0.03720307259952879,0.04107866342321225,0.12160008737878697,0.19192138408521506,0.24010849638211637,0.2572754086483008,0.007275408646800652,0.1617894172668457,
83,1.1481373382818936,0.25767054366986125,51.534108733972246,0.005,0.00013474381425371043,2.1190195509565313e-14,True,-3.8704911630402425,-13.673865036289031,0.7571381032148445,0.6008062024789167,0.3076410771834399,0.029229949107388076,-0.13007655131427776,-0.1510691162906148,-0.09493877161884128,-0.04772303203135947,-0.053118529653862795,-0.0827150254798064,-0.06473021038683348,0.051690369502546754,0.24638741269588318,0.431551198172049,0.5076705436713613,0.2576705436698612,0.022297143936157227,
84,0.02705910473315876,3.895162116720706e-05,0.007790324233441412,0.005,3.03883241754909e-05,1.1223276149436604e-14,True,-4.517293249291712,-13.94988035110681,0.4996353113977414,0.40900726268958215,0.25834254527264633,0.10511877802701536,-0.022130035431552387,-0.10848695463394169,-0.1485763877597252,-0.14431072699358882,-0.10305688922762524,-0.0358877703228274,0.044136555774781115,0.12362048872979157,0.19034730767449837,0.23457577353489964,0.2500389516226673,3.895162116718254e-05,0.007405996322631836,
85,0.05549721253976843,5.598002447080372,1119.6004894160744,0.005,3.096524911425742e-05,9.952647884731555e-15,True,-4.509125421757682,-14.002061360586797,6.09480016330194,4.576522026195524,1.3295286518437408,-1.5438361914587455,-2.3676523782787404,-1.0337360074238053,1.0168917706770335,1.9544007944059842,0.9820317510824518,-1.0533765917705349,-2.321381500435597,-1.4393174198402061,1.4080180898048162,4.5145680984394,5.848002447081872,5.598002447080372,0.01312255859375,
86,7.46512129905161,0.00018009297717387035,0.03601859543477407,0.005,0.0026619945233895877,2.296192179197618e-13,True,-2.574792842348995,-12.638991766591014,0.4997763821915969,0.40911233816665094,0.25836955306927445,0.10507720295412037,-0.022189173045486794,-0.10851028292217732,-0.1485470028313673,-0.14425781221659226,-0.10302953090665637,-0.03591342425074195,0.04407691400927432,0.1235810824035537,0.1903780087866973,0.23468368490676283,0.250180092978674,0.0001800929771738624,0.03291058540344238,
87,18.729245618501594,905.3236966500812,181064.73933001622,0.005,nan,nan,False,nan,nan,905.3706858748045,674.3951295855602,173.49457834126272,-266.5700650751401,-379.34880273744585,-149.74323491846323,188.33530654268833,339.2671899997546,175.3815488195104,-164.58799716645075,-382.5163179268705,-252.64056157317933,197.1166343842097,692.4109912944488,905.5736966500826,905.3236966500812,0.18923449516296387,
88,0.13849103257399492,0.011030004437704327,2.206000887540865,0.005,3.508590905353707e-05,1.059684008247177e-14,True,-4.454867266696221,-13.974823619578311,0.5106208693518786,0.41718976958098064,0.26044571423457574,0.10188121651443842,-0.02673523872977193,-0.11030359049016213,-0.1462881052270218,-0.14019011255994906,-0.10092642400291513,-0.0378855099268529,0.03949209285261843,0.1205518132880894,0.19273808494384007,0.24297911909718434,0.26103000443920443,0.0110300044377043,0.009629249572753906,
89,0.19781838362476095,0.5536324675012843,110.72649350025685,0.005,3.963377698607443e-05,1.1266198819430045e-14,True,-4.401934538666347,-13.948222588852536,1.0529520639644556,0.8211409167019678,0.3642742262097657,-0.05794959135875746,-0.25408330940438134,-0.19998663601167307,-0.03332097103564659,0.06323494401554183,0.004249640355514811,-0.136509222122371,-0.1897941332476884,-0.030941485925708806,0.3107651435554946,0.6578325527199946,0.8036324675027844,0.5536324675012843,0.009290695190429688,
90,14.614851780694895,1.7835903728433272e-05,0.0035671807456866544,0.005,nan,nan,False,nan,nan,0.4996142062368857,0.408991542675645,0.2583385047205475,0.1051249979438178,-0.022121188037838926,-0.10848346456160109,-0.14858078394707752,-0.14431864340810407,-0.10306098222057587,-0.03588393231879822,0.04414547859303668,0.1236263841871804,0.1903427145769925,0.2345596292515998,0.2500178359052286,1.783590372844701e-05,0.15069246292114258,
91,4.894942286749076,91.23701775090599,18247.4035501812,0.005,0.0010222413138357837,8.509902674702823e-14,True,-2.9904465710345365,-13.07007540678747,91.6910011332307,68.3321826160343,17.7167958157505,-26.76995279290801,-38.25002709856583,-15.188422413649006,18.84650883364068,34.0610031767264,17.581983277900914,-16.619169548818718,-38.50965553644887,-25.34952397612208,20.036243663348937,69.99093794437849,91.48701775090751,91.237017750906,0.21082472801208496,
92,0.06575689653270331,0.001112522016523269,0.2225044033046538,0.005,3.129764019232666e-05,1.0006116232028154e-14,True,-4.504488406545764,-13.999734456615986,0.500708345072758,0.4098065034270286,0.2585479759963129,0.10480254351781372,-0.02257985675514077,-0.10866439773306374,-0.148352875742785,-0.14390823873878064,-0.10284879229353144,-0.03608290304871924,0.04368289969844413,0.12332075046429886,0.19058083104492504,0.2353965850775429,0.2511125220180234,0.0011125220165232874,0.009279489517211914,
93,0.010113070181480995,137.6621092522561,27532.42185045122,0.005,3.016960491570323e-05,1.0087101556600239e-14,True,-4.520430377065762,-13.996233606687461,138.09288289353367,102.89426119799185,26.600368038555544,-40.44508400840779,-57.70193840050071,-22.861707881149776,28.511981990303,51.46606030061541,26.58085214411144,-25.057418864954318,-58.12739550505402,-38.3112975702421,30.1346441843197,105.48581665695718,137.9121092522576,137.6621092522561,0.005610466003417969,
94,2.3867398685893755,0.07340050079318082,14.680100158636163,0.005,0.0003186680368121564,3.4886050654019044e-14,True,-3.4966614951464505,-13.457348192955104,0.572960184227199,0.4636227205245665,0.27238048465780607,0.08350915317424688,-0.05286820527285562,-0.12061238273608306,-0.1333028780837639,-0.11680702344141043,-0.08883675654782627,-0.04922200450766233,0.013136341261283598,0.10313812111068005,0.2063049349493168,0.2906652545852876,0.32340050079468097,0.07340050079318083,0.017734289169311523,
95,94.78440827467381,2.5489538637326192,509.7907727465238,0.005,nan,nan,False,nan,nan,3.04727592004208,2.3065974373596196,0.7460846041303731,-0.6456981779127378,-1.090114290995792,-0.5297796461611521,0.3820950199835008,0.8112934132361015,0.39101539589759504,-0.4991799000408012,-1.0329523272153223,-0.5880304080811315,0.744788081918915,2.183380239573445,2.7989538637341194,2.5489538637326192,0.1264338493347168,
96,0.406747540758741,0.000385645681816038,0.07712913636320759,0.005,5.905534054036363e-05,1.377928963479912e-14,True,-4.228740821804341,-13.86077317108144,0.49998183213230496,0.4092653659475519,0.25840888615916674,0.10501665465756826,-0.022275298734188043,-0.10854425732115702,-0.14850420778057152,-0.14418074922219487,-0.10298968732693793,-0.035950785619632865,0.04399005409410547,0.1235236925841033,0.19042272067573224,0.23484084277300213,0.25038564568331617,0.0003856456818160381,0.011934757232666016,
97,0.34652879875662207,180.71705266729396,36143.41053345879,0.005,5.3336879602892536e-05,1.3085938115711907e-14,True,-4.272972395674367,-13.883195137840834,181.126301437965,134.94736630838239,34.8390529179413,-53.12749305997504,-75.74177232080186,-29.977964649347427,37.47580707673414,67.6076278316724,34.926463909308985,-32.88310827296839,-76.32102005083779,-50.332133945699525,39.49996903241699,138.40400690865036,180.96705266729543,180.71705266729393,0.012207508087158203,
98,83.4293490659957,0.05616617943542224,11.233235887084447,0.005,nan,nan,False,nan,nan,0.5557344789889331,0.45079228875134664,0.26908264864840953,0.08858575288263056,-0.04564709962591441,-0.11776383977493712,-0.13689097807602482,-0.12326827829353118,-0.09217739396783202,-0.04608948509395394,0.020419007250688348,0.10794990207359052,0.20255611994110714,0.2774885407328344,0.30616617943692237,0.05616617943542224,0.11873912811279297,
99,2.7731999013537028,1.0967579075910776,219.3515815182155,0.005,0.00039600003814478315,4.011749864183278e-14,True,-3.4023047722409827,-13.396666153416206,1.595805974146328,1.2254814044250306,0.4682028113142267,-0.2179344491050904,-0.481650505177033,-0.28975612082463836,0.07975504437157438,0.26685606794860517,0.10952707665585676,-0.23522799090024762,-0.41930135250014683,-0.1825807990640786,0.42890596029455785,1.0730858349056098,1.3467579075925777,1.0967579075910776,0.023773908615112305,
100,0.011606751142643104,0.0009003274411554807,0.18006548823109614,0.005,3.0180923929967255e-05,1.0159358911378659e-14,True,-4.520267469280624,-13.993133696583115,0.5004962565818585,0.40964853097395737,0.2585073719657207,0.10486504826616273,-0.022490948151510214,-0.10862932554475357,-0.14839705359803265,-0.1439877918120481,-0.10288992330902552,-0.03604433444987366,0.0437725662530527,0.12337999467803913,0.1905346744140786,0.23523434908677643,0.2509003274426556,0.0009003274411554796,0.0074825286865234375,
101,0.056591840737865065,0.7233974390521724,144.67948781043447,0.005,3.0998130578744246e-05,9.957949743155134e-15,True,-4.50866449661142,-14.001830069898828,1.2226321632856691,0.9475258111083675,0.3967592324187658,-0.10795613279306926,-0.32521409368484616,-0.22804592565365964,0.002023251719820318,0.1268808934778638,0.0371562576104959,-0.1673657936177961,-0.2615313115700213,-0.07833945659833194,0.34769247362014766,0.7876284643697953,0.9733974390536725,0.7233974390521724,0.013122797012329102,
102,4.265196479144556,1.3588256934770896e-05,0.0027176513869541794,0.005,0.0008170391968213106,6.791136961440216e-14,True,-3.0877571080271133,-13.168057510735153,0.4996099607136588,0.40898838043088637,0.25833769192135103,0.10512624914495455,-0.022119408292317698,-0.10848276249714932,-0.1485816682860144,-0.14432023587744974,-0.10306180556879663,-0.035883160264258473,0.04414727351099121,0.12362757011992209,0.19034179062752452,0.2345563816606338,0.2500135882584349,1.3588256934760068e-05,0.027106285095214844,
103,17.153825553255924,39.085206682362276,7817.041336472455,0.005,0.048030962687910246,5.7315187858314e-11,True,-1.3184787086794372,-10.241730279794417,39.56526281954635,29.50673426360633,7.737399648830326,-11.407939786050527,-16.39864522005996,-6.56860668394894,7.988761144771282,14.508963074966479,7.473068168329967,-7.140028639175613,-16.471989366103,-10.788864088696165,8.692165298983516,30.117624857522284,39.335206682363776,39.085206682362276,0.16169071197509766,
104,0.22474818116130696,0.0025851818048886134,0.5170363609777227,0.005,4.196978628411705e-05,1.1595510295044844e-14,True,-4.377063242269687,-13.935710134180322,0.5021802686201977,0.4109028541650448,0.25882977360115306,0.10436875189370673,-0.023196894797604853,-0.10890780358509762,-0.14804627529908038,-0.14335612937482156,-0.10256333734036983,-0.0363505744748857,0.043060601371050805,0.12290958740267298,0.19090116446577807,0.23652252535859544,0.2525851818063887,0.002585181804888592,0.013988018035888672,
105,0.16237645577238885,7.31495846945889,1462.991693891778,0.005,3.6794145918189295e-05,1.0852951955316188e-14,True,-4.434221273654429,-13.964452119553957,7.8108978113966385,5.854743932672237,1.658073030215856,-2.049588536536751,-3.087049479642743,-1.3175199111016662,1.3743534753025735,2.5980983442069214,1.3148401870978201,-1.3654514313268358,-3.0469115036144347,-1.918687400887718,1.781490904400494,5.827288090975866,7.5649584694603895,7.314958469458889,0.014005661010742188,
106,21.30173421851559,0.0001372106493338271,0.02744212986676542,0.005,nan,nan,False,nan,nan,0.4997335213023301,0.4090804135686231,0.25836134741487227,0.10508983451694716,-0.02217120553674121,-0.10850319519585548,-0.1485559307187495,-0.14427388906946478,-0.10303784305925383,-0.03590562993603262,0.044095034692069095,0.12359305504607687,0.19036868100924342,0.23465089869188696,0.25013721065083394,0.00013721064933380767,0.11215019226074219,
107,6.4175454454079865,387.85427691532567,77570.85538306514,0.005,0.0018190661110814624,1.5063374692559133e-13,True,-2.7401515169034623,-12.822077720952597,388.15996958776316,289.15477420333156,74.47534510672979,-114.14253104054336,-162.53136784124436,-64.21425802433512,80.60074697387299,145.26466853811786,75.07718107622449,-70.53248028995947,-163.85050188284166,-108.16434744902399,84.55652327093543,296.77333723792475,388.10427691532715,387.85427691532567,0.025352954864501953,
108,0.04841088647013274,0.02563188670539688,5.126377341079376,0.005,3.077079261566266e-05,9.921234668941567e-15,True,-4.5118613167465265,-14.00343427779118,0.5252154515605885,0.4280604299514789,0.26323982559804326,0.097580036924988,-0.0328533638540744,-0.11271703562035824,-0.14324806596094902,-0.13471577558469292,-0.09809604888727344,-0.04053955581184735,0.03332181035847518,0.11647500297105809,0.19591429097231783,0.25414316903884204,0.27563188670689703,0.0256318867053969,0.005921602249145508,
109,0.03147751416812903,17.937430281015924,3587.486056203185,0.005,3.0403521825281292e-05,9.861641190980801e-15,True,-4.517076106499921,-14.006050803022882,18.42805902878889,13.762853397033474,3.690712977084531,-5.178579587674811,-7.53781894080152,-3.073235536954268,3.5858992758966526,6.580529454152591,3.3738610263877042,-3.296197555907638,-7.535624031341037,-4.884455914824198,4.092094317485964,13.94883048078544,18.187430281017424,17.937430281015924,0.005893707275390625,
110,1.316165633349356,0.005567050305452842,1.1134100610905684,0.005,0.00015481057499348513,2.286007626773227e-14,True,-3.8101993763117012,-13.640922325008102,0.5051606463666568,0.41312276521109126,0.25940036255051246,0.10349040267146782,-0.024446284722562182,-0.10940065621050843,-0.14742546510750407,-0.1422382082267989,-0.10198534292517131,-0.03689256047904813,0.04180056032486477,0.12207705690802383,0.1915497814409043,0.23880234985309984,0.255567050306953,0.0055670503054528475,0.017392635345458984,
111,32.845310199429996,0.11086805300855902,22.173610601711804,0.005,nan,nan,False,nan,nan,0.6104090049300165,0.4915161816263899,0.2795500064692461,0.07247258488112923,-0.0685669465962401,-0.12680513787386727,-0.12550232005636505,-0.10276020381194373,-0.081574184128033,-0.05603212672033467,-0.0026962327380600504,0.09267727088430022,0.2144548887043949,0.3193115356917746,0.36086805301005914,0.11086805300855901,0.13108158111572266,
112,0.7897064131339872,9.093465970711838e-05,0.018186931941423675,0.005,9.60546903117925e-05,1.7699036262602786e-14,True,-4.017481423860104,-13.752050380939245,0.4996872684479025,0.40904596249188396,0.25835249237371377,0.10510346572821261,-0.022151816098475875,-0.10849554655441583,-0.14856556514963742,-0.14429123822736348,-0.10304681302676144,-0.035897218787552504,0.04411458942641486,0.12360597519078714,0.19035861504140916,0.23461551781085938,0.25009093466120724,9.093465970710923e-05,0.02017068862915039,
113,0.7471297719951516,0.20115089116219934,40.23017823243987,0.005,9.178162833745692e-05,1.7283291342649062e-14,True,-4.03724424156728,-13.762373549135082,0.7006467071188848,0.5587290280841621,0.29682588223557305,0.04587856819033055,-0.10639506288116937,-0.14172736995926674,-0.10670588217199553,-0.06891260320300927,-0.06407409107188274,-0.07244198338774871,-0.040846835897867986,0.06747052018682373,0.2340932400864041,0.38833839781433266,0.45115089116369944,0.2011508911621993,0.017697811126708984,
114,55.42053347749047,5.031902854535096e-05,0.010063805709070192,0.005,nan,nan,False,nan,nan,0.4996466731221026,0.4090157253810787,0.2583447204581153,0.10511542960523633,-0.02213479832577406,-0.10848883347486621,-0.14857402112204457,-0.1443064652814765,-0.1030546858112175,-0.03588983646883666,0.044131752276611265,0.12361731497706384,0.19034978031653046,0.2345844646270034,0.2500503190300455,5.031902854535364e-05,0.1822497844696045,
115,1.3931752462682745,10.577368181210659,2115.4736362421318,0.005,0.0001644623467771361,2.36385100271949e-14,True,-3.7839335169159143,-13.626379901198586,11.07167651538621,8.283509438084907,2.2823443317357377,-3.0105749222206395,-4.453984951201713,-1.856741272237599,2.053570951784104,3.82119614667261,1.9472136781237257,-1.9584287552022863,-4.425500178971964,-2.829544325181664,2.491131292116608,8.321603843180691,10.827368181212158,10.577368181210659,0.025079011917114258,
116,0.018628481453519433,0.009319698732935982,1.8639397465871965,0.005,3.025484908371928e-05,1.064702172810798e-14,True,-4.5192050090601406,-13.972771859637284,0.508911418696637,0.41591649863512464,0.2601184424132387,0.10238500991957677,-0.026018628082545105,-0.11002090577194244,-0.14664418236859608,-0.1408313168640901,-0.10125794336584185,-0.037574643852561485,0.040214812646977724,0.12102932651649724,0.19236605870842488,0.24167148368734528,0.2593196987344361,0.009319698732935977,0.007589817047119141,
117,0.038216975783553604,652.1495181700433,130429.90363400866,0.005,3.053117313483201e-05,9.882394038341181e-15,True,-4.51525650797793,-14.005137833581038,652.3230791888614,485.9145995839091,125.04898509108367,-191.99422689956663,-273.26992374179093,-107.89780862736318,135.6257017379745,244.35060725891955,126.30719788611087,-118.57092386977789,-275.5331103645941,-181.95494146535142,142.04610736575873,498.8435374092074,652.3995181700448,652.1495181700433,0.007556915283203125,
118,9.055777711070128,0.015183381348904781,3.036676269780956,0.005,0.004583943186825434,4.597007240816358e-13,True,-2.338760773632533,-12.337524812185276,0.5147721698255435,0.42028183325911517,0.2612404746231063,0.10065778383156603,-0.028475485580504056,-0.11099007371858702,-0.14542339281081595,-0.1386329855827328,-0.10012134870920779,-0.038640429922639476,0.037737010297031665,0.1193922004702566,0.1936415287973139,0.24615463485694106,0.2651833813504049,0.01518338134890479,0.11105632781982422,
119,26.96191268084872,4.066666912616764,813.3333825233528,0.005,nan,nan,False,nan,nan,4.564230204092182,3.436488967220594,1.0365032774648963,-1.0927608420835413,-1.7260294535501832,-0.7806320431133547,0.6980753284569742,1.3802935263049596,0.6852033072568608,-0.7750402307945763,-1.6742887032373748,-1.0117722313989335,1.0749215021856269,3.343766548969822,4.316666912618264,4.066666912616764,0.1883378028869629,
120,0.11516411627942914,0.0002500067986652324,0.05000135973304648,0.005,3.361825038174792e-05,1.0371883535084159e-14,True,-4.473424892601624,-13.984142368527664,0.49984626106040125,0.4091643868953493,0.25838293127624196,0.10505660890353798,-0.022218466632434052,-0.10852183849898026,-0.14853244712144725,-0.14423160108770797,-0.10301597906882061,-0.03592613182411034,0.04404737069280742,0.1235615626331889,0.19039321646316146,0.2347371383849126,0.25025000680016535,0.00025000679866521436,0.01372385025024414,
121,0.23792549391172446,65.68582526395305,13137.16505279061,0.005,4.315250982730747e-05,1.175887211930066e-14,True,-4.364993939868789,-13.929634332669314,66.15258269888353,49.31009145718092,12.827503054097267,-19.24350753083648,-27.54418864264335,-10.965240775294038,13.526877636011834,24.481701328587516,12.629234168969019,-11.974971216474888,-27.712549189717308,-18.215692649886925,14.478340228432366,50.455457260193455,65.93582526395456,65.68582526395305,0.013804912567138672,
122,10.150701417072312,0.0015305928163796322,0.30611856327592646,0.005,nan,nan,False,nan,nan,0.5011262068624716,0.4101177445117562,0.2586279750232327,0.1046793951758177,-0.022755026600880298,-0.10873349779273365,-0.14826583548151853,-0.14375150138150222,-0.10276775498842264,-0.03615889181959505,0.043506236519658355,0.12320402610514723,0.19067176993694532,0.23571622628565428,0.25153059281787976,0.0015305928163796279,0.17186808586120605,
123,4.0344962044544275,0.40241359149157435,80.48271829831486,0.005,0.000736964277549002,6.25906470920241e-14,True,-3.132553562940602,-13.203490558479574,0.9018087882570849,0.7085630303326776,0.33533806770064156,-0.01340605025161637,-0.19072325844500687,-0.17499270350292695,-0.06480398893793748,0.00654204174990497,-0.02506206999981221,-0.10902359881372076,-0.1258939341965576,0.011278459595306808,0.2778719660324593,0.5422162881217646,0.6524135914930744,0.4024135914915743,0.029180526733398438,
124,0.09550445567752514,2.4774031516107903e-05,0.004954806303221581,0.005,3.255805894599047e-05,1.0206371608262089e-14,True,-4.487341494881536,-13.991128623297575,0.4996211408960286,0.40899670790225107,0.25833983235087193,0.10512295422554353,-0.02212409508318796,-0.10848461131723264,-0.14857933946337873,-0.1443160422606088,-0.10305963735942172,-0.035885193396594,0.04414254676495824,0.12362444707863322,0.19034422376073346,0.23456493388313313,0.25002477403301626,2.4774031516128225e-05,0.013936519622802734,
125,0.014692252069644425,1.99095258988015,398.19051797603,0.005,3.020920918742298e-05,1.0315037763057328e-14,True,-4.5198606434799045,-13.986529177748281,2.489553613115711,1.8911823406513966,0.6393094862710692,-0.48133144450249493,-0.856314185614648,-0.4375514366513324,0.26592192997144176,0.6020952461991528,0.28285448273211916,-0.3977572918085382,-0.7971590624401772,-0.4322377980289588,0.6234114691359276,1.7567534544376135,2.2409525898816502,1.9909525898801501,0.007940292358398438,
126,1.9666437969988164,0.0004984687001244774,0.09969374002489549,0.005,0.0002462668304889687,2.980662418302583e-14,True,-3.6085940790487863,-13.525687208190913,0.5000945987459202,0.40934935927742,0.25843047516199097,0.10498342112954276,-0.022322571087865332,-0.10856290506527101,-0.14848071858928188,-0.14413845116709054,-0.1029678181283211,-0.03597129239143013,0.04394237874088438,0.12349219266946174,0.19044726197419862,0.23492710300903696,0.2504984687016246,0.0004984687001244881,0.02107095718383789,
127,65.85058807872605,106.50324818481542,21300.649636963084,0.005,nan,nan,False,nan,nan,106.94959937421,79.69743013292299,20.638032074933207,-31.266825014338014,-44.6465112133396,-17.71167310295844,22.024862083802432,39.78440843400886,20.541133196907705,-19.39396770974767,-44.96067004752488,-29.611818699100574,23.35695891412162,81.66292350490525,106.75324818481693,106.50324818481542,0.19602537155151367,
128,0.48907587710331585,0.09397188393702914,18.794376787405827,0.005,6.685218322407644e-05,1.4677526067484486e-14,True,-4.1748844052054865,-13.83334713963675,0.5935212829222652,0.47893749401804614,0.2763168768537386,0.07744957731388988,-0.06148752528562541,-0.12401248578853458,-0.1290200184244243,-0.10909468325731678,-0.08484927535346651,-0.052961070045971365,0.0044435410478725484,0.09739464054434223,0.21077962868795777,0.3063933603579956,0.3439718839385293,0.09397188393702915,0.018009424209594727,
129,0.5151496353633024,0.16423915394967184,32.84783078993437,0.005,6.932314476397526e-05,1.4952401032721583e-14,True,-4.159121744246306,-13.825289063424142,0.6637534235449953,0.5312493544663117,0.2897627171928686,0.05675141374538303,-0.09092920562513074,-0.13562648167722946,-0.1143907222801315,-0.08275104431210945,-0.0712289263572348,-0.06573288640552888,-0.02524913131598705,0.07777618820474293,0.22606418738575224,0.3601170719524087,0.414239153951172,0.16423915394967187,0.017258644104003906,
130,69.60325949935427,6.110939228553092e-05,0.012221878457106185,0.005,nan,nan,False,nan,nan,0.4996574580913128,0.40902375848101363,0.2583467852246563,0.10511225115937359,-0.022139319441222667,-0.10849061694019926,-0.14857177462197946,-0.1443024199066326,-0.10305259424682471,-0.03589179773108746,0.04412719261839249,0.1236143023335283,0.19035212743984872,0.23459271453324668,0.2500611093937857,6.110939228554102e-05,0.17698407173156738,
131,1.9995687178459465,30.685308192246314,6137.061638449262,0.005,0.000251536106609188,3.018513294621165e-14,True,-3.5993996655757527,-13.520206907016771,31.16956377120794,23.253263515198398,6.130055376843138,-8.933637413466647,-12.879124308178922,-5.180244982802609,6.239944055793803,11.359788602125953,5.8448627613500985,-5.613258623272291,-12.922464335291117,-8.443632686420795,6.865016734586572,23.695378428649473,30.93530819224781,30.68530819224631,0.023029565811157227,
132,0.014988243107964122,0.0032396914498608667,0.6479382899721733,0.005,3.0212269239587258e-05,1.031602484320103e-14,True,-4.5198166536999445,-13.986487620658554,0.5028344510498887,0.41139011682949256,0.25895501586807385,0.10417595732966058,-0.023471131490490873,-0.109015983002406,-0.14791000964618292,-0.1431107496159352,-0.10243646959975151,-0.0364695384959675,0.04278402679452818,0.12272684988813191,0.19104353360983406,0.2370229388141904,0.253239691451361,0.0032396914498608598,0.007704257965087891,
133,0.09720581883102214,465.0932974403822,93018.65948807643,0.005,3.264293763767465e-05,1.0219719001339664e-14,True,-4.486210764672354,-13.990561045282062,465.3603752688389,346.6568923607681,89.25524957354395,-136.89431690629897,-194.89418130512377,-76.98056681452188,96.68152690104044,174.22206034837953,90.04890853182496,-84.57148572962753,-196.48921019957697,-129.72929571947074,101.35757933534445,355.8273870363086,465.34329744038365,465.0932974403822,0.013197898864746094,
134,4.111437257139931,0.02147139746179431,4.294279492358862,0.005,0.0007629771060871432,6.431426509666362e-14,True,-3.1174884933022518,-13.191692688574204,0.5210570423102578,0.42496307135666384,0.26244370424464386,0.09880556464043228,-0.031110136967017907,-0.11202937684321398,-0.14411425912938797,-0.1362755690198038,-0.09890250280931621,-0.03978334307474164,0.03507989835536799,0.11763660153494632,0.19500930004206046,0.2509622154572564,0.27147139746329446,0.021471397461794328,0.027535438537597656,
135,10.704644394823244,7.595971837389972,1519.1943674779943,0.005,nan,nan,False,nan,nan,8.091770689620764,6.06394989847485,1.7118457309011492,-2.13236478006134,-3.2047928578651517,-1.3639666863817175,1.4328590608935499,2.703452013165758,1.3693107840505574,-1.4165285705006048,-3.165658650932682,-1.9971456555567029,1.8426170206738992,6.042140341962533,7.845971837391472,7.595971837389972,0.21140766143798828,
136,0.25118393658760174,0.0001327295253159253,0.02654590506318506,0.005,4.436217073244233e-05,1.1923748336429743e-14,True,-4.352987211078874,-13.923587198796172,0.4997290424186035,0.409077077507122,0.2583604899391503,0.10509115449192095,-0.022169327965279092,-0.10850245454155212,-0.1485568636664833,-0.14427556907088188,-0.10303871166384042,-0.03590481544454845,0.04409692826993631,0.12359430616509653,0.1903677062737361,0.2346474725930174,0.25013272952681603,0.0001327295253159,0.011579513549804688,
137,0.1089579022050067,46.92178869507702,9384.357739015404,0.005,3.326523563908546e-05,1.0317060845870513e-14,True,-4.478009395819553,-13.986444008156793,47.397927014690296,35.34083290678348,9.236951723765102,-13.716309760976326,-19.68213897940414,-7.863861661987988,9.620298544792874,17.446946677720923,8.992082382651404,-8.564409952623487,-19.78347509927846,-12.976818888906045,10.39678108584798,36.109180696553786,47.17178869507852,46.92178869507702,0.010272741317749023,
138,25.59614135318149,0.002163136679205151,0.43262733584103014,0.005,nan,nan,False,nan,nan,0.5017584344915799,0.4105886543147638,0.2587490140757748,0.10449307092649562,-0.02302005972663962,-0.10883804663632687,-0.14813414299521782,-0.14351435673170604,-0.10264514501416921,-0.03627386332843436,0.04323894397120345,0.12302742138401154,0.19080936107715252,0.23619984553044834,0.2521631366807053,0.0021631366792051465,0.1237480640411377,
139,8.877332749489929,0.7520368616987673,150.40737233975344,0.005,0.004415564581920454,4.2378921732717736e-13,True,-2.3550137588731745,-12.372850097447973,1.251257267951149,0.9688469963563217,0.4022394667332866,-0.1163922575256818,-0.33721388713800465,-0.23277953970771784,0.007985837077458646,0.1376179921251478,0.04270761788715127,-0.17257131030601025,-0.2736334039550312,-0.08633551433794198,0.3539221298517625,0.8095250896722914,1.0020368617002673,0.7520368616987672,0.04597926139831543,
140,0.0375867067525228,1.3129755413979007e-05,0.0026259510827958015,0.005,3.051819467391387e-05,9.88028603132508e-15,True,-4.515441160964441,-14.005230482535042,0.4996095024413611,0.4089880390903509,0.2583376041857916,0.1051263842027058,-0.022119216182175834,-0.10848268671457265,-0.1485817637437507,-0.14432040777253716,-0.10306189444304388,-0.03588307692677826,0.04414746725888312,0.12362769813244102,0.19034169089412933,0.23455603110761725,0.2500131297569141,1.3129755413954225e-05,0.00606536865234375,
141,0.018280673885477033,1.6265517623368932,325.31035246737866,0.005,3.0250386280332004e-05,1.0421457302840389e-14,True,-4.5192690752810805,-13.982071546456002,2.1253349639714867,1.6198969294742502,0.5695803599550489,-0.3739923101995325,-0.7036318247082197,-0.37732211918727077,0.1900554900144531,0.4654790971669346,0.21222036752084378,-0.3315236036374183,-0.6431750755937486,-0.33049796572322593,0.5441468863919607,1.4781462883960548,1.8765517623383934,1.6265517623368932,0.005621671676635742,
142,1.3687549595051496,0.0006043497207716927,0.12086994415433854,0.005,0.00016136983075180575,2.3390654654720316e-14,True,-3.792177656495768,-13.630957623041043,0.5002004268324538,0.4094281844996781,0.25845073579397954,0.10495223245971452,-0.022366934774733414,-0.10858040541412854,-0.1484586746873795,-0.14409875571032127,-0.10294729454098046,-0.035990537382041346,0.04389763685102494,0.12346263094382671,0.19047029324714793,0.2350080556547787,0.2506043497222718,0.0006043497207716686,0.01669764518737793,
143,52.49661404382251,309.49687203078525,61899.37440615705,0.005,nan,nan,False,nan,nan,309.8417386718178,230.82005266554006,59.48143463779409,-91.06131011347267,-129.69995619783268,-51.26309914176981,64.28712498531489,115.88798743765167,59.88867011266426,-56.29019671445148,-130.73920056004465,-86.28714896236791,67.51219588851231,236.86421282557328,309.74687203078673,309.49687203078525,0.1145939826965332,
144,0.7084363021819747,0.032648462685963914,6.5296925371927825,0.005,8.7947147132807e-05,1.6903600593664915e-14,True,-4.055778243808279,-13.772020777551617,0.5322285196770613,0.43328405886795784,0.2645824672055101,0.09551321068696136,-0.03579327865452897,-0.1138767574165282,-0.1417872497385431,-0.13208521737131113,-0.09673598162414075,-0.04181489239288374,0.03035683261464625,0.11451599187759787,0.19744053878887902,0.2595077791096822,0.282648462687464,0.032648462685963886,0.01964879035949707,
145,0.7772554747348097,170.48826737330114,34097.65347466023,0.005,9.479901082851865e-05,1.7577637898882205e-14,True,-4.023196194243761,-13.755039486281888,170.9026299186622,127.33234456698916,32.88174599678836,-50.114467634565635,-71.45595579722006,-28.28731877212179,35.34622485110784,63.77279225908634,32.94375381559625,-31.023918819148527,-71.99866669400257,-47.47628175810086,37.27500043458987,130.58346242191035,170.73826737330265,170.48826737330114,0.019351959228515625,
146,32.210552072365715,0.05896867058899794,11.793734117799588,0.005,nan,nan,False,nan,nan,0.5585355690662405,0.45287865877976774,0.2696189132364037,0.08776024165548929,-0.04682133122311495,-0.11822704434699287,-0.13630751335596322,-0.12221760683463358,-0.09163416939736435,-0.046598867376150384,0.019234765261341585,0.10716745330165614,0.20316571869923694,0.2796312200549926,0.3089686705904981,0.05896867058899796,0.1806488037109375,
147,1.2486598961170212,2.7598949217760538,551.9789843552107,0.005,0.00014658833914451053,2.21849034665112e-14,True,-3.8339005757154507,-13.653942456695127,3.258111520300186,2.463636684639217,0.7864487706464319,-0.7078336859794572,-1.1784976763226225,-0.5646446491765335,0.4260118991585795,0.8903765350197772,0.4319034342071667,-0.5375206589109947,-1.1220891860038116,-0.6469246428072734,0.7906720472823003,2.344657838143972,3.009894921777554,2.7598949217760538,0.02379608154296875,
148,0.029767600335810326,0.0003612112613813153,0.07224225227626306,0.005,3.03750445194411e-05,9.857005638385954e-15,True,-4.517483076865782,-14.006254995021148,0.49995740992760423,0.40924717525945936,0.2584042105638877,0.10502385214269568,-0.02226506081836193,-0.10854021872312382,-0.14850929490538212,-0.14418990983921687,-0.10299442360506261,-0.03594634440638254,0.04400037928875496,0.12353051461536561,0.19041740569290574,0.23482216113422244,0.25036121126288147,0.0003612112613813334,0.008530378341674805,
149,0.04588599589728134,0.44750640138732134,89.50128027746426,0.005,3.0706240553774464e-05,9.910785974924924e-15,True,-4.51277335212401,-14.003891902423172,0.9468790544720997,0.7421332654942552,0.34396670407988134,-0.026688740113024495,-0.2096169495521439,-0.18244578526694993,-0.055415890185495725,0.023447618168409595,-0.01632144569648722,-0.11721969191682975,-0.14494869511098216,-0.0013113441872957543,0.28768056823909155,0.5766925544315975,0.6975064013888215,0.44750640138732134,0.008393526077270508,
150,6.074476285708779,2.2177626073477923e-05,0.004435525214695584,0.005,0.0017099108572199138,1.319251408185506e-13,True,-2.7670265300912495,-12.879672433579213,0.49961854578863185,0.40899477495681064,0.2583393355213661,0.10512371903146998,-0.02212300720060678,-0.10848418217515653,-0.14857988002207873,-0.1443170156692459,-0.10306014063709648,-0.03588472147256021,0.04414364392180122,0.12362517198877163,0.19034365898980404,0.23456294876919379,0.2500221776275736,2.2177626073482948e-05,0.10152721405029297,
151,20.937917824722767,84.35255802982432,16870.511605964864,0.005,nan,nan,False,nan,nan,84.80998322609506,63.206910264822525,16.39943502723288,-24.74204316496733,-35.365468435879514,-14.05053720931216,17.413198559383,31.479976175216777,16.24752494424484,-15.367846489354395,-35.60050584465798,-23.427399423714803,18.538733817149676,64.7273389960744,84.60255802982583,84.35255802982432,0.1749584674835205,
152,0.15945107588223675,0.001186528097124056,0.2373056194248112,0.005,3.6574956587648454e-05,1.0820418857091762e-14,True,-4.4368161806846995,-13.96575592741773,0.5007823141547895,0.4098615987190474,0.2585621372686052,0.10478074403761387,-0.0226108649808458,-0.10867662969135217,-0.1483374680448711,-0.14388049339636522,-0.10283444722725173,-0.03609635443327928,0.043651627125825085,0.1233000881450591,0.1905969288708792,0.2354531673430801,0.2511865280986242,0.001186528097124051,0.010016679763793945,
153,0.22917113265836708,4.517293910041295,903.458782008259,0.005,4.236431169390183e-05,1.165024651573322e-14,True,-4.3729998453167855,-13.93366488499934,5.014631915241967,3.7719671578383833,1.1227320246295667,-1.225499047216598,-1.9148402043896147,-0.8551130937430687,0.7918936281397542,1.5492364056423642,0.7725511858771887,-0.8569464334509396,-1.8647090766264218,-1.137586202403062,1.1729420285516985,3.6882990011618033,4.767293910042795,4.517293910041295,0.009334087371826172,
154,17.429378771789835,0.00022405819890037888,0.044811639780075775,0.005,nan,nan,False,nan,nan,0.4998203254333687,0.40914506894647373,0.25837796593847656,0.10506425241042545,-0.022207594282058166,-0.10851754963261427,-0.14853784949086365,-0.1442413293800298,-0.10302100884989361,-0.03592141539281986,0.04405833573059785,0.12356880741966879,0.1903875721155703,0.23471729906157196,0.2502240582004005,0.0002240581989003676,0.12227773666381836,
155,4.509999987484602,836.5404363135016,167308.0872627003,0.005,0.0009091065156597471,7.409135052406991e-14,True,-3.04138522959082,-13.130232488902221,836.6218130129538,623.1880695239344,160.33270744000157,-246.30903639186326,-350.5289159939565,-138.37452082701876,174.01497383227047,313.47991556238094,162.04885479689767,-152.0859151946825,-353.4507399853246,-233.43644115648112,182.15487793841393,639.8218976783033,836.790436313503,836.5404363135016,0.04357767105102539,
156,0.059652907718883194,0.011783587646556617,2.3567175293113234,0.005,3.1093369499888e-05,9.973290607920667e-15,True,-4.507332212150586,-14.001161526033659,0.511374075814653,0.41775078952170897,0.26058991450742897,0.10165923850794267,-0.02705098681476592,-0.11042814509841467,-0.14613121295086415,-0.139907589502406,-0.10078035220732065,-0.038022481611584294,0.03917365299697396,0.12034141467342668,0.19290200460070595,0.24355528047313488,0.26178358764805676,0.011783587646556626,0.008789777755737305,
157,0.012261728098181143,16.912919635523334,3382.5839271046666,0.005,3.0186376185817345e-05,1.0145693002415594e-14,True,-4.52018902003305,-13.993718283096282,17.404060576724746,13.000136161752694,3.4946699749506234,-4.876796283523863,-7.10855343890304,-2.9039011879389403,3.37260125488068,6.196434006364139,3.175273653640008,-3.1099819562367124,-7.102699016260411,-4.59841501318689,3.86924243929674,13.165528177537473,17.162919635524833,16.912919635523334,0.005854129791259766,
158,2.9258729486758033,0.005854800656479617,1.1709601312959232,0.005,0.000429670388172344,4.2359443190169185e-14,True,-3.3668645757936124,-13.373049757276222,0.5054482528598921,0.41333698665735125,0.259455424391918,0.10340564195952645,-0.02456685086738304,-0.10944821649559129,-0.14736555691553876,-0.14213032882074766,-0.10192956645621118,-0.03694486213585152,0.04167896634669988,0.1219967177039206,0.1916123729878619,0.2390223529479543,0.2558548006579798,0.005854800656479642,0.017729520797729492,
159,84.95774665020903,0.27852420252018495,55.70484050403699,0.005,nan,nan,False,nan,nan,0.7779813364955861,0.6163311217111224,0.31163148363209925,0.023087225164815955,-0.13881414361962646,-0.1545158747616402,-0.090597143561304,-0.039904864919692654,-0.04907633317549299,-0.08650539760061421,-0.07354229117094468,0.045868078239662505,0.2509235071350752,0.4474951213323126,0.5285242025216851,0.27852420252018495,0.11981701850891113,
160,0.35256552838052796,3.6504172008645054e-05,0.00730083440172901,0.005,5.391061706223192e-05,1.3156994613375593e-14,True,-4.26832569719773,-13.880843303114798,0.49963286517215955,0.40900544063759675,0.25834207694634564,0.1051194989558774,-0.022129009961005988,-0.10848655011182975,-0.1485768973064677,-0.14431164455758352,-0.10305736363216216,-0.035887325473167,0.04413758998752311,0.12362117205169468,0.1903467753045868,0.2345739023073322,0.25003650417350876,3.6504172008622326e-05,0.01946735382080078,
161,0.41335040139407686,22.104141903717146,4420.828380743429,0.005,5.968134043411759e-05,1.385329475481041e-14,True,-4.224161431235737,-13.858446925251965,22.592687547404513,16.864844365171198,4.488025000277658,-6.4059401880503675,-9.283652977621205,-3.761922768530538,4.453387912717117,8.142655698099317,4.181521071493122,-4.05354127594684,-9.296341404099262,-6.0477917519516495,4.998438741604057,17.13454145937922,22.354141903718645,22.104141903717146,0.018307924270629883,
162,96.63190689106096,0.004459604482649562,0.8919208965299124,0.005,nan,nan,False,nan,nan,0.5040537541998603,0.4122983052409504,0.2591884496682421,0.10381661564060007,-0.02398226974229572,-0.1092176140739536,-0.1476560298199603,-0.14265339659119755,-0.10220000614744087,-0.03669127053745146,0.042268531059622305,0.12238625311116998,0.19130888947683314,0.2379556384328324,0.25445960448414967,0.004459604482649537,0.2056567668914795,
163,2.5152428213727056,0.11931137748471503,23.862275496943006,0.005,0.0003431767747375091,3.6559961058711306e-14,True,-3.464482111687696,-13.436994275520147,0.6188481082540255,0.497801981709937,0.2811656604261657,0.06998549080392927,-0.07210466280728658,-0.12820067715887648,-0.12374446189307199,-0.09959474866537171,-0.07993756118775115,-0.05756678986655081,-0.006264108184013038,0.09031991505144325,0.21629148330294856,0.3257669839961337,0.3693113774862152,0.11931137748471504,0.02426290512084961,
164,0.010696240906547534,8.483257477708422e-05,0.016966514955416845,0.005,3.0173839583858983e-05,1.0062803522648026e-14,True,-4.520369422871616,-13.997281006875191,0.4996811694136463,0.4090414196739369,0.25835132472254857,0.10510526317888869,-0.022149259351445825,-0.10849453798258321,-0.1485668355733713,-0.14429352593716321,-0.10304799583244519,-0.035896109669351056,0.04411716796986092,0.12360767887818457,0.19035728771397387,0.2346108523862478,0.2500848325762772,8.483257477709394e-05,0.006918668746948242,
165,0.06938981570739523,5.929808281439636,1185.961656287927,0.005,3.142820918397057e-05,1.0027043014064076e-14,True,-4.502680364883711,-13.998827122015754,6.426440114789585,4.823541449318112,1.3930206342643436,-1.6415740348574894,-2.506677578891069,-1.088577921666384,1.0859720951634189,2.078796876660226,1.0463477727828239,-1.1136857966493325,-2.461591898908087,-1.5319568086510562,1.480192599368406,4.768254358731759,6.179808281441136,5.929808281439636,0.011794328689575195,
166,5.1703046616121044,0.00017146456055781324,0.03429291211156265,0.005,0.0011449257375300954,9.407145317886287e-14,True,-2.941222681731806,-13.026542147112657,0.4997677580886679,0.40910591457105905,0.2583679019974144,0.1050797445695613,-0.02218555777647463,-0.10850885679027997,-0.14854879922479355,-0.14426104706393955,-0.10303120340717581,-0.035911855945149965,0.04408056009866349,0.12358349143666567,0.1903761319307982,0.23467708794397044,0.25017146456205797,0.00017146456055783243,0.10565781593322754,
167,14.865664709720068,360.0272697814242,72005.45395628484,0.005,nan,nan,False,nan,nan,360.346874276301,268.4384077695761,69.15056879236677,-105.94571415587046,-150.8719729523572,-59.61492256716329,74.80730248545116,134.83214954699562,69.6832964324042,-65.47462867730479,-152.0917099795123,-100.39511416143631,78.50358391744216,275.49785427795746,360.2772697814257,360.0272697814242,0.1849956512451172,
168,0.20149014315695335,0.02750458843145644,5.500917686291288,0.005,3.9944656274967884e-05,1.1310555118550027e-14,True,-4.398541311607068,-13.946516079512493,0.5270872170489215,0.4294545998308157,0.2635981723561695,0.09702840760120708,-0.03363801772749179,-0.11302656166489213,-0.14285817877541407,-0.13401368799662378,-0.0977330512772882,-0.04087993907331682,0.03253046726549439,0.11595214916512006,0.19632164164141694,0.2555749663381406,0.27750458843295656,0.027504588431456423,0.011043310165405273,
169,0.13584682125792769,0.5874057470294367,117.48114940588734,0.005,3.4908954554675055e-05,1.0569964754270422e-14,True,-4.457063157142118,-13.975926460852591,1.086708458893207,0.8462841033554281,0.3707368385210543,-0.06789796225452199,-0.26823416654890564,-0.20556879011438878,-0.026289542208364297,0.0758967577123758,0.010796128554614606,-0.14264787136711835,-0.20406562726619867,-0.04037090412647015,0.3181115179524534,0.6836543318874719,0.8374057470309368,0.5874057470294367,0.009128093719482422,
170,18.42925645388586,1.6970950847446893e-05,0.0033941901694893783,0.005,nan,nan,False,nan,nan,0.4996133417164289,0.4089908987443468,0.2583383392093737,0.10512525272724979,-0.02212082562634598,-0.10848332159946235,-0.14858096402596552,-0.14431896768434815,-0.10306114987985882,-0.03588377510450266,0.04414584409410852,0.12362662567993896,0.19034252643216948,0.23455896794116163,0.2500169709523476,1.6970950847461364e-05,0.14604902267456055,
171,7.058425212264716,36.301398031394335,7260.279606278867,0.005,0.0023539850918672276,1.9437714367187305e-13,True,-2.628196291934513,-12.71135480402275,36.782845904724184,27.4342727941639,7.2047100104130495,-10.587931739761098,-15.232241510147778,-6.108490014816387,7.409186028835701,13.465295803127837,6.933464945405691,-6.634042098586901,-15.295641997235574,-10.011631426437443,8.086630364703417,27.98922947412792,36.551398031395834,36.301398031394335,0.056665658950805664,
172,0.0526604936070076,0.002769384325058049,0.5538768650116097,0.005,3.088293227526263e-05,9.939362818677963e-15,True,-4.510281470949408,-14.002641455965051,0.5023643790502353,0.41103998737838277,0.2588650212730182,0.1043144925793558,-0.02327407485192579,-0.10893824915828625,-0.14800792525050727,-0.1432870706980967,-0.10252763220182892,-0.036384055222894666,0.04298276335231172,0.12285815850324189,0.19094123225596407,0.23666335967686006,0.25276938432655816,0.002769384325058022,0.013663053512573242,
173,0.02561910583412269,222.82131065712474,44564.26213142495,0.005,3.036210288878808e-05,1.106643196983733e-14,True,-4.5176681523625515,-13.955992381432981,223.20950984246764,166.29271483046827,42.89582145935388,-65.529865012768,-93.38327318522458,-36.93708913365515,46.24170418584506,83.39277745169316,43.08779831074071,-40.53600059260452,-94.1129157284488,-62.08754124299553,48.6585004874865,170.5953388436387,223.07131065712625,222.82131065712474,0.007685184478759766,
174,1.0879977580275768,0.044917303203120165,8.983460640624033,0.005,0.00012787815109443484,2.0600155932142048e-14,True,-3.8932036515314827,-13.68612949224189,0.5444912265151629,0.4424178401131952,0.2669301444485601,0.09189925972836663,-0.04093386943850982,-0.1159045900518315,-0.13923293816161283,-0.12748555233804398,-0.09435783473451903,-0.0440448833687908,0.025172417997502004,0.11109056119123895,0.2001092608411889,0.2688880730847144,0.2949173032046203,0.04491730320312015,0.020514726638793945,
175,37.808341811052784,1.1822753105229022,236.45506210458043,0.005,nan,nan,False,nan,nan,1.6812806235430946,1.2891465282766161,0.48456680760768556,-0.2431247431569063,-0.517481924842696,-0.3038907067546649,0.0975593423435232,0.29891707709215753,0.1261034552880884,-0.250771679527898,-0.455438237086754,-0.20645705173936324,0.44750773270665295,1.1384692245062866,1.4322753105244024,1.1822753105229022,0.19077467918395996,
176,0.8830197929360089,0.0008394397574689018,0.16788795149378036,0.005,0.00010563723216590977,1.860598596930199e-14,True,-3.97618298640131,-13.730347310878601,0.5004353993383353,0.40960320193226474,0.2584957209356847,0.10488298354721216,-0.022465436477022354,-0.10861926183645979,-0.148409730110953,-0.14401061898542428,-0.10290172555353046,-0.03603326747211199,0.043798295416038184,0.12339699437249516,0.19052143010595174,0.23518779665407993,0.25083943975896905,0.0008394397574689183,0.021063566207885742,
177,0.6069711167913328,2.135213071921157,427.04261438423134,0.005,7.808128301242548e-05,1.5894277921769928e-14,True,-4.107453059062694,-13.79875919733172,2.633741973630982,1.99857991285494,0.6669141364648268,-0.5238252976608597,-0.916758699783337,-0.46139526387023455,0.2959562448568302,0.6561794030514978,0.31081740361135074,-0.42397815372956466,-0.8581188695811885,-0.47251497673392207,0.6547910546119419,1.8670495927427964,2.385213071922657,2.135213071921157,0.017824649810791016,
178,45.94814618722367,0.0004624453647980246,0.09248907295960491,0.005,nan,nan,False,nan,nan,0.5000585934200852,0.4093225409921766,0.25842358199515536,0.10499403228444797,-0.022307477467133328,-0.10855695101485319,-0.1484882184685358,-0.1441519565407769,-0.10297480075905467,-0.0359647447708471,0.04395760103560437,0.12350225029781542,0.19043942616695594,0.23489956092184047,0.25046244536629814,0.00046244536479800313,0.10429787635803223,
179,1.585097547760102,133.16609949002296,26633.21989800459,0.005,0.00018983118241132235,2.56231653288832e-14,True,-3.7216324471413436,-13.59136722119735,133.59912086456183,99.54711770979794,25.740043887421173,-39.120724239662515,-55.818129876288126,-22.11859321503691,27.57593511858725,49.780478124887125,25.709362159641255,-24.24022173998151,-56.22752740443358,-37.05602248665234,29.156670725206443,102.04833670721074,133.41609949002446,133.16609949002296,0.02187347412109375,
180,0.02105028422331477,0.07622036003323678,15.244072006647356,0.005,3.0288226270557357e-05,1.0576300894300339e-14,True,-4.51872615893735,-13.97566620206462,0.5757786337079925,0.4657220205688548,0.2729200726781431,0.08267852594509251,-0.0540497140227073,-0.12107845796022107,-0.1327157974144768,-0.11574984057827978,-0.08829016541139958,-0.04973454362249227,0.011944760081139288,0.10235082321088312,0.20691831161908633,0.2928212128930794,0.3262203600347369,0.07622036003323679,0.00784444808959961,
181,0.03245752621579007,61.31251179434472,12262.502358868944,0.005,3.0420557263940895e-05,9.864413204320923e-15,True,-4.516832834515835,-14.005928744137595,61.78145562180271,46.05429165341013,11.990657184679826,-17.955289595031935,-25.711789331079164,-10.24240573919734,12.616375522193927,22.84211876024745,11.781527182269961,-11.180075434888849,-25.864528568250584,-16.99467407531869,13.527055705523523,47.1117862806474,61.56251179434622,61.31251179434472,0.008038520812988281,
182,7.708992933697886,0.0016480840434654784,0.3296168086930957,0.005,0.0029219854847435957,2.543183015297538e-13,True,-2.5343219457978265,-12.594622385528636,0.5012436393510419,0.4102052131820789,0.2586504573009754,0.10464478656450193,-0.022804254913719766,-0.1087529171131098,-0.14824137439237867,-0.14370745318573452,-0.10274498092139803,-0.03618024708750185,0.04345658853261033,0.1231712228378723,0.1906973266656548,0.23580605565852872,0.25164808404496564,0.001648084043465503,0.1521623134613037,
183,29.876267593870505,0.32218075374998467,64.43615074999693,0.005,nan,nan,False,nan,nan,0.821616062087217,0.6488321056710078,0.31998528786396024,0.010227604490372327,-0.1571060485961787,-0.16173156716588852,-0.08150806671991939,-0.02353775085671761,-0.040614107965736654,-0.09444043556492243,-0.09199013569328435,0.033679274413087185,0.26041969390446423,0.4808732782900895,0.5721807537514847,0.32218075374998456,0.20113563537597656,
184,0.12448315098283351,3.0511662702601677e-05,0.006102332540520335,0.005,3.417869144537598e-05,1.0458342651834413e-14,True,-4.46624456855885,-13.980537133269122,0.49962687565874614,0.40900097939539254,0.2583409302627852,0.10512126412958886,-0.02212649912568553,-0.10848555965100168,-0.14857814491710164,-0.1443138911867966,-0.10305852519811023,-0.035886236271489236,0.04414012222785961,0.12362284514584211,0.1903454718120757,0.2345693206601211,0.25003051166420276,3.051166270262584e-05,0.009786128997802734,
185,0.293500820603424,607.704172692496,121540.83453849918,0.005,4.830956600170003e-05,1.2447397191786994e-14,True,-4.315966864064163,-13.904921452055836,607.8999536989527,452.82638212821337,116.5442428547473,-178.90225633649288,-254.64751740818227,-100.55174182335921,126.37240185725543,227.6877692997268,117.69207570257699,-110.49251424358647,-256.7519469420516,-169.54590818696443,132.37834182323658,464.8622980395807,607.9541726924974,607.704172692496,0.01779770851135254,
186,12.216827399258285,0.016358080438546713,3.2716160877093428,0.005,nan,nan,False,nan,nan,0.5159462816366084,0.4211563612553643,0.26146525660770603,0.10031176051378507,-0.02896767938689675,-0.11118423168708502,-0.14517882630268622,-0.138192583548027,-0.09989364936122401,-0.03885394385377622,0.037240620510028605,0.11906422731718884,0.19389704971316343,0.24705276559534584,0.26635808044004683,0.016358080438546696,0.19082331657409668,
187,3.5543131090765674,3.2540288523338377,650.8057704667675,0.005,0.0005892208113083302,5.286312275715845e-14,True,-3.2297219222558295,-13.276847185582959,3.751998413745065,2.8315044730624885,0.8810026921981202,-0.8533874397768371,-1.3855376428072752,-0.6463166628598628,0.5288881259391646,1.0756304356601223,0.5276845366160948,-0.6273347048668838,-1.330894180153699,-0.7848856446262219,0.8981562154422906,2.722454054924897,3.504028852335338,3.2540288523338377,0.028487205505371094,
188,0.08431920565204017,0.00030842772819013987,0.06168554563802797,0.005,3.2033774764199116e-05,1.0123544763049209e-14,True,-4.49439188235804,-13.994667392488584,0.49990465278299084,0.4092078795130647,0.2583941102859105,0.10503940023789729,-0.02224294474766323,-0.10853149449437034,-0.14852028417447508,-0.1442096987158929,-0.10300465497086334,-0.035936750443323985,0.044022683900232965,0.12354525165054629,0.19040592420214636,0.23478180483016242,0.25030842772969025,0.0003084277281901193,0.013045310974121094,
189,0.0173368261517912,0.2156046565892541,43.12093131785082,0.005,3.0238694980478363e-05,1.04850021002132e-14,True,-4.51943695573058,-13.979431478206656,0.715093246536429,0.5694894199399438,0.2995916510237506,0.04162101839600693,-0.11245112769383357,-0.1441163338711388,-0.10369668009548849,-0.06349379615755919,-0.06127242637947711,-0.0750691074770331,-0.046954529012633944,0.0634350637345181,0.23723722769306962,0.3993892031909565,0.46560465659075423,0.2156046565892541,0.00753331184387207,
190,2.3052258962736842,4.6761369553105506e-05,0.0093522739106211,0.005,0.000303714626172496,3.385532597785769e-14,True,-3.517534292991008,-13.470373000218254,0.49964311724172494,0.40901307681140053,0.25834403969003106,0.10511647756124386,-0.02213330768213887,-0.1084882454537733,-0.14857476180895285,-0.14430779907008057,-0.10305537541474238,-0.03588918982684657,0.044133255628069495,0.12361830826687525,0.19034900645342628,0.23458174457475692,0.25004676137105325,4.6761369553116605e-05,0.02217555046081543,
191,59.56630100956661,13.20310298585449,2640.6205971708982,0.005,nan,nan,False,nan,nan,13.696098611257623,10.238289702779527,2.7847860937365305,-3.784020204273877,-5.554156407424902,-2.290730997759165,2.600235879090944,4.805600545007085,2.4561764484770725,-2.4356837094331234,-5.535050660364572,-3.5626431507381966,3.062281953572498,10.329141909519644,13.453102985855992,13.203102985854493,0.17531871795654297,
192,0.45140486162675225,0.007563434698383455,1.512686939676691,0.005,6.32857914093806e-05,1.4272794861048084e-14,True,-4.198693784534898,-13.845490976157794,0.5071560326879996,0.41460901310068893,0.25978237633585016,0.10290234096502815,-0.02528276109514454,-0.10973062491610322,-0.14700982780585892,-0.14148975123346832,-0.10159837112226146,-0.03725542436781184,0.04095695294292228,0.12151967119975335,0.19198403560264443,0.24032871026724564,0.2575634346998836,0.007563434698383442,0.01215672492980957,
193,0.48133045269069247,400.308067309388,80061.6134618776,0.005,6.611872266944603e-05,1.4595082534852794e-14,True,-4.179675545042658,-13.835793444743814,400.60753383900584,298.4262450464271,76.85841303046476,-117.8109614574049,-167.7494518187664,-66.27265975830436,83.19356419533193,149.93367243682405,77.49117796926627,-72.79608785383333,-169.11307032747513,-111.64141569501265,87.26547567870402,306.295036932071,400.55806730938946,400.308067309388,0.012857198715209961,
194,64.50905699208992,0.024611499618931002,4.9222999237862,0.005,nan,nan,False,nan,nan,0.5241955746060206,0.4273007825813617,0.2630445716505616,0.0978806055797125,-0.03242582610546282,-0.1125483828261774,-0.14346050547748404,-0.1350983250844155,-0.0982938369645164,-0.04035408971245767,0.033752992891072406,0.116759892584959,0.19569233605198644,0.2533630194537209,0.27461149962043113,0.024611499618931,0.17261815071105957,
195,2.167389436626694,6.595106332703078,1319.0212665406154,0.005,0.0002794406239576226,3.2163825111825865e-14,True,-3.553710457641488,-13.492632307990334,7.091405557220397,5.318835756439113,1.520327293162762,-1.8375464681736258,-2.785434567063084,-1.1985404807744882,1.2244838405948641,2.328221276530617,1.1753066983692388,-1.2346107241949642,-2.7427253064949384,-1.717706420212623,1.6249084409577368,5.2769162239781435,6.845106332704577,6.595106332703077,0.023833513259887695,
196,0.015967944790532915,0.00015355842246719042,0.03071168449343808,0.005,3.02228297082287e-05,1.0293650162044796e-14,True,-4.51966487589586,-13.98743059568127,0.49974986090256457,0.4090925839920171,0.25836447560737796,0.1050850190618678,-0.022178055182540294,-0.10850589720733148,-0.14855252719368833,-0.14426776018708604,-0.10303467426707866,-0.03590860131596968,0.044088126652644194,0.12358849078724032,0.1903722369820027,0.23466339758431398,0.2501535584239673,0.00015355842246717044,0.00770258903503418,
197,0.0778587502716007,0.10744602066770159,21.48920413354032,0.005,3.17582559856249e-05,1.0079750901113157e-14,True,-4.498143355004889,-13.99655020039136,0.6069886833985925,0.4889685818942219,0.27889519092735543,0.07348059024571851,-0.06713312993774681,-0.12623953358142004,-0.12621477017034763,-0.10404314513626373,-0.08223749828198382,-0.05541013630251946,-0.0012501927097890025,0.09363269406171411,0.2137105271521363,0.31669517848145606,0.3574460206692017,0.10744602066770159,0.01275491714477539,
198,3.3333395830645545,9.467713453834196e-05,0.018935426907668394,0.005,0.000529053637405319,4.891368316135315e-14,True,-3.276500295359377,-13.310569633919124,0.4996910090517224,0.4090487486513728,0.2583532085068302,0.10510236333222947,-0.0221533841791433,-0.1084961651224532,-0.14856478598499065,-0.14428983515014562,-0.10304608759921458,-0.03589789902176775,0.04411300797776923,0.12360493030083916,0.19035942910571282,0.2346183791663446,0.2500946771360385,9.46771345383679e-05,0.02430248260498047,
199,13.264109123826223,19.88913157019776,3977.8263140395516,0.005,nan,nan,False,nan,nan,20.378784585235294,15.215836065322856,4.0641765244699855,-5.7534792886747645,-8.355573287369323,-3.3958188783085,3.9922337775714998,7.312234472461274,3.752171620925802,-3.6509398199753487,-8.360349780916506,-5.4293662082803005,4.516628996429569,15.441027874530548,20.139131570199257,19.88913157019776,0.28423476219177246,
200,0.31216552111213913,0.004975727930272178,0.9951455860544356,0.005,5.0074313131520484e-05,1.2674936202672677e-14,True,-4.300384999203359,-13.897054217943104,0.5045696196169399,0.41268254356074363,0.25928721134591604,0.10366458458064125,-0.02419852322073446,-0.10930292058433418,-0.14754857548509107,-0.14245989868309783,-0.10209996267797787,-0.03678508140972118,0.04205043400779709,0.12224215268921375,0.19142115681166877,0.23835024700723983,0.2549757279317723,0.004975727930272178,0.018796682357788086,
201,0.1170306732141922,1.0626232028577045,212.52464057154089,0.005,3.3727626732556366e-05,1.0388812172741664e-14,True,-4.472014217162914,-13.983434105601052,1.5616883347031236,1.200069147621348,0.46167103927034764,-0.20787961558434992,-0.46734821244440583,-0.28411422922469604,0.07264836861410351,0.2540587536821558,0.10291053112522475,-0.2290236488180247,-0.4048771318964038,-0.1730504718175883,0.42148096857315964,1.0469877236209928,1.3126232028592046,1.0626232028577045,0.010744094848632812,
202,27.51898881126579,0.0009376589268314105,0.1875317853662821,0.005,nan,nan,False,nan,nan,0.5005335694040469,0.4096763231376298,0.258514515450816,0.10485405177808747,-0.022506589881545715,-0.1086354958103848,-0.14838928136838206,-0.14397379600461518,-0.10288268711124293,-0.03605111984055978,0.043756791176365765,0.12336957181726244,0.19054279477059716,0.2352628913365249,0.25093765892833153,0.0009376589268313973,0.17667055130004883,
203,8.22070544093404,200.43957613792836,40087.91522758567,0.005,nan,nan,False,nan,nan,200.8389648383713,149.63018941077186,38.613013420792505,-58.93702595780156,-84.00542382464333,-33.23776549918013,41.58193837389089,75.00172521592098,38.74940526889332,-36.467884625723876,-84.65511966075167,-55.83861493828189,43.790018547665035,153.48310650451862,200.68957613792986,200.43957613792836,0.09617495536804199,
204,0.03514866019902376,0.05018696905891331,10.037393811782662,0.005,3.0470010896247532e-05,9.872455977467294e-15,True,-4.516127390471145,-14.00557479416125,0.5497582578563873,0.4463409471985799,0.26793850987566165,0.0903470092166425,-0.04314183649905384,-0.11677557703585643,-0.13813581993897525,-0.12550992165476962,-0.09333638210036213,-0.045002700636692504,0.022945627890316525,0.10961928319198139,0.20125552021736992,0.2729170613830305,0.3001869690604134,0.05018696905891329,0.006610393524169922,
205,0.022853404637574244,40.32984849781174,8065.969699562347,0.005,3.031568401924867e-05,1.0955897164876808e-14,True,-4.518332628239379,-13.960352052808743,40.809282389281286,30.43333250694428,7.975565371320005,-11.774565668566542,-16.9201447241826,-6.774325006646364,8.247889380555943,14.975587074965464,7.714324956855762,-7.366255397344625,-16.997934683600757,-11.136365082144101,8.962900178573173,31.069231173229763,40.57984849781324,40.32984849781174,0.005585670471191406,
206,1.6860324920665077,0.002483025349318898,0.49660506986377956,0.005,0.00020395908666351372,2.669635199303414e-14,True,-3.6904569414872874,-13.573548080116202,0.5020781632366842,0.41082680176900477,0.258810225675199,0.1043988434431092,-0.023154091687295326,-0.1088909188440969,-0.14806754376505765,-0.14339442846885161,-0.10258313897172434,-0.03633200646320337,0.043103769380346435,0.12293810923872008,0.19087894336139713,0.23644442037521488,0.252483025350819,0.002483025349318879,0.022984743118286133,
207,42.430252767743475,0.6524082811182881,130.4816562236576,0.005,nan,nan,False,nan,nan,1.1516784956420463,0.8946765269038001,0.3831752567894785,-0.08704532748866889,-0.29546994544792116,-0.21631261385376044,-0.012756337899385212,0.10026661423664565,0.02339598051656372,-0.15446276652583613,-0.23153359275245722,-0.05851945489193838,0.3322508896344281,0.7333528244241412,0.9024082811197882,0.6524082811182881,0.18481826782226562,
208,0.5691904034294013,1.5203304454414745e-05,0.0030406608908829487,0.005,7.4463484403744e-05,1.5510973073796776e-14,True,-4.128056645502626,-13.809360956066193,0.49961157495375225,0.4089895827849902,0.2583380009652499,0.10512577341112106,-0.02212008499019991,-0.10848302943729442,-0.1485813320411532,-0.1443196303860349,-0.10306149251392971,-0.03588345381615438,0.04414659104422049,0.12362711920254925,0.1903421419331695,0.2345576164652184,0.25001520330595456,1.5203304454425304e-05,0.020068883895874023,
209,0.9564987505489716,0.3865032645947866,77.30065291895733,0.005,0.00011341234805729928,1.9319105465285968e-14,True,-3.945339657954591,-13.71401298664124,0.8859064155625465,0.6967182724509313,0.3322935817663071,-0.008719450808107682,-0.18405690071532738,-0.1723629945198707,-0.06811643986827443,0.0005771607008221713,-0.02814606920654661,-0.10613172933722423,-0.11917074538243089,0.015720584497496887,0.2744111467162784,0.5300518506329869,0.6365032645962867,0.38650326459478657,0.020292282104492188,
210,40.306630415247355,2.5562382360222108e-05,0.005112476472044421,0.005,nan,nan,False,nan,nan,0.4996219288527449,0.4089972948056462,0.2583399832040299,0.10512272200626537,-0.022124425398760823,-0.10848474161834525,-0.14857917533265383,-0.14431574670294736,-0.10305948454839567,-0.035885336687662604,0.044142213633426054,0.12362422697297863,0.1903443952430573,0.23456553662653523,0.25002556238386037,2.556238236023356e-05,0.17400622367858887,
211,1.002438187226391,73.49137387735605,14698.27477547121,0.005,0.00011838322004223948,1.976558136728549e-14,True,-3.926709851325164,-13.704090407180315,73.95422900954057,55.12108667178118,14.3211168005293,-21.542736203205266,-30.81467954273001,-12.255366455269366,15.15195403664048,27.408050315872142,14.142232983388208,-13.39371188276298,-31.01092121350952,-20.39498299984531,16.176205620507236,56.42328612941215,73.74137387735756,73.49137387735605,0.014740943908691406,
212,0.0240786134598734,0.0013803608458759903,0.27607216917519806,0.005,3.0335606369389792e-05,1.0894709212954204e-14,True,-4.518047319650277,-13.962784356872037,0.5009760499988771,0.4100059013467316,0.2585992277118762,0.10472364801071714,-0.02269208005903306,-0.10870866697907794,-0.1482971130306028,-0.143807824286722,-0.10279687540064704,-0.03613158557675593,0.04356971968440831,0.12324597050903084,0.1906390914314187,0.2356013645718842,0.25138036084737614,0.0013803608458760053,0.005471706390380859,
213,0.049396375063258585,110.91787397184899,22183.574794369797,0.005,3.0794484024719065e-05,9.925068137934147e-15,True,-4.511527068310035,-14.003266503020543,111.36201811505316,82.98398570938218,21.482783172830985,-32.567212045417044,-46.49622020611809,-18.441336369106526,22.943965216642596,41.43947924849887,21.39684801116394,-20.19637244011524,-46.826147916237424,-30.844371573070227,24.31722970532457,85.03818032841893,111.1678739718505,110.91787397184899,0.00986933708190918,
214,6.516176891575649,0.09104597098730918,18.209194197461837,0.005,0.002018841972068052,1.5656188402417848e-13,True,-2.69489767478833,-12.805313961134027,0.5905968327522554,0.4767592401897419,0.27575699515688246,0.07831144408073054,-0.06026158049295914,-0.12352888167295399,-0.12962917894860823,-0.11019162631940899,-0.08541642355063725,-0.0524292545524827,0.005679937090661426,0.09821154838413122,0.21014318318186959,0.30415631737293536,0.3410459709888093,0.09104597098730915,0.023586750030517578,
215,19.608358126890828,1.7789808839596826,355.7961767919365,0.005,nan,nan,False,nan,nan,2.2776878802422456,1.7333758071529815,0.5987481023763084,-0.4188923453280448,-0.7674989633126124,-0.4025160849059607,0.2217904750342638,0.5226257280812048,0.24176666743142655,-0.35922920183220586,-0.707586685241342,-0.3730558089009334,0.577303316921816,1.5946878612674507,2.0289808839611827,1.7789808839596826,0.13574719429016113,
216,0.14744186051942054,0.0005528617089722424,0.11057234179444848,0.005,3.5703584924352274e-05,1.0690135257732698e-14,True,-4.447288175072726,-13.971016799813174,0.5001489645615497,0.4093898532298348,0.2584408834176753,0.10496739894177438,-0.022345361521859872,-0.10857189531323451,-0.14846939423536193,-0.14411805888792598,-0.10295727478768288,-0.035981178893639804,0.043919394017124504,0.12347700627255895,0.19045909355860957,0.23496868985764463,0.25055286171047236,0.0005528617089722299,0.01383519172668457,
217,0.1856336502370795,11.012831719717012,2202.5663439434024,0.005,3.8622567819906556e-05,1.1120740777837874e-14,True,-4.413158855545142,-13.95386628244713,11.5069223484312,8.607698891475565,2.365671508260676,-3.1388465278558604,-4.6364422787442106,-1.9287160585780867,2.1442322947351666,3.984454150436663,2.0316223276773995,-2.037578839503065,-4.609512965763733,-2.9511246950221754,2.5858534581243675,8.65454288504739,11.262831719718513,11.012831719717013,0.014204263687133789,
218,13.972887828113391,0.009032157678114154,1.8064315356228309,0.005,nan,nan,False,nan,nan,0.5086240213949712,0.41570243300356846,0.26006342062125243,0.10246970898052353,-0.02589814963192328,-0.10997338007999609,-0.14670404698613243,-0.14093911780368526,-0.10131367926559592,-0.037522380237547594,0.04033631818334547,0.12110960728560476,0.19230351268764367,0.2414516406124966,0.2590321576796143,0.009032157678114161,0.15652823448181152,
219,5.600886943015933,0.17978736305821602,35.957472611643205,0.005,nan,nan,False,nan,nan,0.6792938594883073,0.5428245265906916,0.2927379108668975,0.05217148093643667,-0.09744383757743483,-0.13819633869075384,-0.111153662472324,-0.0769219234863484,-0.0682151187297767,-0.06855893716029132,-0.03181930088172817,0.0734351657157916,0.22944623872661646,0.37200464780111836,0.42978736305971615,0.17978736305821602,0.14698100090026855,
220,0.0739690880419729,5.579477939103287e-05,0.011158955878206573,0.005,3.1602241320438946e-05,1.0054869394103482e-14,True,-4.500282114894884,-13.997623566219755,0.4996521461354037,0.4090198019122153,0.2583457682584866,0.10511381664963632,-0.02213709264154851,-0.108489738524227,-0.148572881097952,-0.14430441238824177,-0.10305362441182742,-0.0358908317442219,0.04412943840166241,0.12361578616063237,0.1903509714035785,0.23458865118013322,0.2500557947808912,5.57947793910496e-05,0.008925437927246094,
221,0.011379685515374422,3.9048615564819444,780.9723112963889,0.005,3.0179103298891627e-05,1.0163336458440898e-14,True,-4.5202936684083,-13.992963696813767,4.402505740860197,3.3160297661105513,1.0055413661196368,-1.045098911757567,-1.6582337134896394,-0.7538883437981473,0.6643882580442038,1.319631686437701,0.6538395525582752,-0.7456304032294112,-1.6059150005794463,-0.9665965661560443,1.0397255501724747,3.2200562598714364,4.154861556483445,3.9048615564819444,0.006352424621582031,
222,2.7300961523525813,0.00025804004760560686,0.05160800952112137,0.005,0.00038682500714735653,3.950357938418962e-14,True,-3.4124854577662638,-13.40336355155395,0.4998542902932025,0.40917036740658075,0.25838446846108826,0.10505424260269088,-0.022221832528780214,-0.10852316625968804,-0.14853077463897102,-0.14422858937244418,-0.10301442193341288,-0.03592759195170913,0.04404397610200062,0.12355931976945675,0.19039496385800034,0.23474328030488703,0.25025804004910573,0.00025804004760560106,0.015318632125854492,
223,90.64942131629003,729.8649980219536,145972.99960439073,0.005,nan,nan,False,nan,nan,729.9997059959121,543.7714273210855,139.92006139417114,-214.88636022836138,-305.83237159012106,-120.74286811701805,151.80567812733557,273.4866266503646,141.37128046399073,-132.69653081003477,-308.37315496043107,-203.65291603088488,158.95080301296497,558.2618700871989,730.1149980219551,729.8649980219536,0.1250619888305664,
224,0.3815721847812532,0.013689512227755302,2.73790244555106,0.005,5.666647324383733e-05,1.3493554675191666e-14,True,-4.246673815740403,-13.869873626869198,0.5132790475487048,0.41916969281336447,0.26095461855260693,0.10109782294812669,-0.027849560919904218,-0.11074316232117316,-0.1457344089321222,-0.13919304645818556,-0.10041091480137401,-0.038368903476868894,0.03836827100149332,0.11980928512644998,0.1933165819157156,0.2450124787178169,0.2636895122292554,0.013689512227755274,0.018773317337036133,
225,0.33136520820798715,9.07344856364644,1814.689712729288,0.005,5.1896079236400636e-05,1.2905919495632031e-14,True,-4.284865451984233,-13.88921104825662,9.568508766773686,7.163886701279092,1.9945650703952071,-2.567575297606936,-3.8238491763428044,-1.6081686970944948,1.7404623671101875,3.2573672772630298,1.6556994347239402,-1.6850755258593755,-3.7899924602591,-2.4096535946258384,2.1639982233736634,7.171763472540662,9.32344856364794,9.07344856364644,0.019501686096191406,
226,78.27646172679648,0.00011055406050436604,0.02211081210087321,0.005,nan,nan,False,nan,nan,0.49970687804018465,0.40906056854327033,0.25835624660140216,0.10509768657147656,-0.022160036542028347,-0.10849878931082514,-0.148561480487968,-0.14428388279131435,-0.10304301007432132,-0.03590078482027331,0.04410629890310659,0.12360049750139629,0.19036288265964804,0.23463051806673804,0.2501105540620045,0.00011055406050436423,0.20327234268188477,
227,3.119211568467043,556.0264250110246,111205.28500220491,0.005,0.0004750384505268591,4.5359796837014825e-14,True,-3.3232712363208083,-13.343328899281838,556.248041769287,414.3538596507155,106.65556005426436,-163.679885036588,-232.99476602578557,-92.01028078464753,115.61335180783324,208.31345852634308,107.67505129513663,-101.09953934724356,-234.91460460425972,-155.117605654016,121.13738187609273,425.3514359868968,556.276425011026,556.0264250110246,0.026235103607177734,
228,0.013282111155193019,0.01788914742036877,3.5778294840737535,0.005,3.019546334631065e-05,1.011444023700269e-14,True,-4.520058301799926,-13.9950581473675,0.5174765831774367,0.42229619438500793,0.26175823059377934,0.09986076427017988,-0.02960918978923721,-0.11143729126416832,-0.14486006577179047,-0.13761857696199067,-0.09959687297265404,-0.03913223140248125,0.03659364119447833,0.11863675710799747,0.19423008788512747,0.2482233618195671,0.2678891474218689,0.01788914742036879,0.008356332778930664,
229,0.06474444204636379,25.707791225467947,5141.558245093589,0.005,3.126244306467861e-05,1.0000467707180469e-14,True,-4.504977086200055,-13.999979688210232,26.194535262203605,19.547652454769626,5.177593463799258,-7.467443261838727,-10.793566360730765,-4.357545288084545,5.203649778854609,9.493686364300858,4.8800391925678195,-4.70854249277744,-10.819126885956452,-7.053921952465733,5.782305676731282,19.889756181885293,25.957791225469446,25.707791225467947,0.011954545974731445,
230,4.798533782828345,0.0038864764981145,0.7772952996229,0.005,0.0009669778208254823,8.218643256000766e-14,True,-3.0145834870375476,-13.085199870424022,0.5034809127446928,0.41187162876496664,0.2590787800116216,0.10398543814882419,-0.02374213161096843,-0.10912288567401877,-0.14777535221590418,-0.14286826585666454,-0.10231109916653028,-0.036587098490242456,0.04251071638238064,0.122546269062367,0.1911842224971796,0.23751744633368996,0.25388647649961466,0.0038864764981145217,0.1922917366027832,
231,16.090423042513624,0.13755892383020463,27.511784766040925,0.005,nan,nan,False,nan,nan,0.637086531928741,0.5113867288870617,0.28465737989524686,0.06461043213273146,-0.07975030531463817,-0.13121668913994755,-0.11994541349761213,-0.09275362942913236,-0.07640052396536065,-0.06088347359277465,-0.013974930235068683,0.08522524411532738,0.2202606953295177,0.3397183715624129,0.38755892383170476,0.13755892383020463,0.12813258171081543,
232,0.21496686626644565,7.32477039841709e-05,0.01464954079683418,0.005,4.1107252358925204e-05,1.147497325736071e-14,True,-4.38608155083425,-13.940248317920915,0.4996695903345889,0.40903279508749546,0.2583491079248417,0.10510867565742313,-0.022144405340999738,-0.10849262319861999,-0.14856924748585335,-0.14429786917766965,-0.10305024140116086,-0.03589400399707591,0.04412206336102625,0.1236109133461733,0.19035476776923133,0.23460199502979684,0.2500732477054843,7.324770398414726e-05,0.0157010555267334,
233,0.1699739984789705,258.9349435274054,51786.988705481075,0.005,3.73752535340914e-05,1.0938748405359745e-14,True,-4.427415852631837,-13.961032366461577,259.3050880780651,193.17822386831918,49.80626698473695,-76.16761826641773,-108.51472819512823,-42.906064214170044,53.760382939275296,96.93200425192707,50.08793198786388,-47.10003370521466,-109.37336726574375,-72.17038045316994,56.51394928031835,198.20646414565192,259.18494352740686,258.9349435274054,0.013850927352905273,
234,22.681701090625314,0.039178488635529175,7.835697727105835,0.005,nan,nan,False,nan,nan,0.5387552810081537,0.4381454659801987,0.26583200609199925,0.09358970426375213,-0.03852933110940851,-0.11495606068983989,-0.14042773081274848,-0.12963706980720013,-0.09547022542824009,-0.04300179338158,0.027597455154655896,0.11269282437948897,0.19886095208949953,0.2645003913280786,0.28917848863702933,0.039178488635529196,0.19266986846923828,
235,5.709659813015666,1.3612072491710683,272.24144983421365,0.005,0.001419652486367874,1.148972259732874e-13,True,-2.847817952605252,-12.939690456594894,1.8601231070318462,1.422355952843934,0.5188059388305347,-0.29583153727461453,-0.5924536284432405,-0.3334651416151925,0.13481208205698403,0.3659997798450205,0.16078696370561835,-0.2832944438371249,-0.5310490787880795,-0.2564144175196128,0.4864290643406552,1.275273854389214,1.6112072491725684,1.3612072491710683,0.09139132499694824,
236,0.042274809611590414,0.0007258374537564794,0.1451674907512959,0.005,3.061986158520602e-05,9.896787297466002e-15,True,-4.513996776829042,-14.004505763525987,0.5003218538289116,0.40951862844794784,0.25847398281440004,0.10491644662416927,-0.022417837606152163,-0.10860048528959772,-0.14843338154558797,-0.14405320919949985,-0.1029237458059618,-0.036012619056985336,0.04384630007003009,0.12342871186174227,0.19049671929707893,0.23510094060573752,0.2507258374552566,0.0007258374537564838,0.008589982986450195,
237,0.02747911096280826,0.8980753053607964,179.61506107215928,0.005,3.039623593610747e-05,1.1171209465102499e-14,True,-4.517180193147487,-13.95189980489828,1.397222701214045,1.0775682072921589,0.4301843348988119,-0.15940983304360068,-0.3984033594883994,-0.2569172340279474,0.03839031472970056,0.1923687179077248,0.0710151723031045,-0.19911533547663998,-0.3353445200892486,-0.12710909563998046,0.3856884580993979,0.9211805905560482,1.1480753053622965,0.8980753053607964,0.007493734359741211,
238,1.1713592461144604,1.0951681509239837e-05,0.0021903363018479674,0.005,0.00013743850823917309,2.1418968050369818e-14,True,-3.861891567329854,-13.669201456978769,0.4996073254563617,0.4089864175801068,0.2583371874052056,0.10512702578348639,-0.0221183035786885,-0.1084823267156518,-0.14858221720790507,-0.14432122434606465,-0.10306231663287303,-0.035882681038907224,0.044148387642367865,0.12362830624542286,0.1903412171188078,0.2345543658342365,0.25001095168300935,1.0951681509219213e-05,0.022263765335083008,
239,34.96195795217245,55.98634406651953,11197.268813303905,0.005,nan,nan,False,nan,nan,56.457950656068846,42.08912063065776,10.97147996497456,-16.386395701701606,-23.480148232043938,-9.362079947654113,11.507493890809775,20.84530517181293,10.749122433196982,-10.21198835668379,-23.613862600029226,-15.507620889642766,12.368506024347697,43.03959877625641,56.23634406652102,55.98634406651952,0.15732669830322266,
240,0.8269161491222247,0.001803790912909235,0.360758182581847,0.005,9.983864196959997e-05,1.8061166400688886e-14,True,-4.000701335004601,-13.743254206125199,0.5013992683764578,0.4103211322440221,0.25868025224968866,0.10459892102494267,-0.02286949541439673,-0.10877865283532066,-0.1482089569965643,-0.14364907770666474,-0.10271479927491378,-0.0362085484508834,0.04339079185289922,0.12312774985540718,0.19073119607292272,0.2359251032740937,0.25180379091440935,0.00180379091290922,0.02116680145263672,
241,0.6525016832258201,94.14157159704422,18828.314319408844,0.005,8.24778739297029e-05,1.6350203907049746e-14,True,-4.083662542589947,-13.786476826786306,94.59410287792018,70.49453523676821,18.272590387882786,-27.62552795030473,-39.46702251978393,-15.668496229260068,19.451222498687798,35.14993857731634,18.14499130504686,-17.147102800283438,-39.73702591388139,-26.16046840569804,20.668043130500806,72.21165056224875,94.39157159704573,94.14157159704422,0.01866626739501953,
242,49.35773281034118,0.0010685312622548569,0.21370625245097138,0.005,nan,nan,False,nan,nan,0.5006643763112091,0.4097737536389995,0.25853955824138686,0.10481550158246011,-0.022561424820545458,-0.10865712680252777,-0.14836203439903686,-0.14392473114765272,-0.10285731929942815,-0.03607490726583294,0.04370148876634582,0.12333303257680789,0.19057126216220546,0.23536295140151264,0.251068531263755,0.0010685312622548682,0.15055489540100098,
243,1.482327982369683,0.49929846913791165,99.85969382758233,0.005,0.0001760087028514964,2.4551947674037246e-14,True,-3.754465857714612,-13.609914050158716,0.9986452293177563,0.7806908958107386,0.35387726234808425,-0.04194478591728057,-0.23131760054599254,-0.19100614148705264,-0.0446330392662507,0.042864788250608354,-0.0062822619076109,-0.12663344568972126,-0.16683434540717842,-0.015771564607861943,0.2989463951236655,0.6162908213090554,0.7492984691394118,0.49929846913791165,0.02170848846435547,
244,0.019492556505239025,1.9955284223707254e-05,0.003991056844741451,0.005,3.026629604624057e-05,1.0630629192255921e-14,True,-4.519040724240144,-13.973441030242638,0.49961632455781874,0.40899312049041836,0.258338910269984,0.10512437365196546,-0.022122076049043125,-0.10848381485949019,-0.1485803427025991,-0.1443178488391028,-0.10306057140766119,-0.03588431753852394,0.0441445830114857,0.12362579246125696,0.19034317558530514,0.2345612496502074,0.25001995528572385,1.9955284223716063e-05,0.007616281509399414,
245,0.0399771002990506,2.469600363704631,493.92007274092623,0.005,3.056855265378813e-05,9.888462878874673e-15,True,-4.514725123568766,-14.004871212457932,2.967962091970081,2.2475211530696697,0.7309000880457792,-0.6223235438474426,-1.0568655198221775,-0.5166638495333227,0.3655740159401287,0.7815432898372602,0.37563380551761844,-0.4847565656823829,-0.9994201083482361,-0.5658751022324856,0.7275270836072545,2.1227095382818786,2.7196003637061312,2.469600363704631,0.008970499038696289,
246,9.638347802896366,0.00040162564320148536,0.08032512864029707,0.005,0.005666710002062549,6.033144768109086e-13,True,-2.246669012120564,-12.219456253460887,0.4999978041046751,0.4092772625462075,0.2584119439698569,0.1050119475463554,-0.02228199426846543,-0.10854689853954787,-0.14850088083208698,-0.14417475823474052,-0.10298658983003821,-0.035953690145911044,0.04398330148001188,0.1235192310174198,0.1904261966419643,0.2348530604504017,0.25040162564470164,0.0004016256432015086,0.045653343200683594,
247,24.004734990434475,152.684497978956,30536.899595791197,0.005,nan,nan,False,nan,nan,153.10776133342569,114.07797592789854,29.47494449919235,-44.87012939581195,-63.996253901127226,-25.344655644438117,31.639568609763767,57.098047776997106,29.49273668406717,-27.78789622752693,-64.4753704086497,-42.505512276586444,33.40231891016315,116.97137002009735,152.9344979789575,152.684497978956,0.14430999755859375,
248,0.10060953653225846,0.06558487029168773,13.116974058337547,0.005,3.2816725231355654e-05,1.0246994470297002e-14,True,-4.483904759203416,-13.989403498156717,0.5651484610687869,0.45780421964875684,0.27088494171364724,0.08581135160150626,-0.049593490105534536,-0.11932059068986343,-0.1349300534833509,-0.11973715219158727,-0.09035170959832584,-0.04780143135203431,0.016438973564432243,0.10532022629948093,0.20460487654177012,0.2846897174836588,0.3155848702931879,0.06558487029168775,0.013596296310424805,
249,0.27200930499703974,0.2497239138235915,49.9447827647183,0.005,4.629201543447975e-05,1.2182403849393392e-14,True,-4.334493910748429,-13.914267007637427,0.7491954462034138,0.5948901765471095,0.30612046714511215,0.03157073514257738,-0.12674694799159064,-0.14975567225974593,-0.09659322043048914,-0.05070227325509952,-0.0546588751352027,-0.08127064181361765,-0.06137222200362602,0.05390904939250733,0.2446588592696137,0.4254755038988584,0.4997239138250916,0.2497239138235915,0.014061927795410156,
250,11.415190870964617,4.055505659117388e-05,0.008111011318234775,0.005,nan,nan,False,nan,nan,0.49963691403154453,0.40900845639883143,0.25834285209453794,0.10511830571367985,-0.022130707264017044,-0.10848721965480301,-0.14857605393244458,-0.14431012585562128,-0.1030565784236042,-0.035888061764102634,0.044135878214905916,0.12362004105448784,0.19034765645427665,0.23457699946131264,0.2500405550580913,4.0555056591173866e-05,0.1873934268951416,
251,3.787051392411595,15.15129317652509,3030.258635305018,0.005,0.0006577882824080713,5.736758531236837e-14,True,-3.1819138671422684,-13.241333429838388,15.643314824529929,11.6886584642627,3.157577782517139,-4.357885664278306,-6.3704396189964285,-2.612734013683549,3.0058393875181038,5.5359892305271945,2.833806464602567,-2.789787794368533,-6.358292733433004,-4.106573153956896,3.48605289726242,11.818654849410725,15.40129317652659,15.15129317652509,0.02637195587158203,
252,0.09138645702737605,0.006502684544925182,1.3005369089850365,0.005,3.2358175933649916e-05,1.0174871794148452e-14,True,-4.490015968032513,-13.992471054284035,0.5060958128455344,0.4138193166461632,0.2595793988016363,0.10321479910062453,-0.02483831139711898,-0.10955530078697481,-0.14723067071219714,-0.14188743309941743,-0.10180398302785149,-0.03706262185590403,0.041405191600278446,0.12181583008462393,0.19175330089527198,0.23951770059933242,0.25650268454642533,0.006502684544925197,0.01332712173461914,
253,0.014055257687474423,934.4177718627674,186883.55437255348,0.005,3.0202829342372917e-05,1.0216157005246995e-14,True,-4.519952371273846,-13.990712441313509,934.4502158075601,696.0547899384321,179.06181170686855,-275.1401137979419,-391.5390936371964,-154.55199538183007,194.3925483033848,350.17474073724316,181.02103727620016,-169.87615174682261,-394.8105317602007,-260.76355721285773,203.44518678515453,714.6552268475206,934.6677718627689,934.4177718627674,0.007497549057006836,
254,1.8464750852790788,0.010591000873372192,2.1182001746744383,0.005,0.00022758807638744151,2.84502670036948e-14,True,-3.642850494890263,-13.545913653427533,0.5101820852628068,0.4168629446852717,0.2603617096641227,0.10201053088199631,-0.02655129814681425,-0.11023103059719407,-0.14637950358574356,-0.1403546977415328,-0.10101151883804559,-0.03780571640557575,0.03967760153966341,0.12067438202460377,0.19264259275030005,0.24264347348472698,0.2605910008748723,0.01059100087337217,0.024996280670166016,
255,74.03565523790128,5.047245916663576,1009.4491833327153,0.005,nan,nan,False,nan,nan,5.544318977877208,4.166500422183434,1.224139836078093,-1.3816034940600976,-2.13688778886878,-0.9427052319463798,0.9022270002167488,1.7479187269881857,0.875275132319822,-0.953270791957268,-2.088649629580509,-1.285547524684739,1.2882173558950667,4.093480371628214,5.2972459166650765,5.047245916663576,0.19298124313354492,
256,0.5592767802685431,0.00020155167633137416,0.04031033526627483,0.005,7.35179083720946e-05,1.5409495493176438e-14,True,-4.133606857380642,-13.812211579848501,0.49979783016270124,0.4091283135201196,0.25837365925189265,0.1050708820074684,-0.02219816414704778,-0.10851382968361756,-0.14854253523692695,-0.1442497672160858,-0.10302537143139175,-0.0359173245953107,0.04406784625805353,0.12357509118649608,0.19038267648969462,0.23470009142098378,0.25020155167783154,0.0002015516763314018,0.01485443115234375,
257,0.5498299681173504,5.146663516911889,1029.3327033823778,0.005,7.261808322522974e-05,1.5312408714617616e-14,True,-4.138955218597073,-13.814956487343213,5.643686875331563,4.240513823150278,1.2431636743401708,-1.4108882770203257,-2.17854333071785,-0.9591372863059708,0.9229252501377406,1.7851910070307897,0.8945458740393485,-0.9713409878400865,-2.130660287328322,-1.3133046789307758,1.309842703604118,4.169491329250277,5.396663516913389,5.146663516911889,0.012105941772460938,
258,72.68668134801433,0.0001914290266458605,0.0382858053291721,0.005,nan,nan,False,nan,nan,0.499787712573729,0.4091207775131334,0.2583717222543196,0.10507386376923174,-0.022193922800882258,-0.10851215658016827,-0.14854464272224674,-0.14425356226075503,-0.10302733356854975,-0.035915484697121504,0.04407212376193994,0.12357791740587774,0.19038047460774776,0.23469235202379105,0.250191429028146,0.0001914290266458729,0.14261102676391602,
259,1.8803800814216072,979.1587314812941,195831.74629625882,0.005,0.00023277136597786458,2.882907297068032e-14,True,-3.63307044482391,-13.540169322585468,979.1688076492368,729.3630831945206,187.62312054300142,-288.31916145739433,-410.2853610093937,-161.94692222290902,203.70739357802702,366.94840628651673,189.69346021679542,-178.0082923564605,-413.7166121438354,-273.25512524653936,213.1772544087008,748.8624816700082,979.4087314812956,979.1587314812941,0.024122238159179688,
260,0.014299509720198458,0.010342921347001714,2.0685842694003425,0.005,3.0205242460159815e-05,1.0206208441242309e-14,True,-4.519917673800204,-13.991135566323507,0.5099341297612121,0.4166782569699068,0.26031423894692557,0.10208360602229832,-0.026447353904881107,-0.11019002723106332,-0.14643115250931718,-0.14044770430733827,-0.10105960566036526,-0.037760625338955404,0.039782431912259,0.12074364523012825,0.19258863041361257,0.24245380121021273,0.26034292134850184,0.01034292134700171,0.008116483688354492,
261,0.0929778743167061,14.844707668502659,2968.9415337005316,0.005,3.24344837828162e-05,1.0186908495669925e-14,True,-4.488993009775021,-13.99195759489241,15.336882590739599,11.46041481244238,3.098911780686999,-4.267576805094787,-6.241981625363017,-2.562060594479057,2.942009809542446,5.421048406332336,2.7743790581343615,-2.7340626494147076,-6.228739627988897,-4.020975219441044,3.4193643210245948,11.584251101989484,15.09470766850416,14.84470766850266,0.013504743576049805,
262,3.8564553626447364,0.0068527470347011605,1.370549406940232,0.005,0.0006793232361801008,5.878524619329122e-14,True,-3.167923530157971,-13.230731658632092,0.506445700325214,0.41407992759789136,0.25964638424657244,0.1031116835153559,-0.024984986056899857,-0.10961316021877447,-0.147157789442852,-0.14175619248287918,-0.10173612820325988,-0.03712624940017868,0.04125726653055645,0.12171809348164624,0.1918294465982702,0.2397853452116443,0.2568527470362013,0.006852747034701179,0.027693510055541992,
263,11.207588423889856,0.23795631722963118,47.59126344592623,0.005,nan,nan,False,nan,nan,0.7374337326968285,0.5861295562650923,0.30386870434076224,0.0350370380040116,-0.12181637623006789,-0.14781068680012177,-0.0990431755155329,-0.055114018807023865,-0.056939862747611286,-0.07913175719970886,-0.05639961683322922,0.05719453398424834,0.2420991679533011,0.4164784421735406,0.4879563172311313,0.23795631722963118,0.16845965385437012,
264,0.2674052572651266,4.158879380901838e-05,0.008317758761803675,0.005,4.586281407177728e-05,1.212532909553816e-14,True,-4.338539301146647,-13.916306465308242,0.4996379472519562,0.4090092259849712,0.2583430499030707,0.10511800121256548,-0.022131140395412606,-0.10848739051414899,-0.14857583871349708,-0.1443097383010738,-0.10305637804778663,-0.035888249656729,0.044135441391040205,0.12361975243754945,0.19034788131312178,0.23457778981790603,0.25004158879530913,4.1588793808999824e-05,0.012807846069335938,
265,0.10247223021330706,146.97650678874362,29395.30135774872,0.005,3.2914056464869886e-05,1.0262239346695721e-14,True,-4.482618590153365,-13.988757860491683,147.40262379396856,109.82854886849243,28.382704282844863,-43.18876429821595,-61.60463043300746,-24.401220867423078,30.451193232499122,54.958086184774665,28.386320680369856,-26.75040871377767,-62.0633582124127,-40.91185490097066,32.160714869226354,112.60725465840413,147.22650678874513,146.97650678874362,0.009704113006591797,
266,24.417813453050858,0.06779149912408051,13.558299824816103,0.005,nan,nan,False,nan,nan,0.5673539867200736,0.4594469881741383,0.27130718636557033,0.08516135958531391,-0.05051805798328979,-0.11968530925915856,-0.13447064433505468,-0.11890987324313544,-0.08992398478708827,-0.04820250938190447,0.015506523692150366,0.10470414085071234,0.2050848631401805,0.2863768228880107,0.31779149912558063,0.0677914991240805,0.13537955284118652,
267,9.473464775351479,2.4007792915509065,480.1558583101813,0.005,0.0052571873941407886,5.581253107930057e-13,True,-2.27924654213874,-12.253268281929708,2.8991754261947094,2.1962859432520987,0.7177309817466412,-0.6020513771880363,-1.0280297900918574,-0.5052888857855476,0.35124581099743735,0.7557418395131821,0.36229378219153907,-0.4722476110146253,-0.9703385523574821,-0.5466604248476229,0.7125571023230877,2.070091535172611,2.6507792915524067,2.4007792915509065,0.12745046615600586,
268,0.03925800292018075,0.000419007163152717,0.0838014326305434,0.005,3.055307938745317e-05,9.88595112479831e-15,True,-4.514945011490781,-14.004981540980529,0.5000151769349164,0.4092902025628882,0.2584152699727324,0.10500682758733386,-0.022289277049682442,-0.10854977141195656,-0.14849726208607963,-0.1441682417942152,-0.10298322066018462,-0.03595684942021937,0.0439759566126646,0.12351437813896454,0.19042997747565693,0.23486634970676193,0.2504190071646529,0.00041900716315274034,0.009129047393798828,
269,0.019141249202217932,0.5190931958579689,103.81863917159377,0.005,3.0261580185750128e-05,1.0641473441572615e-14,True,-4.5191083979244056,-13.972998234518334,1.0184300598703226,0.7954274720517805,0.357665039146396,-0.04777558724728698,-0.23961150489712116,-0.19427787631755367,-0.04051187561166501,0.05028595508458969,-0.0024453249359069618,-0.13023134574348327,-0.17519895577164887,-0.021298204573566654,0.30325215031246217,0.6314251247935545,0.769093195859469,0.5190931958579689,0.0075457096099853516,
270,1.4570204176715165,1.92913054629697e-05,0.00385826109259394,0.005,0.00017268967731727568,2.429122764098045e-14,True,-3.7627336220048235,-13.614550536070503,0.4996156609110073,0.4089926261782832,0.2583387832157751,0.10512456923578413,-0.022121797844831943,-0.10848370511498757,-0.1485804809396748,-0.14431809776889243,-0.10306070011086035,-0.035884196853391344,0.04414486358740385,0.12362597784252578,0.19034303115643605,0.23456074199702204,0.2500192913069631,1.929130546296509e-05,0.021852493286132812,
271,50.205347615382934,96.97015870775886,19394.03174155177,0.005,nan,nan,False,nan,nan,97.42127586596439,72.60033291717964,18.813848510891507,-28.458726090417585,-40.652188209458814,-16.136014023373097,20.0401202672382,36.210393573736816,18.693274219798553,-17.66122829752502,-40.93229520947199,-26.950203105935792,21.28331828944414,74.37428187165305,97.22015870776036,96.97015870775886,0.19505763053894043,
272,0.6646057798728434,0.001022865081060398,0.20457301621207957,0.005,8.36545879858876e-05,1.647050632536905e-14,True,-4.07751023542707,-13.783293049832439,0.5006187329603463,0.40973975654622186,0.2585308198887921,0.10482895316650119,-0.022542290889359412,-0.10864957895214808,-0.14837154187084206,-0.14394185168455673,-0.10286617106391369,-0.036066606956457706,0.04372078581539969,0.12334578246447442,0.1905613288400934,0.2353280367570748,0.25102286508256055,0.00102286508106042,0.020615100860595703,
273,0.8114430437449336,53.459112969187885,10691.822593837576,0.005,9.825933942618431e-05,1.7910686243509638e-14,True,-4.007626159848331,-13.74688777394662,53.931983021606925,40.20767340123867,10.487887165244448,-15.641966003229248,-22.421249400506753,-8.944371225386826,10.98133694545985,19.897830429344268,10.259253258920065,-9.752637488669775,-22.545936594830444,-14.80202406162834,11.818781920321642,41.10737293937605,53.709112969189384,53.459112969187885,0.02003931999206543,
274,34.3505553531446,0.0018481262145751875,0.3696252429150375,0.005,nan,nan,False,nan,nan,0.5014435815131513,0.41035413853718344,0.2586887359347312,0.10458586146925514,-0.02288807171285218,-0.1087859807137366,-0.14819972660725786,-0.14363245612481867,-0.10270620548321766,-0.03621660685888788,0.043372057190427166,0.12311537154609563,0.1907408399017007,0.2359590003781042,0.25184812621607533,0.0018481262145751964,0.20020604133605957,
275,1.1923128115804074,0.8802480111124789,176.04960222249576,0.005,0.00013989121366433742,2.162589314049793e-14,True,-3.8542095619694,-13.665025947309163,1.3794043195358419,1.064296325109738,0.4267730318540453,-0.15415856524467825,-0.3909338007808698,-0.2539706826382427,0.03467876073075965,0.18568515381076833,0.06755959520046609,-0.19587503699505188,-0.3278112829625725,-0.12213175807596663,0.38181065944132797,0.9075505119357599,1.130248011113979,0.8802480111124789,0.022793292999267578,
276,0.028000638389921874,1.1524525066535168e-05,0.0023049050133070333,0.005,3.0406225519461422e-05,1.1390276366354164e-14,True,-4.517037487708848,-13.943465738350532,0.49960789801353184,0.4089868440448353,0.2583372970204363,0.10512685704476,-0.02211854359764605,-0.10848242139704072,-0.14858209794472546,-0.14432100958343275,-0.10306220559498627,-0.03588278515925679,0.04414814557723484,0.12362814630888305,0.19034134172391876,0.23455480380887328,0.25001152452656666,1.1524525066530789e-05,0.008093595504760742,
277,0.043075625960297445,1.4276450295707388,285.5290059141478,0.005,3.0638412127830825e-05,9.899795262713665e-15,True,-4.513733746284554,-14.004373786937109,1.9265276725550575,1.471816873926178,0.5315189955293281,-0.31540167349299186,-0.6202907693004478,-0.34444618738909205,0.14864409750971752,0.39090771918655165,0.1736650185299441,-0.29537021012843706,-0.5591235328779357,-0.27496368559399775,0.5008806312520669,1.3260696822692872,1.677645029572239,1.4276450295707388,0.00867009162902832,
278,5.811999028906467,0.0007073610654754575,0.1414722130950915,0.005,0.0014442536330380598,1.1939339300168601e-13,True,-2.84035653131198,-12.923019705554232,0.5003033866777085,0.40950487333486074,0.25847044730538105,0.10492188909129126,-0.02241009607986972,-0.10859743145390016,-0.14843722823773628,-0.14406013611300877,-0.1029273272010627,-0.036009260778827226,0.043854107593270956,0.12343387042479495,0.19049270030728246,0.23508681425423508,0.2507073610669756,0.0007073610654754758,0.05350089073181152,
279,22.2842714603577,264.4172890711352,52883.45781422704,0.005,nan,nan,False,nan,nan,264.7846927802309,197.2596645584323,50.85532927008928,-77.78251642288201,-110.81180711935801,-43.81220356743974,54.901780015184706,98.98736988020462,51.15060966994973,-48.09650774628041,-111.69002892039671,-73.70103810842717,57.706470809184545,202.3980593335575,264.6672890711367,264.4172890711352,0.18509769439697266,
280,0.166799358998395,0.03719604783573758,7.439209567147516,0.005,3.713040411216908e-05,1.090267789918265e-14,True,-4.430270324064171,-13.962466818206195,0.5367738313089958,0.4366695986745956,0.26545266045254323,0.09417365869846384,-0.03769869704167035,-0.11462839662527301,-0.14084046512765017,-0.13038029926026642,-0.09585449445637612,-0.04264146388771924,0.028435170425768156,0.11324631707017968,0.19842973094252933,0.26298469166076777,0.28719604783723773,0.0371960478357376,0.013238668441772461,
281,0.21880263736769145,0.14158927619680975,28.31785523936195,0.005,4.144377503769118e-05,1.1522145134662515e-14,True,-4.3825406923707515,-13.938466658636823,0.6411148693626506,0.5143872045070943,0.28542859919012,0.06342323797380509,-0.08143900541657478,-0.13188283848383583,-0.11910631417973186,-0.0912426251230208,-0.07561929529657826,-0.06161603258192176,-0.01567802660285101,0.0840999794536747,0.22113737884531512,0.3427998273828596,0.39158927619830985,0.14158927619680972,0.013945817947387695,
282,16.396812127332996,7.025239757760273e-05,0.014050479515520546,0.005,nan,nan,False,nan,nan,0.4996665965256546,0.4090305651723342,0.25834853476451114,0.10510955796496019,-0.022143150320650645,-0.10849212812493511,-0.1485698710937501,-0.14429899213677266,-0.10305082200033029,-0.0358934595685908,0.044123329080496265,0.1236117496284989,0.19035411622923865,0.23459970493118484,0.25007025239907776,7.025239757763035e-05,0.33188605308532715,
283,4.709282197978211,26.692571635283137,5338.514327056628,0.005,0.0009241658476247278,7.958687396927138e-14,True,-3.034250084791758,-13.099158553277123,27.17882334130795,20.280791729444296,5.366033973258294,-7.757523494039988,-11.206185066782234,-4.520312898506909,5.408676162399784,9.862886698280207,5.07092540266139,-4.887536703686536,-11.235263190294573,-7.328870268110475,5.996515421546332,20.64268224136107,26.94257163528464,26.69257163528314,0.12889623641967773,
284,0.06360383301779395,0.0037580547269366257,0.7516109453873251,0.005,3.1223415471102545e-05,9.994200798287736e-15,True,-4.505519592012834,-14.00025192918678,0.5033525551766421,0.4117760226346706,0.2590542061434321,0.10402326649799896,-0.02368832344772298,-0.10910165971885913,-0.14780208898996128,-0.14291641198176666,-0.10233599196999114,-0.036563756480829566,0.04256498326332372,0.12258212411119368,0.19115628815307759,0.237419259877948,0.25375805472843677,0.0037580547269366327,0.012705802917480469,
285,0.013048579172618344,539.4943245661875,107898.8649132375,0.005,3.019331987589105e-05,1.0123437996023287e-14,True,-4.520089131941753,-13.99467197275921,539.7242063759098,402.04621014004823,103.49209599750303,-158.81013388392964,-226.06788788536667,-89.27780310957517,112.17145071716612,202.115470685826,104.47052979232423,-98.09465598004816,-227.92867442785408,-150.50188307660338,117.54131418196597,412.7116138308846,539.744324566189,539.4943245661875,0.0067784786224365234,
286,3.061087844576855,0.018676979149467914,3.7353958298935828,0.005,0.0004610690877223785,4.4437915759568765e-14,True,-3.336233993984503,-13.352246318663331,0.518264021038267,0.4228827113147525,0.261908984417596,0.09962869790428265,-0.029939287855168667,-0.11156750657580765,-0.14469604312405152,-0.1373232139200334,-0.0994441625699487,-0.03927542811646312,0.036260729023480584,0.11841679638907136,0.19440145729090108,0.2488257083258628,0.26867697915096805,0.01867697914946792,0.02496933937072754,
287,79.76977068654206,8.73220474780639,1746.440949561278,0.005,nan,nan,False,nan,nan,9.227435552225812,6.909840985971717,1.929267103593946,-2.4670573706157786,-3.680869502563132,-1.55176684352176,1.669417101819044,3.1294328367310773,1.5895539894304052,-1.6230508684483274,-3.645793876507251,-2.314379144145031,2.0897707611066907,6.910861286611575,8.982204747807891,8.732204747806392,0.18531250953674316,
288,0.3372660422169479,0.0001144214978715301,0.02288429957430602,0.005,5.245665005972244e-05,1.2976231498267086e-14,True,-4.280199447390934,-13.886851415173368,0.4997107435440668,0.4090634477335933,0.25835698664645235,0.10509654736610821,-0.022161656981454506,-0.10849942853306437,-0.14856067530674275,-0.1442824328648603,-0.1030422604244964,-0.03590148776774554,0.04410466464934079,0.12359941772220961,0.19036372390584186,0.23463347496387787,0.2501144214993717,0.00011442149787155298,0.012989044189453125,
289,0.3888209729712905,704.942671094923,140988.5342189846,0.005,5.735463957239454e-05,1.3576419605611777e-14,True,-4.241431445082851,-13.867214747768635,705.0898387266992,525.2175075798132,135.15110383142306,-207.5451557223279,-295.390025067049,-116.62362736075748,146.61697361163692,264.14309043326114,136.5404283406157,-128.16663541623876,-297.841786830487,-196.69466245248498,153.5296906126499,539.207196355765,705.1926710949244,704.942671094923,0.01183938980102539,
290,92.26937876047023,0.014229655884890134,2.8459311769780267,0.005,nan,nan,False,nan,nan,0.513818921166643,0.4195718134537276,0.2610579765651314,0.100938716414404,-0.028075878761595147,-0.11083243896749996,-0.1456219537090964,-0.13899054322332893,-0.10030621534290703,-0.03846708027519142,0.038140023787138246,0.11965847831992213,0.19343407413408745,0.24542545224091297,0.26422965588639025,0.014229655884890113,0.12039613723754883,
291,2.682305871954176,3.74090557025116,748.181114050232,0.005,0.00037681817760130244,3.8832286170997966e-14,True,-3.4238681551320154,-13.410807040506699,4.238631722717368,3.193969485843233,0.9741679256386409,-0.9968034845916895,-1.589536868778203,-0.7267891815613243,0.6302534371415535,1.258163561898466,0.6220589276374145,-0.7158296759944844,-1.5366325113014618,-0.9208204501765578,1.0040617924236919,3.0947016798962164,3.9909055702526604,3.74090557025116,0.015520811080932617,
292,0.011166946304235351,0.0002658944289940468,0.05317888579880936,0.005,3.017743004075554e-05,1.0051880174937945e-14,True,-4.520317748213262,-13.99775269712616,0.4998621407478748,0.4091762147563216,0.25838597141912395,0.10505192898967192,-0.022225123480400524,-0.108524464456603,-0.14852913939582948,-0.14422564471574414,-0.10301289946903308,-0.035929019568246574,0.04404065709482778,0.12355712684511376,0.19039667234551302,0.23474928546945922,0.2502658944304942,0.00026589442899405125,0.005707979202270508,
293,0.07258884222940307,0.1858643354693138,37.17286709386276,0.005,3.154868286974214e-05,1.0046313865482875e-14,True,-4.501018767460845,-13.997993257799209,0.685367793780331,0.5473486490257898,0.2939007566807482,0.05038142748845762,-0.09999006257133801,-0.13920075984708313,-0.10988846703998897,-0.07464362852698618,-0.06703718076428108,-0.06966349089694104,-0.03438723259067994,0.07173848967309446,0.23076810367889922,0.3766508723253141,0.43586433547081394,0.1858643354693138,0.01082468032836914,
294,5.502652453783023,5.375583670933639e-05,0.010751167341867277,0.005,0.0012887951291071075,1.0634400920063976e-13,True,-2.889816113965237,-12.973286970682619,0.4996501082120701,0.409018283980965,0.2583453781010526,0.10511441724745554,-0.022136238333438144,-0.1084894015213533,-0.1485733055956777,-0.14430517680060367,-0.10305401963297238,-0.03589046114491594,0.04413029999279873,0.12361635542851224,0.19035052789212442,0.2345870922812523,0.2500537558382095,5.375583670935713e-05,0.11588549613952637,
295,14.223085251520327,11.484714476683807,2296.9428953367615,0.005,nan,nan,False,nan,nan,11.978569192527614,8.959001353147242,2.455967604975725,-3.277845901064744,-4.834159100329014,-2.006710328148718,2.242475937839709,4.161365946949687,2.1230903444942664,-2.1233485003158057,-4.80891533466534,-3.0828732228327214,2.6884975439987495,9.015326691463939,11.734714476685308,11.48471447668381,0.11407732963562012,
296,0.18915343871720547,0.008773315151773623,1.7546630303547246,0.005,3.891128179653382e-05,1.1162457482075592e-14,True,-4.409924462642864,-13.952240182332748,0.5083653082742562,0.41550973255976914,0.26001389037364886,0.10254595450632406,-0.025789695739842133,-0.10993059777130247,-0.14675793671277032,-0.1410361594854861,-0.1013638523482159,-0.03747533288232986,0.040445696651116886,0.12118187549476614,0.19224720917981386,0.24125373935304842,0.25877331515327373,0.008773315151773597,0.01494455337524414,
297,0.1448468977706588,1.8741713916736693,374.8342783347339,0.005,3.552161031709894e-05,1.0662731940980474e-14,True,-4.449507354380544,-13.972131508734867,2.37283079845317,1.8042422653864905,0.6169630745574206,-0.44693198168333254,-0.8073833717856636,-0.41824947208656565,0.24160866531293756,0.5583132446985012,0.26021804509217406,-0.3765310791283829,-0.7478111105988707,-0.3996327691049246,0.5980091861318411,1.6674669429370796,2.1241713916751697,1.8741713916736695,0.013869285583496094,
298,19.243307961425852,0.0005412875506653575,0.1082575101330715,0.005,nan,nan,False,nan,nan,0.5001373961896227,0.4093812366185156,0.2584386686698329,0.10497080826480287,-0.022340511999898813,-0.10856998229986474,-0.14847180391755765,-0.1441223981122544,-0.10295951827992968,-0.035979075168471805,0.04392428488154021,0.1234802377496474,0.19045657594405038,0.23495984069155756,0.2505412875521655,0.0005412875506653481,0.17963361740112305,
299,6.640140724461983,113.77399266525397,22754.798533050795,0.005,0.0019759247720922126,1.6439552599393407e-13,True,-2.704229594003026,-12.784110005911455,114.21670892165965,85.11027982165098,22.029309541853408,-33.40851998119611,-47.69292150912567,-18.913404669993437,23.53859492378156,42.51025600743914,21.950467546572643,-20.71550209246554,-48.03305116693024,-31.64179302480334,24.938493542803414,87.22186125036586,114.02399266525548,113.77399266525397,0.04572343826293945,
300,0.05027867514376284,0.08684000481400626,17.36800096280125,0.005,3.0818134654283616e-05,9.928892277656072e-15,True,-4.511193651596442,-14.003099201105455,0.5863929693079419,0.47362802539417126,0.2749521716646956,0.07955036763365878,-0.05849929897026903,-0.12283370632551355,-0.13050484018763253,-0.11176846933985524,-0.0862316925533525,-0.05166477590445395,0.00745724216505652,0.09938584399712522,0.20922830009554477,0.3009405938414857,0.33684000481550636,0.08684000481400622,0.013071775436401367,
301,0.024507825713137327,69.85242943556554,13970.485887113107,0.005,3.034282698981171e-05,1.1105791031524205e-14,True,-4.517943959182764,-13.954450502546303,70.31710382012947,52.41200243122812,13.62479451622145,-20.47083648005767,-29.28997765792447,-11.653910247015649,14.39434390205003,26.043787288449128,13.436873386150877,-12.73229540614707,-29.473221157125757,-19.378998486929525,15.384661279755806,53.64108608572649,70.10242943556705,69.85242943556554,0.0077512264251708984,
302,1.0215440545593353,0.0014080279790372378,0.28160559580744754,0.005,0.00012047634333478517,1.9951545142938493e-14,True,-3.919098222531365,-13.700023464836043,0.5010037033001432,0.4100264986918209,0.2586045218958549,0.10471549828684798,-0.022703672467423157,-0.10871323989006094,-0.14829135287108036,-0.14379745170548303,-0.10279151250538565,-0.03613661436959031,0.04355802845006753,0.12323824591217089,0.19064510959493533,0.2356225178212182,0.25140802798053735,0.0014080279790372185,0.021027565002441406,
303,39.55486559214192,0.37709496640528944,75.4189932810579,0.005,nan,nan,False,nan,nan,0.8765028209537558,0.689714078580071,0.33049327736717293,-0.00594811082588749,-0.1801148647178554,-0.1708079613376683,-0.07007520075941483,-0.0029500691253595834,-0.029969739099777265,-0.1044216720557816,-0.11519510330053459,0.01834735866410643,0.2723646507317632,0.5228586197242602,0.6270949664067896,0.3770949664052895,0.18270397186279297,
304,0.9396978656153504,2.6780367967167734e-05,0.0053560735934335465,0.005,0.00011161583954481168,1.9155991847997563e-14,True,-3.9522741697463006,-13.717695356447264,0.49962314622943266,0.40899820155914735,0.2583402162690117,0.10512236323232535,-0.022124935729429588,-0.10848494293084578,-0.14857892175410806,-0.14431529007252664,-0.1030592484585485,-0.03588555806937414,0.04414169895215888,0.12362388691433432,0.19034466017967,0.23456646785251659,0.2500267803694673,2.6780367967160768e-05,0.014196634292602539,
305,0.5790919974774574,0.6813966766397959,136.27933532795916,0.005,7.540935004061631e-05,1.561193435723463e-14,True,-4.12257480241547,-13.806543283444512,1.1806523987170847,0.9162575119181232,0.38872226804805754,-0.09558424684592848,-0.30761595701697486,-0.22110390724463896,-0.006721098124797015,0.11113454499704184,0.02901498441087605,-0.15973171270934805,-0.24378314977124044,-0.06661294501668394,0.33855645455567307,0.7555162612604103,0.931396676641296,0.6813966766397959,0.012575387954711914,
306,43.208601441741784,1.4762758612536191e-05,0.002952551722507238,0.005,nan,nan,False,nan,nan,0.4996111346281567,0.40898925481191545,0.25833791666556033,0.10512590317978708,-0.022119900403409373,-0.10848295662248895,-0.14858142376060646,-0.144319795549426,-0.10306157790771424,-0.03588337374230792,0.044146777204624066,0.12362724220188594,0.19034204610549926,0.23455727964043852,0.2500147627601127,1.4762758612563154e-05,0.12810063362121582,
307,1.6552825523868873,41.73293563687469,8346.587127374938,0.005,0.00019959593469917527,2.6367066635561168e-14,True,-3.699848308518063,-13.578938183246018,42.21166806954015,31.477888508653347,8.24405005345342,-12.18786373891947,-17.508032129361855,-7.0062316718921585,8.540005144693462,15.501613217627444,7.986294203743015,-7.621281261781151,-17.59083386284375,-11.528103627857613,9.26810013484399,32.14197882355524,41.98293563687619,41.73293563687469,0.016535043716430664,
308,0.02246777506897979,0.0023874722786868885,0.4774944557373777,0.005,3.0309625103319273e-05,1.0977307040528305e-14,True,-4.518419435343583,-13.959504188199462,0.5019826579368147,0.4107556653936282,0.25879194132558075,0.10442698987721796,-0.023114055366537458,-0.10887512553137431,-0.14808743743913266,-0.14343025191257416,-0.10260166062724668,-0.03631463868627843,0.04314414701304978,0.12296478742561646,0.190858158627387,0.2363713640915757,0.25238747228018704,0.0023874722786869085,0.0054018497467041016,
309,0.03455434101346823,192.08584682742094,38417.16936548419,0.005,3.0458752275573132e-05,9.870625525886688e-15,True,-4.51628789124726,-14.005655324145689,192.4894118878409,143.41109022227025,37.01450375156551,-56.47632333416466,-80.50524759809484,-31.857034785576953,39.842733478486764,71.86985985723538,37.130149125760255,-34.94950634445498,-81.12510422983144,-53.506273859617295,41.97291271775356,147.0961592937511,192.33584682742244,192.08584682742094,0.007111310958862305,
310,8.071058290718563,0.05163591045215297,10.327182090430593,0.005,0.0032886644447430477,2.9674462774961793e-13,True,-2.482980437016252,-12.527617134748487,0.551206474866466,0.4474196403077221,0.2682157688986855,0.08992020416283782,-0.04374893663718023,-0.11701506263677727,-0.13783415754717301,-0.1249667044654665,-0.09305552463361466,-0.045266060994749516,0.022333352188469015,0.10921474224907823,0.20157069440544712,0.2740248674713218,0.3016359104536531,0.05163591045215299,0.0838308334350586,
311,28.022821663115487,1.0284034556893658,205.68069113787314,0.005,nan,nan,False,nan,nan,1.5274856953410334,1.1745935792931208,0.45512299411663537,-0.19779973167772047,-0.45301028730162385,-0.2784582815430263,0.065523987444629,0.24122955647502364,0.09627750128200294,-0.2228038493776042,-0.3904169751141526,-0.16349640092833362,0.4140374783945309,1.0208245920894166,1.2784034556908659,1.0284034556893658,0.1723928451538086,
312,0.1190707299040756,0.0009737197178060988,0.19474394356121977,0.005,3.38488348735966e-05,1.040754065375364e-14,True,-4.470456275772822,-13.982651884004348,0.5005696121668046,0.4097031693074722,0.25852141578489557,0.10484342959012044,-0.02252169919603133,-0.10864145605159024,-0.14838177369104846,-0.14396027658857205,-0.10287569722024437,-0.03605767426910135,0.04374155305410201,0.12335950373138209,0.19055063872520422,0.23529046206090115,0.2509737197193062,0.0009737197178060764,0.014311075210571289,
313,0.3065556934898279,19.401776897911965,3880.3553795823927,0.005,4.954304692903916e-05,1.2606839112556729e-14,True,-4.305017287540719,-13.899393789561282,19.89167356084283,14.853015229949039,3.970919833112761,-5.609922456012383,-8.151373800598012,-3.3152673618023787,3.8907689586466874,7.129522158141295,3.6577045849888385,-3.5623579756076005,-8.154409481733477,-5.293297959022864,4.410619454663448,15.068414823627036,19.651776897913464,19.401776897911965,0.019129037857055664,
314,13.03696855753324,0.0052199298483522625,1.0439859696704525,0.005,nan,nan,False,nan,nan,0.504813699448814,0.41286434451384035,0.25933394007182814,0.10359265164168895,-0.024300842761668873,-0.10934328304714343,-0.14749773386027834,-0.1423683458568891,-0.10205262747697744,-0.03682946768019688,0.04194724218687003,0.12217397210257318,0.19147427568977998,0.23853695460830895,0.2552199298498524,0.005219929848352289,0.24576544761657715,
315,3.390641050188413,0.10193678711534691,20.387357423069382,0.005,0.0005442123174962483,4.990911111795895e-14,True,-3.2642316327875864,-13.30182016485644,0.6014822041301817,0.4848671238937071,0.27784098354570236,0.07510340862450605,-0.06482478505491701,-0.12532895009332673,-0.12736176519592596,-0.10610859124711934,-0.08330538783669855,-0.054408775082709346,0.001077830946411347,0.09517085878413957,0.21251215693516795,0.3124830257335307,0.35193678711684706,0.10193678711534693,0.02543497085571289,
316,0.07930163247107884,9.665230302745709e-05,0.019330460605491418,0.005,3.1818025512185835e-05,1.0089267121440793e-14,True,-4.49732677427361,-13.99614037951868,0.49969298323274663,0.40905021910466277,0.25835358646089246,0.10510178151995107,-0.022154211766144512,-0.10849649158452734,-0.14856437476473466,-0.1442890946471273,-0.10304570473982437,-0.035898258029442555,0.04411217333554106,0.12360437883856007,0.19035985874498448,0.23461988930587668,0.2500966523045276,9.665230302746686e-05,0.012908935546875,
317,0.01626443719838406,6.755730930666427,1351.1461861332855,0.005,3.022615636148591e-05,1.0503884463619067e-14,True,-4.519617075353677,-13.978650063869134,7.251949852588664,5.43841591874947,1.5510632631010215,-1.8848605903982816,-2.8527355745883183,-1.2250890206570533,1.2579250830288027,2.388440442775502,1.20644157924972,-1.263805936527058,-2.8106000589941362,-1.7625524206214096,1.6598475540816526,5.399723749792067,7.005730930667927,6.755730930666427,0.008027791976928711,
318,2.2045705895116474,0.00014648951439965368,0.029297902879930737,0.005,0.00028586559073034935,3.261396473668678e-14,True,-3.5438381169584847,-13.486596402708875,0.49974279552852396,0.4090873214034423,0.2583631229518781,0.1050871013032215,-0.022175093340823144,-0.108504728835923,-0.14855399890519097,-0.14427041036492608,-0.10303604447820092,-0.03590731646748069,0.04409111374423295,0.12359046440932626,0.19037069935089412,0.23465799296309786,0.2501464895158998,0.0001464895143996614,0.0224764347076416,
319,63.40659393414289,421.39155125695333,84278.31025139066,0.005,nan,nan,False,nan,nan,421.6804773183251,314.1222621227963,80.89279715981215,-124.02138345419202,-176.5833398396846,-69.75740444587129,87.58304069508611,157.83800241466156,81.57792289859997,-76.6282331065169,-178.02226775368956,-117.52787357082877,91.85156174541173,322.4146757169654,421.6415512569548,421.39155125695333,0.20742416381835938,
320,0.472663943657133,0.024141044377953842,4.828208875590768,0.005,6.529822118368322e-05,1.450237713545846e-14,True,-4.185098649362491,-13.838560805199682,0.5237253545642421,0.4269505428622333,0.2629545487130581,0.09801918445900658,-0.03222870740686527,-0.11247062450094944,-0.14355845191885924,-0.13527470169625702,-0.0983850282768879,-0.04026857951771024,0.033951792037953774,0.11689124255374767,0.1955900024798396,0.25300332707233497,0.27414104437945397,0.024141044377953835,0.018172740936279297,
321,0.4432421618668675,12.774541623211045,2554.9083246422088,0.005,6.251300011178846e-05,1.4183773706440357e-14,True,-4.204029658020421,-13.848208206258537,13.267751503404595,9.919238710872644,2.7027796680338243,-3.657781726792964,-5.374591061531416,-2.2198970248027807,2.511011534826757,4.6449302101368986,2.373105691288781,-2.357788168287167,-5.353954509532308,-3.4429898517541684,2.9690611510316853,10.001480011696907,13.024541623212546,12.774541623211046,0.01775979995727539,
322,58.55191391206661,0.007856666346353498,1.5713332692706996,0.005,nan,nan,False,nan,nan,0.5074491177378608,0.4148273152069877,0.2598384870388884,0.1028159656638096,-0.0254056238795306,-0.10977909116722336,-0.1469487784351311,-0.14137981685491566,-0.10154153217887611,-0.03730872230806211,0.04083304274620733,0.1214378016307616,0.192047819443039,0.24055290415556752,0.25785666634785365,0.007856666346353514,0.14078187942504883,
323,2.3449571368045743,0.20668037943969933,41.33607588793986,0.005,0.00031094661495551824,3.43547979654196e-14,True,-3.5073141666656737,-13.464012601125734,0.7061734309863019,0.5628455651158535,0.29788396541602075,0.04424978351152854,-0.10871189440568862,-0.14264130121218033,-0.10555467021337825,-0.06683956346903344,-0.06300227541579462,-0.07344702611717094,-0.043183418544868055,0.06592670039398152,0.2352960161175635,0.39256603656323596,0.45668037944119944,0.2066803794396993,0.016152381896972656,
324,0.017657651401374617,4.8098787557935614e-05,0.009619757511587123,0.005,3.024260018762181e-05,1.0445506830889176e-14,True,-4.519380871947628,-13.981070482584752,0.4996444539911016,0.409014072478715,0.2583442956087391,0.10511608360689473,-0.02213386805446259,-0.10848846650643702,-0.14857448336517584,-0.14430729766370698,-0.10305511617455877,-0.03588943291665425,0.04413269047853937,0.12361793486299347,0.1903492973690118,0.23458276711425732,0.2500480987890581,4.809878755795971e-05,0.005688667297363281,
325,0.08587653888501938,3.366346581123581,673.2693162247161,0.005,3.2103213295589545e-05,1.0134552802095705e-14,True,-4.4934514957353,-13.994195410253369,3.8642599904559236,2.915121630143702,0.9024950064475405,-0.8864721280209515,-1.4325982823751977,-0.664880891129396,0.5522721184640467,1.1177390545640635,0.5494557917723739,-0.6477496349725658,-1.378356014390416,-0.8162444836526586,0.9225876031734621,2.808327965599867,3.616346581125081,3.366346581123581,0.009128808975219727,
326,3.6156992698718002,0.00029664755680030143,0.05932951136006028,0.005,0.0006067733725313977,5.4015294341685756e-14,True,-3.21697348592159,-13.267483252996682,0.499892878500975,0.4091991095312269,0.2583918561168835,0.10504287024483293,-0.022238008907116958,-0.10852954743050881,-0.14852273674757008,-0.14421411517581442,-0.1030069383959279,-0.03593460927310849,0.04402766181910481,0.12354854064599072,0.1904033617755565,0.23477279815422117,0.25029664755830044,0.0002966475568003113,0.017622947692871094,
327,12.008360099110083,634.8951176032118,126979.02352064237,0.005,nan,nan,False,nan,nan,635.0773047799141,473.06921944592784,121.74730686838812,-186.91171259177355,-266.0404049936308,-105.0459469112467,132.033421354248,237.88182458575173,122.9626683861212,-115.43475484835203,-268.24195955179687,-177.13755443568834,138.29292472166932,485.6514717487634,635.1451176032133,634.8951176032118,0.11907267570495605,
328,0.2882036459167431,0.0158799050522842,3.17598101045684,0.005,4.781053031330108e-05,1.2382346767932293e-14,True,-4.320476439093103,-13.90719703772493,0.5154683453091508,0.4208003741212198,0.26137375639862387,0.10045261346505975,-0.028767325981021906,-0.11110519735190835,-0.1452783800399139,-0.13837185449061404,-0.09998633711814316,-0.03876703044131681,0.03744268194025352,0.11919773273192422,0.1937930368525833,0.2466871706812629,0.26587990505378434,0.015879905052284204,0.017788171768188477,
329,0.12664311464307088,0.3392391703912995,67.84783407825991,0.005,3.4313625706837405e-05,1.0479054929508003e-14,True,-4.464533390329744,-13.97967788313542,0.8386659505507705,0.6615315816951692,0.3232494640096425,0.0052028198673444576,-0.1642534509324489,-0.1645510360410025,-0.07795658921476474,-0.01714244378281446,-0.037307567268538205,-0.0975409824438391,-0.09919847004704024,0.02891660562281753,0.26413024606336694,0.49391550201289036,0.5892391703927997,0.3392391703912996,0.012307405471801758,
330,30.425131547468272,2.99194548253341e-05,0.005983890965066819,0.005,nan,nan,False,nan,nan,0.49962628374693707,0.4090005385145126,0.2583408169421373,0.10512143857233451,-0.02212625099316218,-0.10848546176901692,-0.14857826821183637,-0.14431411320923318,-0.1030586399895055,-0.03588612863147058,0.044140372475727045,0.12362301048885335,0.19034534299483177,0.23456886788025363,0.25002991945632547,2.9919454825333425e-05,0.17385578155517578,
331,7.56925970619494,62.78710042921854,12557.420085843707,0.005,0.002761653789384129,2.397971375916155e-13,True,-2.5588307670261488,-12.62015600528882,63.25530705144419,47.15207835940054,12.272823879740578,-18.38964938665879,-26.32963555183615,-10.486130397062364,12.923377542148538,23.394951260824637,12.067356015939529,-11.44809744922227,-26.48764196370342,-17.406375666238354,13.847808689676375,48.23920128518802,63.03710042922003,62.78710042921853,0.04439687728881836,
332,0.03190675100849076,0.001572628768899424,0.3145257537798848,0.005,3.0410919181020108e-05,9.862844985876363e-15,True,-4.516970452949852,-14.005997792619828,0.5011682217995546,0.4101490390089187,0.25863601872132974,0.10466701292415408,-0.022772639482050033,-0.10874044562747455,-0.14825708380526859,-0.14373574184003007,-0.10275960689410212,-0.03616653229667613,0.04348847348765998,0.12319228976857245,0.19068091361057304,0.23574836539379615,0.25157262877039954,0.001572628768899409,0.007204294204711914,
333,0.020693809613330144,126.37151801524968,25274.303603049935,0.005,3.028306101167181e-05,1.0806134316751275e-14,True,-4.518800228468895,-13.966329638623458,126.80793627004131,94.48875699863386,24.439881554878944,-37.11928945047688,-52.97122980766432,-20.9955633705699,26.161337048203986,47.23314703997353,24.392325494447178,-23.005234998355682,-53.35635734839335,-35.15899172387501,27.67871122344362,96.85345528532278,126.62151801525118,126.37151801524968,0.007894277572631836,
334,1.556311597334131,0.07778716092397453,15.557432184794905,0.005,0.00018590310739191623,2.5321023159943024e-14,True,-3.7307133508849946,-13.596518749533844,0.577344651292941,0.46688845651451977,0.2732198844484919,0.08221700380099986,-0.05470619677737321,-0.12133742375041268,-0.13238959726146643,-0.11516243712632841,-0.08798646249344624,-0.05001932618548203,0.011282680773095743,0.10191337618049401,0.20725912264216906,0.29401912991995005,0.32778716092547466,0.07778716092397453,0.02199101448059082,
335,46.793908047675686,2.0822730693248848,416.4546138649769,0.005,nan,nan,False,nan,nan,2.580828437837716,1.9591676797135538,0.6567839176256072,-0.5082311123046097,-0.8945770690848398,-0.45264517336024357,0.2849343996119367,0.6363318650170245,0.30055570835703244,-0.4143557507087495,-0.8357481392005981,-0.45773425567266046,0.6432755285782917,1.8265736580611462,2.332273069326385,2.0822730693248848,0.16216540336608887,
336,0.6174811680443455,0.0004852688741629225,0.0970537748325845,0.005,7.90922889096495e-05,1.600004771097197e-14,True,-4.1018658559110825,-13.795878722307766,0.5000814055190742,0.40933953240562726,0.25842794933805685,0.10498730931470747,-0.0223170404182317,-0.10856072335642675,-0.14848346672739812,-0.14414339986438884,-0.10297037673400272,-0.03596889318404484,0.04394795655979589,0.12349587802903911,0.1904443907438993,0.23491701091860956,0.2504852688756631,0.0004852688741629474,0.020385026931762695,
337,0.8674561674116384,1.2326104795121786,246.52209590243572,0.005,0.00010401704708990923,1.8454933991671157e-14,True,-3.9828954794475653,-13.733887503819949,1.7315906279888016,1.3266195414637392,0.4941985841880361,-0.2579516399582339,-0.5385721415958247,-0.3122102621549677,0.1080388741865087,0.3177880467180006,0.1358602391832773,-0.2599206266072802,-0.47670824915509225,-0.22051050953904894,0.45845665451394063,1.1769536013911348,1.4826104795136787,1.2326104795121786,0.021566152572631836,
338,37.10610361809362,0.0008156258409745439,0.16312516819490877,0.005,nan,nan,False,nan,nan,0.5004115973273605,0.4095854731906165,0.258491164075585,0.10488999825461033,-0.022455458549646885,-0.10861532579727384,-0.14841468804992924,-0.1440195469716387,-0.10290634155545514,-0.03602893904198779,0.04380835840582048,0.12340364316055366,0.19051625009533774,0.23516958942927318,0.2508156258424747,0.0008156258409745543,0.1677863597869873,
339,1.1088024364483673,230.42192559455688,46084.38511891138,0.005,0.00013023503967270417,2.0803907302378388e-14,True,-3.8852721533316963,-13.6818550900133,230.80632493161104,171.95114311231862,44.350220568776116,-67.76872773175369,-96.56789776692932,-38.193342729660905,47.82411441436859,86.24229552230038,44.561073535680734,-41.91749240498214,-97.32468941853843,-64.20961460481576,50.31178864183792,176.4064831326558,230.6719255945584,230.42192559455688,0.02286243438720703,
340,0.02607371498981606,0.04326441315291924,8.652882630583848,0.005,3.0370229545184698e-05,1.1292423379030346e-14,True,-4.517551925571682,-13.94721284751682,0.5428391628101302,0.44118731338820816,0.26661385927469267,0.09238614058503947,-0.04024131570067983,-0.11563139517398803,-0.13957706164946135,-0.12810523115423797,-0.09467822485828625,-0.04374445319440225,0.025870875795923218,0.11155204410734812,0.1997497236770334,0.26762433552470544,0.29326441315441937,0.043264413152919234,0.007767677307128906,
341,0.05359685534828003,34.76806264177269,6953.612528354537,0.005,3.090964112255164e-05,9.943675252840725e-15,True,-4.5099060372984,-14.00245306761282,35.250277090163145,26.292750903419567,6.911301958108173,-10.136267306319201,-14.589780654811163,-5.855055508141343,7.089953226717962,12.890438776821938,6.636248857016856,-6.355342242874066,-14.647704126022491,-9.58352788325865,7.753098767960569,26.816898910627746,35.018062641774186,34.76806264177269,0.012581825256347656,
342,7.193146552322241,0.0028545297747957134,0.5709059549591426,0.005,0.002416229064149682,2.0529293643775124e-13,True,-2.6168618959695604,-12.687625993244515,0.5024494819323921,0.4111033755943143,0.2588813140950187,0.10428941184908881,-0.0233097504248218,-0.10895232226661984,-0.14799019839134045,-0.14325514913653165,-0.10251112792123486,-0.036399531305111976,0.04294678364309747,0.12283438609900145,0.19095975312100028,0.23672845868503928,0.25285452977629586,0.002854529774795722,0.04005694389343262,
343,18.087586286245926,0.5675179871185373,113.50359742370746,0.005,nan,nan,False,nan,nan,1.0668306416607733,0.8314782667134126,0.3669312595592305,-0.062039756754679376,-0.2599012816956848,-0.20228167846484013,-0.03043007491058533,0.06844071215336323,0.006941158371612202,-0.13903306155112183,-0.19566170408860561,-0.03481828951822974,0.31378552615469185,0.6684488987246373,0.8175179871200374,0.5675179871185373,0.19106292724609375,
344,0.1334477155689011,1.7635902190089437e-05,0.003527180438017887,0.005,3.475065339573013e-05,1.054586589929958e-14,True,-4.459037025217973,-13.976917755436235,0.49961400633533604,0.4089913937805398,0.25833846644968894,0.10512505685694412,-0.022121104238064748,-0.10848343150471637,-0.1485808255864031,-0.14431871838993152,-0.10306102098813795,-0.03588389596641226,0.04414556310720877,0.12362644002712761,0.19034267107259492,0.23455947633794652,0.25001763590369025,1.7635902190116237e-05,0.011006832122802734,
345,0.20529794829001696,351.3556405427043,70271.12810854086,0.005,4.02698254363284e-05,1.1356771936753903e-14,True,-4.395020252990125,-13.94474509549818,351.6795803283167,261.9826416851189,67.49122807508857,-103.39136985935549,-147.23859803935486,-58.18164835132057,73.00191240605976,131.58110151723102,68.00241973723672,-63.89846873605229,-148.42736033564756,-97.97401618942327,76.61732839505062,268.86785273967587,351.60564054270577,351.3556405427043,0.009661197662353516,
346,15.133043351888853,0.028806542887889718,5.761308577577943,0.005,nan,nan,False,nan,nan,0.5283885206067822,0.4304238656045206,0.26384730501418896,0.09664489951425345,-0.034183530978768036,-0.11324175280155595,-0.14258711833281942,-0.13352557712911445,-0.09748068521737681,-0.04111658300758496,0.03198030348226239,0.11558864662051758,0.1966048431847191,0.2565703917433669,0.27880654288938983,0.028806542887889697,0.11464715003967285,
347,5.07993418090382,5.634503132551004,1126.900626510201,0.005,0.0010785029327928027,9.100071138199881e-14,True,-2.967178669574882,-13.04095521264518,6.1312826006349725,4.603695684205323,1.3365131609760668,-1.5545879562291407,-2.3829460066437793,-1.0397689557781986,1.0244910318568614,1.9680851296465298,0.9891069096110562,-1.060010975769586,-2.336805507865241,-1.4495083232030301,1.4159577304011455,4.5424751496009135,5.884503132552505,5.634503132551004,0.03551769256591797,
348,0.06808963046705165,0.0001749475807866033,0.03498951615732066,0.005,3.13807138659249e-05,1.001943572161671e-14,True,-4.50333718106439,-13.999156736541504,0.499771239367597,0.4091085075744319,0.2583685684831607,0.10507871859939917,-0.022187017146792755,-0.10850943247484278,-0.14854807407730464,-0.14425974125787466,-0.10303052827135413,-0.03591248902075872,0.04407908828712917,0.12358251898581701,0.19037688955845503,0.23467975093022583,0.25017494758228676,0.00017494758078662187,0.008391618728637695,
349,0.010495448001988024,0.12241574678608017,24.483149357216032,0.005,3.0172354837236252e-05,1.005371875038304e-14,True,-4.520390793474073,-13.997673268189418,0.6219509255582858,0.5001130909026476,0.28175969024933006,0.06907105733347929,-0.07340538003466884,-0.12871377710279858,-0.12309814764402331,-0.09843090120106815,-0.07933582166819711,-0.058131041681402165,-0.0075759141008399505,0.08945318262861837,0.21696674669083613,0.32814046799514324,0.37241574678758027,0.12241574678608014,0.00528407096862793,
350,2.4713653236466273,8.088957109622838e-05,0.016177914219245675,0.005,0.0003346773574112232,3.5981447688914854e-14,True,-3.4753736688313435,-13.44392136709778,0.4996772283812291,0.40903848422677547,0.25835057021767116,0.10510642464332473,-0.022147607250063085,-0.10849388627050545,-0.14856765648712725,-0.14429500419390082,-0.10304876012976621,-0.03589539298690548,0.044118834155503314,0.12360877975530381,0.19035643003057168,0.2346078377139469,0.2500808895725964,8.088957109625428e-05,0.01766037940979004,
351,98.36654391507452,23.279921221810387,4655.984244362077,0.005,nan,nan,False,nan,nan,23.76787904687168,17.740176558879362,4.713013689638841,-6.752281701559896,-9.776299395033954,-3.9562592805921346,4.698179319037952,8.583462717206752,4.409429806984054,-4.267251549981262,-9.79318766065745,-6.37606650219808,5.254194629086458,18.03349809982579,23.529921221811886,23.279921221810387,0.1130819320678711,
352,0.4211769594368071,0.004367398170691377,0.8734796341382753,0.005,6.0423086988011555e-05,1.3940531493261044e-14,True,-4.218797090588531,-13.855720668118195,0.5039615939854876,0.4122296604263342,0.2591708057303372,0.10384377624220899,-0.023943635698857442,-0.10920237392405448,-0.14767522671552444,-0.14268796531416428,-0.10221787907957983,-0.0366745110691626,0.042307494460510964,0.12241199689111526,0.19128883273082353,0.23788514095498908,0.2543673981721915,0.004367398170691372,0.01762700080871582,
353,0.3588155482291895,0.2845065710397811,56.90131420795622,0.005,5.450460987881616e-05,1.3230192814400103e-14,True,-4.263566764507478,-13.878433826438364,0.7839607141923384,0.6207848144060415,0.3127762267244359,0.021325038557546194,-0.14132072999469666,-0.15550465948856565,-0.08935164418866975,-0.03766203755086134,-0.04791673288013059,-0.08759275608364242,-0.07607024633954987,0.04419781537533747,0.25222479381909113,0.4520690152795295,0.5345065710412813,0.28450657103978116,0.015528202056884766,
354,86.58384639125076,3.464788294630085e-05,0.006929576589260171,0.005,nan,nan,False,nan,nan,0.4996310098111296,0.40900405868644985,0.25834172174019704,0.10512004575063172,-0.022128232183967242,-0.10848624329852201,-0.14857728377661827,-0.14431234049196134,-0.1030577234484018,-0.035886988073080016,0.044138374395156006,0.12362169032312448,0.19034637152400546,0.23457248305853823,0.25003464788444646,3.4647882946325925e-05,0.1356029510498047,
355,2.8715791123920757,17.733750971524692,3546.7501943049383,0.005,0.00041748394517807,4.1549813339064805e-14,True,-3.379360221149573,-13.381430922926711,18.22448154664742,13.61122030224571,3.651738366639147,-5.11858312470405,-7.4524781965156945,-3.0395707786305453,3.5434942566540353,6.504168807312594,3.3343805786901783,-3.259176696315463,-7.449555752284057,-4.827589142782289,4.047789929954118,13.793104942012022,17.98375097152619,17.733750971524692,0.017224550247192383,
356,0.012045397128830036,0.005707463109544712,1.1414926219089423,0.005,3.0184542431773663e-05,1.0141839117318484e-14,True,-4.520215403241417,-13.993883283061958,0.5053009889728295,0.41322729830326177,0.25942723093667647,0.10344904220327711,-0.02450511707641487,-0.109423864081387,-0.14739623186003137,-0.1421855665884712,-0.10195812582402412,-0.03691808198497926,0.041741226421799504,0.12203785399172366,0.1915803240782613,0.238909704201573,0.25570746311104486,0.00570746310954473,0.0057010650634765625,
357,0.05859839768733792,820.1804495912821,164036.08991825642,0.005,3.106001479859169e-05,9.967920545882868e-15,True,-4.507798341687139,-14.001395432424689,820.2700052957309,611.0085534819103,157.20217782959162,-241.48998363665913,-343.6741527542935,-135.67049065056855,170.60890596264946,307.3464542327891,158.87769518460232,-149.1123153092253,-346.5375394933665,-228.86877231537497,178.5962484754234,627.3136672006599,820.4304495912836,820.1804495912821,0.00935220718383789,
358,4.426465277664195,0.012396664569276204,2.4793329138552407,0.005,nan,nan,False,nan,nan,0.5119868462359494,0.4182072067757106,0.26070722850606604,0.10147864850602224,-0.02730786337733894,-0.11052947638478225,-0.1460035733846752,-0.13967774313019235,-0.1006615156330881,-0.03813391479903911,0.038914586546877336,0.1201702450750245,0.19303536128597185,0.2440240160277601,0.2623966645707763,0.012396664569276183,0.09748077392578125,
359,17.762357171692603,4.312250920843291,862.4501841686582,0.005,nan,nan,False,nan,nan,4.809691435151192,3.619318844692144,1.0834964702253855,-1.165100894161381,-1.8289280842412423,-0.8212229421387318,0.7492046975644104,1.4723645067525055,0.7328064075244093,-0.8196777107101747,-1.7780645506946855,-1.0803386942755049,1.1283410129806617,3.5315308441785027,4.562250920844791,4.312250920843291,0.20155596733093262,
360,0.23324193504278898,0.0002296336325871522,0.04592672651743044,0.005,4.272967346404768e-05,1.1700718467543511e-14,True,-4.36927042600574,-13.931787470141908,0.4998258980796754,0.4091492196884751,0.2583790328134407,0.10506261009191226,-0.02220993036450922,-0.10851847115786926,-0.14853668871329934,-0.14423923911507455,-0.1030199281283485,-0.0359224287866113,0.04405597973290905,0.12356725077202847,0.19038878488566136,0.23472156182845258,0.2502296336340873,0.0002296336325871562,0.013895273208618164,
361,0.15646061677045978,81.15580863382282,16231.161726764563,0.005,3.635362323855755e-05,1.0787470910454838e-14,True,-4.43945229803481,-13.967080362395713,81.61483201166465,60.8270268815401,15.78772801235792,-23.80039790289781,-34.02604435087309,-13.522168392142099,16.747651234080895,30.281494835733668,15.627878807157124,-14.78680361938219,-34.249663092011396,-22.534874701239964,17.843375881989637,62.283224651522524,81.40580863382432,81.15580863382282,0.01307821273803711,
362,20.5723091059033,0.001228360591975659,0.24567211839513178,0.005,nan,nan,False,nan,nan,0.5008241257359208,0.4098927417481204,0.25857014203450346,0.10476842171712579,-0.022628392614137988,-0.10868354389796832,-0.14832875872749576,-0.1438648101324452,-0.10282633857041677,-0.036103957929786414,0.04363395006844733,0.12328840861337464,0.19060602828833087,0.2354851508951418,0.2512283605934758,0.0012283605919756746,0.18913030624389648,
363,6.183843681929985,0.43431483575107765,86.86296715021552,0.005,0.0017824417532389595,1.3758466274717983e-13,True,-2.748984653150835,-12.861429976387678,0.9336940838217251,0.7323125432642162,0.34144246078230944,-0.022802988137538033,-0.20408974095886842,-0.1802654417152904,-0.05816230854307192,0.018502017717720642,-0.018878450227046165,-0.1148219859326519,-0.1393743667454023,0.0023717091271816537,0.2848111347283447,0.566606779538211,0.6843148357525778,0.43431483575107765,0.16090083122253418,
364,0.04675234786465007,2.314743242077635e-05,0.00462948648415527,0.005,3.072800494319358e-05,9.914310069865737e-15,True,-4.512465635978212,-14.003737502666505,0.4996195151101346,0.40899549694834797,0.25833952109654645,0.10512343336204805,-0.022123413545245805,-0.1084843424678067,-0.1485796781132205,-0.1443166520827816,-0.10305995265340356,-0.03588489774507755,0.04414323411305069,0.12362490122117813,0.19034386994238608,0.2345636902466483,0.2500231474339209,2.3147432420767e-05,0.006571054458618164,
365,0.030330698238973507,2.8647585444107557,572.9517088821511,0.005,3.0384247502703878e-05,9.858503940151464e-15,True,-4.517351514935232,-14.00618898565044,3.362922717458752,2.5417044848024952,0.8065147206552382,-0.738722667624663,-1.222435077851071,-0.5819768392834489,0.44784398385477453,0.9296905629118246,0.45222981286164976,-0.5565807267184871,-1.1664011564164858,-0.6762023133706306,0.8134820154955964,2.4248326196341092,3.114758544412256,2.8647585444107557,0.006185770034790039,
366,1.271096802076088,0.0003493681047335003,0.06987362094670006,0.005,0.00014929685202221107,2.240861590635296e-14,True,-3.82594934943369,-13.649584967329147,0.4999455726918193,0.4092383583869992,0.25840194434245384,0.1050273407027809,-0.022260098587266672,-0.10853826124886032,-0.14851176059169457,-0.1441943499127055,-0.10299671923895776,-0.03594419178793306,0.04400538382315674,0.12353382119614219,0.19041482956574274,0.23481310630212207,0.25034936810623365,0.0003493681047335162,0.016201257705688477,
367,31.64921318992907,175.52947479429494,35105.89495885899,0.005,nan,nan,False,nan,nan,175.9413170405026,131.08537124712544,33.84639525791554,-51.59942266076384,-73.5681997678103,-29.120545425881726,36.39577916385197,65.66277244648604,33.920922907607014,-31.940211360466655,-74.128917666367,-48.88377471328478,38.371565460099944,134.43777999429304,175.77947479429645,175.52947479429494,0.11782169342041016,
368,0.7626513710002716,0.05654044844066121,11.308089688132242,0.005,9.333265781520703e-05,1.7435066085883496e-14,True,-4.029966366679476,-13.758576402134857,0.5561085608822804,0.45107092072279864,0.2691542660783655,0.0884755069446901,-0.045803916710330066,-0.11782570013591784,-0.1368130571305507,-0.12312796250297005,-0.09210484704137664,-0.046157512427350084,0.020260853291576106,0.10784540706986903,0.2026375310529706,0.2777746927363571,0.30654044844216133,0.056540448440661195,0.014012336730957031,
369,0.7215335874885177,295.00039197224385,59000.07839444877,0.005,8.924011405594488e-05,1.7032360504912267e-14,True,-4.0494398833250465,-13.768725159247214,295.3525059775221,220.0278610566012,56.7074922843846,-86.79117815352458,-123.62599414046517,-48.867075220957815,61.26902993497239,110.45316640974063,57.07872577330509,-53.65530879103613,-124.61345762553121,-82.23976668795656,64.35891698175648,225.78074944839761,295.2503919722453,295.00039197224385,0.012708425521850586,
370,53.40235028799673,0.03347187842888478,6.694375685776955,0.005,nan,nan,False,nan,nan,0.5330515237618562,0.43389706702135317,0.2647400301307532,0.09527066257418007,-0.03613828626739383,-0.1140128541661422,-0.14161581867610257,-0.13177651366004695,-0.09657637374716538,-0.04196455687613834,0.030008883791966867,0.11428609618782279,0.19761964844054325,0.2601373318144766,0.2834718784303849,0.03347187842888477,0.1337580680847168,
371,1.3454690422770594,1.5932169514653758,318.64339029307513,0.005,0.00015844863956623377,2.3155197788713706e-14,True,-3.8001114852929554,-13.635351504966781,2.092016818491531,1.5950801694938725,0.5632016498581165,-0.3641730961071141,-0.6896646840226558,-0.37181243656629276,0.1831153481807704,0.4529816681114437,0.2057588704723352,-0.3254646506888407,-0.6290888642276161,-0.32119096691403987,0.5368958878352512,1.4526597458707298,1.843216951466876,1.5932169514653758,0.022960424423217773,
372,0.017949787632800075,0.0006370749318957354,0.12741498637914708,0.005,3.0246217835140583e-05,1.0467091641410258e-14,True,-4.519328924351093,-13.980173973483458,0.5002331356829494,0.40945254743105647,0.2584569978554451,0.10494259281137558,-0.0223806464957777,-0.10858581434018164,-0.14845186146118142,-0.14408648682402325,-0.10294095120650334,-0.03599648553381569,0.043883808236767276,0.12345349414379699,0.19047741164537563,0.2350330761202668,0.2506370749333959,0.0006370749318957425,0.007096767425537109,
373,0.036907686821839265,0.7882797361002568,157.65594722005136,0.005,3.05044523550959e-05,9.878053473146837e-15,True,-4.515636767468671,-14.00532862718948,1.287482023104998,0.995828721811055,0.40917464299025363,-0.12706808059978034,-0.3523994937870393,-0.23876987623591442,0.015531423274907363,0.1512056723836459,0.04973280326700258,-0.17915883442805242,-0.28894846877730657,-0.09645443747196694,0.3618056913031565,0.8372350281877317,1.038279736101757,0.7882797361002569,0.0075664520263671875,
374,8.72600430043169,1.2818844818785713e-05,0.002563768963757143,0.005,0.004107501399568208,3.9576390125036983e-13,True,-2.3864222799136807,-12.402563821556456,0.4996091916862024,0.4089878076268023,0.2583375446921721,0.10512647578557723,-0.022119085911989498,-0.10848263532628939,-0.1485818284737903,-0.14432052433486356,-0.10306195470880933,-0.03588302041550316,0.04414759863963031,0.12362778493792945,0.19034162326475879,0.23455579339707086,0.25001281884631893,1.2818844818796027e-05,0.06260800361633301,
375,26.03866163271876,47.833366974130165,9566.673394826033,0.005,nan,nan,False,nan,nan,48.30904955967558,36.019475405814944,9.411384799001443,-13.984827327148247,-20.064086311234316,-8.01453019348554,9.81008460878218,17.78870307510692,9.168779361143015,-8.730098905322711,-20.168678554159605,-13.231329346167307,10.595067880130944,36.80613916029902,48.08336697413167,47.83336697413017,0.1855156421661377,
376,0.11096832746634328,0.002055112091805653,0.41102241836113057,0.005,3.337777740001014e-05,1.0334569278781792e-14,True,-4.4765425860225125,-13.98570761906053,0.5016504639099479,0.4105082332717945,0.2587283432662412,0.10452489101256149,-0.02297479789463091,-0.10882019199199944,-0.14815663317705707,-0.14355485582505556,-0.10266608410259959,-0.03625422872199049,0.043284591662942684,0.12305758158831463,0.1907858635348883,0.23611725399419664,0.2520551120933058,0.0020551120918056442,0.014076709747314453,
377,0.24691718116097588,7.821873451189103,1564.3746902378207,0.005,4.397100382849706e-05,1.187067055748224e-14,True,-4.356833619615665,-13.92552474766808,8.31755936626051,6.2321268277048025,1.7550726419644143,-2.1989071197874,-3.2994446509468496,-1.401304417212026,1.4798906533710512,2.788143940858313,1.4130987214245656,-1.457588567939684,-3.2611173560139797,-2.0602168413727937,1.8917552108358064,6.214856218732378,8.071873451190605,7.821873451189105,0.014487266540527344,
378,10.51079446173223,0.00012709036445558385,0.02541807289111677,0.005,nan,nan,False,nan,nan,0.4997234060769829,0.4090728793221645,0.25835941086981173,0.10509281558212491,-0.022166965181419643,-0.108501522483269,-0.1485580377117282,-0.144277683227553,-0.1030398047380263,-0.03590379046767206,0.04409931119666454,0.12359588060521004,0.19036647964169018,0.23464316110273692,0.2501270903659557,0.0001270903644555732,0.17275762557983398,
379,4.187043281873626,483.65992077275774,96731.98415455155,0.005,0.0007892091016460906,6.60569874835207e-14,True,-3.1028079148391567,-13.18008123611109,483.91771641122347,360.47918271848357,92.80802532417395,-142.36336396873958,-202.673515681391,-80.04931684580043,100.54700553824932,181.18280354235534,93.64779446297091,-87.94616505864532,-204.33486385044785,-134.91305218087825,105.39619708856691,370.0227288648894,483.9099207727592,483.65992077275774,0.01960158348083496,
380,0.09889075064341389,0.020750751748765252,4.1501503497530505,0.005,3.2728306812608504e-05,1.0233126339408174e-14,True,-4.485076462182431,-13.989991663987949,0.5203367568765486,0.4244265723868614,0.26230580665453224,0.09901784046729355,-0.03080818954943332,-0.1119102662480988,-0.14426429398272894,-0.13654574360418759,-0.0990421901219488,-0.039652358126764396,0.03538441989211678,0.11783780408020322,0.1948525449596569,0.25041123685169,0.27075075175026536,0.020750751748765228,0.009555339813232422,
381,0.015247502091091996,29.821317223997777,5964.263444799555,0.005,3.021499932068792e-05,1.0304607835389816e-14,True,-4.519777411179598,-13.986968531605973,30.30600474624679,22.610048331921075,5.964728267771874,-8.679137325740125,-12.517115852480897,-5.037441832042624,6.060065433239833,11.035872985148599,5.677389932036823,-5.456219165487733,-12.557369736612078,-8.20240849158046,6.677081147133367,23.03480343277998,30.071317223999277,29.821317223997777,0.00547027587890625,
382,2.0364098873925083,0.003380785579338131,0.6761571158676262,0.005,0.00025751091408716796,3.0612326103536024e-14,True,-3.5892043595261516,-13.514103668914652,0.5029754746408253,0.41149515714783647,0.2589820146277723,0.10413439616797106,-0.023530249316714987,-0.10903930348489199,-0.14788063455015352,-0.14305785254445982,-0.10240912043299928,-0.03649518383996295,0.042724404985423056,0.12268745674742716,0.19107422444930341,0.23713081407842562,0.25338078558083826,0.0033807855793381303,0.015295743942260742,
383,68.34044412237638,0.1581410407683098,31.62820815366196,0.005,nan,nan,False,nan,nan,0.6576583590518154,0.5267094933662043,0.2885958260329903,0.058547694489809135,-0.08837412274048924,-0.1346185663077496,-0.1156603191156925,-0.08503726507844786,-0.07241096217182855,-0.06462449011123511,-0.022672266202267116,0.07947876669951737,0.22473772388646512,0.3554546839904651,0.40814104076980995,0.15814104076830982,0.14082074165344238,
384,0.5064170070937811,6.314651136034314e-05,0.012629302272068628,0.005,6.84950952378873e-05,1.4860770506350364e-14,True,-4.164340526133629,-13.827958672541717,0.49965949419195116,0.4090252750546437,0.258347175033138,0.10511165109872214,-0.022140172985249684,-0.10849095364166149,-0.14857135050391962,-0.1443016561779523,-0.10305219937916099,-0.03589216799893366,0.04412633179785338,0.12361373357479508,0.19035257055463128,0.2345942720378664,0.2500631465128605,6.314651136035687e-05,0.01811957359313965,
385,0.4975009408398965,102.60765799155874,20521.531598311747,0.005,6.765013422294312e-05,1.4766769680080272e-14,True,-4.169731337392659,-13.830714498835123,103.05595674070359,76.79728088112184,19.89259990209106,-30.119326854791037,-43.01427587556514,-17.06779767588716,21.21381958017733,38.32392730942298,19.78602633180668,-18.685903164883246,-43.31451980927849,-28.52417931127085,22.50958890870272,78.6845017732101,102.85765799156025,102.60765799155874,0.018282175064086914,
386,67.06860096322485,0.09715848402033174,19.43169680406635,0.005,nan,nan,False,nan,nan,0.59670628989804,0.4813098215445341,0.2769266417689977,0.07651092166753067,-0.06282269685277973,-0.12453917709530846,-0.1283565841355488,-0.10790000695863336,-0.08423159652179718,-0.05354026817147088,0.003096987066038226,0.09650494948549809,0.21147277894142388,0.3088297149198176,0.34715848402183186,0.09715848402033173,0.18715906143188477,
387,1.9310979110299875,1.9338276252528963,386.76552505057924,0.005,0.00024065188958218107,2.940137209124161e-14,True,-3.6186107239226604,-13.531632401637154,2.4324572075196507,1.8486545296640715,0.6283784631415481,-0.464504522644177,-0.8323790740376856,-0.42810964242475447,0.25402879644549176,0.5806787397285392,0.27178158984072615,-0.38737422786377085,-0.7730199026554165,-0.4162886456605883,0.6109856288436039,1.7130778552016754,2.1838276252543967,1.9338276252528965,0.02425217628479004,
388,0.014442174551265265,0.0005198819627934543,0.10397639255869084,0.005,3.02066710426413e-05,1.031805271080905e-14,True,-4.519897133961195,-13.986402257820044,0.5001160013032515,0.40936530080479516,0.25843457265020897,0.10497711356681579,-0.02233154315173536,-0.1085664443168252,-0.1484762604544925,-0.14413042320100775,-0.10296366746029818,-0.03597518447743857,0.04393333018965197,0.12348621413816215,0.19045191979383663,0.23494347478422783,0.2505198819642936,0.0005198819627934559,0.008443355560302734,
389,0.09387561012139864,0.41824732176391893,83.64946435278378,0.005,3.2478052120160045e-05,1.019377466889455e-14,True,-4.488410025577215,-13.991664970623441,0.9176346026208648,0.7203507643407492,0.33836789665481165,-0.01807008713561145,-0.1973575225223852,-0.1776097523544424,-0.06150748504385842,0.012478206245485846,-0.021992918000841286,-0.11190154604703104,-0.13258475575814468,0.0068577202859502195,0.28131612402677375,0.5543221627126249,0.668247321765419,0.4182473217639189,0.012621164321899414,
390,3.961715970888001,2.3928919479904442e-05,0.0047857838959808885,0.005,0.0007129772544979955,6.10049037772208e-14,True,-3.1469243248516063,-13.214635253550059,0.4996202962064974,0.40899607874186256,0.2583396706362998,0.10512320316458948,-0.02212374098492263,-0.10848447163445128,-0.14857951541150152,-0.1443163590983961,-0.10305980117282833,-0.035885039788580944,0.04414290388193172,0.12362468303187577,0.19034403993169724,0.2345642877422586,0.25002392892098,2.392891947988751e-05,0.02636861801147461,
391,10.338087530910578,67.67809540232156,13535.619080464312,0.005,nan,nan,False,nan,nan,68.14385682254293,50.793276408507886,13.208729565218302,-19.83035732860412,-28.37894116046899,-11.294529463925578,13.941658370319288,25.228615862154214,13.015408479917312,-12.337087296141776,-28.554418020941775,-18.77192966820509,14.911699456224733,51.97867207005605,67.92809540232307,67.67809540232156,0.18188214302062988,
392,0.24203252045895315,0.0014663787330663073,0.29327574661326145,0.005,4.3525324238608274e-05,1.1809919828664666e-14,True,-4.361257984954712,-13.927753050573337,0.5010620248823204,0.410069939065999,0.2586156874772444,0.10469831029233756,-0.022728121179424975,-0.10872288428662387,-0.1482792045342974,-0.14377557564290017,-0.1027802020099882,-0.03614722023366852,0.04353337131138465,0.1232219545223575,0.19065780206932428,0.23566713061292352,0.25146637873456645,0.0014663787330663203,0.013476848602294922,
393,0.11307564244315636,4.148029888687437,829.6059777374874,0.005,3.349761451303728e-05,1.035318085952005e-14,True,-4.474986119551588,-13.984926199240517,4.645552503590244,3.497061245738015,1.0520723124589395,-1.116727394175693,-1.7601201864406537,-0.7940799722759186,0.7150146954183592,1.4107970148384932,0.7009744070769509,-0.7898288085869786,-1.7086700615935535,-1.034488578112891,1.0926196023588042,3.4059736200585022,4.398029888688937,4.148029888687437,0.013163566589355469,
394,26.50415668066525,0.00023765263016238533,0.047530526032477066,0.005,nan,nan,False,nan,nan,0.4998339130682363,0.4091551895899956,0.25838056727124814,0.10506024798899524,-0.022213290289595407,-0.1085197965630665,-0.14853501919788642,-0.14423623274273667,-0.10301837375537293,-0.03592388632387439,0.04405259116426756,0.1235650118872431,0.19039052918053884,0.23472769285236927,0.25023765263166253,0.00023765263016239935,0.23285889625549316,
395,9.212990808782997,683.1990463432667,136639.80926865333,0.005,0.004933511450110016,4.941548223550636e-13,True,-2.306843859513184,-12.306136962088052,683.3570844738097,509.0300356110937,130.99039989697218,-201.14028042831063,-286.2795409220803,-113.02977252015211,142.0900590796632,255.9912695397691,132.32572414750595,-124.21450261999782,-288.6536352822986,-190.62389485608128,148.80001051038164,522.5828387428259,683.4490463432682,683.1990463432667,0.04950833320617676,
396,0.03891941604820393,0.014815351657752732,2.963070331550546,0.005,3.054589037100313e-05,9.88478392789151e-15,True,-4.5150472112562205,-14.005032819516725,0.5144043241270031,0.42000784626857324,0.2611700511035018,0.10076619189614804,-0.02832128274153798,-0.11092924461110656,-0.14550001476212826,-0.13877096221542512,-0.10019268622998474,-0.03857353665028931,0.03789252772410097,0.11949495347253099,0.19356147486301511,0.24587325319828154,0.26481535165925285,0.014815351657752718,0.00868368148803711,
397,0.018971537649512146,10.354842351851406,2070.968470370281,0.005,3.0259332380402003e-05,1.0647372546242233e-14,True,-4.519140658160352,-13.972757549920097,10.849261935498065,8.117845678421535,2.239763386548047,-2.9450269649217895,-4.360747597109264,-1.8199615017008783,2.0072421808376144,3.7377698216770856,1.9040800903807606,-1.9179823421379496,-4.331467971053943,-2.7674156502405594,2.442727403648976,8.15146896421566,10.604842351852906,10.354842351851406,0.00760340690612793,
398,1.4173111252822856,0.009818729022992348,1.9637458045984695,0.005,0.00016754817238995575,2.3884435577235672e-14,True,-3.775860305073032,-13.621885017248047,0.5094101995016965,0.41628801161532425,0.26021393326699294,0.10223801387764477,-0.026227719602351218,-0.1101033870713583,-0.14654028674411979,-0.14064422728765424,-0.10116121317112907,-0.0376653478634233,0.040003938609895894,0.12088999846291375,0.1924746079342447,0.24205302347642546,0.2598187290244925,0.009818729022992356,0.021347761154174805,
399,54.48154714103228,0.1918382359961975,38.3676471992395,0.005,nan,nan,False,nan,nan,0.6913387077178557,0.5517960375558684,0.29504387939879134,0.048621735241623776,-0.10249310089431352,-0.14018814495747972,-0.10864473066132216,-0.0724039758615775,-0.0658792218734591,-0.07074931023311126,-0.03691160945984151,0.07007059105191438,0.23206754840247407,0.38121829196382095,0.44183823599769767,0.19183823599619754,0.17192840576171875,
400,0.7335552797910604,5.161653534702917e-05,0.010323307069405834,0.005,9.043131925266103e-05,1.7150323244919633e-14,True,-4.043681133429825,-13.76572769007241,0.49964796998022926,0.4090166913357078,0.25834496873970203,0.10511504740726553,-0.02213534197547735,-0.10848904793088048,-0.14857375098758158,-0.14430597883806257,-0.10305443430727462,-0.035890072304362836,0.04413120399226288,0.12361695271629372,0.19035006255061848,0.2345854566518991,0.25005161653684715,5.161653534702104e-05,0.01971268653869629,
401,0.8048143481344063,0.11408090264482652,22.816180528965305,0.005,9.758531099973311e-05,1.7846177075131742e-14,True,-4.010615549463037,-13.748454802128288,0.6136202483355655,0.493908051152322,0.2801647943105144,0.07152619707809493,-0.06991311661185141,-0.12733616778950071,-0.12483342074111367,-0.1015556863917018,-0.08095141717963006,-0.05661609597853834,-0.004053878930759328,0.09178025101356849,0.215153748768887,0.3217679596744339,0.36408090264632664,0.11408090264482651,0.019724130630493164,
402,33.42844603288182,8.714168610030985e-05,0.01742833722006197,0.005,nan,nan,False,nan,nan,0.4996834773705534,0.40904313873758175,0.25835176657751424,0.10510458299928505,-0.022150226859041246,-0.10849491963978165,-0.1485663548278781,-0.14429266023688808,-0.10304754824280511,-0.03589652937465295,0.0441161922142074,0.1236070341798715,0.19035778999259595,0.2346126178459098,0.25008714168760043,8.714168610030049e-05,0.19718122482299805,
403,1.292956080959407,18.62924239546572,3725.848479093144,0.005,0.00015195884488879608,2.262722498691345e-14,True,-3.8182740163829694,-13.645368704850801,19.119525278976273,14.277886623470275,3.823093176769167,-5.382362092687175,-7.827685206062195,-3.187580424005147,3.729931117416531,6.839894142117654,3.5079593403955185,-3.421941693675908,-7.827961423244988,-5.077608188889331,4.242577506447919,14.477764001435023,18.87924239546722,18.62924239546572,0.02431941032409668,
404,0.030892586841099225,0.005387586286156559,1.0775172572313119,0.005,3.0393602017799197e-05,9.860026682455063e-15,True,-4.5172178276017405,-14.006121909802468,0.5049812720685282,0.41298915966855027,0.2593660216041566,0.10354326619705218,-0.024371090079485635,-0.10937099383168113,-0.14746282862376217,-0.1423054904099141,-0.10202012957014331,-0.03685994100347739,0.041876396006614,0.12212716282943792,0.19151074437092017,0.23866513841436723,0.2553875862876567,0.005387586286156543,0.008359432220458984,
405,0.04751295947985249,376.62876734302705,75325.75346860541,0.005,3.074744461683155e-05,9.917456704571743e-15,True,-4.512190972081232,-14.003599686795997,376.9400720920781,280.79772133787804,72.32731218318877,-110.83590715682806,-157.82792818269198,-62.35887041645276,78.26365171068426,141.05615480056414,72.90126961691011,-68.49212570134293,-159.10696512970378,-105.03021224650037,82.11474689425847,288.1907348591218,376.8787673430285,376.62876734302705,0.007964134216308594,
406,6.304154683180583,0.026767971654749933,5.353594330949987,0.005,0.0017432907133928188,1.4413345455868438e-13,True,-2.7586301833464097,-12.84123520416911,0.5263509685361017,0.4289062108864325,0.2634572186579692,0.09724538791834242,-0.033329378503730744,-0.11290481132202732,-0.14301153872478103,-0.13428985023265552,-0.09787583436212152,-0.04074605121631353,0.03284173765645356,0.11615781079284185,0.19616141252821354,0.2550117768580275,0.27676797165625006,0.026767971654749922,0.14294672012329102,
407,21.680690040810404,7.033705631755141,1406.7411263510282,0.005,nan,nan,False,nan,nan,7.529785583120266,5.645359688855877,1.6042545063140246,-1.9667417539898913,-2.969205764627734,-1.2710335555027168,1.3157980332959243,2.4926548965327844,1.2603231722057329,-1.3143307659998578,-2.928063164126639,-1.840162286835681,1.7203126985867383,5.612252750408517,7.283705631756641,7.033705631755141,0.19057750701904297,
408,0.1654771010437449,0.00014196924377815972,0.028393848755631945,0.005,3.70292751817529e-05,1.0887746084087057e-14,True,-4.4314547888321645,-13.963062015979384,0.49973827751776473,0.4090839561984771,0.25836225798534307,0.10508843280935062,-0.022173199367104483,-0.10850398171134559,-0.14855494000305294,-0.14427210504264967,-0.10303692067082104,-0.03590649486068904,0.044093023864186884,0.12359172645798326,0.19036971610020526,0.23465453693420768,0.2501419692452783,0.00014196924377818387,0.010675907135009766,
409,0.22082177241246398,37.2898988988742,7457.97977977484,0.005,4.162182980193244e-05,1.1547029179787789e-14,True,-4.380678831010167,-13.937529736705466,37.77085258148914,28.170181837211857,7.39386243994154,-10.879107882494806,-15.646419071769705,-6.271872554209434,7.6149869931630665,13.83589095995161,7.125072315319608,-6.813712541859346,-15.713350446477868,-10.287618484890363,8.301649384641125,28.74500005559153,37.5398988988757,37.2898988988742,0.01432037353515625,
410,16.832552877571114,0.00264805190161079,0.529610380322158,0.005,nan,nan,False,nan,nan,0.5022431072856697,0.4109496590533734,0.2588418039715158,0.10435023266640092,-0.023223237094527376,-0.10891819495286702,-0.14803318605762553,-0.14333255898240127,-0.10255115083221848,-0.0363620017770948,0.04303403450452646,0.12289203422327796,0.1909148399890126,0.23657059346973178,0.2526480519031109,0.0026480519016107706,0.39586830139160156,
411,4.345763526780597,0.7096441087371023,141.92882174742044,0.005,0.0008465070282483036,6.988150951162875e-14,True,-3.0723694317466768,-13.155637722385585,1.2088857088048695,0.9372868720402723,0.3941274938651764,-0.10390490552293616,-0.31945150813588336,-0.22577273186505298,-0.0008401232499663236,0.12172468393607866,0.03449036268220276,-0.16486598098689687,-0.2557195996466203,-0.07449955994020901,0.34470084487958297,0.7771131853333877,0.9596441087386024,0.7096441087371023,0.03756594657897949,
412,0.05760922173015209,1.4303418761281265e-05,0.002860683752256253,0.005,3.10292477039332e-05,9.962964566934732e-15,True,-4.5082287536453265,-14.001611414238019,0.49961067551794763,0.4089889128472683,0.258337828769584,0.10512603848447977,-0.022119707942010694,-0.10848288070135038,-0.14858151939287897,-0.14431996775880873,-0.10306166694446038,-0.03588329025245232,0.04414697130676728,0.12362737044846472,0.1903419461897502,0.23455692844646603,0.25001430342026143,1.4303418761296705e-05,0.012413263320922852,
413,0.011814998250745931,1.1506253952013588,230.12507904027174,0.005,3.018262515323974e-05,1.0029760552803266e-14,True,-4.5202429898757135,-13.9987094350591,1.649646531267129,1.2655841221492383,0.4785105070272889,-0.23380183756890166,-0.5042207480600824,-0.2986595089814227,0.0909699873835633,0.2870513259148724,0.11996855219162483,-0.24501897409036538,-0.44206400800659473,-0.19762047170464242,0.440623233160487,1.1142708897422313,1.400625395202859,1.1506253952013588,0.00823664665222168,
414,2.8256836784884944,0.0008781733982600886,0.17563467965201773,0.005,0.0004073664901326639,4.0876142954939664e-14,True,-3.3900146988238915,-13.388530090672122,0.5004741136146461,0.4096320379580753,0.25850313272711667,0.10487157403560661,-0.022481665703949116,-0.10862566385470843,-0.14840166595958096,-0.14399609750127024,-0.10289421756716104,-0.0360403077192574,0.04378192783401507,0.12338618003339155,0.19052985545969248,0.23521741093888837,0.2508781733997602,0.0008781733982600737,0.02525782585144043,
415,81.86391967505641,184.49373140021842,36898.746280043684,0.005,nan,nan,False,nan,nan,184.9010920596855,137.7589895691001,35.561731047402624,-54.239964259520825,-77.32418427418735,-30.602186015414652,38.26209280572097,69.02352830616508,35.65852141460017,-33.56955940757601,-77.91692215746733,-51.386573540556796,40.32147337954348,141.29151341055206,184.74373140021993,184.49373140021842,0.17477893829345703,
416,0.3404867671262332,0.053280688888036686,10.656137777607336,0.005,5.276268396737362e-05,1.3014469856575182e-14,True,-4.277673120582602,-13.885573518146625,0.5528504310124986,0.4486441281808212,0.2685305018922707,0.08943571269058126,-0.04443809164391219,-0.11728691680143645,-0.13749172285708244,-0.12435006674420612,-0.09273670683531139,-0.04556501679780672,0.02163832209552461,0.10875552407612546,0.2019284671287023,0.27528240319613695,0.3032806888895368,0.053280688888036665,0.014438390731811523,
417,0.39919629577425025,2.686079419493404,537.2158838986808,0.005,5.8339155439372757e-05,1.3694186235949931e-14,True,-4.234039862335901,-13.86346377018161,3.1843329213092226,2.4086832724227776,0.7723239660529616,-0.6860903431704526,-1.147569302103519,-0.552444190273286,0.410643878702707,0.8627026416076184,0.4175953089272043,-0.5241039139673975,-1.090897145609214,-0.6263155325743698,0.7746156759839227,2.2882212816203404,2.936079419494904,2.686079419493404,0.013157129287719727,
418,93.11134274349497,0.00037788209648342955,0.0755764192966859,0.005,nan,nan,False,nan,nan,0.49997407242829595,0.40925958619273256,0.2584074005752125,0.1050189415253954,-0.02227204582571999,-0.10854297413130037,-0.1485058241204258,-0.14418365983888576,-0.10299119219174445,-0.0359493745062348,0.043993334733805976,0.12352586015840644,0.1904210319382062,0.23483490702767898,0.25037788209798356,0.0003778820964834284,0.12688469886779785,
419,2.429071223108835,141.16607982589585,28233.21596517917,0.005,0.0003266136662622717,3.543068994559687e-14,True,-3.485965647345461,-13.450620390521802,141.5951016935738,105.5028614699263,27.27086269243484,-41.47722537464247,-59.170086821943194,-23.44085518300223,29.241491236833287,52.779720780807516,27.260048903526066,-25.694302419527713,-59.60805997653513,-39.289597704656614,30.896828966772542,108.16482075800825,141.41607982589736,141.16607982589585,0.01868438720703125,
420,0.01030672446889841,0.06994904446345973,13.989808892691945,0.005,3.0170984897431942e-05,1.0073115727334083e-14,True,-4.520410512544985,-13.996836176527259,0.5695104534171281,0.4610532155212959,0.27172003875264195,0.08452582576803447,-0.05142206009107857,-0.12004191515400425,-0.13402145412588848,-0.11810099600315879,-0.08950577413948162,-0.04859466596998613,0.014594814914211034,0.10410175939482938,0.20555417308173596,0.2880264008998479,0.31994904446495986,0.06994904446345973,0.0055255889892578125,
421,0.06701374258117992,86.64560969841287,17329.121939682573,0.005,3.1342057016438865e-05,1.0013239896783235e-14,True,-4.503872503669212,-13.999425378900925,87.10188850738065,64.91401798177644,16.83821693265869,-25.417492182681322,-36.32624710589767,-14.429540017401342,17.89060051235358,32.33965558540495,16.692001639966023,-15.784632779883692,-36.56947520829699,-24.067613919942545,19.037519138100826,66.48052005024333,86.89560969841438,86.64560969841287,0.00896143913269043,
422,4.981936349226574,0.0011344753502740034,0.22689507005480067,0.005,0.0010598064500653653,8.782621641201098e-14,True,-2.97477344166329,-13.05637582642218,0.5007302874311681,0.40982284702101396,0.25855217682865594,0.10479607686993107,-0.022589055106443722,-0.10866802624926877,-0.1483483051678824,-0.143900008296672,-0.1028445369401178,-0.036086893298334664,0.043673622930665366,0.12331462114645562,0.19058560634099483,0.2354133697707685,0.25113447535177413,0.0011344753502740001,0.09123897552490234,
423,14.356370705814598,0.5406075569749491,108.12151139498982,0.005,0.02279300214202183,8.20016353445872e-12,True,-1.6421984686833637,-11.086177486469353,1.039933665106503,0.8114442641682604,0.3617818728376047,-0.05411292987339242,-0.24862592857689195,-0.1978338377419202,-0.03603269262819443,0.05835182360773794,0.0017249396380761284,-0.13414180745958293,-0.18429022793362865,-0.027304962316032855,0.3079319609167288,0.6478741960550215,0.7906075569764492,0.5406075569749491,0.10980415344238281,
424,0.19415263800260832,1.869056839264033e-05,0.0037381136785280657,0.005,3.93261526006161e-05,1.1222140778107609e-14,True,-4.405318539887083,-13.949924287515309,0.4996150604742692,0.4089921789476766,0.25833866826304197,0.10512474619091759,-0.02212154613861382,-0.1084836058232709,-0.14858060601014508,-0.14431832298897682,-0.10306081655552302,-0.03588408766310202,0.04414511743943201,0.12362614556686716,0.19034290048391936,0.2345602826960544,0.2500186905698928,1.869056839265415e-05,0.009875059127807617,
425,0.14098322499124058,875.1695728158761,175033.9145631752,0.005,3.525502960924269e-05,1.0622463723607972e-14,True,-4.452778916240795,-13.973774743379307,875.2316372807994,651.946295047505,167.7245016815586,-257.68776486235123,-366.71435607849935,-144.75926627737834,182.05736793111433,327.96222040502795,169.53658443959972,-159.10716758498938,-369.7741618808592,-244.22160291465607,190.55749987334073,669.356282438397,875.4195728158775,875.169572815876,0.010153770446777344,
426,19.082693485001712,0.011468495436937858,2.2936990873875716,0.005,nan,nan,False,nan,nan,0.5110591411321033,0.41751621288745316,0.2605296207242512,0.10175205312978122,-0.026918964550183923,-0.11037606566475497,-0.14619681358180434,-0.14002571954222612,-0.10084142852151685,-0.03796521028402519,0.03930680075898223,0.1204293876585145,0.19283346564405843,0.24331437282164708,0.261468495438438,0.011468495436937842,0.16797399520874023,
427,7.325180441085534,5.358571923132446,1071.7143846264892,0.005,0.002590085430000895,2.1674645859311175e-13,True,-2.5866859111441927,-12.664047989704276,5.855489340151145,4.398273231933764,1.2837129456587868,-1.4733087304221089,-2.2673320307210965,-0.9941621756774041,0.9670435263922165,1.8646367936953956,0.9356214195591889,-1.009857572429306,-2.22020591612424,-1.372468994935232,1.3559370868475742,4.3315085258508645,5.608571923133946,5.358571923132446,0.03710436820983887,
428,0.05452863104831015,0.00018552367366697953,0.03710473473339591,0.005,3.0936672153774754e-05,9.948037839037728e-15,True,-4.509526405018771,-14.002262571486739,0.4997818101730699,0.40911638115618265,0.2583705922483682,0.1050756032698821,-0.022191448483683585,-0.10851118052481269,-0.14854587218736684,-0.14425577621451605,-0.10302847824043616,-0.03591441133702411,0.044074619172835554,0.12357956616618881,0.1903791900735084,0.2346878370130294,0.2501855236751671,0.0001855236736669763,0.009310483932495117,
429,0.026587770905796917,0.26631197204175083,53.26239440835017,0.005,3.0379587275567486e-05,1.1271229531372413e-14,True,-4.517418130577286,-13.948028705997855,0.7657752113946072,0.6072394849300868,0.3092946388796542,0.02668450087986017,-0.1336972721955092,-0.1524973988119867,-0.09313966920972078,-0.04448330649543113,-0.05144350698356555,-0.08428569609544562,-0.06838179812257605,0.049277703539724035,0.24826709891621263,0.43815810926353793,0.516311972043251,0.26631197204175083,0.005593061447143555,
430,1.126574356418574,3.749677281400638e-05,0.007499354562801276,0.005,0.00013226354295850924,2.097825490409445e-14,True,-3.878559847980733,-13.678230641835693,0.4996338572767245,0.4090061795989197,0.25834226688330986,0.10511920657204317,-0.022129425856423742,-0.1084867141720198,-0.1485766906519167,-0.14431127242533434,-0.10305717123007536,-0.03588750588881716,0.044137170546572915,0.12362089491994345,0.1903469912154265,0.23457466121257195,0.25003749677431414,3.749677281400521e-05,0.01466226577758789,
431,39.237211929789524,14.254000870684505,2850.800174136901,0.005,nan,nan,False,nan,nan,14.746471110633674,11.020651440850669,2.9858783685553965,-4.093576222461234,-5.994478047771264,-2.4644267128717336,2.819027592100758,5.1995887338361495,2.6598786265780747,-2.626695467756472,-5.979126068111542,-3.8560513059662838,3.290873592370795,11.132618903426314,14.504000870686006,14.254000870684507,0.13935041427612305,
432,0.9143450279196678,0.007072909274938367,1.4145818549876734,0.005,0.00010892609838493095,1.8909947109979174e-14,True,-3.962868052047619,-13.723309685849635,0.5066657524976319,0.41424383173683393,0.259688512912314,0.10304683178482449,-0.02507723307743626,-0.10964954932785044,-0.14711195275940545,-0.14167365228222625,-0.101693452764933,-0.03716626620602744,0.0411642330988452,0.12165662471508827,0.1918773363580878,0.23995367297927145,0.2570729092764385,0.007072909274938366,0.022611379623413086,
433,0.6285033187616903,24.06590852216201,4813.1817044324025,0.005,8.015496108425319e-05,1.611061497018828e-14,True,-4.096069592401079,-13.7928878814888,24.553473401057396,18.325320367123307,4.863414576811636,-6.983804766317072,-10.10562465334696,-4.086169739233942,4.861817965884888,8.878134271292403,4.561782692409501,-4.410113019613272,-10.125320435807192,-6.595512261065677,5.425162834138169,18.634434425278087,24.31590852216351,24.06590852216201,0.018773794174194336,
434,47.68462642101799,0.004205821433423994,0.8411642866847988,0.005,nan,nan,False,nan,nan,0.5038000980268273,0.41210937142506665,0.25913988756585715,0.10389137082979186,-0.023875935749107426,-0.10917566801158635,-0.14770886618862603,-0.14274854144338847,-0.1022491985196386,-0.03664514279548434,0.042375771556240435,0.12245710872652167,0.1912536865080584,0.2377616054592774,0.25420582143492415,0.004205821433424017,0.1704730987548828,
435,1.641300018053497,0.1461362728381714,29.22725456763428,0.005,0.00019762915752605421,2.62180238864251e-14,True,-3.704148980707393,-13.581400045199834,0.6456595927803916,0.5177723061869923,0.28629867982440826,0.062083859338326275,-0.08334417722125265,-0.1326343804220552,-0.1181596520933634,-0.08953792764745999,-0.07473792220311816,-0.06244249710915538,-0.017599440107135864,0.08283046895638596,0.22212644298643036,0.34627628998254967,0.39613627283967157,0.14613627283817143,0.026337385177612305,
436,0.02184620695513552,6.745599610563409e-05,0.013491199221126817,0.005,3.030007275395013e-05,1.0776905219232223e-14,True,-4.518556328705578,-13.967505936660887,0.4996638015222144,0.4090284833358898,0.2583479996652009,0.10511038168239022,-0.022141978640603535,-0.10849166592688483,-0.14857045329062876,-0.14430004052517184,-0.10305136404449929,-0.035892951293172375,0.04412451074918341,0.12361253037704642,0.19035350795510997,0.2345975669078042,0.25006745599760577,6.745599610563646e-05,0.00819087028503418,
437,0.03360895169651328,9.68227910308536,1936.455820617072,0.005,3.0441236771461922e-05,9.867777151693887e-15,True,-4.516537706956984,-14.005780666932855,10.177034927724486,7.617142651169285,2.111066511612565,-2.746914470575257,-4.0789465228010355,-1.7087981278477216,1.8672178574193876,3.4856216538299427,1.7737129056504481,-1.795736888431241,-4.047264526320854,-2.579637613056125,2.296431234011329,7.637252402234422,9.93227910308686,9.68227910308536,0.008420705795288086,
438,8.000332518918164,0.00010226739676264707,0.020453479352529415,0.005,0.0032811336164671407,2.8785588767189776e-13,True,-2.483976083630164,-12.540824883258468,0.4996985955192742,0.4090543993723724,0.2583546609249187,0.1051001275190405,-0.02215656446598326,-0.10849741966492016,-0.1485632057301455,-0.1442869895133719,-0.10304461633072144,-0.03589927863186548,0.04410980057880039,0.12360281111792988,0.19036108014194175,0.23462418239533855,0.2501022673982628,0.0001022673967626675,0.061235904693603516,
439,30.935584128865333,522.8400986196579,104568.01972393157,0.005,nan,nan,False,nan,nan,523.078306536213,389.647641881569,100.30526288147982,-153.9044090324288,-219.08983969121596,-86.5251401466112,108.70412370443444,195.87169723101067,101.24233593175417,-95.06757501672934,-220.89113797005487,-145.85206335362105,113.9186817102581,399.9784191099488,523.0900986196593,522.8400986196579,0.1889040470123291,
440,0.12918992684128838,0.019445556924214177,3.889111384842835,0.005,3.447509398821447e-05,1.0503787790771903e-14,True,-4.462494541149002,-13.978654060931119,0.5190322145705584,0.4234548942569521,0.2620560539429324,0.09940230304798675,-0.030261318598017457,-0.11169453953317797,-0.14453602905384982,-0.13703506930596795,-0.09929518428288978,-0.03941512522146422,0.03593595294996045,0.11820221132777012,0.19456863857046147,0.24941333398288512,0.2694455569257143,0.01944555692421418,0.014624834060668945,
441,0.28281271393608065,0.9763180094016704,195.26360188033408,0.005,4.730374729378397e-05,1.2315957382965275e-14,True,-4.325104454091995,-13.909531822559927,1.4754262886298164,1.135817537515814,0.4451562970377439,-0.18245726730408784,-0.43118671197748093,-0.2698494347935042,0.05468005657306882,0.22170239694461702,0.08618145007729197,-0.21333677096581516,-0.3684073525506506,-0.1489542699276834,0.4027078357181915,0.9810020190177293,1.2263180094031707,0.9763180094016706,0.017973661422729492,
442,11.798285146345265,1.029771882126802e-05,0.002059543764253604,0.005,nan,nan,False,nan,nan,0.4996066718206156,0.40898593072463535,0.2583370622676005,0.10512721841693694,-0.022118029571168214,-0.10848221862663728,-0.14858235335968423,-0.14432146952076594,-0.10306244339459353,-0.03588256217430134,0.04414866398581807,0.12362848883022833,0.190341074868638,0.23455386583896365,0.2500102977203214,1.0297718821272728e-05,0.29128479957580566,
443,3.424818840101994,51.79551744188812,10359.103488377625,0.005,0.000553400012342303,5.051222668027105e-14,True,-3.2569608355091364,-13.296603486493789,52.26921919156714,38.969176771857654,10.169553468134275,-15.151931705188474,-21.72421011436147,-8.669406912541964,10.634984630522748,19.274138062839043,9.93678802487417,-9.450261481071486,-21.842955008535622,-14.33755220212919,11.456916097416803,39.83545037425679,52.04551744188962,51.79551744188812,0.024753808975219727,
444,0.08143189218180599,0.0019247660067538653,0.38495320135077304,0.005,3.190813001246392e-05,1.0103596530420058e-14,True,-4.496098647046387,-13.995524004902329,0.501520182990064,0.41041119454793373,0.25870340117516355,0.10456328619410804,-0.022920183452246706,-0.10879864798017677,-0.14818377058369217,-0.14360372338746275,-0.10269134990797922,-0.0362305369482647,0.04333967169660072,0.12309397390093446,0.19075751061342652,0.23601759628044852,0.251924766008254,0.001924766006753842,0.012306928634643555,
445,0.01670548942570448,238.46818100735013,47693.63620147002,0.005,3.0231217231846388e-05,1.022433377409009e-14,True,-4.519544366006722,-13.990364981380564,238.84855770280052,177.9413372697038,45.88989424029933,-70.13885980914922,-99.93924376842973,-39.523253188210894,49.49930477348161,89.25888699394011,46.12073007015751,-43.379984067114464,-100.72477633930559,-66.45610971270489,52.062012652706095,182.55834736665994,238.7181810073516,238.4681810073501,0.007624626159667969,
446,2.2262500371109035,0.04161684304867131,8.323368609734262,0.005,0.00028965340572931745,3.2878491204366776e-14,True,-3.538121360723516,-13.483088120470569,0.5411924163913988,0.43996074720232037,0.2662985920874908,0.0928714543805259,-0.03955099099705231,-0.11535907959358153,-0.13992007755102107,-0.12872291548942583,-0.09499758378331034,-0.0434449899762188,0.026567085557496734,0.11201204170737614,0.19939134370919662,0.2663646653952658,0.29161684305017144,0.041616843048671304,0.021720409393310547,
447,57.396122308918244,1.4731009446221313,294.62018892442626,0.005,nan,nan,False,nan,nan,1.9719608623950766,1.5056574299103342,0.5402171131044112,-0.3287913208312276,-0.6393365998876047,-0.3519592843178435,0.15810779294967114,0.4079494259985915,0.1824760258002085,-0.30363230141770414,-0.5783317302702292,-0.2876548674604366,0.510768216206484,1.3608235651231646,1.7231009446236314,1.4731009446221313,0.18919944763183594,
448,0.4359475606782277,0.0006794058892096762,0.13588117784193524,0.005,6.182225525872052e-05,1.4103787469288914e-14,True,-4.20885515604152,-13.85066424506569,0.5002754454773419,0.40948406155037903,0.2584650980035417,0.10493012366210683,-0.022398382982672355,-0.10859281093424486,-0.1484430483664005,-0.14407061668340895,-0.1029327459295393,-0.03600417963112501,0.04386592054529804,0.12344167544259507,0.19048661948853907,0.23506544077797786,0.2506794058907098,0.0006794058892096722,0.013277530670166016,
449,0.46380229078418517,0.48593047737359385,97.18609547471877,0.005,6.445935361332502e-05,1.4407063698669722e-14,True,-4.1907140538279295,-13.841424523655633,0.985283920741713,0.770738829656429,0.3513192594132117,-0.038007065267673446,-0.22571647017284194,-0.18879663766880325,-0.047416188666241435,0.037853044541220876,-0.008873464229488495,-0.1242036723986965,-0.1611854650742831,-0.012039253543873835,0.29603858534598965,0.6060701576342964,0.735930477375094,0.48593047737359385,0.01293182373046875,
450,62.29900117147051,2.087604305518144e-05,0.004175208611036288,0.005,nan,nan,False,nan,nan,0.4996172448563264,0.4089938059675614,0.2583390864597838,0.10512410243014488,-0.02212246184298647,-0.10848396704541233,-0.14858015100518976,-0.14431750364085894,-0.10306039293115819,-0.035884484896138734,0.04414419392862672,0.1236255353876116,0.1903433758690561,0.23456195362777618,0.2500208760445553,2.0876043055173543e-05,0.12473297119140625,
451,2.0884252364255365,77.94798694494922,15589.597388989843,0.005,0.00026609007700824713,3.1222236253448475e-14,True,-3.5749713207921507,-13.50553599436291,78.40861403983966,58.43890051059837,15.173902283007223,-22.855491148971502,-32.68198102333873,-12.991969511503346,16.079798712470566,29.07886242441206,15.00608645757134,-14.203748243570269,-32.89414154702653,-21.639258621295824,17.145609498197796,59.83064484831769,78.19798694495073,77.94798694494922,0.018324851989746094,
452,0.015421162082254766,0.0012674852491673981,0.25349704983347965,0.005,3.0216854000655783e-05,1.0284028657140545e-14,True,-4.519750753804995,-13.98783672183658,0.5008632308331477,0.4099218688738324,0.2585776286480268,0.10475689702641316,-0.02264478567523492,-0.10869001054464023,-0.14832061316845385,-0.14385014205379737,-0.10281875479086744,-0.03611106924828069,0.043617417255558295,0.12327748510343495,0.19061453869608216,0.2355150641363823,0.25126748525066755,0.0012674852491674216,0.005413532257080078,
453,0.07502344082261407,156.84163828067784,31368.327656135567,0.005,3.1643792040900045e-05,1.0061501872282687e-14,True,-4.4997114782793535,-13.997337187653681,157.2628233161442,117.17284133662163,30.270425023115617,-46.09467063566358,-65.73807759610993,-26.03176089791158,32.50506454515903,58.656585672854256,30.298541459541784,-28.54350025917572,-66.23204325117531,-43.66617582397748,34.30658137752815,120.14976312668928,157.09163828067935,156.84163828067784,0.008498907089233398,
454,3.219140633472775,0.06271139337243345,12.54227867448669,0.005,0.0004997386863598913,4.6986655435381825e-14,True,-3.3012570291399848,-13.328025467461684,0.5622764207143953,0.4556650028615628,0.2703350937991414,0.08665777263471777,-0.04838951578143728,-0.11884565336669042,-0.13552829708678102,-0.12081443665794837,-0.09090869378834514,-0.04727914665932404,0.017653211839139354,0.1061224941260122,0.20397983693753907,0.28249276511514576,0.3127113933739336,0.06271139337243348,0.017235279083251953,
455,12.780859666832487,2.9835111169277946,596.7022233855589,0.005,nan,nan,False,nan,nan,3.4816159208637942,2.6301121887059793,0.8292383604044098,-0.7737028250962197,-1.2721918889369654,-0.6016046388085576,0.47256767884016093,0.9742116449695246,0.4752483744421888,-0.578165257441536,-1.2165821471889962,-0.7093577452482482,0.8393131124604307,2.5156263697805454,3.2335111169292947,2.9835111169277946,0.12369251251220703,
456,0.30147618624132017,0.0003384968529029403,0.06769937058058806,0.005,4.906258181394246e-05,1.2544957868969864e-14,True,-4.3092496017055435,-13.90153079288302,0.4999347068749579,0.40923026506832383,0.25839986409774857,0.10503054297531181,-0.022255543580060214,-0.10853646441408869,-0.14851402393225782,-0.1441984256130003,-0.10299882648240027,-0.03594221582341995,0.044009977662062556,0.1235368564234375,0.1904124648476216,0.23480479455188744,0.25033849685440307,0.0003384968529029364,0.01300191879272461,
457,0.12118233400593019,15.849998452700827,3169.9996905401654,0.005,3.397610532179031e-05,1.0427170502866644e-14,True,-4.468826405755267,-13.98183352491035,16.34167079027883,12.20882344143053,3.2912770081434712,-4.5636986422104515,-6.663194089021956,-2.7282182242335598,3.1513063510263724,5.797938207929807,2.969240923708631,-2.9167848368772984,-6.653542952214144,-4.30164998215321,3.638035488933411,12.352858622234208,16.099998452702327,15.849998452700827,0.008842229843139648,
458,28.558995083273786,0.006328539222713745,1.265707844542749,0.005,nan,nan,False,nan,nan,0.5059217545854634,0.4136896707129769,0.25954607560297155,0.10326609593289329,-0.024765345264974568,-0.10952651749916763,-0.14726692690217458,-0.141952721269735,-0.10183773871615635,-0.037030969109543455,0.04147877977291121,0.12186445103863786,0.19171542074995243,0.2393845556363316,0.2563285392242139,0.006328539222713758,0.12799787521362305,
459,8.512184096107712,0.29621367189755743,59.24273437951148,0.005,nan,nan,False,nan,nan,0.7956619622069532,0.6295003974394449,0.31501641349901005,0.017876555523785767,-0.14622595430602942,-0.15743964602221477,-0.08691428401502563,-0.03327297222874341,-0.045647471538565625,-0.08972064496037599,-0.08101728797128066,0.04092922104725495,0.254771326083821,0.4610198242404685,0.5462136718990576,0.29621367189755743,0.11136841773986816,
460,0.036477645212396125,3.35788166281929e-05,0.00671576332563858,0.005,3.0495877783564824e-05,9.876660208378687e-15,True,-4.5157588615333,-14.005389887222035,0.49962994127928007,0.4090032627988619,0.25834151717134124,0.10512036065840476,-0.02212778424983242,-0.10848606659987098,-0.14857750635090874,-0.14431274129160943,-0.10305793067228215,-0.0358867937590176,0.04413882614795519,0.12362198880386246,0.19034613898036334,0.2345716656906436,0.2500335788181283,3.357881662818807e-05,0.008365154266357422,
461,0.02366412871003933,4.825996302947871,965.1992605895742,0.005,3.0328752351893802e-05,1.0933051231731258e-14,True,-4.518145455097606,-13.961258616808262,5.3231799756018905,4.001786766524886,1.1818030983539676,-1.316431463136843,-2.044185163577022,-0.9061363983541938,0.8561639310200223,1.664970863218262,0.8323889215200121,-0.913056344526884,-1.9951567090570714,-1.2237751660737477,1.2400910702560544,3.9243212391402267,5.075996302949371,4.825996302947871,0.0055277347564697266,
462,1.7497515617817656,0.00020703806576740418,0.041407613153480835,0.005,0.00021316798626174323,2.738552924005911e-14,True,-3.6712780174401596,-13.562478861680008,0.499803313809274,0.4091323979713654,0.2583747090879882,0.10506926591812941,-0.022200462920345283,-0.1085147364913581,-0.1485413929979328,-0.144247710334377,-0.10302430796985645,-0.035918321804371774,0.044065527887580974,0.12357355939979585,0.1903838698908522,0.23470428610797964,0.2502070380672675,0.00020703806576738426,0.01743793487548828,
463,43.93468728425568,787.5244641789159,157504.89283578316,0.005,nan,nan,False,nan,nan,787.6303459032076,586.6971585552974,150.95336289921744,-231.8707266563564,-329.9914369819368,-130.27300644131634,163.81009221344223,295.1035210869795,152.54777916463664,-143.17674603704367,-332.73817777924404,-219.7512999374117,171.49290824632632,602.3461290878276,787.7744641789174,787.5244641789159,0.13776850700378418,
464,0.590711722069423,0.012794855223932582,2.5589710447865164,0.005,7.652133627123634e-05,1.5729942970802684e-14,True,-4.11621745461237,-13.803272851916484,0.5123848378193345,0.4185036476927185,0.26078342341112043,0.10136135612651118,-0.02747470352875598,-0.11059529059138602,-0.14592067207076603,-0.1395284589636702,-0.10058433182215476,-0.038206290144152825,0.038746324073538965,0.12005907120447218,0.19312197584254867,0.24432845762463018,0.2627948552254327,0.012794855223932589,0.019505023956298828,
465,0.9926646264246912,436.0781662728543,87215.63325457086,0.005,0.00011731839147588719,1.967052253879493e-14,True,-3.9306339001573494,-13.706184103085189,436.3597499139883,325.0560034654012,83.70312237367834,-128.34752220715785,-182.73696761673835,-72.18485447179131,90.64072089791988,163.34410622709862,84.42472229829026,-79.29768006087927,-184.2283555627481,-121.62834106682875,95.04619886795909,333.6435091307365,436.32816627285575,436.0781662728543,0.02027726173400879,
466,41.73577985857757,0.023223428353988402,4.6446856707976805,0.005,nan,nan,False,nan,nan,0.5228081972928522,0.4262674054444549,0.2627789602983005,0.09828948052364239,-0.03184423028619248,-0.11231895803194022,-0.14374949501131074,-0.13561872168196776,-0.09856289558963102,-0.04010179314128541,0.034339546848273436,0.11714743873482855,0.19539040235338226,0.2523017523759356,0.2732234283554885,0.023223428353988385,0.1707472801208496,
467,1.0403223606205647,8.073295483634457,1614.6590967268912,0.005,0.00012254861807149014,2.0134521616360018e-14,True,-3.911691581737975,-13.69605868449922,8.568855702878931,6.419302937898555,1.8031829571280962,-2.272966839929424,-3.404789388379127,-1.4428602432832858,1.5322354700855936,2.882403633093672,1.4618334428194832,-1.5032871702414528,-3.3673601634136743,-2.1304132665329982,1.9464446104971047,6.407084047665323,8.323295483635956,8.073295483634457,0.022439956665039062,
468,0.024932794947014003,0.00012203286370198402,0.024406572740396804,0.005,3.0350099468734243e-05,1.1069238395634698e-14,True,-4.517839881239412,-13.955882259153054,0.49971835110467416,0.40906911416559033,0.25835844310277545,0.10509430533657,-0.0221648461106136,-0.10850068656360186,-0.14855909065823175,-0.14427957931621269,-0.10304078506535794,-0.035902871213645944,0.04410144833267153,0.1235972926472244,0.19036537953253385,0.2346392943278953,0.2501220328652021,0.00012203286370199296,0.00764012336730957,
469,0.05126408599149867,0.17535198146049022,35.070396292098046,0.005,3.0843950426259215e-05,9.933065476651772e-15,True,-4.510830003563603,-14.002916701742118,0.6748606953134233,0.5395225189399988,0.2918891880860721,0.053477981868975476,-0.09558543199030341,-0.13746324483878675,-0.11207708686172183,-0.0785847757840637,-0.06907485677398448,-0.06775275984273618,-0.029945052279693837,0.07467351356205434,0.22848145312493645,0.3686135218654656,0.4253519814619904,0.17535198146049025,0.013663768768310547,
470,6.74722053083044,5.643957085204009e-05,0.011287914170408017,0.005,0.0020553721750227205,1.71525365596744e-13,True,-2.6871095271095924,-12.765671646326116,0.4996527906045079,0.4090202819399853,0.25834589164115157,0.10511362671769325,-0.022137362806364608,-0.10848984509739223,-0.14857274685557667,-0.1443041706518908,-0.10305349942782381,-0.0358909489418607,0.04412916593367566,0.12361560613641136,0.19035111165882015,0.2345891441634309,0.2500564395723522,5.6439570852051535e-05,0.04401135444641113,
471,20.349397772746244,28.901556201595703,5780.311240319141,0.005,nan,nan,False,nan,nan,29.386703548789907,21.92531402758572,5.788729401512402,-8.408209423144934,-12.131739986797966,-4.885420830930193,5.86857576278193,10.691048826110181,5.499106840691547,-5.289042913006533,-12.168708519429178,-7.945613432108679,6.477014439940693,22.331588751258682,29.151556201597202,28.901556201595703,0.1618494987487793,
472,0.15267231566564965,0.0035199471885104484,0.7039894377020897,0.005,3.607731954112913e-05,1.0746202348847812e-14,True,-4.442765736976569,-13.96874498601182,0.5031145666776002,0.41159875876317553,0.25900864359425885,0.10409340425596726,-0.023588557425341456,-0.10906230455433016,-0.14785166179524029,-0.14300567998693184,-0.1023821458588702,-0.036520477928040224,0.04266559979680483,0.12264860316173133,0.1911044949263476,0.23723721181032617,0.2535199471900106,0.0035199471885104527,0.013232707977294922,
473,0.17927703658810382,1.7670807595897176,353.4161519179435,0.005,3.8108666420466366e-05,1.1046110032724329e-14,True,-4.418976248718419,-13.956790634988225,2.265793705215537,1.7245165239440765,0.5964709800081623,-0.41538700463883355,-0.7625128629896907,-0.40054919483775586,0.21931292832537913,0.5181642970372917,0.23945999112269384,-0.35706622889926365,-0.7025580781253551,-0.3697333228737196,0.5747147981219387,1.5855894737895448,2.0170807595912175,1.7670807595897173,0.014343500137329102,
474,13.463811838736188,0.0005692409189838991,0.11384818379677981,0.005,nan,nan,False,nan,nan,0.5001653355829458,0.4094020470570352,0.2584440176257164,0.10496257422654233,-0.022352224339574154,-0.10857460252069684,-0.14846598416529905,-0.14411191821966496,-0.10295409990189891,-0.03598415598756057,0.04391247269349306,0.12347243323662178,0.19046265636952855,0.2349812127855263,0.25056924092048405,0.0005692409189839154,0.17928600311279297,
475,5.409004165795856,285.81712892998445,57163.425785996886,0.005,nan,nan,False,nan,nan,286.17383401199055,213.19119905678318,54.95024899549296,-84.08612528172368,-119.77824689035643,-47.34923655726112,59.35712024228075,107.01030366751911,55.29867586475926,-51.986154017609664,-120.73290810801205,-79.67582179178862,62.36137071332387,218.75957194869952,286.0671289299859,285.81712892998445,0.19737458229064941,
476,0.07127544435683723,0.03485892584082381,6.971785168164763,0.005,3.149860077022959e-05,1.0038307187869589e-14,True,-4.501708737996594,-13.998339518361536,0.5344378777338856,0.4349296819306193,0.2650054455658538,0.0948620892198371,-0.03671945309671137,-0.11424210973472748,-0.1413270423033791,-0.13125650091138838,-0.09630751358194863,-0.04221666735124428,0.02942276248188274,0.11389883589524283,0.19792135943031974,0.261197816092767,0.284858925842324,0.03485892584082384,0.011603355407714844,
477,0.010990013361776749,43.138672260613994,8627.734452122799,0.005,3.017606236415359e-05,1.0055555978369425e-14,True,-4.520337431395715,-13.997593911973,43.616701909893095,32.52441697168934,8.513041721953783,-12.601942250396599,-18.097029657090218,-7.238576252317136,8.832672518363458,16.028632668663185,8.25877701698834,-7.876788697961217,-18.18485262849466,-11.920581903303587,9.573876407855833,33.21675217020563,43.38867226061549,43.138672260613994,0.006116628646850586,
478,2.630630213961702,0.0022992990073845213,0.45985980147690425,0.005,0.00036619218890718817,3.811729292733625e-14,True,-3.4362909236899357,-13.418877950333465,0.5018945287468212,0.4106900230559821,0.25877506912138243,0.10445296249279643,-0.0230771111495826,-0.108860551975148,-0.14810579467569046,-0.14346330862337836,-0.10261875180962877,-0.036298612265603596,0.04318140618158671,0.12298940519033623,0.19083897914965073,0.23630395012491764,0.25229929900888465,0.0022992990073845143,0.015342235565185547,
479,87.54383056030231,0.8133694652609395,162.67389305218788,0.005,nan,nan,False,nan,nan,1.3125592089168594,1.0145072674597229,0.41397563344264854,-0.13445859567121984,-0.3629119811174945,-0.24291678576104905,0.020754980103081938,0.16061196874499795,0.054596104023214465,-0.18371915694084703,-0.29955057566906546,-0.1034594293503158,0.3672632170900445,0.8564176913702906,1.0633694652624395,0.8133694652609393,0.12142562866210938,
480,0.36767692754384856,1.2311887762326714e-05,0.002462377552465343,0.005,5.534665068110067e-05,1.333333163175486e-14,True,-4.256908655448813,-13.875061318815664,0.4996086849825938,0.40898743021258394,0.2583374476845093,0.10512662511655414,-0.022118873499189066,-0.10848255153482904,-0.14858193401972813,-0.14432071439623428,-0.10306205297549927,-0.035882928270719025,0.04414781286326213,0.12362792647911709,0.19034151299130025,0.23455540579677436,0.2500123118892625,1.2311887762350704e-05,0.01944255828857422,
481,0.3192925814911898,56.62524112497754,11325.048224995508,0.005,5.075004564624844e-05,1.2761063702905706e-14,True,-4.2945635627959335,-13.89411312333834,57.09652830459566,42.56476019594684,11.093734719423118,-16.57459136971351,-23.747843319124836,-9.46767886744843,11.640509080843746,21.08483167438155,10.872963887508476,-10.328114625739344,-23.883839803179633,-15.685999407678455,12.507479113669268,43.52807543545979,56.87524112497904,56.62524112497754,0.019034147262573242,
482,75.59606785213502,0.0017595337338071248,0.35190674676142497,0.005,nan,nan,False,nan,nan,0.5013550333232715,0.4102881841107503,0.2586717835136191,0.10461195756858484,-0.02285095184895555,-0.10877133786924835,-0.14821817112114152,-0.14366566999987307,-0.10272337792361966,-0.03620050424247766,0.04340949350330618,0.12314010635308731,0.19072156923738942,0.23589126589965695,0.25175953373530724,0.001759533733807106,0.16033053398132324,
483,3.0056225642072096,0.35003970499214443,70.00794099842888,0.005,0.0004480054292178698,4.3574339845316233e-14,True,-3.3487167229101713,-13.360769183763766,0.8494610855368133,0.6695722535286475,0.32531617677355207,0.0020213780416497573,-0.16877882792740867,-0.16633618244596954,-0.07570797162703134,-0.013093255819646377,-0.03521403139354384,-0.09950409335567925,-0.10376242614210007,0.025901122407506277,0.2664795817504439,0.5021731845136743,0.6000397049936446,0.35003970499214443,0.02555251121520996,
484,0.012827072826119699,2.873696357499436e-05,0.005747392714998871,0.005,3.019132172777687e-05,1.0122207467976145e-14,True,-4.520117873842915,-13.9947247654985,0.4996251018468609,0.40899965818548806,0.25834059066910076,0.10512178689093737,-0.022125755534474368,-0.10848526632313554,-0.1485785144006336,-0.14431455653259767,-0.10305886919925723,-0.03588591370123217,0.04414087215822877,0.12362334063755889,0.19034508577896267,0.23456796379192227,0.2500287369650751,2.873696357497124e-05,0.007548809051513672,
485,0.06238560816322884,2.3095266427221097,461.90532854442193,0.005,3.118246500617065e-05,9.987620974644953e-15,True,-4.506089556361319,-14.00053794727219,2.8079683981774326,2.1283511020350185,0.7002695299718115,-0.5751716898004642,-0.9897953273545519,-0.49020636033465875,0.33224746335382704,0.7215306508174053,0.34460570460356443,-0.4556614810432334,-0.9317781386183361,-0.5211829053483192,0.6927077974176599,2.0003231922866203,2.55952664272361,2.3095266427221097,0.012119054794311523,
486,4.634219245927833,0.00043361018494511127,0.08672203698902226,0.005,0.000895154266984937,7.74709570515917e-14,True,-3.048102113815982,-13.110861078864078,0.5000297726560802,0.4093010740716004,0.25841806430214714,0.10500252607208217,-0.022295395652262635,-0.10855218504543099,-0.1484942218095702,-0.144162767030025,-0.1029803900641877,-0.03595950367322498,0.043969785848644236,0.12351030101049497,0.19043315392955518,0.23487751462794132,0.2504336101864452,0.00043361018494508796,0.1780226230621338,
487,15.504475250451275,122.43869059299877,24487.738118599755,0.005,nan,nan,False,nan,nan,122.87707502390556,91.56088575441326,23.687323933223468,-35.96082256742005,-51.323392232993804,-20.345533256908872,25.342541938700627,45.758705445374126,23.630000701931834,-22.29040219494973,-51.69447186328076,-34.060955791506835,26.823241364249235,93.84656336899259,122.68869059300029,122.43869059299878,0.20525622367858887,
488,0.20760221146954866,0.08101273232898626,16.20254646579725,0.005,4.0467911224215147e-05,1.1384837782868607e-14,True,-4.3928892114030536,-13.943673153059988,0.5805686101071184,0.46928979701308376,0.2738371066360971,0.08126686863094389,-0.05605769715872455,-0.12187055636008655,-0.13171804933723388,-0.11395315023542849,-0.08736122960421318,-0.05060560775913698,0.009919658772980823,0.10101280442260714,0.207960749949804,0.29648528048847017,0.3310127323304864,0.08101273232898626,0.011649608612060547,
489,0.17600073078554884,0.22916795597398593,45.83359119479719,0.005,3.784775513560031e-05,1.1008032312245337e-14,True,-4.421959874714342,-13.958290304307578,0.7286497650908752,0.5795868867193488,0.3021870266227473,0.03762576727634202,-0.11813409110997931,-0.14635811874855145,-0.10087286862028466,-0.05840883039991926,-0.05864336634730019,-0.07753437998499202,-0.05268594001993962,0.05964822325389031,0.24018752084583325,0.40975919172591607,0.47916795597548606,0.22916795597398593,0.01001739501953125,
490,23.539308584323535,4.298972382008072e-05,0.008597944764016143,0.005,nan,nan,False,nan,nan,0.4996393474815869,0.40901026893505626,0.25834331797498034,0.10511758854990602,-0.02213172737899054,-0.10848762206427731,-0.1485755470468363,-0.1443092130836519,-0.10305610649666949,-0.035888504290512706,0.044134849403393385,0.12361936130126867,0.19034818604385886,0.23457886091629743,0.25004298972532024,4.298972382010824e-05,0.09853672981262207,
491,5.912209069273197,12.38021785327522,2476.043570655044,0.005,0.00150139445910524,1.2401057309248467e-13,True,-2.82350519123003,-12.906541285483183,12.873624871531248,9.625676572759046,2.627324702279114,-3.5416283898607976,-5.209371117984009,-2.1547219490950527,2.4289152870845685,4.497095762878121,2.2966714230573646,-2.28611567019634,-5.18732605642918,-3.3328956060909283,2.883287720436825,9.699994889433833,12.630217853276719,12.38021785327522,0.02987074851989746,
492,0.043872466478503507,0.00817999457708607,1.6359989154172139,0.005,3.065721290943335e-05,9.90284288672454e-15,True,-4.51346733001238,-14.004240111182263,0.5077722843240114,0.4150680233102344,0.2599003568079399,0.10272072501187002,-0.025541097001116984,-0.10983253187641487,-0.14688146310555666,-0.1412585990792759,-0.1014788594246604,-0.037367490619198064,0.040696414708439516,0.12134752916843977,0.19211814990159243,0.2408001087590064,0.2581799945785862,0.00817999457708607,0.005663156509399414,
493,0.028453432019426208,572.4199819462403,114483.99638924806,0.005,3.0415047001006917e-05,1.1403826191541858e-14,True,-4.5169115080762126,-13.942949410498803,572.6334029164278,426.5583677024927,109.79251341963189,-168.50882634672678,-239.86359503859995,-94.71985955172394,119.02640882883955,214.45950553871913,110.85271803396195,-104.07924097246473,-241.84199078089728,-159.69464721763688,124.70331354238427,437.8853329866758,572.6699819462418,572.4199819462403,0.0054781436920166016,
494,1.215648978320466,0.0177720114643441,3.5544022928688195,0.005,0.00014264676890929544,2.1856938837807405e-14,True,-3.845738061095975,-13.66041066301493,0.5173595057823134,0.4222089902032611,0.2617358162981564,0.09989526823165605,-0.029560110333426273,-0.11141793066411307,-0.14488445289526236,-0.13766249196441585,-0.09961957817524375,-0.039110940708831435,0.03664313905548307,0.11866946118444885,0.19420460843509108,0.24813380407358276,0.26777201146584423,0.017772011464344095,0.014398813247680664,
495,36.20222774274327,3.4744610321694007,694.8922064338801,0.005,nan,nan,False,nan,nan,3.9723203908077958,2.995609573883827,0.9231830116433198,-0.9183186846249447,-1.4778977668606403,-0.6827503884035712,0.5747810094675305,1.1582718383565451,0.5704122990411938,-0.6674005750805726,-1.424041679595916,-0.8464297776691008,0.9461046926063139,2.8909882082153673,3.724461032170901,3.4744610321694007,0.11051034927368164,
496,0.8581671062795632,0.00028484010607519563,0.056968021215039126,0.005,0.0001030543465885707,1.836475612179634e-14,True,-3.9869336859845115,-13.736014834574956,0.49988107695326195,0.40919031924074784,0.2583895967278787,0.10504634828726138,-0.022233061636647927,-0.10852759585783277,-0.148525195000087,-0.14421854186292934,-0.1030092271087184,-0.035932463144586514,0.04403265126534016,0.12355183725775977,0.19040079341515703,0.23476377062152626,0.25028484010757535,0.0002848401060752126,0.021234512329101562,
497,0.6771613248003217,6.305942843750083,1261.1885687500167,0.005,8.487903497671335e-05,1.6594952474387002e-14,True,-4.071199566744213,-13.780023987011992,6.802386632542493,5.103562271669874,1.4649950438286383,-1.752369497568217,-2.6642763236009666,-1.1507466278006,1.164281440341529,2.219812076233757,1.1192563119546373,-1.1820522146907229,-2.620534182013698,-1.6369726714081532,1.5620095077934648,5.055832697019578,6.555942843751583,6.305942843750083,0.0185244083404541,
498,51.108704409068004,0.00015773441582363803,0.031546883164727604,0.005,nan,nan,False,nan,nan,0.4997540348081766,0.4090956928929557,0.25836527469548715,0.10508378896720869,-0.02217980490558316,-0.10850658742867726,-0.1485516577726407,-0.14426619458106207,-0.10303386480789643,-0.03590936034674257,0.044086362013111384,0.12358732485996551,0.19037314534539249,0.23466659039175705,0.25015773441732375,0.00015773441582361825,0.15305376052856445,
499,1.5383751898945592,337.3750912248535,67475.0182449707,0.005,0.00018347786246183698,2.5133598855977688e-14,True,-3.736416328091159,-13.599745320743384,337.70602044051054,251.57454493148214,64.81601052433795,-99.2732121949637,-141.38080871706023,-55.87089908967996,70.09123156996166,126.33970615038585,65.29248151373814,-61.35735665839223,-142.51963302125162,-94.07068053365745,73.57627490545791,258.178850600436,337.625091224855,337.3750912248535,0.021502971649169922,
500,0.02018369444037562,0.02973209294735596,5.946418589471191,0.005,3.0275820890637513e-05,1.060754444694227e-14,True,-4.518904072679017,-13.97438513980916,0.5293136079471344,0.43111290967212096,0.2640244116290214,0.09637226637341524,-0.03457133242578757,-0.11339473063296292,-0.1423944234136364,-0.13317858262387886,-0.09730128000039392,-0.041284811478521054,0.03158919600552198,0.11533023527585762,0.19680616912507673,0.25727803250487663,0.2797320929488561,0.02973209294735596,0.0063686370849609375,
501,0.0414879331289198,20.807579808268322,4161.515961653664,0.005,3.060197011726137e-05,9.893885348400176e-15,True,-4.514250613272893,-14.004633126602284,21.29677365467352,15.89959304136957,4.2399241857442895,-6.024020493098546,-8.740399102130448,-3.5476228982883757,4.183450132860678,7.6565664604442905,3.930200246988041,-3.817877460078427,-8.748456257961744,-5.685794741532471,4.7164101463611035,16.143238850531493,21.057579808269818,20.80757980826832,0.006926536560058594,
502,9.980269368183228,0.0048426933068025785,0.9685386613605157,0.005,nan,nan,False,nan,nan,0.504436651502745,0.41258350330122484,0.2592617547954278,0.10370377170711355,-0.024142782292453435,-0.10928093220240682,-0.1475762726320534,-0.14250977419537067,-0.10212574961974909,-0.03676090096582303,0.04210665013070924,0.12227929563527648,0.19139221907848383,0.23824853373814506,0.2548426933083027,0.004842693306802592,0.09775567054748535,
503,24.91236027956769,0.12745636507735453,25.491273015470906,0.005,nan,nan,False,nan,nan,0.626989023844936,0.5038656789934994,0.28272422677882353,0.0675862758433142,-0.07551737716247048,-0.12954690638334138,-0.12204871598515676,-0.09654114188208439,-0.07835876677092285,-0.05904722714218924,-0.00970591612606675,0.08804585415703145,0.21806318356866414,0.3319943351411021,0.37745636507885466,0.12745636507735453,0.11445784568786621,
504,0.1041767991083739,7.839439821673374e-05,0.015678879643346747,0.005,3.300449085987483e-05,1.0276384154312427e-14,True,-4.481426962456477,-13.988159669199415,0.4996747344557853,0.4090366266459211,0.2583500927593018,0.10510715962984665,-0.022146561783485307,-0.10849347386046648,-0.14856817596971106,-0.14429593964981693,-0.10304924378489354,-0.03589493946295618,0.044119888534744016,0.1236094764015547,0.1903558872797813,0.2346059299986175,0.25007839439971685,7.839439821671901e-05,0.010953187942504883,
505,0.26269033334346104,205.88812739459047,41177.6254789181,0.005,4.5424655175598023e-05,1.2066800574623673e-14,True,-4.342708360792705,-13.918407864697757,206.28479214857134,153.68647127475276,39.655609073981594,-60.54196955531852,-86.28834308966096,-34.13831922615475,42.71629964730777,77.04442115464377,39.80553239075593,-37.458216199203314,-86.95750094428034,-57.359837310083975,44.97518913256766,157.6488638516822,206.138127394592,205.8881273945905,0.009116888046264648,
506,10.999493008323812,0.047985118853044885,9.597023770608978,0.005,nan,nan,False,nan,nan,0.5475575084426003,0.444701736216331,0.2675171796274044,0.09099559362452138,-0.04221927084501621,-0.11641164829301674,-0.13859423420099545,-0.12633540906625423,-0.09376318064022224,-0.04460249117252027,0.02387605846980801,0.11023403445974793,0.2007765730673057,0.2712336095367742,0.29798511885454504,0.047985118853044906,0.11316633224487305,
507,3.6573737019699637,1.2836944927846339,256.73889855692676,0.005,0.0006189042381109953,5.4811850245569645e-14,True,-3.2083765433502998,-13.261125537503089,1.782649102340786,1.3646500466045424,0.5039736542344438,-0.2729991188521601,-0.5599761208447135,-0.32065358889894946,0.1186743116848955,0.3369397627485168,0.14576217629815008,-0.2692056840217437,-0.49829469856257824,-0.2347730428567772,0.46956846516548967,1.2160105164476152,1.533694492786134,1.2836944927846339,0.019511938095092773,
508,0.08805699893703361,0.000790225271025325,0.15804505420506498,0.005,3.220238701745441e-05,1.0150254461697422e-14,True,-4.49211193482324,-13.99352307007335,0.5003862094561617,0.4095665632333882,0.25848630360487085,0.1048974803319907,-0.022444815821378777,-0.10861112751100332,-0.14841997632226364,-0.14402906980415553,-0.10291126510844573,-0.03602432222088799,0.04381909186396141,0.12341073493843058,0.19051072495536464,0.23515016910891579,0.2507902252725255,0.0007902252710253466,0.01046133041381836,
509,0.013573728028131542,0.6349584250866858,126.99168501733715,0.005,3.0198193022454616e-05,1.011767243688672e-14,True,-4.520019043263226,-13.994919385132569,1.1342373634842524,0.8816856360750648,0.37983617761222405,-0.08190523916128667,-0.2881585317106237,-0.21342844664229935,-0.016389311138784612,0.09372455408745142,0.020013564648668755,-0.1512910714152072,-0.22415984879101308,-0.053647497167847696,0.32845519145609986,0.7200113208672625,0.8849584250881859,0.6349584250866858,0.0054302215576171875,
510,1.7792334810828323,1.5904923936415615e-05,0.003180984787283123,0.005,0.0002175063908826132,2.7707634464247312e-14,True,-3.662527977862093,-13.55740055047101,0.4996122762224669,0.4089901051195056,0.25833813522211707,0.10512556673972485,-0.022120378965709495,-0.1084831454031741,-0.14858118596746656,-0.1443193673445035,-0.10306135651459167,-0.03588358134288449,0.044146294562552715,0.12362692331208182,0.19034229454966015,0.23455815289708337,0.25001590492543657,1.5904923936438387e-05,0.014714717864990234,
511,71.50049746295751,33.39350237540673,6678.700475081347,0.005,nan,nan,False,nan,nan,33.876404020888344,25.269432296919998,6.648275973538923,-9.731372207606901,-14.013845885145992,-5.62786385433915,6.80377661559834,12.375107537127304,6.3698091541382755,-6.105501437987073,-14.066859479201284,-9.199753971610235,7.454103986020893,25.765961834146797,33.64350237540823,33.39350237540673,0.09014558792114258,
512,0.5389008004858062,0.0029453721227243107,0.5890744245448621,0.005,7.157840623381008e-05,1.5199587879068288e-14,True,-4.1452179758477685,-13.818168187336342,0.5025402788646348,0.4111710049789023,0.2588986970345588,0.10426265302131545,-0.02334781297326751,-0.10896733697624457,-0.14797128546630364,-0.14322109177220918,-0.10249351937486324,-0.03641604285857358,0.04290839660922918,0.12280902313452405,0.1909795131771247,0.23679791332729017,0.25294537212422447,0.0029453721227243324,0.018651962280273438,
