idx,mu_sym,c4_pta_product,c4_c0_ratio_split,pta_suppression_split,screening_suppression_factor,phi_center_ratio,numerically_stable,log10_ssf,log10_pcr,gamma_theta_0,gamma_theta_1,gamma_theta_2,gamma_theta_3,gamma_theta_4,gamma_theta_5,gamma_theta_6,gamma_theta_7,gamma_theta_8,gamma_theta_9,gamma_theta_10,gamma_theta_11,gamma_theta_12,gamma_theta_13,gamma_theta_14,pta_max_deviation_from_hd,wall_time_seconds,error
0,1.0,0.08035,16.07,0.005,0.00011811720750749558,1.9741863069299735e-14,True,-3.927686829048825,-13.704611864709133,0.5799062091042586,0.46879641280871315,0.2737102909353943,0.08146208529647006,-0.05578001519702092,-0.12176101787164424,-0.13185602691204776,-0.11420161272997237,-0.08748969119963668,-0.05048514917863668,0.01019970798943659,0.1011978376906961,0.20781659220493226,0.295978580277969,0.33035000000150017,0.08035000000000003,0.02624797821044922,
1,0.19502536910988313,2.594401032017067e-05,0.005188802064034134,0.005,3.939913534257314e-05,1.1232608448080766e-14,True,-4.404513309140663,-13.949519379707946,0.49962231028991394,0.40899757891613725,0.2583400562296166,0.10512260959264895,-0.022124585299215235,-0.10848480469501746,-0.14857909587961057,-0.14431560362823867,-0.10305941057503652,-0.035885406052563525,0.04414205236981104,0.12362412042337251,0.1903444782548913,0.23456582840491874,0.2500259440118203,2.5944010320189115e-05,0.010451078414916992,
2,1.843630195370237,390.69093145536027,78138.18629107205,0.005,0.00022715622271626097,2.8418617039176347e-14,True,-3.643675361625854,-13.546397060358874,390.9952059719001,291.26657784123483,75.0181469550969,-114.97810554979098,-163.71991374869572,-64.68310922859682,81.19132434108467,146.3281480642402,75.6270277517829,-71.04807212744382,-165.04918021276038,-108.95633455607347,85.17355325964458,298.942136600336,390.94093145536175,390.69093145536027,0.0218658447265625,
3,48.61011248107067,0.001019172760250909,0.20383455205018178,0.005,nan,nan,False,nan,nan,0.5006150424854742,0.4097370077248875,0.2585301133527893,0.10483004078894687,-0.02254074382300883,-0.10864896867372552,-0.14837231059367093,-0.1439432359587182,-0.10286688676978958,-0.03606593583826412,0.04372234607058021,0.12334681335154048,0.19056052568530835,0.2353252137474681,0.25101917276175106,0.0010191727602509304,0.13165831565856934,
4,0.04276203908045105,9.679446093989311,1935.8892187978622,0.005,3.063110693372203e-05,9.898610834922096e-15,True,-4.513837308563296,-14.00442574975191,10.174203334961833,7.615033561454336,2.110524407330188,-2.74607996988026,-4.07775950431875,-1.7083298791739332,1.8666280390154832,3.4845595410035677,1.7731637655943349,-1.7952219591915937,-4.046067388437489,-2.5788466437482453,2.2958149969807433,7.63508639004136,9.929446093990812,9.679446093989313,0.005990028381347656,
5,0.0124665992767016,0.054965821676405006,10.993164335281001,0.005,3.0188142744418726e-05,1.0122868469941948e-14,True,-4.520163605117409,-13.994696406058678,0.5545347213362776,0.4498986586506411,0.2688529568050424,0.08893933430442758,-0.045144154948717305,-0.11756544086068187,-0.13714088659150583,-0.1237182999238427,-0.0924100668978492,-0.045871307429428486,0.020926239560289998,0.10828503906527258,0.20229501774341607,0.27657079234095927,0.30496582167790515,0.05496582167640501,0.005491971969604492,
6,12.271789719781864,0.18275913503142974,36.55182700628595,0.005,nan,nan,False,nan,nan,0.6822641457550697,0.5450369210770414,0.29330656781726633,0.05129610578127816,-0.09868899710137133,-0.13868752253029723,-0.11053495432752727,-0.07580778758956824,-0.0676390813882789,-0.06909908801427408,-0.03307507546248048,0.07260545414723116,0.23009265950193436,0.3742767528705848,0.43275913503292984,0.1827591350314297,0.24990081787109375,
7,9.73814739014183,0.0006889725595803603,0.13779451191607206,0.005,0.005727912712653888,6.327329764715215e-13,True,-2.242003608839446,-12.198779530601058,0.5002850073649554,0.40949118364755593,0.2584669286129045,0.10492730567148184,-0.022402391375924525,-0.1085943921436804,-0.1484410566332089,-0.14406703007886165,-0.10293089156136537,-0.036005918474218315,0.04386187798026202,0.1234390044512974,0.1904887004336903,0.23507275509429926,0.25068897256108047,0.0006889725595803364,0.04814577102661133,
8,0.892045840300774,14.44757669505939,2889.5153390118776,0.005,0.00010658103253998307,1.869357318186209e-14,True,-3.9723200766993023,-13.728307677495138,14.939950158790966,11.16476279609522,3.022919648622088,-4.150596568848663,-6.075585475762646,-2.4964215353265704,2.8593291159915566,5.272161520923726,2.6974006519071465,-2.661879912521739,-6.0609249416083095,-3.9100972093280326,3.332980266638907,11.280619697515736,14.697576695060889,14.44757669505939,0.026302814483642578,
9,0.49172986297255333,0.00835135028070808,1.6702700561416162,0.005,6.710355258256568e-05,1.4705689448040497e-14,True,-4.173254486892662,-13.832514609615906,0.5079435543601338,0.4151955924566275,0.2599331462052181,0.10267024989904257,-0.025612894295212553,-0.10986085408726798,-0.14684578770029547,-0.14119435675441244,-0.10144564446575553,-0.03739863632300055,0.04062400533826743,0.1212996870692089,0.19215542324819807,0.24093112088456345,0.25835135028220824,0.008351350280708103,0.016909360885620117,
10,5.589659543621179,1.213517541163301,242.7035082326602,0.005,0.0013238579340412832,1.0984752206025836e-13,True,-2.878158617443384,-12.959209735445285,1.7125072349556265,1.3124054254709856,0.4905450965742769,-0.2523275597730014,-0.5305722835181109,-0.3090545211186777,0.10406381938047737,0.310629984733019,0.13215933428646748,-0.2564502839810142,-0.46864019182549066,-0.2151798071942308,0.45430355255261096,1.1623558588979306,1.4635175411648012,1.213517541163301,0.1213381290435791,
11,21.40359616957967,3.165271113868253e-05,0.006330542227736506,0.005,nan,nan,False,nan,nan,0.49962801613672697,0.4090018288714935,0.2583411486056223,0.10512092801852085,-0.022126977220014523,-0.10848574824708408,-0.14857790735649223,-0.14431346340060236,-0.10305830402148108,-0.03588644366905969,0.04413964005774886,0.12362252656787037,0.1903457200132908,0.23457019306283552,0.25003165271263883,3.165271113869661e-05,0.20104146003723145,
12,0.022641137018814653,311.7144873417353,62342.897468347066,0.005,3.031233637634618e-05,1.0967478294518574e-14,True,-4.518380588335451,-13.959893216424284,312.0582453090863,232.47100029241506,59.905781583381696,-91.7145383437684,-130.62912736229143,-51.62963359087317,64.7488214638058,116.71938528561874,60.31852450246896,-56.69327165250588,-131.6762929623149,-86.90630180945607,67.99457226919773,238.55971807818094,311.9644873417368,311.7144873417353,0.008598566055297852,
13,0.07762025070869294,0.00017693592111636726,0.03538718422327345,0.005,3.174847488368614e-05,1.0078192762010131e-14,True,-4.498277132277766,-13.996617339304649,0.4997732267138767,0.4091099878337594,0.25836894895769186,0.10507813290717904,-0.022187850252737878,-0.10850976111400026,-0.14854766011473694,-0.14425899581665091,-0.10303014285878281,-0.035912850422554286,0.04407824807890778,0.12358196384599178,0.19037732206286961,0.23468127114045187,0.25017693592261653,0.00017693592111639456,0.012349128723144531,
14,84.73413507562371,56.7679726935589,11353.59453871178,0.005,nan,nan,False,nan,nan,57.23918851601565,42.67101953825296,11.121046807713345,-16.61663486097701,-23.807647225207603,-9.491269991031183,11.670225083550845,21.13834263201679,10.90063044942995,-10.354057591537,-23.94415354101381,-15.725849717432427,12.53852612940814,43.63720262404281,57.0179726935604,56.7679726935589,0.1680150032043457,
15,1.0588432381948947,0.02139704041973553,4.279408083947106,0.005,0.00012460741177593802,2.031522280204868e-14,True,-3.904456124629838,-13.692178410296975,0.520982722442228,0.4249077147844386,0.26242947581488657,0.0988274675010205,-0.03107898168998933,-0.11201708687690946,-0.1441297398957319,-0.13630344593986457,-0.09891691590467322,-0.0397698278992404,0.035111319232931607,0.11765736184177882,0.19499312587485948,0.2509053648597896,0.2713970404212357,0.021397040419735558,0.021676063537597656,
16,0.10756285354183442,0.46526197116188006,93.05239423237602,0.005,3.318817612202067e-05,1.0305055714053069e-14,True,-4.479016613873616,-13.986949655875025,0.9646257475344477,0.7553517509720467,0.3473642824442613,-0.03191888050953812,-0.21705645601730594,-0.18538048180953737,-0.051719268865271686,0.030104292311623843,-0.012879771401855852,-0.1204469537199306,-0.15245162379818977,-0.00626865645119809,0.291542765367046,0.5902677952171189,0.7152619711633803,0.4652619711618802,0.021054744720458984,
17,0.16669596775970963,0.0127792106942177,2.55584213884354,0.005,3.7122478285804186e-05,1.090150835689126e-14,True,-4.430363038112615,-13.962513407953507,0.5123692011109394,0.41849200081281157,0.2607804297862267,0.10136596443184213,-0.027468148538888796,-0.11059270481419906,-0.14592392918404504,-0.13953432419569362,-0.10058736430021403,-0.03820344658611344,0.03875293494507314,0.12006343911944214,0.1931185728395192,0.2443164964056689,0.26277921069571786,0.012779210694217724,0.01228475570678711,
18,1.6335763773555714,0.7861522291480464,157.23044582960927,0.005,0.00019654734414621547,2.613587781624272e-14,True,-3.706532820225658,-13.582762908830125,1.2853555797777334,0.9942448571359833,0.4087675385333043,-0.12644139499093196,-0.3515080776327503,-0.2384182351803889,0.015088486908554632,0.15040805672286434,0.04932041514980659,-0.17877213763319438,-0.2880494532488471,-0.09586044266134464,0.361342915321036,0.8356084163968496,1.0361522291495464,0.7861522291480463,0.022932052612304688,
19,73.2349228827802,0.0002753957058867317,0.055079141177346344,0.005,nan,nan,False,nan,nan,0.499871637274703,0.409183288170029,0.25838778951526026,0.10504913026156994,-0.022229104474069998,-0.10852603485759837,-0.14852716127723478,-0.1442220826276207,-0.10301105777649024,-0.035930746525386546,0.04403664216295748,0.12355447411151743,0.19039873906625432,0.2347565497883871,0.2502753957073869,0.00027539570588674955,0.20023751258850098,
20,0.06678572141056066,36.146260401292245,7229.252080258449,0.005,3.133393934544901e-05,1.0011938338688663e-14,True,-4.5039850015931755,-13.999481833779129,36.62778583406474,27.318777513719464,7.175023987253641,-10.542233877258317,-15.167239518277704,-6.082848378278303,7.376887145821192,13.407133735446976,6.903393638180313,-6.605844200450765,-15.230085859632702,-9.968317374223822,8.052884778556333,27.870617077552023,36.396260401293745,36.146260401292245,0.012640953063964844,
21,0.025961529658041778,6.481785564926847e-05,0.012963571129853692,0.005,3.0368211105265472e-05,1.1262655831283528e-14,True,-4.517580790234979,-13.948359187027455,0.4996611647006689,0.40902651931999207,0.25834749484958247,0.1051111587819228,-0.02214087327123323,-0.10849122988671409,-0.14857100253835107,-0.1443010295805266,-0.10305187541193551,-0.03589247178336029,0.0441256255418914,0.12361326693950002,0.19035293410596726,0.23459554988484319,0.2500648178571494,6.481785564926845e-05,0.008086681365966797,
22,24.65322818922717,156.38654436660053,31277.308873320108,0.005,nan,nan,False,nan,nan,156.8079569215301,116.83403766145703,30.18334151884838,-45.96061664052603,-65.54739522663255,-25.956541541216595,32.41031625564523,58.4859681185298,30.210327730238244,-28.460782147373425,-66.03973530349138,-43.53911470061577,34.20758920604529,119.80181543804471,156.63654436660204,156.38654436660053,0.18252825736999512,
23,3.6394076575288583,0.004377887028428219,0.8755774056856439,0.005,0.0006136530986396668,5.4467007834130985e-14,True,-3.212077068471593,-13.263866482204726,0.5039720775994292,0.4122374690641551,0.2591728128028539,0.10384068660896943,-0.02394803048460277,-0.10920410755552488,-0.14767304298750966,-0.1426840329758065,-0.10221584595800101,-0.036676417529521915,0.042303062208963474,0.12240906842732878,0.191291114270461,0.23789316034108318,0.25437788702992836,0.004377887028428229,0.02623605728149414,
24,0.32160528678927686,2.2535781592406563,450.71563184813124,0.005,5.096946978405588e-05,1.2788915573557923e-14,True,-4.292689884187562,-13.893166279632888,2.7520478855576744,2.0866991457309343,0.6895636298283632,-0.5586913161883875,-0.9663531562577571,-0.48095901862043816,0.3205992673512359,0.7005552144854955,0.3337608564873619,-0.4454922549370776,-0.9081361216597904,-0.5055622236787984,0.6805378656746023,1.9575470862821949,2.5035781592421564,2.2535781592406563,0.02412581443786621,
25,0.5804789060354227,0.00039693520511698563,0.07938704102339712,0.005,7.554195825954073e-05,1.5626045815738136e-14,True,-4.121811761230901,-13.80615090666838,0.4999931160115263,0.4092737706567051,0.25841104644129786,0.10501332917758517,-0.022280028995320316,-0.10854612328915576,-0.1485018573579684,-0.14417651670931014,-0.10298749900729307,-0.03595283760939084,0.04398528350722399,0.1235205405764221,0.19042517637639533,0.23484947431787,0.2503969352066171,0.0003969352051169661,0.016997575759887695,
26,6.365473806462787,25.30588167845664,5061.176335691328,0.005,0.0019085749706424758,1.4760789433242101e-13,True,-2.719290775878968,-12.830890415051412,25.79282664568503,19.248442934714294,5.100686938201866,-7.349055432878135,-10.625168009601238,-4.291116411229407,5.119974210052959,9.343007961778707,4.802134525228011,-4.635491199811913,-10.649292929163101,-6.941709776135948,5.694882185518473,19.582471259804333,25.55588167845814,25.30588167845664,0.06155252456665039,
27,14.079460940736778,0.08868833605670075,17.73766721134015,0.005,nan,nan,False,nan,nan,0.5882403764966793,0.47500405218463293,0.2753058550620814,0.07900591696148682,-0.059273741717214244,-0.12313920433973465,-0.13012002681552826,-0.11107551839840085,-0.08587341882816568,-0.052000729573908874,0.006676197248990497,0.09886979437137385,0.20963034968942892,0.302353758385883,0.33868833605820087,0.08868833605670073,0.17143750190734863,
28,0.014367369149378011,0.1122591401457814,22.451828029156278,0.005,3.0205920217482438e-05,1.0214482056496673e-14,True,-4.519907929036083,-13.990783650148355,0.6117993966077108,0.49255180398912946,0.27981619491717563,0.07206282157170944,-0.0691498060528709,-0.12703506114098168,-0.12521270263292908,-0.10223867654501398,-0.08130454091733579,-0.05628497145805608,-0.003284061105202983,0.09228888271016286,0.21475747841648699,0.32037510859206497,0.36225914014728156,0.11225914014578142,0.006803989410400391,
29,0.036938225686732176,0.0020133263702046883,0.40266527404093766,0.005,3.050506506675509e-05,9.878153024018116e-15,True,-4.515628044328287,-14.005324250398411,0.5016086990786833,0.4104771250639941,0.2587203474505364,0.1045371995553634,-0.022957289859127185,-0.1088132855162136,-0.14816533275647426,-0.14357052155339142,-0.10267418369307979,-0.03624663372701426,0.04330224895545969,0.1230692480610203,0.19077677429156883,0.23608530620320306,0.2520133263717048,0.002013326370204682,0.006136655807495117,
30,41.80123650095133,5.034142803656999,1006.8285607313998,0.005,nan,nan,False,nan,nan,5.531222415635528,4.156745550264906,1.2216325184407304,-1.3777437969889295,-2.1313976415423976,-0.9405395081241775,0.8994989972567525,1.7430062879814985,0.8727352731214423,-0.9508891631700899,-2.083112678431262,-1.2818891671311627,1.2853671626281753,4.0834622242883825,5.284142803658499,5.034142803656999,0.13196396827697754,
31,2.8587672326255826,1.409815658062636e-05,0.0028196313161252718,0.005,0.00041464278000055124,4.1360778571138046e-14,True,-3.382325892402049,-13.3834112947215,0.4996104703583856,0.4089887600357737,0.2583377894920867,0.1051260989471986,-0.02211962193805028,-0.10848284677497012,-0.1485815621274441,-0.14432004471288384,-0.103061706731726,-0.03588325294388922,0.04414705804391642,0.12362742775717057,0.19034190154105604,0.2345567715107235,0.25001409815808073,1.4098156580599763e-05,0.016207218170166016,
32,0.3010543892003884,699.8859381762521,139977.18763525042,0.005,4.9022712486150515e-05,1.2539810149229495e-14,True,-4.309602662378591,-13.901709038606272,700.0356338689927,521.4529226355274,134.18348372251833,-206.05562745327646,-293.2712759804974,-115.78783460380102,145.5641869674921,262.24728963969335,135.5602498432778,-127.24752095220775,-295.7049752856722,-195.282834815789,152.4297484759967,535.3410085718399,700.1359381762536,699.8859381762521,0.023873329162597656,
33,0.2528564073740438,0.0015980767844697404,0.3196153568939481,0.005,4.451594231329021e-05,1.1944552455474161e-14,True,-4.351484429046668,-13.922830117974316,0.5011936570926545,0.41016798428797907,0.2586408882708973,0.10465951687103185,-0.0227833020898269,-0.10874465175570688,-0.14825178565499184,-0.14372620121985322,-0.10275467414442696,-0.036171157741517246,0.043477719980536345,0.12318518474399252,0.19068644907093257,0.2357678219892908,0.25159807678596985,0.0015980767844697152,0.013328790664672852,
34,2.5802703747798965,6.174048271581773,1234.8096543163547,0.005,0.00035602768116578927,3.743107144458848e-14,True,-3.4485162343018554,-13.426767741258205,6.670557999692051,5.005370745915268,1.439756645372944,-1.7135181884445423,-2.609013071853795,-1.1289466771460732,1.1368216463901226,2.1703639763230966,1.0936903535316356,-1.15807898712328,-2.5647998078554246,-1.6001480249195354,1.5333197589265415,4.954991068267474,6.424048271583274,6.174048271581774,0.017396211624145508,
35,32.39254073939731,2.3710537607308224e-05,0.0047421075214616444,0.005,nan,nan,False,nan,nan,0.49962007793380253,0.4089959161631535,0.2583396288483124,0.10512326749188892,-0.022123649483868385,-0.10848443553960697,-0.14857956087752128,-0.14431644097112578,-0.10305984350316674,-0.035885000095375666,0.04414299616303773,0.12362474400356796,0.19034399242920355,0.23456412077569308,0.25002371053910744,2.371053760730213e-05,0.13408112525939941,
36,0.035521334764801155,427.4261791213982,85485.23582427963,0.005,3.0477168176409346e-05,9.873619450288188e-15,True,-4.5160253884641195,-14.00552361540136,427.71208823341084,318.61486032171956,82.0475402252079,-125.79896374998086,-179.11182265281923,-70.7548267620486,88.83942020340743,160.1004221386813,82.74765295302409,-77.7250902758518,-180.57230602875757,-119.21272711821331,93.16421589857376,327.0285251935526,427.6761791213996,427.42617912139815,0.0067827701568603516,
37,0.016236681765807805,0.0007538592295911721,0.15077184591823442,0.005,3.0225842370656982e-05,1.0252236591638483e-14,True,-4.519621586849979,-13.989181380125576,0.5003498615955513,0.4095394898137973,0.2584793448602547,0.10490819243556052,-0.022429578608279068,-0.10860511681703972,-0.14842754755122473,-0.1440427036605048,-0.10291831416806986,-0.0360177123098606,0.043834458975182324,0.1234208882495031,0.19050281460258153,0.23512236500152,0.2507538592310913,0.0007538592295911473,0.00565648078918457,
38,17.09871276131221,13.205679982063089,2641.1359964126177,0.005,nan,nan,False,nan,nan,13.698674319123802,10.240208198631375,2.7852792092306875,-3.784779292951029,-5.555236157621486,-2.2911569318158946,2.6007723968849543,4.806566677000973,2.4566759639373537,-2.4361521056342217,-5.53613961549391,-3.563362641865269,3.062842502599196,10.331112183888717,13.455679982064588,13.205679982063089,0.22006511688232422,
39,6.518761460259384,0.03505506465194531,7.011012930389061,0.005,0.0018890314122801165,1.5672078450589942e-13,True,-2.7237608202324854,-12.80487340303597,0.534633918487451,0.43507570135209434,0.26504297728066456,0.09480431391144681,-0.03680163440499573,-0.11427452817571102,-0.1412862071783946,-0.13118296724454184,-0.09626949475670182,-0.04225231764584339,0.029339880573201506,0.11384407441216202,0.19796402360627197,0.2613477764501178,0.28505506465344543,0.0350550646519453,0.026740550994873047,
40,0.7376973396167665,0.28652886891141044,57.30577378228209,0.005,9.084275031836333e-05,1.7190921423178638e-14,True,-4.041709725729194,-13.76470084476278,0.7859820010372061,0.6222903540979416,0.3131631991270239,0.020729343689598473,-0.14216806400208104,-0.1558389112556059,-0.08893061182963952,-0.03690386543231626,-0.047524738103885945,-0.08796033002007295,-0.0769248039182578,0.0436331946863041,0.2526646846888771,0.45361518816476987,0.5365288689129106,0.2865288689114105,0.02464604377746582,
41,0.4084723977127027,5.144134866111933e-05,0.010288269732223866,0.005,5.9218890623267404e-05,1.3798658442499383e-14,True,-4.227539732723588,-13.860163135290179,0.49964779488112615,0.4090165609145108,0.2583449352172355,0.1051150990108454,-0.02213526857301835,-0.10848901897547279,-0.1485737874605783,-0.14430604451664664,-0.10305446826481704,-0.03589004046233765,0.04413127802048208,0.12361700162799397,0.1903500244439554,0.23458532271074858,0.2500514413501613,5.144134866114092e-05,0.012740612030029297,
42,3.725015445046868,191.77223448410362,38354.44689682072,0.005,0.0006389697060536997,5.6130142581720316e-14,True,-3.1945197315217047,-13.250803854584609,192.1759563317488,143.17761530378377,36.95449314497917,-56.383944626724954,-80.37384539105292,-31.80519994888448,39.77744094835048,71.75228462854605,37.069359663401194,-34.89250399818169,-80.99258181138957,-53.418714049632165,41.90469566208989,146.8563830923732,192.02223448410513,191.77223448410362,0.019652128219604492,
43,29.956234856031468,0.00736376395581743,1.472752791163486,0.005,nan,nan,False,nan,nan,0.5069564617687421,0.414460364262918,0.259744168775994,0.10296115665103292,-0.025199099922955513,-0.10969762270635695,-0.1470513982614042,-0.14156460904350043,-0.10163707456409998,-0.0372191321074754,0.04104132733143338,0.12157541878957631,0.1919406031598523,0.24017604952796362,0.2573637639573176,0.007363763955817448,0.193925142288208,
44,0.029356319550548553,1.3764813828895102,275.296276577902,0.005,3.0368431376651906e-05,9.8559288399373e-15,True,-4.517577640154772,-14.006302440785792,1.8753896046061933,1.4337270841174772,0.5217286874055077,-0.3003307375141382,-0.5988534239998391,-0.33598969858428274,0.13799208073167868,0.37172614809309745,0.16374764556821036,-0.28607067850325274,-0.5375034329712131,-0.26067891882057415,0.48975149871636786,1.2869518825038173,1.6264813828910103,1.3764813828895102,0.008797645568847656,
45,0.06418664016431178,0.02426702420393686,4.8534048407873716,0.005,3.1243274266132604e-05,9.997390132828675e-15,True,-4.50524345875123,-14.000113359884455,0.523851271407923,0.42704433103807865,0.2629786553081459,0.09798207541742777,-0.03228149240570116,-0.11249144684370962,-0.1435322235456468,-0.13522747107167918,-0.09836060881109587,-0.040291477677866096,0.0338985570439559,0.1168560692901307,0.19561740565125396,0.2530996465086331,0.27426702420543697,0.024267024203936838,0.012948751449584961,
46,56.72012090191506,0.4101853753121697,82.03707506243394,0.005,nan,nan,False,nan,nan,0.9095766866552908,0.7143488886787316,0.3368252204587202,-0.015695333052966345,-0.19397960204384798,-0.17627724843151146,-0.06318594219924313,0.009455732105217357,-0.023555616028557463,-0.11043620237331493,-0.12917803831254449,0.009108596294077287,0.2795624868961713,0.5481583017004431,0.6601853753136698,0.4101853753121697,0.19712519645690918,
47,1.4752374266931563,0.0001088692663117904,0.02177385326235808,0.005,0.0001750754554902382,2.4478782828930942e-14,True,-3.756774735083414,-13.611210180636803,0.4997051940882874,0.40905931426487485,0.2583559242112807,0.10509818285012479,-0.022159330620593703,-0.10849851084273007,-0.1485618312537396,-0.14428451443119303,-0.10304333664862662,-0.03590047859118504,0.04410701084256221,0.12360096789187201,0.19036251618268477,0.23462922993647084,0.25010886926781195,0.00010886926631181737,0.0221097469329834,
48,0.14008944348368388,92.27122448250276,18454.244896500553,0.005,3.519411901026164e-05,1.0613242032330507e-14,True,-4.453529901714341,-13.974151931680312,92.72469082394174,69.10211829459722,17.91469419131286,-27.074592208818,-38.68335521834561,-15.359359362340257,19.061825531560324,34.448733747829934,17.782450104292,-16.80714751425548,-38.94667780346274,-25.63827200161778,20.261204637240493,70.78165351034978,92.52122448250428,92.27122448250277,0.01110386848449707,
49,0.12154685735239702,0.00018876946534668055,0.03775389306933611,0.005,3.399826076524401e-05,1.0430584013063617e-14,True,-4.468543299410016,-13.981691374550437,0.49978505434204984,0.4091187975500651,0.25837121333976243,0.10507464717855988,-0.022192808456272035,-0.10851171699949311,-0.14854519642968197,-0.14425455934691772,-0.1030278490881233,-0.035915001293845644,0.044073247606402285,0.123578659948979,0.19037989609913655,0.23469031862325937,0.2501887694668468,0.00018876946534668315,0.010066986083984375,
50,1.2857460217770507,52.74201414979744,10548.402829959488,0.005,0.00015107826925540795,2.255504579383474e-14,True,-3.8207979990704284,-13.646756286811026,53.21524270830371,39.6738149866337,10.350668283236256,-15.430734961296695,-22.120788115921034,-8.82584687203298,10.832040537734061,19.628985597566153,10.120253463095832,-9.622297225966209,-22.242913860450127,-14.601811800522093,11.662798359339122,40.55910615527166,52.99201414979894,52.74201414979744,0.022066354751586914,
51,86.79130451032533,0.015023913343781451,3.00478266875629,0.005,nan,nan,False,nan,nan,0.5146127815447887,0.42016311414524504,0.2612099599704707,0.10070475726391073,-0.02840866918034542,-0.11096371634401493,-0.1454565932563729,-0.13869277113508918,-0.10015225940038908,-0.03861144493323696,0.03780439631085849,0.11943672355273356,0.1936068412666287,0.24603271161850812,0.2650239133452816,0.015023913343781448,0.19115209579467773,
52,0.09865861591521687,0.6685875124037424,133.71750248074846,0.005,3.2716468307901406e-05,1.0231268113805164e-14,True,-4.485233583887407,-13.990070534352727,1.1678496382893024,0.9067214759819785,0.38627119833715684,-0.09181113631401225,-0.3022489729462082,-0.21898676820183316,-0.009387902412716503,0.10633230922263731,0.026532103160278042,-0.15740351220699678,-0.2383704118514725,-0.06303665725098731,0.3357702011179001,0.7457228560938314,0.9185875124052425,0.6685875124037424,0.014030694961547852,
53,0.019013326508913065,0.0037237252377129047,0.744745047542581,0.005,3.02598840315828e-05,1.0623970983442817e-14,True,-4.519132740706096,-13.973713124134555,0.503318242850089,0.41175046536669635,0.25904763709882656,0.10403337870789481,-0.02367393954113658,-0.10909598563266461,-0.14780923621888087,-0.14292928232195662,-0.10234264627183047,-0.03655751673461481,0.04257948979354405,0.12259170882180015,0.1911488207917725,0.23739301284176875,0.25372372523921305,0.003723725237712916,0.0077207088470458984,
54,19.31473631969682,2.649794582556632,529.9589165113264,0.005,nan,nan,False,nan,nan,3.148066224598824,2.3816703071277976,0.765380760146493,-0.6754021594707189,-1.1323661133348175,-0.5464469180449809,0.403089556114112,0.8490992293322297,0.4105619896839596,-0.5175087627126302,-1.0755643487786868,-0.6161848936016857,0.7667229868286416,2.2604792601288164,2.899794582558132,2.649794582556632,0.1430349349975586,
55,4.332057230610469,9.45643526350671e-05,0.01891287052701342,0.005,0.0008414371023979178,6.95420470136801e-14,True,-3.074978342079631,-13.15775252973471,0.4996908963262033,0.40904866468865186,0.2583531869256948,0.10510239655364652,-0.022153336924016644,-0.10849614648150471,-0.148564809465622,-0.14428987743278643,-0.1030461094604436,-0.03589787852246904,0.04411305563574857,0.12360496178927459,0.1903594045733577,0.23461829293754355,0.2500945643541352,9.456435263505147e-05,0.023659706115722656,
56,0.47290893032807285,107.17969022852645,21435.93804570529,0.005,6.5321413415692e-05,1.4505004565603566e-14,True,-4.1849444266298805,-13.838482130162514,107.62570323776542,80.20102080587192,20.767471168223395,-31.466080059579234,-44.92993748584967,-17.82347757626709,22.165693953037124,40.03801078633698,20.67225223297401,-19.51691817528599,-45.24651254536829,-29.800679686480024,23.504098800456994,82.1801056476031,107.42969022852796,107.17969022852645,0.013193845748901367,
57,0.8574366872856622,0.05863333440057149,11.726666880114298,0.005,0.00010297878231939072,1.835766429931435e-14,True,-3.987252247827253,-13.736182576209277,0.5582004005256493,0.4526290111146591,0.2695547457107733,0.08785901941186493,-0.0466808268195122,-0.11817161892470146,-0.1363773286826083,-0.12234332646870473,-0.09169916972990343,-0.04653791649223919,0.019376467473095373,0.10726107835680919,0.20309277626594507,0.2793748346187724,0.30863333440207164,0.0586333344005715,0.015313863754272461,
58,7.542822218543653,0.16977595534989315,33.95519106997863,0.005,0.002736052520680868,2.3716512545099085e-13,True,-2.562875570247622,-12.624949172549416,0.6692874568790143,0.5353713358970122,0.2908221997599792,0.05512047488853689,-0.09324910131624427,-0.13654162166611933,-0.11323798776573527,-0.08067526284269268,-0.07015569315235477,-0.06673925837202543,-0.027588804251778495,0.07623032660567235,0.22726855416966868,0.3643503020398664,0.41977595535139334,0.1697759553498932,0.06115984916687012,
59,11.080571987877603,0.00048382625564186507,0.09676525112837302,0.005,nan,nan,False,nan,nan,0.5000799636217753,0.4093384584197055,0.25842767328893324,0.10498773425727477,-0.0223164359673495,-0.10856048491589007,-0.1484837670733994,-0.14414394071109382,-0.10297065636586719,-0.035968630972935386,0.04394856616365674,0.12349628080465135,0.19044407694506438,0.2349159079467515,0.250483826257142,0.00048382625564186155,0.2029249668121338,
60,0.01047477863531898,20.76450042164687,4152.900084329373,0.005,3.0172203590622674e-05,9.960509328493174e-15,True,-4.520392970491236,-14.001718453453963,21.2537158051428,15.867521739030192,4.231680823588404,-6.011330883973824,-8.722349026613035,-3.5405026014699708,4.174481218820239,7.640415729002294,3.9218498972416773,-3.8100473278602185,-8.73025230450864,-5.673767080672728,4.707039504619051,16.11030197192359,21.014500421648368,20.76450042164687,0.006493568420410156,
61,0.054322822467111884,1.1566495680370361e-05,0.002313299136074072,0.005,3.09306627551595e-05,9.94706813383494e-15,True,-4.50961077421522,-14.002304907287266,0.4996079399631629,0.4089868752906898,0.25833730505163166,0.10512684468175473,-0.022118561183150597,-0.10848242833407606,-0.1485820892066524,-0.14432099384838715,-0.10306219745955697,-0.03588279278785787,0.04414812784181286,0.12362813459078889,0.1903413508533799,0.23455483589802592,0.2500115664971805,1.156649568034851e-05,0.011744499206542969,
62,49.76146134212984,852.9736473089466,170594.72946178933,0.005,nan,nan,False,nan,nan,853.0468083956895,635.4220988259972,163.4772487216571,-251.14965833545534,-357.4143598854367,-141.09065374216996,177.43628663139816,319.64082912991427,165.23420793280866,-155.07282436297558,-360.3948826834277,-238.02455403809319,185.72943516837222,652.3861126809724,853.2236473089482,852.9736473089467,0.1883680820465088,
63,2.2400079448325703,0.0030453002682765368,0.6090600536553074,0.005,0.000292073176108467,3.304716010682753e-14,True,-3.5345083266382304,-13.480865855480191,0.5026401570521514,0.4112453984654294,0.258917818567105,0.10423321785041205,-0.023389682431377082,-0.10898385341514137,-0.14795048092338955,-0.14318362808553944,-0.1024741496709211,-0.0364342058514423,0.0428661702115724,0.12278112343726033,0.191001249578809,0.23687431462864778,0.2530453002697767,0.0030453002682765407,0.02251911163330078,
64,0.22050045682749628,3.3286195547422737,665.7239109484548,0.005,4.159345414818758e-05,1.154306698038584e-14,True,-4.380975011945553,-13.937678784274729,3.826551825308585,2.887034998361482,0.89527583352248,-0.8753591281441502,-1.4167908225054935,-0.658645249283536,0.5444175392057892,1.1035949564471645,0.5421429238352677,-0.6408923505975284,-1.3624137950128699,-0.8057111888648675,0.914381208516112,2.7794833003060613,3.5786195547437742,3.328619554742274,0.01407003402709961,
65,0.22881713085702343,0.03901071147592103,7.802142295184206,0.005,4.2332638986212765e-05,1.1645861337438556e-14,True,-4.3733246570769975,-13.93382838516598,0.5385875877269893,0.4380205609517516,0.26579990145921306,0.09363912526860978,-0.038459033209681304,-0.1149283299520219,-0.1404626611829438,-0.1296999705135343,-0.09550274673534434,-0.04297129811584023,0.027668352348036076,0.11273966735786074,0.19882445714891456,0.26437211522266996,0.2890107114774212,0.039010711475921056,0.014043331146240234,
66,2.096034567768824,0.25752897212419196,51.50579442483839,0.005,0.0002673593447883034,3.131213794899756e-14,True,-3.5729046317653643,-13.504287278350725,0.7569966024463952,0.6007008067386358,0.30761398706880627,0.02927165089839806,-0.13001723345274685,-0.15104571689927565,-0.09496824611054742,-0.047776108089150754,-0.05314597136121253,-0.08268929336039005,-0.06467038683710902,0.05172989593670105,0.24635661800869338,0.4314429578933511,0.5075289721256921,0.257528972124192,0.02164459228515625,
67,53.05802242650563,0.0009708161775235076,0.19416323550470152,0.005,nan,nan,False,nan,nan,0.5005667100781168,0.4097010077094189,0.2585208601842717,0.10484428486671915,-0.022520482625288826,-0.1086409761452996,-0.14838237819369463,-0.14396136514398133,-0.10287626003180608,-0.03605714652007574,0.043742779996180314,0.12336031439282717,0.19055000714620773,0.23528824212321583,0.2509708161790236,0.0009708161775234814,0.19586586952209473,
68,0.05222902130983373,10.253752187472802,2050.75043749456,0.005,3.0870778730052536e-05,9.937399888441969e-15,True,-4.510452415095195,-14.002727233491823,10.748222310094437,8.042587103971234,2.220419498421376,-2.9152495058416354,-4.318391258168425,-1.8032530006694685,1.9861957113831479,3.699870486882629,1.884485144986194,-1.8996081401094844,-4.288750541878702,-2.7391915201226955,2.4207382392636734,8.074179226971978,10.503752187474301,10.253752187472802,0.013405561447143555,
69,0.011421486430238105,1.8412995210524517e-05,0.0036825990421049033,0.005,3.0179435772705755e-05,1.0031510289235763e-14,True,-4.520288883947143,-13.998633677058987,0.4996147830398569,0.40899197230282525,0.25833861514863055,0.1051248279538084,-0.022121429836658484,-0.10848355994510038,-0.1485806637995011,-0.1443184270528986,-0.103060870359287,-0.03588403721125285,0.04414523473286823,0.12362622306463024,0.19034284010611338,0.2345600704740401,0.2500184129967107,1.841299521054829e-05,0.007361888885498047,
70,10.047437933026371,550.5146581503394,110102.93163006788,0.005,nan,nan,False,nan,nan,550.739030459047,410.2505156786548,105.60086791691583,-162.05632043797175,-230.68535969778998,-91.0992785833677,114.46582936005984,206.2470626623523,106.60667069325912,-100.0977176719643,-232.58551045401228,-153.5787336380137,119.93846061309868,421.1373463667107,550.7646581503409,550.5146581503394,0.28531861305236816,
71,8.300033118423755,0.0014361319073991582,0.28722638147983165,0.005,0.003636018772626247,3.2775097503935267e-13,True,-2.4393738831984355,-12.484456007636107,0.5010317931782389,0.4100474212177459,0.25860989966182746,0.10470721989911429,-0.022715447891101453,-0.10871788499593162,-0.14828550177296954,-0.14378691536699179,-0.10278606494335021,-0.03614172255455261,0.04354615264022267,0.12323039936314423,0.19065122277028154,0.23564400502773292,0.2514361319088993,0.001436131907399163,0.06508255004882812,
72,0.784624031084552,6.869768919927576,1373.9537839855152,0.005,9.554150985606947e-05,1.764949814344755e-14,True,-4.019807899780965,-13.753267639093728,7.36593082974462,5.523313757799667,1.5728847540444573,-1.918452004357102,-2.900516995807367,-1.243937579000016,1.2816672252281633,2.431193998087849,1.2285462833642518,-1.2845335420907085,-2.858788819587161,-1.7943915522230935,1.6846531334122128,5.486912906917005,7.119768919929077,6.869768919927576,0.019253969192504883,
73,0.4503791353140948,0.00012113742650300216,0.024227485300600433,0.005,6.318868847321971e-05,1.4261635849201614e-14,True,-4.199360658637509,-13.845830656844939,0.4997174561151397,0.40906844753963795,0.2583582717583414,0.1050945690995653,-0.022164470926324075,-0.10850053856291897,-0.14855927708380315,-0.14427991502121823,-0.10304095863360888,-0.035902708458504545,0.044101826715428775,0.12359754265113103,0.19036518475675238,0.23463860971029424,0.2501211374280031,0.00012113742650299297,0.012372732162475586,
74,4.575216211345376,82.9208874303192,16584.17748606384,0.005,nan,nan,False,nan,nan,83.37902837539741,62.141074740036636,16.12548081931063,-24.32032545429709,-34.76560468516722,-13.813906179621862,17.115131860940476,30.94323391448791,15.970015184588663,-15.107625279949687,-34.99552822084497,-23.027680444774205,18.22731637756357,63.63273750704293,83.1708874303207,82.9208874303192,0.14215731620788574,
75,18.247913326838027,0.03125541219560485,6.251082439120969,0.005,nan,nan,False,nan,nan,0.5308361656277883,0.4322469748481014,0.2643159030644193,0.09592355232828957,-0.0352095965614782,-0.11364650964021834,-0.14207727592233746,-0.1326074807116097,-0.09700600540398376,-0.04156169079505226,0.030945490631232114,0.1149049282151964,0.19713752200759443,0.25844270510343376,0.281255412197105,0.03125541219560485,0.13886332511901855,
76,0.019920207458849648,0.31854014955241394,63.708029910482786,0.005,3.0272151032790093e-05,1.0613484432991524e-14,True,-4.518956718505584,-13.974142012744421,0.8179772779718035,0.6461217857924011,0.3192886479807018,0.01129999311676913,-0.15558065128092435,-0.16112983662796745,-0.08226602240740852,-0.02490263613696192,-0.04131978928392558,-0.0937787174102134,-0.09045173427786707,0.03469572232581433,0.2596277885331129,0.478089809259565,0.5685401495539141,0.31854014955241394,0.006191253662109375,
77,0.09104399514468203,0.005717719503072861,1.1435439006145722,0.005,3.234191035318865e-05,1.0172304279591059e-14,True,-4.4902343310175885,-13.992580657445316,0.5053112402387805,0.41323493387849974,0.2594291935265111,0.10344602104547732,-0.024509414460668417,-0.10942555929044019,-0.1473940965299087,-0.142181721402399,-0.10195613776245191,-0.036919946192520404,0.041736892402097145,0.12203499043138367,0.19158255505221092,0.2389175458542771,0.255717719504573,0.005717719503072871,0.009534835815429688,
78,96.3074933858008,1.7726298523574775,354.5259704714955,0.005,nan,nan,False,nan,nan,2.271340023772153,1.7286476559267094,0.5975328145631251,-0.4170215640822736,-0.7648379087103121,-0.4014663663826182,0.2204682218413661,0.520244686617263,0.24053560684101843,-0.35807483495125947,-0.7049029449949533,-0.37128261619296665,0.5759218385279923,1.5898321013942909,2.0226298523589774,1.7726298523574773,0.11872410774230957,
79,1.1560517930647225,4.623501405601076e-05,0.009247002811202151,0.005,0.00013565945265727475,2.1268102250393572e-14,True,-3.867549939507506,-13.672271260400601,0.4996425911493738,0.4090126849556289,0.25834393897042185,0.10511663260629076,-0.022133087141476233,-0.10848815845607752,-0.14857487139354952,-0.14430799640404798,-0.10305547744155465,-0.03588909415619155,0.044133478048854015,0.12361845522406076,0.19034889196041282,0.23458134214314236,0.2500462350155561,4.623501405598418e-05,0.016093015670776367,
80,0.13141313508052568,213.4124717088248,42682.494341764956,0.005,3.46181099219189e-05,1.0525646889135213e-14,True,-4.460696647404847,-13.977751203639697,213.8053747452207,159.28811838101012,41.0954135844974,-62.7583657428147,-89.44101061216755,-35.381966573133205,44.28283071141136,79.86534489165459,41.26402359881401,-38.82584502255437,-90.13704513939751,-59.46061609783226,46.611886876946194,163.4016944910717,213.6624717088263,213.4124717088248,0.013077020645141602,
81,0.15203604141554913,7.908740531486197e-05,0.015817481062972392,0.005,3.603136909898184e-05,1.0739324275641325e-14,True,-4.443319235495073,-13.969023043831296,0.49967542711642177,0.40903714256877677,0.25835022536816504,0.10510695549534323,-0.022146852150443527,-0.1084935884028642,-0.1485680316890799,-0.1442956798371221,-0.10304910945494829,-0.03589506542429482,0.04411959569239071,0.12360928291564408,0.1903560380229035,0.23460645984577774,0.250079087406815,7.908740531487046e-05,0.01278543472290039,
82,1.343507425923356,128.16334296008174,25632.668592016347,0.005,0.00015820378308870352,2.313540130529977e-14,True,-3.800783135535534,-13.635722962852405,128.5988654106514,95.82271655683088,24.782752312765904,-37.64709543735515,-53.72199666171466,-21.291721845757515,26.53438609012582,47.90491341699627,24.739646246831256,-23.33091805306596,-54.11352453321093,-35.65926492752684,28.068469549624933,98.22341723982184,128.41334296008324,128.16334296008174,0.02221965789794922,
83,62.139629559380325,0.00358771574642299,0.717543149284598,0.005,nan,nan,False,nan,nan,0.5031823013553279,0.41164921040792657,0.2590216112989888,0.10407344212144541,-0.02361695215618515,-0.10907350555520635,-0.14783755271852797,-0.14298027313077868,-0.10236900985103078,-0.03653279557715986,0.04263696299924166,0.12262968234378449,0.1911192359644026,0.23728902510063626,0.2535877157479231,0.0035877157464229703,0.1843400001525879,
84,0.059008032573971574,2.7496726991934035,549.9345398386807,0.005,3.107290373990454e-05,9.969995984539337e-15,True,-4.507618160350041,-14.001305016602362,3.2478944082112666,2.4560265486382242,0.7844927195186077,-0.7048225936883903,-1.174214609546533,-0.5629550880049259,0.42388368325681525,0.8865441598487136,0.42992199620526605,-0.5356626622990779,-1.1177696058362248,-0.6440706229128557,0.7884485062075108,2.3368423112594727,2.9996726991949036,2.7496726991934035,0.013513803482055664,
85,0.030597144972328866,0.015592397006436614,3.1184794012873227,0.005,3.0388662070186158e-05,9.859222579069128e-15,True,-4.5172884202993355,-14.006157328763804,0.5151809809999567,0.4205863330638481,0.26131874092299795,0.10053730280277194,-0.028646861361016636,-0.11105767711578933,-0.14533823778514599,-0.13847964305493832,-0.10004206661955917,-0.038714772826031627,0.037564173528097905,0.1192780042850057,0.19373049801192457,0.2464673528438343,0.26559239700793674,0.015592397006436609,0.007587909698486328,
86,27.90263731726796,0.6442577472890105,128.8515494578021,0.005,nan,nan,False,nan,nan,1.143532036587281,0.8886087006145573,0.3816156291487942,-0.08464447880992157,-0.2920549072437226,-0.2149654679298208,-0.014453238506184407,0.09721092813455923,0.021816111037638752,-0.15298132116327734,-0.22808944115044177,-0.05624384550163186,0.33047798294957276,0.7271212328352574,0.8942577472905107,0.6442577472890105,0.15516376495361328,
87,3.9903245283937325,0.0002256950762573604,0.045139015251472084,0.005,0.0007223352864972404,6.162315390520628e-14,True,-3.1412611690844403,-13.210256078031811,0.49982196149238584,0.4091462875522322,0.25837827915957645,0.1050637702463216,-0.02220828012654722,-0.10851782018086371,-0.14853750870113888,-0.14424071570447242,-0.10302069156361136,-0.03592171291251861,0.044057644039244934,0.123568350407458,0.1903879281696484,0.23471855055642904,0.2502256950777575,0.00022569507625735952,0.030263423919677734,
88,0.39104218483596415,44.103754738441516,8820.750947688302,0.005,5.756545791739587e-05,1.3601714317967135e-14,True,-4.239838036294931,-13.866406351047948,44.58130190478574,33.24289173087802,8.697712976559604,-12.886220193450027,-18.50139501536219,-7.398088126447491,9.033597890435923,16.39044812475903,8.445845052444874,-8.052202602278578,-18.59266522478705,-12.190030603838489,9.783801452302752,33.95461793180842,44.353754738443016,44.103754738441516,0.017188310623168945,
89,0.6839368397149831,0.00254652553526744,0.509305107053488,0.005,8.554148534930332e-05,1.6661973803774904e-14,True,-4.067823212889057,-13.778273552670381,0.5021416316763759,0.41087407573973367,0.2588223766149127,0.10438013861460002,-0.023180697988861614,-0.10890141435499985,-0.1480543233421596,-0.1433706218520401,-0.10257083032939643,-0.03634354829076529,0.043076936258523504,0.12292038013993249,0.19089275594183858,0.2364929702288733,0.2525465255367676,0.002546525535267463,0.01925516128540039,
90,7.202430818744775,3.9797292819381904,795.9458563876381,0.005,0.00242428477176813,2.060730109349573e-13,True,-2.6154163665423003,-12.685978883376247,4.477336036976738,3.3717665267025247,1.0198675165856699,-1.0671522009662786,-1.6896029646393147,-0.7662627174644122,0.6799753461316159,1.3477000648977349,0.6683516369054351,-0.7592384008165225,-1.6375516764058975,-0.9874994545616036,1.05601080138688,3.277297306654916,4.22972928193969,3.97972928193819,0.03925490379333496,
91,15.441325670828117,1.1145569136389505e-05,0.002229113827277901,0.005,nan,nan,False,nan,nan,0.49960751924705676,0.4089865619235898,0.25833722450615004,0.10512696867129433,-0.022118384816760497,-0.10848235876201001,-0.14858217684146538,-0.14432115165638076,-0.103062279050409,-0.03588271628002543,0.04414830571173661,0.1236282521124649,0.1903412592933055,0.23455451407342326,0.25001114557063653,1.1145569136394862e-05,0.16446423530578613,
92,0.017474338750597177,885.2469911640479,177049.3982328096,0.005,3.024036015492467e-05,1.0456587227110568e-14,True,-4.519413040804264,-13.980610035380405,885.3040175286097,659.4486286690263,169.65284411062635,-260.65620313071156,-370.9367505105153,-146.4248937486501,184.15543631144007,331.74030756305024,171.4899541216499,-160.938844502253,-374.03255246913704,-247.03519381599952,192.7495430854529,677.0610974519307,885.4969911640494,885.2469911640479,0.007941007614135742,
93,0.033680178963914266,0.0005020619256039412,0.10041238512078823,0.005,3.0442539575350343e-05,9.867989041744443e-15,True,-4.516519120707123,-14.005771341459619,0.500098190175004,0.40935203432527384,0.2584311627358229,0.10498236269695105,-0.022324076633703886,-0.10856349896490505,-0.1484799704976079,-0.14413710404438798,-0.10296712163071925,-0.035971945498003845,0.04394086036018065,0.12349118944957285,0.1904480435737363,0.23492985025408175,0.25050206192710406,0.0005020619256039249,0.00861048698425293,
94,34.369141436982055,20.006030044729183,4001.2060089458364,0.005,nan,nan,False,nan,nan,20.4956246175917,15.30286344926993,4.086545377339246,-5.787913296802945,-8.404553239468084,-3.4151402266739392,4.016571458577586,7.356060441589538,3.7748307909769316,-3.6721873488626837,-8.409747289934176,-5.46200398047145,4.542056789416784,15.530404051097863,20.256030044730682,20.006030044729183,0.20259356498718262,
95,2.426343562361116,0.07011242415401377,14.022484830802753,0.005,0.0003260979250063529,3.5395398124732384e-14,True,-3.4866519646443894,-13.451053198396524,0.5696737514277073,0.46117484676683607,0.2717513019173195,0.0844777000964629,-0.05149051547040942,-0.120068919064275,-0.13398743928687953,-0.11803974393547265,-0.08947410522159364,-0.04862436194941243,0.014525775948819937,0.10405614417921312,0.2055897114834677,0.2881513148658256,0.3201124241555139,0.07011242415401375,0.023137331008911133,
96,0.2660685352358109,0.14198912670347333,28.397825340694666,0.005,4.5738444265574356e-05,1.2108743131311785e-14,True,-4.339718611446954,-13.916900933608726,0.6415145199682173,0.514684881133794,0.28550511171253834,0.06330545666269988,-0.08160654103875933,-0.13194892703601166,-0.11902306729289003,-0.09109271866760124,-0.07554178974604103,-0.06168870962261887,-0.015846990475885336,0.08398834215644467,0.22122435445342317,0.3431055380401401,0.39198912670497343,0.1419891267034733,0.010942459106445312,
97,0.2773144904162553,0.0006192446409645938,0.12384892819291876,0.005,4.6788203437171257e-05,1.2248074026889003e-14,True,-4.32986363042873,-13.911932197442695,0.5002153143060865,0.40943927331793417,0.25845358597897666,0.10494784496188747,-0.02237317568147311,-0.10858286729349076,-0.1484555736390748,-0.14409317151159534,-0.10294440736447195,-0.035993244690655436,0.04389134274019505,0.12345847231802762,0.19047353319487817,0.23501944375049555,0.2506192446424647,0.000619244640964578,0.009516716003417969,
98,3.1382584091218555,16.0778108534145,3215.5621706829,0.005,0.00047967921640500313,4.566574127810196e-14,True,-3.3190490982865786,-13.340409488188495,16.5693692985551,12.37842289381247,3.3348695536731157,-4.6308038297616045,-6.758646493505302,-2.7658717759484093,3.1987357598362354,5.883346501585761,3.013399240985385,-2.958192139961956,-6.749809093955504,-4.365254655068022,3.687589314066608,12.527035414805917,16.327810853416,16.0778108534145,0.016938209533691406,
99,38.16581611002531,0.04267893572910194,8.535787145820388,0.005,nan,nan,False,nan,nan,0.542253978089654,0.44075144312763265,0.26650182651802806,0.0925586007856657,-0.03999600320803676,-0.11553462561979994,-0.1396989551372442,-0.12832473030171926,-0.09479171164723325,-0.04363803650654294,0.026118279591726242,0.11171550799221236,0.1996223704434588,0.26717670150880385,0.29267893573060205,0.04267893572910192,0.13762259483337402,
100,0.04019182080487481,0.23535772906840918,47.07154581368184,0.005,3.057322698122473e-05,9.889221532529329e-15,True,-4.514658719397072,-14.004837894189807,0.7348364436726973,0.5841949858565949,0.30337145716556024,0.03580248687940524,-0.12072757909929911,-0.14738118395739835,-0.09958418864669238,-0.056088245758977515,-0.057443563512518635,-0.07865943643382062,-0.055301537644072085,0.057920053532425006,0.24153392223826986,0.41449165940965876,0.4853577290699093,0.23535772906840918,0.008520841598510742,
101,0.013780683672058123,0.0013126779764379287,0.26253559528758574,0.005,3.0200165978283074e-05,1.0202122477873122e-14,True,-4.519990670180122,-13.99130946700899,0.5009084009667848,0.409955513494462,0.25858627640387755,0.10474358490455353,-0.02266372123128726,-0.10869748014106292,-0.14831120426740094,-0.14383319901773023,-0.10280999479894794,-0.03611928350241897,0.043598320272797586,0.12326486740296225,0.1906243690323476,0.23554961679575856,0.25131267797793805,0.0013126779764379148,0.007481575012207031,
102,15.11165453921042,7.516788876975963,1503.3577753951927,0.005,nan,nan,False,nan,nan,8.012627315903242,6.005000575777201,1.6966938480527785,-2.1090403807187603,-3.1716155420476237,-1.3508790770788723,1.416373562349634,2.67376582613467,1.3539622504416733,-1.4021362335131016,-3.1321984965827183,-1.9750379639570275,1.8253931181927683,5.9816000288450795,7.766788876977464,7.516788876975964,0.2507205009460449,
103,5.9437905075891635,2.8867423559983294e-05,0.005773484711996658,0.005,0.0015197859173800418,1.2550756666046263e-13,True,-2.8182175840608883,-12.901330090439322,0.49962523224162375,0.408999755309007,0.2583406156329869,0.10512174846220508,-0.022125810196640328,-0.1084852878859731,-0.14857848723951356,-0.14431450762233344,-0.10305884391137392,-0.03588593741370841,0.044140817030064686,0.1236233042134457,0.1903451141566597,0.23456806353671963,0.25002886742506014,2.8867423560008376e-05,0.04721331596374512,
104,0.6065376399205379,351.1014654069228,70220.29308138456,0.005,7.803963126796924e-05,1.5889908104681785e-14,True,-4.10768479128501,-13.798878614419117,351.42553226474746,261.7934159726353,67.44259094583508,-103.31649917582806,-147.13209976360594,-58.1396374836514,72.94899440692312,131.48580966933835,67.95315136442409,-63.85226972822428,-148.31995415595048,-97.90305110445065,76.56204013948478,268.6735199914883,351.35146540692426,351.1014654069228,0.018014907836914062,
105,0.3465876642900682,0.019228795456411582,3.8457590912823165,0.005,5.33424741346221e-05,1.3086632691423097e-14,True,-4.272926844699861,-13.883172086960512,0.5188155614703943,0.42329352189038355,0.2620145760245897,0.09946615303554313,-0.030170496486331348,-0.11165871251449012,-0.1445811577133891,-0.13711633453576835,-0.09933720052800468,-0.03937572654182141,0.036027549325391206,0.11826273060686522,0.19452148854773463,0.24924760631794363,0.26922879545791173,0.019228795456411596,0.017838716506958008,
106,3.2912100913072666,0.5176872915240862,103.53745830481724,0.005,0.0005181015699783013,4.8194113851306105e-14,True,-3.285585091689177,-13.317006000723769,1.0170248584036714,0.7943808187336077,0.3573960153860867,-0.047361459334545525,-0.23902243709957258,-0.1940455040174675,-0.04080457790175275,0.04975887275797242,-0.0027178402574692118,-0.12997580782421836,-0.17460486613712348,-0.020905679473853078,0.3029463375590871,0.6303502232220368,0.7676872915255863,0.5176872915240862,0.024251937866210938,
107,27.32176177205741,0.00013740322286633205,0.02748064457326641,0.005,nan,nan,False,nan,nan,0.4997337137795875,0.40908055693380235,0.25836138426436095,0.10508977779183924,-0.02217128622421327,-0.10850322702501598,-0.1485558906258978,-0.1442738168724432,-0.10303780573150907,-0.03590566493830029,0.044094953316731675,0.12359300128001098,0.19036872289789886,0.23465104592636638,0.25013740322436645,0.0001374032228663169,0.19341301918029785,
108,0.024143608955733333,73.11606455363287,14623.212910726574,0.005,3.0336691745276514e-05,1.1133555560732577e-14,True,-4.51803178133137,-13.953366119240133,73.57910731780548,54.84168021463537,14.249300302696653,-21.43218382555048,-30.657426569396822,-12.193334147170221,15.073816502031937,27.267344503405617,14.069484405426808,-13.325495460526001,-30.852327649501564,-20.290197541711734,16.094568218239516,56.13633873750734,73.36606455363437,73.11606455363287,0.008109569549560547,
109,0.07037560986084086,4.076236248252941e-05,0.008152472496505882,0.005,3.146478686629748e-05,1.0032897780780098e-14,True,-4.502175205696391,-13.998573612498872,0.49963712123379544,0.4090086107318069,0.25834289176310504,0.1051182446489587,-0.02213079412428335,-0.10848725391897422,-0.14857601077238902,-0.1443100481353462,-0.10305653824019323,-0.03588809944413167,0.04413579061415082,0.1236199831751829,0.19034770154751943,0.2345771579595995,0.25004076236398265,4.076236248251597e-05,0.012442350387573242,
110,68.96639647940633,242.03427685104242,48406.85537020848,0.005,nan,nan,False,nan,nan,242.41287071401143,180.5961879290052,46.57227673985702,-71.1893010040389,-101.43342240766158,-40.112668750532904,50.24174819225852,90.59583862637626,46.81196896326324,-44.02815954380546,-102.23169293768527,-67.4517550727044,52.83771094346179,185.28485011239195,242.28427685104393,242.03427685104242,0.2006545066833496,
111,1.7386513568907938,0.009293678986889207,1.8587357973778413,0.005,0.00021154732740705272,2.7264791281392347e-14,True,-3.674592456977457,-13.564397822594307,0.5088854119588913,0.4158971277199909,0.2601134634614316,0.10239267438355254,-0.02600772592218671,-0.11001660514629472,-0.1466495995503145,-0.1408410718295979,-0.10126298693764828,-0.037569914489684976,0.04022580774888248,0.12103659116684747,0.19236039888507211,0.24165158996823358,0.25929367898838934,0.009293678986889209,0.024678468704223633,
112,0.15855388339483378,1.0907002720185373,218.14005440370744,0.005,3.650825918151405e-05,1.0810500464096902e-14,True,-4.437608874962816,-13.96615420024053,1.5897513670256107,1.2209716776822643,0.4670436656589827,-0.216150091581363,-0.4791123822343335,-0.2887548957219407,0.0784938747728558,0.26458502249094135,0.1083528868719767,-0.23412695183765578,-0.4167415919128529,-0.18088952182007634,0.4275883014974866,1.0684543946008327,1.3407002720200374,1.0907002720185373,0.009434223175048828,
113,0.10362633794054635,0.005235004650501554,1.047000930100311,0.005,3.297514458698611e-05,1.0271796203334897e-14,True,-4.481813291514954,-13.988353605771046,0.504828766714473,0.4128755672487805,0.25933682467774505,0.10358821115722737,-0.02430715903816547,-0.10934577465796243,-0.14749459536144496,-0.14236269421929282,-0.10204970543281255,-0.036832207684251016,0.0419408720637517,0.12216976325416565,0.19147755476549,0.23854848023500352,0.25523500465200166,0.005235004650501529,0.009118318557739258,
114,1.1312297766095079,1.884733179444759,376.9466358889518,0.005,0.00013279725553165197,2.102397439847637e-14,True,-3.876810900267516,-13.677285180973396,2.3833873059684487,1.8121051974153857,0.6189841024419576,-0.45004309743925325,-0.811808714897957,-0.4199951576629177,0.24380757699811673,0.5622729249821871,0.2622653031604111,-0.37845079528950176,-0.7522741800166403,-0.4025815947811008,0.6003065895333368,1.675542088592138,2.1347331794462594,1.8847331794447593,0.013889074325561523,
115,79.49282108480439,6.726061446361862e-05,0.013452122892723723,0.005,nan,nan,False,nan,nan,0.4996636062382514,0.4090283378801579,0.25834796227837253,0.10511043923466433,-0.02214189677654581,-0.10849163363359114,-0.1485704939681149,-0.14430011377497126,-0.10305140191655766,-0.03589291578050123,0.044124593311136946,0.1236125849271297,0.1903534654556337,0.23459741752634986,0.25006726061596374,6.726061446360454e-05,0.10113000869750977,
116,0.08075347862226982,150.6749214878053,30134.98429756106,0.005,3.187919473290076e-05,1.0098997095605259e-14,True,-4.496492657397463,-13.995721752699609,151.09918950911498,112.58190691957822,29.09040636864566,-44.27818178051711,-63.15425009680129,-25.01250650726454,31.221184778879735,56.34464498354682,29.103207773392683,-27.42263453597633,-63.62618847328896,-41.94444336630538,32.96519519906446,115.43492342386462,150.9249214878068,150.6749214878053,0.009301185607910156,
117,0.02075887172344729,0.0002653748399603295,0.0530749679920659,0.005,3.0283997264183297e-05,1.0789240132930907e-14,True,-4.518786801721385,-13.967009140831054,0.4998616214186042,0.40917582793797763,0.25838587199429663,0.10505208204156659,-0.022224905774856595,-0.10852437857728964,-0.14852924757168215,-0.14422583951292214,-0.103013000184259,-0.03592892512746754,0.04404087665632404,0.123557271913119,0.1903965593243428,0.23474888821122805,0.25026537484146044,0.0002653748399603084,0.006424903869628906,
118,23.59745681877849,37.51375730788587,7502.751461577173,0.005,nan,nan,False,nan,nan,37.99459907482037,28.33683766218246,7.436698378004894,-10.94504836894142,-15.740214770937268,-6.308872577711749,7.661593200565641,13.919816877392133,7.168464205397756,-6.854401165309856,-15.807945759394999,-10.350119212856935,8.350343136254333,28.91615377483469,37.76375730788737,37.51375730788587,0.15820908546447754,
119,5.081248170050174,0.010686125279555533,2.1372250559111063,0.005,0.0011040268154255445,9.105909894956199e-14,True,-2.9570203780108852,-13.040676651448972,0.5102771621125338,0.4169337619329119,0.2603799119875895,0.10198251071673038,-0.026591154859033628,-0.11024675305890531,-0.14635969915747482,-0.14031903500679271,-0.10099308027326225,-0.03782300626822257,0.039637405046671716,0.12064782351978774,0.1926632842410843,0.24271620202765265,0.26068612528105567,0.010686125279555536,0.052014827728271484,
120,0.5375009162682931,0.9399357783364926,187.9871556672985,0.005,7.144533300048627e-05,1.518509668275251e-14,True,-4.146026135219184,-13.818582438605628,1.439062246482192,1.108732065233545,0.43819445449005845,-0.17174039486207077,-0.4159427154928265,-0.26383606495664425,0.047105457011326735,0.2080624710014331,0.07912925231466214,-0.2067239173024832,-0.3530334001160364,-0.1387964387492121,0.3947939613614337,0.9531855336390425,1.1899357783379927,0.9399357783364926,0.017128705978393555,
121,0.9358937337138786,1.6856010746574013e-05,0.0033712021493148025,0.005,0.00011121063199924256,1.911906745730844e-14,True,-3.9538536911903144,-13.718533294487843,0.4996132268337911,0.40899081317491287,0.2583383172152612,0.10512528658439278,-0.02212077746694392,-0.10848330260180016,-0.14858098795592287,-0.14431901077611076,-0.10306117215942492,-0.03588375421292881,0.04414589266407226,0.12362665777093794,0.19034250143036255,0.2345588800622839,0.2500168560122467,1.685601074657983e-05,0.017325162887573242,
122,9.212708686094063,585.2541033835545,117050.8206767109,0.005,0.00493305448348259,4.94090284695206e-13,True,-2.3068840879140646,-12.30619368556564,585.4611080683778,436.11298352126687,112.24835876139745,-172.28928835585012,-245.24103606808367,-96.8411235994258,121.69840908193753,219.2710979239465,113.3404368965958,-106.41197770898722,-247.265274805559,-163.27790297374176,127.49499567843361,447.6978194905898,585.504103383556,585.2541033835545,0.03284955024719238,
123,13.000486116751725,0.002089499695282236,0.41789993905644723,0.005,nan,nan,False,nan,nan,0.5016848343217002,0.41053383380407493,0.25873492343117305,0.10451476168433571,-0.022989206150836352,-0.10882587568350087,-0.14814947384903904,-0.14354196369746877,-0.10265941853610738,-0.036260479031082746,0.0432700605755214,0.1230479806523489,0.19079334353722396,0.2361435454623477,0.25208949969678235,0.0020894996952822154,0.13467121124267578,
124,0.011908841818954838,4.850975493602164,970.1950987204327,0.005,3.018340163042853e-05,1.0025549407940744e-14,True,-4.520231817374344,-13.998891818378704,5.348146678169937,4.020383019593817,1.1865829369513383,-1.3237894176137772,-2.054651335754351,-0.9102650377265457,0.8613644742809267,1.6743357180023142,0.8372307958989891,-0.9175965755019824,-2.0057121059563507,-1.2307492958676736,1.2455245516722278,3.943419388738633,5.100975493603664,4.850975493602164,0.005628824234008789,
125,0.046300511999792605,0.0854494036692511,17.089880733850222,0.005,3.071660375780414e-05,9.912464141049296e-15,True,-4.512626804616545,-14.003818370758585,0.5850030633797481,0.4725927648381465,0.27468607621279567,0.07995998778750162,-0.05791664314236702,-0.1226038633847661,-0.1307943564298539,-0.11228981440516986,-0.08650124156105861,-0.05141201950098179,0.008044865167524,0.09977409648333767,0.20892581609668717,0.29987739251275547,0.33544940367075127,0.08544940366925113,0.006048679351806641,
126,43.76909867849175,0.11649005523779567,23.298011047559132,0.005,nan,nan,False,nan,nan,0.6160281964977835,0.49570159250122175,0.2806257924553382,0.07081654898130968,-0.07092254106392598,-0.1277343601243523,-0.12433184715311182,-0.1006524800189244,-0.08048443590804355,-0.05705398483481548,-0.005071908784554768,0.09110762141922843,0.21567778839946544,0.32360990712832416,0.3664900552392958,0.11649005523779565,0.12632417678833008,
127,2.0522214928989992,0.00033196921315607584,0.06639384263121517,0.005,0.000260100942372243,3.0796879039862605e-14,True,-3.584858074308073,-13.511493292734706,0.4999281824986365,0.40922540543766744,0.2583986150154687,0.10503246577884712,-0.022252808527413882,-0.1085353855052145,-0.1485153829543881,-0.14420087286596212,-0.10300009177606342,-0.03594102935614872,0.044012736031190575,0.12353867892471357,0.19041104495336852,0.23479980376406986,0.2503319692146562,0.0003319692131560914,0.01659536361694336,
128,0.1805331275023167,30.26042080674197,6052.0841613483935,0.005,3.820942424438987e-05,1.1060780824034434e-14,True,-4.4178295063934625,-13.956214213393007,30.744888803727402,22.936947688317225,6.0487519770301965,-8.80848115505812,-12.701098342717959,-5.110018256369123,6.151484615297553,11.20049566426049,5.762504154368152,-5.536030866164641,-12.742920688198419,-8.325005152994292,6.772595096709861,23.370525515553055,30.51042080674347,30.26042080674197,0.014684915542602539,
129,0.18701967370700745,0.006773795350101432,1.3547590700202865,0.005,3.87359144737036e-05,1.1137136385123615e-14,True,-4.411886186794319,-13.953226461946064,0.5063667881116869,0.4140211504530529,0.25963127661900354,0.10313493978931618,-0.024951905644642027,-0.10960011083546725,-0.1471742267909216,-0.1417857919631612,-0.10175143190721615,-0.03711189910000615,0.04129062895523827,0.12174013660159629,0.191812273002977,0.23972498172331516,0.25677379535160155,0.006773795350101419,0.014438629150390625,
130,1.9783300588814838,1.469589584083954,293.91791681679075,0.005,0.00024812952791917233,2.9940621672409635e-14,True,-3.6053215507245726,-13.523739186421354,1.9684512573250343,1.503043328032979,0.5395452043599707,-0.3277570026521647,-0.6378653551031812,-0.3513789155793571,0.1573767451492779,0.4066329949744809,0.18179539659726707,-0.302994074659247,-0.5768479430390939,-0.2866745040657439,0.5100044239566182,1.3581389109331967,1.7195895840854538,1.4695895840839537,0.02224874496459961,
131,42.19983822414802,5.589477587831847e-05,0.011178955175663694,0.005,nan,nan,False,nan,nan,0.4996522460818988,0.4090198763565802,0.2583457873930965,0.10511378719433445,-0.022137134539641508,-0.10848975505196164,-0.14857286027918068,-0.14430437489893333,-0.10305360502887637,-0.0358908499196366,0.04412939614638575,0.12361575824185426,0.1903509931548459,0.2345887276336861,0.25005589477737844,5.5894775878306824e-05,0.1937267780303955,
132,0.047969985640038404,179.7346714175203,35946.93428350406,0.005,3.0759274321521975e-05,9.919371058514491e-15,True,-4.512023914705335,-14.003515863579276,180.14441131946714,134.21601313590386,34.65107149452419,-52.83811953243099,-75.33015885236692,-29.81559357965952,37.27128018637746,67.23932695779583,34.73604274356761,-32.70455013466412,-75.9058975538249,-50.057855469752866,39.2862811536496,137.65291515669952,179.9846714175218,179.7346714175203,0.00830078125,
133,0.012338076269316581,0.00010020234711597716,0.020040469423195432,0.005,3.0187031115208982e-05,1.0145521901370825e-14,True,-4.520179597599117,-13.993725607274746,0.4996965315020276,0.4090528620052751,0.2583542657718434,0.1051007358070152,-0.02215569921916818,-0.10849707834700498,-0.14856363566321149,-0.14428776371339827,-0.1030450166123444,-0.03589890328734369,0.044110673201894504,0.12360338767481141,0.1903606309516924,0.2346226035360542,0.25010020234861613,0.00010020234711599629,0.0073964595794677734,
134,12.53366630623237,98.45813877267412,19691.627754534824,0.005,0.013632017143167988,2.7312897661972183e-12,True,-1.8654398764228433,-11.563632222531528,98.90851203074132,73.70808913841385,19.098577693867583,-28.89703050675185,-41.275645381125074,-16.381952059008697,20.34991031632553,36.76824660518006,18.981698798979373,-17.931684345303182,-41.56106738951448,-27.365643551829905,21.606984181676086,75.51193545989351,98.70813877267562,98.45813877267412,0.17553138732910156,
135,8.883304300712751,0.026382489974192635,5.276497994838527,0.005,0.004360578691627965,4.2494078858878093e-13,True,-2.3604558717627158,-12.37167158049241,0.5259656795730964,0.42861923141682956,0.2633834556509604,0.09735893669966553,-0.03316786335715309,-0.11284109769472468,-0.14309179409349052,-0.13443436972531214,-0.09795055471229167,-0.0406759858610896,0.03300462972897891,0.1162654363484731,0.19607756243168434,0.25471705206471384,0.27638248997569276,0.026382489974192624,0.1484372615814209,
136,0.9697457145636178,0.3842252660398655,76.8450532079731,0.005,0.0001148368627986526,1.9447769691762925e-14,True,-3.939918680402666,-13.711130197222554,0.8836295558692809,0.6950223713224979,0.331857680316646,-0.008048435886223046,-0.1831024292344263,-0.17198647973785985,-0.06859070783784568,-0.0002768752029171928,-0.028587628062118398,-0.10571767910863906,-0.11820813697706023,0.016356596200688925,0.27391563575335187,0.5283101786233151,0.6342252660413656,0.3842252660398655,0.019496440887451172,
137,0.5563266781882893,2.1813727358432456e-05,0.004362745471686491,0.005,7.32367829373819e-05,1.5379218310990402e-14,True,-4.135270741148451,-13.813065738126971,0.49961818207184416,0.40899450404520704,0.25833926588832046,0.10512382622270033,-0.022122854728628825,-0.1084841220288298,-0.14857995578398137,-0.14431715209714982,-0.10306021117388406,-0.03588465533013627,0.04414379769361159,0.12362527358841534,0.19034357983444097,0.23456267054592408,0.25002181372885857,2.18137273584329e-05,0.01773691177368164,
138,4.893974437099389,456.40536191495227,91281.07238299045,0.005,nan,nan,False,nan,nan,456.67678318630277,340.18898673830614,87.59278860230415,-134.33516937508514,-191.25397412895316,-75.54459744420998,94.87274193385488,170.9648989897557,88.36487108605789,-82.99236194903234,-192.8179700471061,-127.30364507153048,99.46777686433347,349.1849183245588,456.6553619149537,456.4053619149522,0.3187131881713867,
139,22.724957741778482,0.0017361638607584714,0.3472327721516943,0.005,nan,nan,False,nan,nan,0.5013316751337474,0.4102707859460373,0.25866731162248535,0.10461884147705103,-0.022841159973851402,-0.10876747522296284,-0.14822303661248082,-0.14367443151142287,-0.10272790785379715,-0.036196256521926255,0.04341936885471081,0.12314663116528657,0.19071648581524556,0.2358733981737664,0.2517361638622586,0.0017361638607584773,0.24198508262634277,
140,0.021482546397652385,5.78572756536456,1157.145513072912,0.005,3.029460630971725e-05,1.0774022903003032e-14,True,-4.518634686957791,-13.967622105582596,6.282431430368122,4.716277707447261,1.3654503827952824,-1.5991331341671262,-2.4463083858797825,-1.064763806733001,1.0559752066580765,2.024780115192678,1.0184196970767885,-1.087497609085858,-2.400708055041693,-1.4917298201702796,1.448852116641903,4.658095662722348,6.03572756536606,5.78572756536456,0.008810043334960938,
141,0.08357269025326476,0.03226913076189734,6.4538261523794676,0.005,3.200090288146968e-05,1.0118329516428424e-14,True,-4.494837768214206,-13.994891181338176,0.53184937739604,0.4330016577063392,0.2645098809717541,0.09562494797531301,-0.03563434022915783,-0.113814060240364,-0.14186622475853683,-0.13222743128180178,-0.0968095099281473,-0.04174594482066948,0.030517125999268063,0.11462190043604692,0.19735802638931801,0.25921775618886234,0.2822691307633975,0.03226913076189736,0.012753009796142578,
142,76.55528572384812,0.30578064327369703,61.156128654739405,0.005,nan,nan,False,nan,nan,0.8052241506753792,0.63662271870582,0.31684708046002125,0.015058476233627882,-0.15023447367817552,-0.15902090520888526,-0.084922488155583,-0.02968625483262416,-0.04379304501884264,-0.09145954276459145,-0.08505998020245778,0.03825814570957162,0.2568523367098553,0.46833437069931416,0.5557806432751972,0.30578064327369703,0.1905074119567871,
143,1.0892929540829357,0.0008194667574827808,0.16389335149655618,0.005,0.0001280243171137058,2.0612829541935302e-14,True,-3.892707532029714,-13.685862388128504,0.5004154363236425,0.409588332636961,0.258491899045794,0.10488886686131547,-0.02245706787694857,-0.10861596063606191,-0.14841388839021494,-0.14401810698802056,-0.10290559704633591,-0.0360296371690146,0.04380673535891066,0.12340257078592684,0.19051708557270597,0.23517252604956182,0.2508194667589829,0.0008194667574827896,0.023088932037353516,
144,0.1072271170057003,12.368035213216942,2473.6070426433885,0.005,3.316975799312521e-05,1.0302184321761003e-14,True,-4.4792576970856945,-13.987070684196501,12.861448322057003,9.616606965152185,2.6249935197370395,-3.5380398303995135,-5.204266644817163,-2.1527083639433195,2.426378922014461,4.4925284149359435,2.2943099849474256,-2.2839013470616725,-5.1821780673339415,-3.3294942423648175,2.880637748735472,9.690680501087286,12.618035213218441,12.368035213216942,0.01056051254272461,
145,0.1640524504995742,0.00044528115401939094,0.08905623080387819,0.005,3.692088682236568e-05,1.0871720330005112e-14,True,-4.432727875971306,-13.963701728157254,0.500041437790375,0.40930976275561215,0.258420297575003,0.10499908823214818,-0.022300285737513924,-0.10855411405998956,-0.14849179197185416,-0.14415839151073448,-0.10297812780649807,-0.035961624994769535,0.043964854075133904,0.12350704250407371,0.190435692602423,0.23488643781189966,0.2504452811555195,0.0004452811540193724,0.009663581848144531,
146,1.6740713922582975,22.154992033707,4430.9984067414,0.005,0.000202255698807751,2.6568016729027306e-14,True,-3.694099232752072,-13.57564086394829,22.643512255401404,16.902700751271396,4.497755316098162,-6.42091877349734,-9.30495896079252,-3.7703274383083096,4.463974656879278,8.161719729824592,4.191377673533317,-4.0627838226114985,-9.317829022006956,-6.0619889856208795,5.009499677890334,17.173419556075192,22.4049920337085,22.154992033707,0.017276287078857422,
147,66.43156469443868,0.06374059819714048,12.748119639428095,0.005,nan,nan,False,nan,nan,0.5633051109988679,0.4564312147715042,0.27053203504571016,0.08635460659733722,-0.04882074812399803,-0.11901576358444362,-0.135314021760999,-0.12042858133301731,-0.09070919651317574,-0.04746621547550494,0.017218303215966277,0.10583514262085812,0.20420370989506903,0.28327965641125263,0.31374059819864064,0.06374059819714051,0.13285565376281738,
148,0.07284818648358382,0.15901815291110336,31.80363058222067,0.005,3.1558673945219556e-05,1.0047910400731976e-14,True,-4.500881253573294,-13.997924246282155,0.658535032691527,0.52736247686767,0.28876366391582525,0.05828932938474388,-0.08874162891121966,-0.13476353816759978,-0.11547770872985605,-0.0847084302510801,-0.07224094598233474,-0.06478391448068167,-0.02304290538431654,0.07923387910438548,0.22492851359593674,0.35612529094284734,0.40901815291260346,0.15901815291110333,0.010530471801757812,
149,0.02497990436286051,0.0028010902844981117,0.5602180568996223,0.005,3.0350913192851316e-05,1.1082407210037699e-14,True,-4.517828237417394,-13.955365896242235,0.5023960691586112,0.41106359150766386,0.25887108829779876,0.1043051531652236,-0.023287359510950165,-0.10894348961920806,-0.14800132422744058,-0.1432751839356289,-0.10252148643534681,-0.036389818114940985,0.042969365440802335,0.12284930627582442,0.19094812894624455,0.23668760086084908,0.25280109028599823,0.002801090284498098,0.00613093376159668,
150,26.306126810039828,3.553547846699602,710.7095693399203,0.005,nan,nan,False,nan,nan,4.051367666708645,3.054487318874594,0.9383164967055991,-0.9416147629123712,-1.5110347979712695,-0.6958221064116632,0.5912464909166163,1.187921979694544,0.5857421960858317,-0.6817754365411128,-1.4574612058095298,-0.8685106255698705,0.9633076814045258,2.9514550118065257,3.8035478467011017,3.5535478466996016,0.11844682693481445,
151,3.1701461981216945,1.2566821505959292e-05,0.0025133643011918585,0.005,0.0004875192137705285,4.618227914967746e-14,True,-3.3120082635139934,-13.335524637947566,0.499608939788886,0.40898762000305705,0.25833749646680026,0.10512655002241253,-0.022118980315318205,-0.10848259367108182,-0.1485818809437906,-0.14432061881997957,-0.1030620035600807,-0.03588297460761182,0.044147705136519326,0.12362785530223064,0.19034156844456843,0.23455560070952558,0.2500125668230061,1.2566821505965997e-05,0.01749897003173828,
152,0.35875042073675245,799.3813857177146,159876.27714354292,0.005,5.449842053450731e-05,1.322943199806425e-14,True,-4.263616084202034,-13.878458801723452,799.4813396975553,595.5242785611276,153.2222182837456,-235.3633413742023,-334.959435506614,-132.2327558093992,166.2786443077462,299.5487551193187,154.84608119558675,-145.33186640042157,-337.74852877811156,-223.0617238383465,174.07202955276537,611.4114853060697,799.6313857177161,799.3813857177146,0.012583494186401367,
153,0.628518009883773,0.013828851921643948,2.7657703843287895,0.005,8.015637919528591e-05,1.6110762109607116e-14,True,-4.096061908879811,-13.792883915063808,0.5134183175811644,0.4192734270073967,0.2609812815961063,0.10105677857888944,-0.027907943645251822,-0.11076619282501463,-0.14570539910085673,-0.13914080713558374,-0.10038390570795898,-0.038394229933718896,0.03830939056004211,0.11977038181993079,0.19334689112980333,0.24511901260659302,0.2638288519231441,0.013828851921643959,0.012756586074829102,
154,5.7316952318376115,0.7134674686000612,142.69349372001224,0.005,0.0014319275461584877,1.1585283788979572e-13,True,-2.844078956259746,-12.936093323420979,1.2127071572188797,0.9401332479925275,0.3948591045605562,-0.10503112727326958,-0.32105347927960187,-0.22640466883544358,-4.411874187362774e-05,0.12315808545814244,0.03523146868592705,-0.16556091690852054,-0.2573352276868095,-0.07556703279400143,0.34553250332081276,0.7800363824714338,0.9634674686015614,0.7134674686000613,0.0814659595489502,
155,14.566019188716801,0.00020518206290068557,0.04103641258013711,0.005,0.024152991352262034,9.380670448365582e-12,True,-1.6170290741328042,-11.027766120936489,0.4998014587342966,0.4091310162332825,0.25837435393660396,0.10506981262858098,-0.022199685263221258,-0.10851442972535368,-0.14854177940849883,-0.1442484061614583,-0.10302466773062101,-0.035917984456303856,0.04406631217427687,0.12357407759132052,0.19038346617252425,0.23470286707800006,0.25020518206440084,0.00020518206290071062,0.060083627700805664,
156,0.014274314376904991,49.3936324508296,9878.72649016592,0.005,3.0204991628949633e-05,1.0209863044243812e-14,True,-4.519921280295431,-13.990980083527987,49.868534997897804,37.1810459330983,9.709945999437753,-14.44442437768413,-20.717830755859605,-8.27241578984355,10.134924121093464,18.373656359465997,9.471215478493162,-9.013693587981894,-20.82799620791137,-13.666951704716919,10.934457317894271,37.99905945542131,49.6436324508311,49.3936324508296,0.007229804992675781,
157,0.04164999049281005,8.699418900380157e-05,0.017398837800760313,0.005,3.0605627612439364e-05,9.894478652618276e-15,True,-4.514198710240126,-14.004607084151472,0.4996833299471965,0.4090430289304478,0.25835173835352876,0.10510462644652625,-0.0221501650583997,-0.1084948952609966,-0.14856638553604004,-0.14429271553447193,-0.10304757683309942,-0.03589650256550227,0.04411625454170298,0.12360707536070516,0.19035775790898107,0.23461250507517784,0.25008699419050395,8.69941890038195e-05,0.00709843635559082,
158,36.805049933573336,114.43758356985262,22887.516713970523,0.005,nan,nan,False,nan,nan,114.87996807089587,85.60430320963599,22.156289533421702,-33.60398955164455,-47.97096321027446,-19.023085066519407,23.67675124976784,42.75904038734923,22.079095565132814,-20.836116728125667,-48.31346318963071,-31.827066005132842,25.0828380453127,87.72921789548555,114.68758356985413,114.43758356985262,0.11756134033203125,
159,3.0250379276863404,0.004045246660570906,0.8090493321141812,0.005,0.00045254894582875493,4.387486528810754e-14,True,-3.3443344424172983,-13.357784203967062,0.5036396035316598,0.4119898283560462,0.2591091611300943,0.10393867027536433,-0.02380865561808656,-0.10914912770695508,-0.14774229705771982,-0.14280874192988793,-0.1022803237426031,-0.036615956639390775,0.04244362525426186,0.12250194081587983,0.19121875823290815,0.23763883602786864,0.25404524666207107,0.004045246660570934,0.019025087356567383,
160,0.2872594418625467,2.482942881387703,496.58857627754054,0.005,4.772168533996945e-05,1.2370732067791175e-14,True,-4.321284227178473,-13.907604599191036,2.9812979392003793,2.2574542545398106,0.7334532164433436,-0.6262537607659344,-1.0624559766661463,-0.5188691429151226,0.36835186176309864,0.786545483154286,0.37822007003734626,-0.48718170879085543,-1.0050582241594974,-0.5696003009944199,0.7304293522547567,2.132910725432308,2.732942881389203,2.482942881387703,0.017894506454467773,
161,0.25709316140477423,3.4387772383810605e-05,0.00687755447676212,0.005,4.490652645107179e-05,1.19972417680701e-14,True,-4.347690536597807,-13.920918589168757,0.4996307498306067,0.40900386504199143,0.2583416719673071,0.10512012236967451,-0.022128123198773532,-0.10848620030662831,-0.14857733793034375,-0.1443124380090378,-0.1030577738672759,-0.035886940795245875,0.04413848430945479,0.12362176294536628,0.19034631494467402,0.23457228418778603,0.2500343877738839,3.438777238379265e-05,0.014409780502319336,
162,2.519444956556481,292.1089656388875,58421.793127777506,0.005,0.000343997978929664,3.6615752774353994e-14,True,-3.4634441090048447,-13.436332032880744,292.46252518265123,217.87528147268168,56.15420969885552,-85.93946988047898,-122.41449908997312,-48.38917116204073,60.667049352797136,109.36915259578574,56.518262334920166,-53.12976160327472,-123.39163450980269,-81.43248742829262,63.7299730153183,223.57007363301759,292.358965638889,292.1089656388875,0.02397322654724121,
163,35.69231096584856,0.007683254851396705,1.536650970279341,0.005,nan,nan,False,nan,nan,0.5072757929381752,0.4146982155860308,0.2598053042601389,0.10286704633745224,-0.025332965217812347,-0.10975042916869804,-0.14698488184592381,-0.14144482990880647,-0.10157514562480684,-0.037277202942533526,0.040906320827210796,0.12148621770197564,0.19201009892005494,0.24042032024928314,0.25768325485289684,0.007683254851396704,0.19583892822265625,
164,0.03254918067545002,1.2957929663771304,259.1585932754261,0.005,3.0422177078836506e-05,9.864676741311535e-15,True,-4.516809710089275,-14.00591714171081,1.7947415274273977,1.3736569948194628,0.5062887312858595,-0.2765628859559866,-0.565045328628681,-0.3226532627519034,0.12119315371542683,0.3414755561563368,0.1481072998901417,-0.27140470901483826,-0.5034071216355135,-0.23815090750860707,0.4722001289507051,1.2252605542802926,1.5457929663786305,1.2957929663771304,0.008530616760253906,
165,0.016883011790027342,0.02325919778885734,4.651839557771468,0.005,3.023329209183136e-05,1.049611710476041e-14,True,-4.519514560084119,-13.978971332535151,0.5228439488451647,0.42629403470847554,0.26278580488056735,0.09827894415851056,-0.031859217523737736,-0.11232487011689007,-0.14374204799286933,-0.1356053114971507,-0.09855596217402764,-0.04010829461278628,0.034324431843663,0.11713745199487033,0.19539818293211747,0.2523291003403926,0.27325919779035746,0.023259197788857322,0.007763385772705078,
166,16.03221180197405,0.43575016510130304,87.15003302026061,0.005,nan,nan,False,nan,nan,0.9351286955939887,0.7333811026184188,0.3417171151025033,-0.02322578358213548,-0.20469113771021,-0.18050267747483312,-0.05786348011092614,0.019040131666974602,-0.018600231268616638,-0.11508287215853294,-0.13998089043876347,0.0019709686338629517,0.28512334802053946,0.5677041783704216,0.6857501651028032,0.43575016510130304,0.17750072479248047,
167,7.4789625785791864,0.0001628742564893727,0.03257485129787454,0.005,0.0026750571550847443,2.309429662885368e-13,True,-2.5726669344379895,-12.63649526030028,0.49975917207923254,0.4090995193491078,0.25836625821849785,0.10508227495844193,-0.022181958476454055,-0.10850743695774463,-0.14855058768337698,-0.1442642676226544,-0.1030328685200993,-0.035910294566914906,0.0440841900829245,0.12358588982884625,0.19037426336515245,0.23467052012059836,0.2501628742579895,0.00016287425648936482,0.04248237609863281,
168,0.6608970830718642,60.58220121378758,12116.440242757515,0.005,8.329366346088847e-05,1.643368142501649e-14,True,-4.07938803615196,-13.784265136292566,61.05151015241521,45.510597481612606,11.850910194902337,-17.74016685226047,-25.4057923760608,-10.121697704310899,12.464328491501563,22.568320756587983,11.639966467287877,-11.04733379545075,-25.555922971527647,-16.790773122354565,13.36819831809211,46.55341828090668,60.83220121378908,60.58220121378758,0.01888442039489746,
169,0.3774379266488539,0.0011074056632755776,0.22148113265511551,0.005,5.6273872329277506e-05,1.344607412179082e-14,True,-4.249693199056525,-13.871404499016442,0.5007032312773778,0.40980269445654993,0.2585469969676859,0.10480405060804757,-0.022577713025395824,-0.10866355208607087,-0.14835394094208512,-0.1439101568916084,-0.10284978402861392,-0.03608197309763251,0.0436850617036089,0.12332217893778764,0.19057971813415567,0.23539267330629798,0.2511074056647757,0.0011074056632755513,0.019068479537963867,
170,4.138946670875736,9.07186501277313,1814.373002554626,0.005,0.0007724438652614696,6.494263881063081e-14,True,-3.112133071635162,-13.187470068687961,9.566926007580145,7.162707795477253,1.9942620534684419,-2.5671088415315984,-3.823185675418335,-1.6079069628143834,1.7401326796941112,3.256773594137866,1.6553924850510144,-1.6847876988106472,-3.78932330295095,-2.4092114710407073,2.1636537688890973,7.170552749107157,9.32186501277463,9.07186501277313,0.027829885482788086,
171,28.93731303981989,2.386543643217094e-05,0.004773087286434188,0.005,nan,nan,False,nan,nan,0.49962023275518735,0.40899603148065067,0.25833965848863955,0.1051232218643697,-0.0221237143858019,-0.10848446114177304,-0.14857952862835633,-0.14431638289858767,-0.10305981347814865,-0.03588502824986843,0.044142930707811494,0.1236247007561896,0.1903440261228447,0.23456423920550817,0.2500238654379323,2.3865436432179976e-05,0.18307876586914062,
172,0.02952904662928423,417.118060440295,83423.61208805899,0.005,3.0371197552630685e-05,9.856379262271918e-15,True,-4.517538083279448,-14.006282593700055,417.40912298889833,310.9407772694961,80.07505263663388,-122.76256961503486,-174.79276578528874,-69.05106841252154,86.69332116114715,156.23584398315495,80.74956516754528,-75.85148114340811,-176.21642895212275,-116.33472524024408,90.92199067740313,319.14732538310125,417.3680604402964,417.1180604402949,0.00802755355834961,
173,0.05696143144900416,0.0007490332971276204,0.1498066594255241,0.005,3.100937280011528e-05,9.959761821053293e-15,True,-4.5085070177744,-14.001751047222795,0.5003450380757624,0.4095358970528217,0.258478421404464,0.10490961397847065,-0.022427556563578793,-0.10860431917170953,-0.14842855228636198,-0.14404451293276443,-0.10291924960905646,-0.036016835145810014,0.04383649825793039,0.12342223563820931,0.19050176486423254,0.23511867527508268,0.25074903329862774,0.0007490332971276104,0.012782573699951172,
174,64.46054793280992,13.533209849153364,2706.6419698306727,0.005,nan,nan,False,nan,nan,14.026040441067767,10.484044293256693,2.8479529732519726,-3.881257593038482,-5.69246974655667,-2.345292100709276,2.6689624862523424,4.9293596723862425,2.520163147880266,-2.4956841084286188,-5.674543128696291,-3.6548081909260155,3.1340869024160867,10.581529200444908,13.783209849154865,13.533209849153366,0.19387483596801758,
175,1.3934671647743246,0.05059006801292289,10.118013602584577,0.005,0.00016449949521592412,2.3641478749914135e-14,True,-3.783835430390451,-13.626325362272908,0.5501611552852725,0.4466410421962253,0.26801564399764344,0.09022827103195306,-0.04331073320653947,-0.11684220250164956,-0.13805189674155202,-0.12535879733612584,-0.09325824688274746,-0.045075968116906465,0.02277529132865037,0.10950673893608591,0.2013432024287675,0.2732252556809636,0.300590068014423,0.05059006801292287,0.024004220962524414,
176,0.1467448630914384,0.19501341668994704,39.00268333798941,0.005,3.565447928541794e-05,1.0682747240438991e-14,True,-4.447885901808228,-13.971317047126183,0.6945123010130821,0.5541598636917004,0.2956514591816456,0.04768644332908799,-0.1038234877869411,-0.14071294883155133,-0.10798367383255755,-0.07121358076344886,-0.06526375653423097,-0.07132643276429379,-0.038253337977522575,0.06918408825909586,0.23275821470672906,0.38364591568992357,0.44501341669144723,0.1950134166899471,0.014580249786376953,
177,0.12681237621916233,0.0963993737620733,19.27987475241466,0.005,3.432427782300207e-05,1.0480688318390868e-14,True,-4.464398591477503,-13.979610194159303,0.5959475591490501,0.48074468688244015,0.2767813838796489,0.07673452774030307,-0.06250463295813771,-0.12441370895890734,-0.12851462711590414,-0.10818460214156228,-0.0843787396603059,-0.05340229188730062,0.003417762473741655,0.09671689123902664,0.21130765703903093,0.3082493277697874,0.34639937376357344,0.0963993737620733,0.012041330337524414,
178,1.1987934031934637,0.10513223728717919,21.026447457435836,0.005,0.00014065390527852548,2.168999196330113e-14,True,-3.851848205074548,-13.663740608903032,0.6046760567699765,0.4872460400438322,0.27845244195036745,0.07416214606628091,-0.06616366477065061,-0.1258571041706306,-0.12669648836263422,-0.10491059699490199,-0.08268599353644192,-0.05498958180500573,-0.0002724627961829401,0.09427869680191973,0.21320723226267763,0.31492614674015224,0.3551322372886793,0.10513223728717919,0.021120548248291016,
179,99.91204936388057,0.0003653614608793297,0.07307229217586593,0.005,nan,nan,False,nan,nan,0.49996155805225323,0.4092502649576493,0.2584050047162692,0.10502262964596232,-0.022266799733890365,-0.10854090468117938,-0.14850843085448753,-0.14418835390347173,-0.10299361914566699,-0.035947098748850013,0.04399862554887127,0.12352935588967388,0.1904183084456073,0.23482533422065158,0.2503653614623795,0.0003653614608793432,0.18745756149291992,
180,0.08789206075525854,27.004573864931334,5400.914772986267,0.005,3.219480588480986e-05,1.0149055020237772e-14,True,-4.492214189096786,-13.993574393080998,27.490669588690476,20.51306796692965,5.4257364800519605,-7.849427920977811,-11.336912643203837,-4.571881610536646,5.47363347487801,9.979858285286118,5.131402766512957,-4.944246394843205,-11.367105226851146,-7.415980538241938,6.0643822447777245,20.881227410390938,27.254573864932834,27.004573864931334,0.013060331344604492,
181,0.019223559136662762,1.531544605473427e-05,0.0030630892109468543,0.005,3.0262677492495264e-05,1.0398334557475633e-14,True,-4.5190926503784565,-13.983036213626027,0.49961168703928854,0.40898966627102495,0.2583380224238615,0.1051257403783138,-0.022120131977042413,-0.10848304797241162,-0.14858130869382977,-0.14431958834344769,-0.10306147077681464,-0.035883474199071286,0.044146543656812434,0.12362708789288487,0.19034216632624573,0.23455770220446787,0.25001531544755484,1.5315446054708914e-05,0.007873058319091797,
182,18.923161814609397,655.815759424713,131163.15188494258,0.005,nan,nan,False,nan,nan,655.9874875443943,488.64400547728513,125.75053069753957,-193.0741672637946,-274.80606287239993,-108.50377653889633,136.38899493324647,245.725104032192,127.01784859708908,-119.2373018296168,-277.082345169962,-182.97854718259742,142.8435893178424,501.6466075692688,656.0657594247144,655.815759424713,0.15649628639221191,
183,4.746602360312111,0.0018521532253674199,0.37043064507348394,0.005,nan,nan,False,nan,nan,0.5014476065106814,0.41035713652510225,0.25868950651460637,0.1045846752594016,-0.022889759012848995,-0.10878664631077455,-0.14819888820363916,-0.1436309463732897,-0.10270542490226735,-0.036217338810510695,0.04337035550610048,0.12311424721439349,0.1907417158583562,0.23596207927908255,0.25185215322686755,0.0018521532253674144,0.1951601505279541,
184,0.43480414923321326,5.375040883527271,1075.0081767054542,0.005,6.171397128309074e-05,1.4091212347819348e-14,True,-4.209616505913617,-13.851051640437992,5.871950067060721,4.410533875584032,1.286864327688862,-1.478159882829112,-2.2742324534553395,-0.9968842173659764,0.9704722820384964,1.8708111099363163,0.938813702227098,-1.0128509794274387,-2.227165165360605,-1.3770670889629424,1.359519420298142,4.34410007349961,5.625040883528771,5.375040883527271,0.01697254180908203,
185,0.7583556609634383,0.00029938412377161755,0.05987682475432351,0.005,9.290262230960229e-05,1.7393086476994164e-14,True,-4.031972027249447,-13.759623343759985,0.49989561369982816,0.40920114682269254,0.25839237976669327,0.1050420641524548,-0.022239155516768687,-0.10852999973892422,-0.14852216700793688,-0.1442130892197437,-0.10300640794985828,-0.03593510667297627,0.04402650543453961,0.1235477766030915,0.19040395703446575,0.23477489043039326,0.25029938412527175,0.0002993841237716177,0.019248485565185547,
186,8.620485101593339,33.855858816642154,6771.171763328431,0.005,nan,nan,False,nan,nan,34.33852931183573,25.613642704225025,6.7367491828652755,-9.867565477189192,-14.207571221896877,-5.704283584416235,6.9000369271464805,12.54844785829967,6.459430624975965,-6.1895395905872075,-14.262236335630364,-9.328842775041075,7.554675904697891,26.119462177881253,34.105858816643654,33.855858816642154,0.17942118644714355,
187,10.431139088858254,0.01176112788422119,2.352225576844238,0.005,nan,nan,False,nan,nan,0.5113516272808419,0.41773406890693654,0.2605856167685477,0.10166585433113381,-0.02704157627208991,-0.11042443287809676,-0.1461358889616794,-0.13991600980775803,-0.10078470572498721,-0.038018399313240046,0.03918314376506949,0.12034768538490953,0.19289711914613097,0.24353810858366243,0.2617611278857213,0.011761127884221179,0.17864108085632324,
188,0.011034260201041311,0.8387966784637766,167.75933569275531,0.005,3.0176402348175888e-05,1.0167072707009028e-14,True,-4.5203325383665565,-13.992804070694959,1.3379737100492428,1.0334370597857343,0.4188412024185437,-0.14194852117805862,-0.3735658727929173,-0.2471194757125099,0.02604879943036542,0.17014478998421545,0.05952482144402674,-0.1883408207325885,-0.31029529238599507,-0.11055864595939904,0.3727941525120435,0.8758583821572401,1.0887966784652767,0.8387966784637766,0.008376121520996094,
189,0.05047846487009168,0.004756506968848464,0.9513013937696928,0.005,3.082354675865499e-05,9.929767173441441e-15,True,-4.511117389982024,-14.00306093443262,0.504350508252753,0.412519340175451,0.25924526279653076,0.10372915904491711,-0.02410667059192457,-0.10926668705278765,-0.14759421619897006,-0.14254208599243726,-0.10214245566228398,-0.03674523569121005,0.04214306968556959,0.12230335865299687,0.19137347179911507,0.2381826389059879,0.2547565069703486,0.00475650696884844,0.013033390045166016,
190,55.10480862481228,2.1119863253484694,422.3972650696939,0.005,nan,nan,False,nan,nan,2.6105268390283713,1.9812883014808387,0.662469632986072,-0.5169835490111792,-0.9070267940497468,-0.4575562739798572,0.29112055173798346,0.6474715505125758,0.3063152165431736,-0.41975644792253713,-0.8483039987894655,-0.46603012510160113,0.6497387653841811,1.8492912959721508,2.3619863253499696,2.1119863253484694,0.19692778587341309,
191,2.1760125919188043,5.961994706869095e-05,0.011923989413738189,0.005,0.00028092273871726945,3.2267829040656424e-14,True,-3.551413106295905,-13.491230252674166,0.4996559693907286,0.409022649634031,0.2583465002151124,0.10511268989537001,-0.02213869537015872,-0.1084903707599987,-0.14857208471706587,-0.14430297830895866,-0.10305288295540355,-0.03589152700873288,0.04412782200969828,0.12361471818304108,0.19035180345525618,0.23459157575945838,0.25005961994856885,5.961994706871199e-05,0.022530555725097656,
192,0.2210507800274286,166.95423887227346,33390.84777445469,0.005,4.164206299260607e-05,1.1549853621765401e-14,True,-4.380467763212616,-13.93742351981187,167.3703682183819,124.70136707586576,32.20549967371072,-49.07347230406717,-69.97521323501097,-27.703203401280128,34.61045769358766,62.44786287394878,32.258730738166804,-30.381571919710897,-70.50530071597785,-46.48958952284364,36.50627744230744,127.88147716018773,167.20423887227497,166.95423887227346,0.013081789016723633,
193,0.21262469877510232,0.0001460302453515624,0.02920604907031248,0.005,4.090292812215271e-05,1.1446241309589328e-14,True,-4.388245600995722,-13.941337102537505,0.4997423364890827,0.40908697949150596,0.25836303506945013,0.10508723658705818,-0.022174900909090686,-0.10850465292648699,-0.14855409452272264,-0.14427058254776426,-0.10303613350122283,-0.03590723299049431,0.04409130781645703,0.12359059263613698,0.19037059945054616,0.2346576418232588,0.25014603024685167,0.00014603024535153608,0.013518810272216797,
194,2.321102870922843,67.5559822808504,13511.19645617008,0.005,0.00030659178138719555,3.4054261747515576e-14,True,-3.5134394911842834,-13.467828530223702,68.02180475025523,50.702366877396855,13.185362874946733,-19.794387276521316,-28.327776293996077,-11.274346222275994,13.916235025755253,25.182834889278368,12.991738521896215,-12.314891950253976,-28.502816971028793,-18.73783597916337,14.88513737159328,51.88530897058414,67.80598228085191,67.5559822808504,0.021659135818481445,
195,51.54214397720983,0.018101919752837568,3.6203839505675135,0.005,nan,nan,False,nan,nan,0.5176892491365935,0.42245459696079257,0.26179894517982266,0.09979808933575451,-0.029698340470578753,-0.11147245894599339,-0.14481576763038784,-0.13753880728397302,-0.09955562996684997,-0.039170905014764716,0.036503730498432314,0.11857735158586785,0.19427637018988045,0.2483860395416811,0.2681019197543377,0.018101919752837592,0.20360112190246582,
196,0.0523595384464875,0.5599366819861081,111.98733639722163,0.005,3.087444484267998e-05,9.937992045736978e-15,True,-4.510400842766392,-14.002701355195025,1.059253126722897,0.8258342139982298,0.3654805554354681,-0.059806581996850516,-0.25672474783824206,-0.2010286164542749,-0.03200846493374401,0.0655984334494058,0.005471626088203035,-0.13765507949916886,-0.19245809009666934,-0.03270160740740116,0.31213643827520465,0.6626525179861997,0.8099366819876083,0.5599366819861081,0.012736797332763672,
197,0.01010166796774185,0.009871554508440432,1.9743109016880862,0.005,3.0169524476544255e-05,1.0070648862741923e-14,True,-4.520431534997049,-13.99694254648413,0.5094629985775933,0.41632733859390725,0.26022404157265283,0.10222245342484515,-0.026249853250862994,-0.11011211823411306,-0.1465292887407756,-0.14062442268281478,-0.10115097367345727,-0.03767494945174637,0.03998161627075294,0.1208752497147641,0.19248609855047222,0.2420934118556031,0.25987155450994054,0.009871554508440405,0.0074346065521240234,
198,11.482978306435674,1.0083340707574882,201.66681415149762,0.005,nan,nan,False,nan,nan,1.5074263438891593,1.1596525283080747,0.45128266069468775,-0.19188802610036432,-0.4446013023550262,-0.2751411503374804,0.06134564131634737,0.23370541855985144,0.0923873255734162,-0.21915602730122222,-0.3819363030854939,-0.15789307705222072,0.409671979465019,1.005480295267248,1.2583340707589883,1.0083340707574882,0.19881916046142578,
199,7.813592545410079,3.8351635342887946e-05,0.007670327068577589,0.005,0.0030756345600257196,2.658148615936126e-13,True,-2.5120652676978565,-12.57542074149838,0.49963471171187374,0.40900681601825556,0.2583424304636663,0.10511895476085927,-0.02212978404010307,-0.10848685546639332,-0.14857651267378982,-0.14431095193202637,-0.10305700552666915,-0.03588766126908495,0.044136809309357046,0.12362065624438687,0.19034717716539296,0.23457531480830643,0.250038351636843,3.835163534288144e-05,0.06497836112976074,
200,0.8265317913932064,261.93667217340123,52387.33443468025,0.005,9.979930967717256e-05,1.805742996942217e-14,True,-4.00087246276505,-13.743344060751348,262.30531604108296,195.4129201928618,50.380656228949675,-77.05181755994252,-109.77243943459213,-43.40219938702223,54.38532791435657,98.05737109266775,50.66977602055639,-47.64562949997067,-110.64180056612287,-73.00845585253133,57.166886240532115,200.501472960327,262.1866721734027,261.93667217340123,0.019008398056030273,
201,0.45535946099668956,0.04536445975596333,9.072891951192666,0.005,6.366015154990936e-05,1.43157450353415e-14,True,-4.196132331828571,-13.844186045035478,0.544938159516744,0.4427507346626298,0.2670157091163641,0.09176754378907068,-0.041121226088172674,-0.11597849749644104,-0.13913984239123173,-0.1273179105500826,-0.09427115955410317,-0.044126158781594774,0.024983464121586006,0.11096571615999304,0.20020652647535692,0.269229952165518,0.29536445975746345,0.045364459755963316,0.016971111297607422,
202,4.482447002793841,0.21749203991317353,43.4984079826347,0.005,0.000838670957135854,7.337826179449214e-14,True,-3.0764083961789512,-13.134432580151636,0.7169796862827099,0.570894519825502,0.29995280714704375,0.041065064411343416,-0.11324193309286146,-0.14442828653644724,-0.10330373627429765,-0.0627862043466408,-0.06090658294259924,-0.07541215927353598,-0.04775207607333615,0.06290811086186195,0.23764777190795794,0.40083222548774,0.46749203991467364,0.2174920399131735,0.16295075416564941,
203,19.994037234105438,0.0005828663842272761,0.11657327684545522,0.005,nan,nan,False,nan,nan,0.5001789542362798,0.409412190804419,0.2584466248969278,0.1049585606636381,-0.02235793335021453,-0.10857685458054334,-0.14846314741120126,-0.14410680994753816,-0.1029514587918655,-0.03598663255936805,0.043906715013207434,0.12346862903958333,0.19046562018501845,0.23499163030373846,0.2505828663857274,0.0005828663842272763,0.11616206169128418,
204,0.01831514795715559,17.387620655525275,3477.524131105055,0.005,3.0250824911419514e-05,1.0429959880392137e-14,True,-4.5192627780497645,-13.981717362115926,17.87852427489505,13.35353673514231,3.5855053542476965,-5.016625813778409,-7.3074511004347835,-2.9823612689079297,3.471431646332586,6.37440238731309,3.267287952190817,-3.19626386603723,-7.303292291837668,-4.730950393240671,3.9724995546338966,13.52846672186358,17.637620655526774,17.387620655525275,0.006450176239013672,
205,0.09498780445266616,3.066689464383344e-05,0.006133378928766689,0.005,3.253254845798203e-05,1.020235667825853e-14,True,-4.487681914649667,-13.991299497439636,0.4996270308130808,0.40900109496088477,0.2583409599668551,0.10512121840394575,-0.022126564167193354,-0.10848558530822626,-0.14857811259858353,-0.1443138329893711,-0.10305849510852208,-0.035886264486529415,0.04414005663186918,0.12362280180545847,0.19034550557817645,0.2345694393446244,0.25003066689614395,3.0666894643816e-05,0.009395360946655273,
206,89.79448405150782,324.62945998705374,64925.89199741075,0.005,nan,nan,False,nan,nan,324.9667612483211,242.08580739383663,62.37709803187811,-95.51881615685969,-136.04044469607294,-53.76426098109834,67.437654536299,121.56128929433122,62.82191526568451,-59.0407039475849,-137.13374208872398,-90.51213102786487,70.80384118546931,248.43402037456988,324.8794599870552,324.62945998705374,0.1103353500366211,
207,1.3308201485724944,0.001234879455574709,0.24697589111494178,0.005,0.0001566246863932312,2.3007503960287e-14,True,-3.805139785576887,-13.638130494546187,0.5008306413404819,0.4098975948451998,0.2585713894374427,0.10476650149872212,-0.02263112398961658,-0.10868462135629314,-0.14832740153251583,-0.1438623661697161,-0.10282507497788981,-0.036105142801900345,0.043631195407835124,0.12328658856237788,0.1906074462735935,0.23549013497304686,0.25123487945707484,0.0012348794555747111,0.017548561096191406,
208,0.11707173148523034,8.133659349476385,1626.731869895277,0.005,3.373004908483697e-05,1.0389186785455355e-14,True,-4.471983026813813,-13.983418445552676,8.629189390434734,6.464242013025177,1.8147337531419048,-2.2907478234313996,-3.4300815854696793,-1.4528373733124977,1.5448029267358527,2.9050344238841865,1.4735341524013537,-1.514258938593167,-3.392867977944364,-2.147266712309969,1.9595749776014586,6.4532359889408575,8.383659349477885,8.133659349476385,0.013612031936645508,
209,0.13492155007920653,0.0022195944533146906,0.4439188906629381,0.005,3.484764627993354e-05,1.0560637893970755e-14,True,-4.457826550196032,-13.976309848330185,0.5018148640402131,0.4106306854225599,0.2587598174301166,0.1044764405345219,-0.0230437152882932,-0.10884737815520153,-0.1481223887674394,-0.1434931903591328,-0.10263420144703214,-0.03628412512347587,0.043215086744521305,0.12301165850962681,0.19082164178995334,0.23624301102091036,0.25221959445481484,0.0022195944533147105,0.013633012771606445,
210,1.526853820268333,4.484910602298795,896.982120459759,0.005,0.00018192899891912532,2.5013540890743006e-14,True,-3.7400980702230693,-13.601824825644082,4.982264797196948,3.747858763202102,1.1165353873405381,-1.2159601110885407,-1.901271739374267,-0.849760678558644,0.7851515845252581,1.5370957010601813,0.7662741246931429,-0.8510604262170192,-1.851024939663607,-1.1285448609729694,1.1658980012552072,3.663539942138759,4.734910602300295,4.484910602298795,0.021149873733520508,
211,58.69539390519574,1.5860350417260937e-05,0.0031720700834521874,0.005,nan,nan,False,nan,nan,0.4996122316712318,0.40899007193586673,0.25833812669284845,0.10512557986945069,-0.022120360289598948,-0.10848313803592234,-0.14858119524745156,-0.1443193840553946,-0.10306136515455856,-0.03588357324117795,0.04414631339787818,0.12362693575690088,0.19034228485401422,0.23455811881784722,0.2500158603519174,1.5860350417284952e-05,0.13507652282714844,
212,0.06181119636242999,633.4168140457498,126683.36280914996,0.005,3.116341941579404e-05,9.984559325105396e-15,True,-4.506354895289113,-14.000671098234278,633.5997402849213,471.96866709226146,121.46442931241042,-186.476258520045,-265.4210022364763,-104.80160823926587,131.72564590588658,237.3275993374649,122.67611946553014,-115.1660576077137,-267.6172763503839,-176.7248156473405,137.9713636663854,484.5212164541462,633.6668140457513,633.4168140457498,0.010814428329467773,
213,0.028272502844876767,0.0003528331598602248,0.07056663197204496,0.005,3.0411505533571883e-05,1.1387884591663605e-14,True,-4.516962079404112,-13.94355694277707,0.49994903601462776,0.4092409380158961,0.2584026073905272,0.10502632002447969,-0.02226155043028521,-0.10853883396409443,-0.14851103918445055,-0.14419305084186973,-0.10299604758542534,-0.035944821598195315,0.04400391960309266,0.1235328537611067,0.1904155832856249,0.2348157555529362,0.25035283316136037,0.000352833159860233,0.005357980728149414,
214,31.003127719773953,27.961431837545096,5592.286367509019,0.005,nan,nan,False,nan,nan,28.447049190125096,21.225419830367283,5.608833952384007,-8.131283226092496,-11.737831969583427,-4.730034112519457,5.672846545869323,10.338590322945253,5.316876594149654,-5.1181654087198325,-11.77144241363036,-7.683132976754367,6.272518292260944,21.612805024666653,28.211431837546595,27.961431837545096,0.1262209415435791,
215,3.854585611124276,0.08044652361797747,16.089304723595493,0.005,0.0006787363328496089,5.874658447102447e-14,True,-3.168298902342703,-13.231017378222301,0.5800026844662584,0.4688682717272778,0.273728761001985,0.08143365297466842,-0.055820458172892815,-0.12177697159949151,-0.13183593117484244,-0.11416542542198067,-0.08747098141678905,-0.05050269336276318,0.010158920234860903,0.10117088852932131,0.20783758805270655,0.29605237860560196,0.3304465236194776,0.08044652361797744,0.019113779067993164,
216,0.3933434828259567,0.12600671947708694,25.201343895417388,0.005,5.778385035426637e-05,1.3627873381559489e-14,True,-4.238193522860497,-13.865571910175005,0.6255401029798904,0.502786461623492,0.2824468330037983,0.06801328833071134,-0.07490998196466403,-0.12930730438886312,-0.12235052498935986,-0.09708462308300606,-0.07863976073856872,-0.058783738787088397,-0.009093342849138368,0.08845059171283862,0.2177478562012525,0.33088599064260554,0.3760067194785871,0.12600671947708697,0.017674922943115234,
217,0.7111612970194258,7.145791223017439e-05,0.014291582446034878,0.005,8.821575289517295e-05,1.6930412220731512e-14,True,-4.05445385495243,-13.771332467584534,0.4996678014376227,0.4090314626415864,0.25834876544314067,0.10510920286450647,-0.0221436554260438,-0.10849232737619699,-0.14856962011159505,-0.14429854018179072,-0.103050588327807,-0.03589367868357504,0.044122819669050475,0.12361141305171497,0.19035437845316544,0.23460062662234357,0.2500714579137303,7.145791223017728e-05,0.018472909927368164,
218,6.753215646297802,139.3257813860697,27865.15627721394,0.005,0.0020598993384629317,1.7193491068398561e-13,True,-2.6861540018727053,-12.764635932631924,139.75572329178866,104.1328148586089,26.918716394538247,-40.93514087192113,-58.39900978444191,-23.13668485576073,28.85835025433528,52.089781387381734,26.90333222728202,-25.359808796593295,-58.83040946278032,-38.775790818095174,30.496526670697552,106.75779779253543,139.5757813860712,139.3257813860697,0.04403185844421387,
219,17.715864552622175,0.004925055790569358,0.9850111581138715,0.005,nan,nan,False,nan,nan,0.5045189728102456,0.4126448196830368,0.25927751508903907,0.10367951073667017,-0.02417729181471882,-0.10929454533335212,-0.1475591251725607,-0.14247889598515143,-0.10210978477903593,-0.03677587121466573,0.042071846412774554,0.12225630022842406,0.19141013459188577,0.23831150499522236,0.2549250557920695,0.004925055790569344,0.17913317680358887,
220,0.015655099756732797,2.0395705362052214,407.9141072410443,0.005,3.021938538993986e-05,1.0309550779592528e-14,True,-4.519714372706193,-13.986760257916727,2.538147253404802,1.927376933425256,0.6486126674503819,-0.49565251041583075,-0.876684893544648,-0.4455871640765558,0.2760439445962996,0.6203224183095067,0.2922784065064225,-0.406594115583404,-0.8177034318311373,-0.4458118114018421,0.6339868601286056,1.7939249074656143,2.2895705362067216,2.0395705362052214,0.007974624633789062,
221,0.034244626576027566,0.011359459040541156,2.271891808108231,0.005,3.0452960848969165e-05,9.86968381269075e-15,True,-4.516370475843719,-14.005696760258754,0.5109501592473175,0.4174350385832421,0.26050875630221176,0.10178417125771097,-0.02687327877460867,-0.11035804378544697,-0.1462195144172446,-0.14006659796909604,-0.10086256373527921,-0.03794539177064,0.039352876008431376,0.12045983035744967,0.19280974801278256,0.24323100769429468,0.2613594590420413,0.011359459040541142,0.00858616828918457,
222,33.55890625177615,0.8686419495608069,173.72838991216136,0.005,nan,nan,False,nan,nan,1.3678040603137827,1.0556559627883355,0.4245521792357236,-0.15073984468901352,-0.3860709114990823,-0.25205239619960906,0.03226243643813023,0.18133396875635976,0.06530991894611499,-0.19376551307631978,-0.32290693726895753,-0.11889137367849445,0.37928610527827555,0.898676953827741,1.118641949562307,0.8686419495608069,0.18274784088134766,
223,2.6735074960021756,0.00024980534332163883,0.049961068664327764,0.005,0.0003749948318366154,3.870976184282884e-14,True,-3.4259747176597646,-13.412179500617585,0.49984605970577317,0.4091642369179299,0.25838289272719367,0.10505666824490206,-0.0222183822235218,-0.10852180520180603,-0.14853248906344788,-0.1442316766145761,-0.10301601811818295,-0.035926095207479976,0.044047455821310526,0.12356161887903502,0.19039317264253167,0.2347369843597345,0.2502498053448218,0.0002498053433216407,0.024930715560913086,
224,0.2438067839744413,40.572476945147386,8114.495389029477,0.005,4.3686933333275325e-05,1.18319830806586e-14,True,-4.359648440142351,-13.926942460037353,41.051789537051306,30.6139620585907,8.021993009166462,-11.8460351206802,-17.02180498772267,-6.814427401250987,8.2984034165853,15.066549997152373,7.761355162078347,-7.410355672941186,-17.100461606755637,-11.204106359547206,9.015676794832624,31.254735757752762,40.822476945148885,40.572476945147386,0.01367640495300293,
225,0.3126885533767414,0.029419272107579088,5.883854421515817,0.005,5.012387555688141e-05,1.268127174603193e-14,True,-4.299955356913788,-13.896837190887354,0.5290009434988789,0.43088002400411685,0.2639645524788703,0.09646441193290793,-0.03444026185528456,-0.11334302661847064,-0.14245955115667205,-0.1332958611129412,-0.09736191604061989,-0.04122795299635213,0.031721383960204304,0.11541757409996295,0.19673812423751239,0.25703886145733384,0.27941927210907924,0.02941927210757911,0.01761460304260254,
226,2.7631566143889286,0.3444906831297187,68.89813662594374,0.005,0.00039384942078543036,3.9973725295772e-14,True,-3.4046697888892856,-13.3982253763832,0.8439148378500829,0.6654411743328944,0.32425435578652506,0.0036559165989758363,-0.16645381191581368,-0.16541902262056443,-0.07686325038088039,-0.015173618816764406,-0.0362896333678394,-0.09849550019147464,-0.10141758923479949,0.027450395930154955,0.265272556767741,0.4979306111204799,0.5944906831312189,0.34449068312971876,0.024454832077026367,
227,40.38546608640455,0.00012875984514261162,0.025751969028522323,0.005,nan,nan,False,nan,nan,0.49972507472303046,0.40907412220011763,0.25835973032965076,0.1050923238142744,-0.022167664686562106,-0.1085017984202996,-0.14855769013415226,-0.1442770573288033,-0.10303948113203455,-0.03590409391336942,0.04409860572820037,0.12359541449022814,0.1903668427876549,0.23464443752487382,0.25012875984664273,0.00012875984514260086,0.16565656661987305,
228,0.03835019479902656,76.62648473527699,15325.296947055398,0.005,3.0533943823758535e-05,9.882844005991584e-15,True,-4.515217097755773,-14.005118059625653,77.08777250143565,57.4550820249505,14.92102910726177,-22.466225010027756,-32.12827734852513,-12.773547460564508,15.804668524871788,28.583422981971285,14.749931333118823,-13.963551299279613,-32.33571751642375,-21.270298391127994,16.85815592145622,58.82027396624077,76.8764847352785,76.62648473527699,0.008551597595214844,
229,0.014921090016333112,4.34948082063906e-05,0.008698961641278119,0.005,3.021156967625043e-05,1.0320558201448687e-14,True,-4.519826709879837,-13.98629681266492,0.49963985231346153,0.4090106449551283,0.2583434146243025,0.10511743977054912,-0.02213193900715033,-0.10848770554621684,-0.14857544189077906,-0.14430902372435694,-0.10305600859297105,-0.03588859609491932,0.04413463597109132,0.12361922028292602,0.19034829590997362,0.23457924708482078,0.2500434948097065,4.3494808206367974e-05,0.007786989212036133,
230,13.60707881341785,230.92628195178023,46185.256390356044,0.005,nan,nan,False,nan,nan,231.31042914112572,172.32662118867646,44.44673058050747,-67.91729263795749,-96.77922088569991,-38.276704338247306,47.92911889953998,86.43138187462374,44.658836115650246,-42.00916448464416,-97.53781407909473,-64.35042968350858,50.42149639546488,176.79209503235535,231.17628195178173,230.92628195178023,0.27194738388061523,
231,6.149203609930113,0.006074138390096524,1.2148276780193048,0.005,nan,nan,False,nan,nan,0.5056674809378932,0.41350027697601516,0.25949739528599186,0.10334103309844032,-0.024658752423233704,-0.10948446932761399,-0.14731989189026992,-0.14204809773278276,-0.10188705083721293,-0.03698472907893858,0.04158628132478076,0.12193547913762275,0.19166008340073984,0.23919005032883284,0.25607413839159665,0.006074138390096517,0.1740715503692627,
232,0.6026071307027796,1.638978612873625,327.795722574725,0.005,7.76621205657023e-05,1.5850257472668302e-14,True,-4.109790755208853,-13.799963678679612,2.1377556018336996,1.6291483444071488,0.5719582728610869,-0.37765280512134153,-0.7088386210027596,-0.37937606821669884,0.19264269849160048,0.47013800114465876,0.21462914249109438,-0.3337823145984995,-0.648426260127251,-0.33396751242601275,0.5468499788334804,1.4876473908886112,1.8889786128751251,1.638978612873625,0.017503738403320312,
233,0.33348406952990356,0.0009139227762983914,0.18278455525967827,0.005,5.209734531395319e-05,1.2931204595360803e-14,True,-4.283184406160648,-13.888361016902234,0.5005098451201552,0.4096586522903912,0.25850997347145244,0.10486104357848232,-0.02249664453776962,-0.10863157262460209,-0.14839422311687192,-0.14398269483588438,-0.10288728803929989,-0.036046805545218066,0.04376682130477162,0.12337619889325208,0.19053763167565957,0.23524474356864708,0.2509139227777985,0.0009139227762983704,0.01759171485900879,
234,3.5118680563303837,11.090580857881612,2218.1161715763224,0.005,0.0005773010358220752,5.208084710108162e-14,True,-3.2385976632680276,-13.283321960531772,11.584632616723818,8.665580776810055,2.380549025176846,-3.161748575690532,-4.66901882927908,-1.941566681219763,2.1604192786178307,4.013602788540018,2.0466929344587297,-2.051710564196133,-4.642367233272326,-2.9728320669074457,2.602765475138348,8.713986951605229,11.340580857883111,11.090580857881612,0.022797107696533203,
235,23.798893077733798,0.041460039054989434,8.292007810997887,0.005,nan,nan,False,nan,nan,0.5410356907902407,0.4398440113645151,0.26626858720095964,0.09291764309269357,-0.03948529080609414,-0.11533316253521816,-0.13995272336264528,-0.1287817022872334,-0.09502797809231887,-0.04341648919895237,0.026633345846375223,0.11205582100428284,0.19935723565511898,0.266244778959776,0.2914600390564896,0.04146003905498946,0.26041126251220703,
236,0.026932267889098898,0.23794531573288746,47.589063146577494,0.005,3.0385958314172698e-05,1.1217633982363565e-14,True,-4.517327062295301,-13.95009873459153,0.7374227367001686,0.5861213659830126,0.3038665991733254,0.03504027864192252,-0.12181176665080964,-0.14780886843806035,-0.0990454659724393,-0.0551181433369511,-0.0569419952372484,-0.07912975756181108,-0.05639496795704173,0.05719760557560931,0.24209677490426545,0.4164700308429444,0.4879453157343876,0.23794531573288746,0.007612705230712891,
237,0.06925948449383496,0.0013511978065460168,0.27023956130920335,0.005,3.142340983402866e-05,1.0026274562565178e-14,True,-4.502746690341452,-13.998860406707374,0.500946901539305,0.4099841903446761,0.2585936472820322,0.10473223837374246,-0.022679860872468288,-0.10870384682000787,-0.14830318463034975,-0.14381875769253835,-0.10280252825685439,-0.03612628488722093,0.043582043040243865,0.12325411275928577,0.19063274787792125,0.23557906760896108,0.25135119780804616,0.0013511978065460228,0.012978315353393555,
238,70.67625801429035,7.434666634549574,1486.9333269099147,0.005,nan,nan,False,nan,nan,7.93054612963677,5.9438630463878415,1.6809795252996973,-2.084850176573243,-3.1372066798583553,-1.3373056539796273,1.399276119909179,2.642977683896294,1.3380439772257176,-1.387209651064172,-3.097496296857106,-1.9521096319075077,1.8075298621628297,5.9188124512601235,7.684666634551074,7.434666634549574,0.19649529457092285,
239,1.5771399745889325,1.955790716325e-05,0.00391158143265,0.005,0.0001887408733985727,2.553947315724164e-14,True,-3.724134039584697,-13.592788065853446,0.49961592737942284,0.40899282465519765,0.2583388342307625,0.10512449070468993,-0.022121909549784137,-0.10848374917975699,-0.14858042543452674,-0.1443179978182478,-0.10306064843376801,-0.03588424531105814,0.04414475093016049,0.12362590340797397,0.19034308914772186,0.23456094583065404,0.25001955790866337,1.95579071632368e-05,0.02364063262939453,
240,0.17294637470563934,508.9414794516812,101788.29589033623,0.005,3.76070590104924e-05,1.0972791455238057e-14,True,-4.424730628434975,-13.959682874759995,509.18663583815555,379.3005396502176,97.6457228960305,-149.81038498875375,-213.26637874516717,-84.22793255840726,105.81050031806276,190.66101798970476,98.54827874695822,-92.54135460667375,-215.01803168329377,-141.97160239812737,110.89544969266288,389.3520576815538,509.19147945168265,508.9414794516812,0.011584281921386719,
241,0.11157298894359222,1.0485672114043385e-05,0.002097134422808677,0.005,3.341196769750617e-05,1.0339882619623943e-14,True,-4.476097947139327,-13.985484391410255,0.49960685967994306,0.4089860706501856,0.2583370982329933,0.10512716305278239,-0.022118108322779936,-0.10848224969214998,-0.14858231422874346,-0.1443213990559011,-0.10306240696241903,-0.03588259633679177,0.04414858456284432,0.12362843635412223,0.19034111575229742,0.23455400954098157,0.25001048567361417,1.0485672114035616e-05,0.012870311737060547,
242,1.0220425401679658,957.9732282174367,191594.64564348734,0.005,0.0001205311601507532,1.9956399709711776e-14,True,-3.9189006631960193,-13.69991780609667,957.9938958571203,713.5911158181619,183.56921472968762,-282.078688307412,-401.40872733892644,-158.44531546115346,199.2966771640111,359.00582862902195,185.58694023868006,-174.15760401860263,-404.76430465894214,-267.3401838236318,208.568977068191,732.6648427532666,958.2232282174382,957.9732282174367,0.02033400535583496,
243,81.7790949923816,0.0027054372706499775,0.5410874541299955,0.005,nan,nan,False,nan,nan,0.5023004639654912,0.4109923807275812,0.25885278482376417,0.10433332903894252,-0.023247281314419686,-0.10892767978755566,-0.14802123870919612,-0.14331104484868817,-0.10254002746349432,-0.03637243217228394,0.04300978530627166,0.12287601236662575,0.19092732247255462,0.23661446816438614,0.2527054372721501,0.0027054372706499796,0.19985079765319824,
244,0.0805013436181571,3.6799685212065487,735.9937042413097,0.005,3.186849795588533e-05,1.0097296259528883e-14,True,-4.496638405457655,-13.995794901144361,4.177725138515857,3.1486036931323835,0.9625074494020636,-0.9788536623162467,-1.5640045104201594,-0.716717314005548,0.6175666465992068,1.2353178811408558,0.6102471143331726,-0.7047537255590811,-1.5108824881146135,-0.9038069730316161,0.9908067463286157,3.0481115043038205,3.929968521208049,3.6799685212065487,0.013237953186035156,
245,0.023485965916785007,0.06599894923456902,13.199789846913804,0.005,3.032584211827796e-05,1.0912552711542935e-14,True,-4.5181871303709285,-13.962073645483217,0.5655623329972127,0.45811248891652084,0.2709641768874739,0.08568937911433706,-0.04976698738057365,-0.1193890309628291,-0.13484384430685328,-0.11958191140645195,-0.0902714460600808,-0.0478766945608638,0.01626399721510865,0.10520461645717047,0.2046949471238043,0.2850063066680781,0.31599894923606914,0.065998949234569,0.007907390594482422,
246,20.66051439866315,0.15356632319473745,30.71326463894749,0.005,nan,nan,False,nan,nan,0.653085928560655,0.5233037542894494,0.2877204409201234,0.059895238696386195,-0.08645733598585367,-0.13386244256647076,-0.11661275256227793,-0.08675235530484773,-0.07329770858875975,-0.06379298701262327,-0.02073913872990575,0.08075601681423092,0.2237426298794471,0.35195702700871134,0.4035663231962376,0.15356632319473745,0.18311762809753418,
247,5.39493644298643,0.000533696968100509,0.10673939362010179,0.005,nan,nan,False,nan,nan,0.5001298094018906,0.4093755856590322,0.25843721619044624,0.10497304417235243,-0.02233733157883756,-0.1085687277044509,-0.14847338423909612,-0.14412524386912579,-0.10296098961051645,-0.0359776955001488,0.04392749241587459,0.12348235702199499,0.1904549248381409,0.23495403721764324,0.25053369696960065,0.0005336969681005166,0.2882671356201172,
248,0.5099975769909757,18.48857651395244,3697.7153027904883,0.005,6.883455175722769e-05,1.4898392138370056e-14,True,-4.162193511316724,-13.8268605989107,18.97892972190563,14.173165122802454,3.7961763635266683,-5.340927077159374,-7.768746813871299,-3.164330723692598,3.7006451804833684,6.787157623482045,3.480693183652433,-3.3963741882580996,-7.768520577858569,-5.038334613983412,4.211979819610507,14.370216159484801,18.73857651395394,18.48857651395244,0.01756000518798828,
249,0.9262423025074947,0.0033757940702428004,0.67515881404856,0.005,0.00011018515604509158,1.902539770558961e-14,True,-3.9578769089500003,-13.720666256000875,0.5029704856271829,0.41149144112005887,0.258981059488426,0.10413586648369116,-0.02352815789612657,-0.10903847847253416,-0.14788167375752204,-0.14305972389243415,-0.10241008796875077,-0.03649427658061573,0.04272651423549271,0.12268885036472967,0.19107313869467335,0.2371269977583237,0.25337579407174293,0.003375794070242799,0.02095174789428711,
250,9.40931421059446,2.975953777615684,595.1907555231368,0.005,0.005260746531474613,5.41559722628201e-13,True,-2.278952622482209,-12.266353642865704,3.474062359764774,2.624485977820254,0.8277922422079723,-0.7714767097910906,-1.2690253966539393,-0.6003555379443211,0.47099427838159924,0.9713783512014751,0.4737834876051825,-0.576791631429827,-1.213388660376478,-0.7072477543366595,0.8376692376337251,2.5098483124068647,3.225953777617184,2.975953777615684,0.05723214149475098,
251,11.859276572274325,8.401147052954837e-05,0.016802294105909672,0.005,nan,nan,False,nan,nan,0.4996803487199013,0.40904080838662205,0.2583511676019345,0.10510550504611961,-0.022148915312339465,-0.10849440226788484,-0.1485670065231919,-0.1442938337742804,-0.1030481549922704,-0.03589596042500644,0.04411751494192052,0.12360790812851041,0.1903571091071194,0.23461022460082542,0.2500840114720297,8.401147052955471e-05,0.1796417236328125,
252,0.012946096652274875,118.49188174920116,23698.37634984023,0.005,3.0192391178754646e-05,1.0125455445919822e-14,True,-4.5201024903351446,-13.994585432982309,118.93223934608918,88.62260576409096,22.93209092711378,-34.798237269772166,-49.66969650354089,-19.69319224982146,24.520835966767454,44.27902212840381,22.864965802123354,-21.573028120929333,-50.0266782822781,-32.959016279958696,25.96473026183775,90.82898178364977,118.74188174920266,118.49188174920116,0.008269548416137695,
253,0.04439994219042116,0.00021248114082511057,0.04249622816502211,0.005,3.066984598605079e-05,9.904890201733772e-15,True,-4.513288404897079,-14.004150334365256,0.49980875416312304,0.40913645017636463,0.2583757506357553,0.10506766258761949,-0.02220274354510677,-0.10851563613996165,-0.14854025977677673,-0.14424566969149952,-0.10302325290422085,-0.03591931114058842,0.044063227820361754,0.12357203970636559,0.1903850538702526,0.23470844767843105,0.25021248114232525,0.00021248114082511593,0.007660627365112305,
254,46.9668222713499,47.706807908612895,9541.361581722578,0.005,nan,nan,False,nan,nan,48.18255376604518,35.925256003629386,9.387167364794752,-13.947547662822558,-20.01105861355436,-7.993612112189223,9.783735640779524,17.741255290005405,9.144247617691589,-8.70709546228112,-20.115198792296013,-13.195994360269204,10.567538712350714,36.70937685924071,47.956807908614394,47.706807908612895,0.12804555892944336,
255,1.7815869721641902,0.01657236648039331,3.314473296078662,0.005,0.00021785485511277542,2.7733437998629473e-14,True,-3.6618327569346003,-13.556996289409415,0.5161604605483798,0.42131589074206666,0.26150626084630896,0.10024863969603036,-0.029057464305880087,-0.11121964955956766,-0.1451342130145195,-0.13811224637089758,-0.09985211294356545,-0.03889289259868105,0.03715007016942829,0.1190043991710512,0.1939436612804569,0.2472166006427129,0.2665723664818934,0.016572366480393286,0.01609015464782715,
256,0.2025202770630622,0.5953111732749183,119.06223465498367,0.005,4.00323523017806e-05,1.1323037361510612e-14,True,-4.397588889993118,-13.946037059684429,1.0946099329031607,0.8521694544508,0.3722495641341369,-0.07022661121837537,-0.27154650574217626,-0.20687542388423474,-0.024643671781475557,0.07886055144851303,0.012328487281630121,-0.14408476584491933,-0.20740620434228985,-0.04257808007045222,0.31983110875850584,0.6896985234373463,0.8453111732764185,0.5953111732749183,0.013802289962768555,
257,0.1993045076315595,0.017521216782141583,3.5042433564283164,0.005,3.975927928315393e-05,1.1284125703799406e-14,True,-4.400561496663712,-13.947532084501574,0.5171088364823007,0.42202228113637713,0.26168782602823143,0.09996914315739894,-0.02945502845301558,-0.11137647852846752,-0.14493666710077646,-0.137756516459122,-0.0996681912933766,-0.039065356134043376,0.036749116764989896,0.1187394824549341,0.19415005549685213,0.24794205589304813,0.2675212167836417,0.01752121678214158,0.012083053588867188,
258,1.8257287939481073,0.5630938449691699,112.61876899383398,0.005,0.0002244496167101678,2.8219932739351728e-14,True,-3.648881131901006,-13.549444025697305,1.0624087113152025,0.8281846264925907,0.3660846874785547,-0.06073656655188006,-0.2580475853885027,-0.20155044230432745,-0.03135115930273402,0.06678207359512356,0.006083598940706744,-0.1382289271216765,-0.19379220491340396,-0.03358307969884497,0.3128231853613577,0.6650663660484348,0.81309384497067,0.5630938449691699,0.02353835105895996,
259,45.78172335522596,0.0002161985984759505,0.0432397196951901,0.005,nan,nan,False,nan,nan,0.4998124697622696,0.4091392177113182,0.2583764619817636,0.10506656756078121,-0.022204301143684487,-0.10851625057308059,-0.14853948582058252,-0.14424427599337905,-0.10302253232591214,-0.03591998682766766,0.04406165694316625,0.12357100180115405,0.19038586249281128,0.23471128990672116,0.25021619859997607,0.00021619859847593625,0.1712360382080078,
260,0.045066985451710666,46.878395868050305,9375.67917361006,0.005,3.068603572703122e-05,9.907513300760918e-15,True,-4.513059213656137,-14.004035335956358,47.35455588145558,35.3085282575283,9.228648383903462,-13.703527823790816,-19.66395757372098,-7.856689558751354,9.611264374018946,17.430678435510888,8.983671276770519,-8.556522849310557,-19.765138696062365,-12.964703716241006,10.387342264450284,36.07600417320187,47.128395868051804,46.878395868050305,0.006070375442504883,
261,0.013147609948882444,8.265705807232091e-05,0.01653141161446418,0.005,3.019422421323169e-05,1.0250639679882455e-14,True,-4.520076124334878,-13.989249032093616,0.49967899498456847,0.40903980006745094,0.25835090843129005,0.10510590400641184,-0.02214834781941415,-0.10849417840632444,-0.14856728850512935,-0.14429434155198045,-0.1030484175265961,-0.03589571424627805,0.044118087272755784,0.12360828627720233,0.19035681449489525,0.23460918906800596,0.25008265705957244,8.265705807231072e-05,0.005402803421020508,
262,11.56604981647347,120.44651469947408,24089.302939894817,0.005,nan,nan,False,nan,nan,120.88589509797325,90.07777096552631,23.30611545611916,-35.37400053073083,-50.48867920334758,-20.0162601453622,24.92778082570093,45.01182624478873,23.243844659057192,-21.928303245275764,-50.852642856874716,-33.5047450861218,26.389902636624967,92.32342061519262,120.69651469947559,120.44651469947408,0.16138839721679688,
263,9.636632680700746,0.0031962393777745257,0.6392478755549051,0.005,0.0055431214973649555,6.028226296611515e-13,True,-2.2562456021838533,-12.219810452852935,0.5027910207012133,0.4113577680740797,0.2589467011915029,0.10418875671827027,-0.02345292526138556,-0.10900880110695915,-0.1479190561514836,-0.14312704006948856,-0.1024448921894767,-0.03646164062424103,0.042802388232787536,0.12273898160187474,0.19103408190143234,0.23698971699429439,0.25319623937927466,0.0031962393777745235,0.04271554946899414,
264,0.9109956937968662,3.14236899111653,628.473798223306,0.005,0.0001085726439263977,1.887744731666222e-14,True,-3.9642795862426534,-13.724056733090917,3.6403943757126,2.7483770785213095,0.8596362627645132,-0.8204965352191849,-1.3387526468892323,-0.6278611690164742,0.5056410981709771,1.0337684554230722,0.5060408000887345,-0.6070393491209648,-1.283710339444888,-0.7537104806395766,0.8738679272726144,2.637083125050554,3.39236899111803,3.14236899111653,0.02010035514831543,
265,0.5232014529963738,0.0005442316011766822,0.10884632023533643,0.005,7.008713453397906e-05,1.5036522099297475e-14,True,-4.154361695495411,-13.822852603089421,0.5001403387682867,0.4093834283752108,0.2584392320222033,0.10496994105537484,-0.02234174554425086,-0.10857046890181368,-0.14847119098088335,-0.14412129436930704,-0.10295894761601432,-0.03597961028065814,0.04392304082115136,0.12347941577784416,0.19045721633484458,0.23496209160183998,0.2505442316026768,0.0005442316011766701,0.012380599975585938,
266,5.315063289535562,18.126205450684502,3625.2410901369003,0.005,nan,nan,False,nan,nan,18.61673982227721,13.903390809829267,3.7268356383306442,-5.234185837053361,-7.616914915362908,-3.104436892066315,3.6252013273535235,6.651302445769806,3.410452510477612,-3.3305094311209142,-7.615394303651211,-4.937161486968617,4.133156751830807,14.0931608748599,18.376205450686,18.126205450684502,0.14152193069458008,
267,20.99378444755131,0.06962267146672767,13.924534293345534,0.005,nan,nan,False,nan,nan,0.5691842435871771,0.4608102406817147,0.2716575863590272,0.08462196329649527,-0.051285311225788895,-0.11998797119629044,-0.13408940336060093,-0.11822335528061226,-0.08956903707993223,-0.04853534424056317,0.014732729571470846,0.10419288194847588,0.20548318032472365,0.28777686838285266,0.3196226714682278,0.06962267146672768,0.18378973007202148,
268,0.022918224943459877,0.1455886151063495,29.117723021269896,0.005,3.0316712414766634e-05,1.07219318571347e-14,True,-4.5183178959667005,-13.969726957245427,0.6451122088443497,0.5173645915449503,0.2861938839724954,0.06224517924318052,-0.08311471101496831,-0.13254386182577776,-0.11827367170936802,-0.08974324795590619,-0.07484407816216647,-0.06234295454862239,-0.01736801768819747,0.08298337367444643,0.22200731630416665,0.3458575714805849,0.3955886151078496,0.14558861510634946,0.005730867385864258,
269,0.078602074277356,0.0025674116214143873,0.5134823242828774,0.005,3.1788919703253945e-05,1.0084634132009407e-14,True,-4.497724230653566,-13.996339853260013,0.5021625073207416,0.41088962480010893,0.25882637322641605,0.10437398633876381,-0.023189449168063127,-0.10890486647315668,-0.14804997496290018,-0.14336279152773215,-0.10256678184733023,-0.036347344556888775,0.04306811047501415,0.1229145487950466,0.19089729908987355,0.23650893894472486,0.2525674116229145,0.002567411621414384,0.009290218353271484,
270,83.14810886218523,3.877118104351274,775.4236208702548,0.005,nan,nan,False,nan,nan,4.374776158779512,3.2953756038533353,1.0002325782908486,-1.0369267071158847,-1.6466093277834835,-0.7493028185752969,0.6586122092918962,1.3092304927398024,0.6484618639087519,-0.7405877386185712,-1.5941915163141518,-0.9588506612238679,1.0336907857295927,3.1988446599240734,4.127118104352775,3.8771181043512746,0.1357882022857666,
271,1.0063818471777237,1.0293158732934113e-05,0.0020586317465868223,0.005,0.00011881400903743323,1.980395081440224e-14,True,-3.9251323498517685,-13.703248160964074,0.499606667262807,0.4089859273297873,0.2583370613950147,0.1051272197601719,-0.022118027660511047,-0.1084822178729315,-0.14858235430907196,-0.14432147123037156,-0.10306244427850426,-0.03588256134545725,0.0441486659127637,0.12362849010339398,0.19034107387672614,0.23455386235249165,0.25001029316023304,1.0293158732910257e-05,0.014339923858642578,
272,0.11440115743224194,975.9229896935756,195184.5979387151,0.005,3.35739652640075e-05,1.036502166067646e-14,True,-4.473997363232786,-13.984429785986674,975.9346835369295,726.9541711531776,187.00395222397486,-287.3660304651756,-408.92959928194864,-161.41210862032165,203.03372823069702,365.7353064555394,189.06625593801118,-177.420162208637,-412.3492924694053,-272.3517139423264,212.47341483621716,746.3885552094226,976.172989693577,975.9229896935756,0.010761737823486328,
273,0.17504067078469615,1.997149569582202e-05,0.003994299139164404,0.005,3.777183031937378e-05,1.0996927791553365e-14,True,-4.422831969942277,-13.958728626617397,0.4996163407611861,0.40899313255936975,0.2583389133720949,0.10512436887665967,-0.02212208284157939,-0.1084838175389734,-0.1485803393274512,-0.14431784276132056,-0.10306056826528909,-0.03588432048512973,0.04414457616104268,0.12362578793505304,0.19034317911162968,0.23456126204488917,0.25001997149719596,1.9971495695825237e-05,0.011507749557495117,
274,1.5467590015393384,498.52309935935295,99704.61987187059,0.005,0.0001846093430888178,2.5221125309800636e-14,True,-3.7337463230867223,-13.598235540089107,498.7734643064624,371.544370307239,95.65213647537391,-146.74151188138688,-208.90112282617952,-82.50594985525983,103.64144539836757,186.7551021415887,96.52881829535148,-90.64770430149831,-210.6155617056214,-139.06281580003701,108.62924037460522,381.3865561434905,498.77309935935443,498.52309935935295,0.016441822052001953,
275,72.13734976305106,0.0014204501986858104,0.28409003973716207,0.005,nan,nan,False,nan,nan,0.5010161193094325,0.4100357466591974,0.25860689892262745,0.10471183915601617,-0.022708877323395712,-0.10871529307368258,-0.1482887666267311,-0.14379279453765423,-0.10278910462804972,-0.036138872238838694,0.04355277922239737,0.1232347776584009,0.1906478116800646,0.23563201538310788,0.25142045020018594,0.0014204501986858076,0.11862587928771973,
276,0.06850097560371303,7.07143284292984,1414.286568585968,0.005,3.1395648030616696e-05,1.0021828326863795e-14,True,-4.503130548336915,-13.999053040960368,7.5674939329686115,5.673446458211197,1.6114737145998221,-1.977854808300056,-2.9850133019250658,-1.2772692278918112,1.3236526510272468,2.506799063929882,1.26763607596251,-1.3211880839630403,-2.944005461591887,-1.8506956332173417,1.7285191334404053,5.6410975569884005,7.3214328429313404,7.07143284292984,0.008897066116333008,
277,0.02665493347404197,0.03939569663570402,7.879139327140804,0.005,3.0380823072524545e-05,1.1505440416182262e-14,True,-4.517400464475421,-13.939096752340246,0.5389723804174508,0.43830717077663306,0.26587356945557106,0.09352572274411719,-0.038620340316215335,-0.1149919615128058,-0.14038250918739012,-0.12955563716962096,-0.09542812262893363,-0.04304127322318422,0.02750567008910773,0.11263218042963233,0.19890819924208858,0.2646664603948759,0.28939569663720416,0.039395696635704025,0.008121013641357422,
278,24.307262549350607,0.2504570226594146,50.09140453188292,0.005,nan,nan,False,nan,nan,0.7499281885291088,0.595435953935445,0.3062607495889286,0.03135478813631608,-0.12705411740338773,-0.14987684279908356,-0.09644059081696744,-0.05042742616804191,-0.05451677201671901,-0.08140389206542076,-0.061682010052389394,0.05370436717342088,0.24481832533441164,0.42603601133932095,0.5004570226609147,0.2504570226594146,0.3812384605407715,
279,3.44267049634913,0.000894083754718923,0.1788167509437846,0.005,0.0005582425241520018,5.0830068901823423e-14,True,-3.253177084183569,-13.293879301596501,0.5004900160168879,0.4096438827379651,0.2585061772187078,0.1048668874274552,-0.022488332074065163,-0.10862829356857759,-0.14839835350249594,-0.14399013260913818,-0.10289113356222411,-0.0360431995941071,0.04377520463270898,0.12338173790023571,0.190533316285439,0.23522957539897918,0.2508940837562191,0.000894083754718944,0.025218963623046875,
280,0.3373657699878545,11.336242004125575,2267.248400825115,0.005,5.246612559555973e-05,1.2977416999427216e-14,True,-4.280121005452799,-13.886811740087797,11.830170947235914,8.848468081206013,2.4275569785145765,-3.2341113498024274,-4.771949780463749,-1.9821703298598212,2.2115647074768536,4.105702688512684,2.0943109868756666,-2.0963620647587957,-4.7461756767573196,-3.0414200665324684,2.6562017650192233,8.901810223640544,11.586242004127076,11.336242004125577,0.019026994705200195,
281,0.590398988213772,0.00642885821906949,1.285771643813898,0.005,7.649137852372049e-05,1.5726773276026104e-14,True,-4.116387512174188,-13.8033603741451,0.5060220234283815,0.41376435517612353,0.2595652719259216,0.10323654563166164,-0.02480737848786987,-0.1095430985391173,-0.14724604098606708,-0.1419151110506548,-0.10181829325113301,-0.03704920314366204,0.04143638821436444,0.12183644221677233,0.1917372421696266,0.23946125576751198,0.2564288582205696,0.0064288582190694665,0.0176393985748291,
282,6.217322536877555,1.5484940736149713,309.69881472299426,0.005,0.0016870730832276074,1.3937219171738994e-13,True,-2.772866103566781,-12.855823870344471,2.0473162993781853,1.5617853375680806,0.554643801019322,-0.3509993746741415,-0.6709259928326118,-0.3644204983368476,0.17380426744032207,0.4362147815301137,0.19708995243512167,-0.317335796630991,-0.6101904246135248,-0.30870444726641416,0.5271677533636002,1.4184663156880146,1.7984940736164714,1.5484940736149713,0.12232565879821777,
283,13.444337946276027,4.411414065559214e-05,0.008822828131118428,0.005,0.01766987283836324,4.658422743509853e-12,True,-1.7527665758919835,-11.331761102567574,0.4996404713362819,0.40901110602943286,0.2583435331353138,0.10511725733789826,-0.022132198504751274,-0.10848780791143635,-0.14857531294884338,-0.14430879153274873,-0.10305588854384859,-0.035888708665114594,0.044134374261258345,0.12361904736679971,0.19034843062736298,0.23457972060311566,0.2500441141421557,4.411414065558228e-05,0.20078802108764648,
284,0.015214094564908302,227.72462667305737,45544.92533461147,0.005,3.021464491956532e-05,1.0301402134830744e-14,True,-4.519782505184499,-13.987103658986449,228.11037449661893,169.94308552386596,43.83408481113441,-66.97420228256078,-95.43774125718315,-37.747524661316426,47.262550193854565,85.23106128902938,44.03823904031223,-41.427229918820004,-96.18489825931071,-63.45653525040837,49.72507133115061,174.3442298344063,227.97462667305888,227.72462667305737,0.007924318313598633,
285,0.03912121496296043,0.00012681433422196198,0.025362866844392394,0.005,3.055016760407628e-05,9.88547838877682e-15,True,-4.514986402792104,-14.00500230899282,0.49972313018474773,0.4090726738259917,0.25835935805064786,0.10509289689051961,-0.022166849525953013,-0.10850147686012186,-0.14855809517985,-0.14427778671301375,-0.10303985824271084,-0.03590374029627003,0.044099427838100703,0.12359595767218562,0.19036641959950687,0.234642950060403,0.2501268143357221,0.00012681433422195854,0.008016109466552734,
286,39.920608232969144,77.7939657610883,15558.79315221766,0.005,nan,nan,False,nan,nan,78.25466985726571,58.324236390663735,15.144429894985528,-22.810122150631383,-32.61744681758505,-12.966512404719337,16.047732268010854,29.02111891940873,14.976231558176202,-14.175753271296557,-32.829057183443695,-21.596256278180455,17.11210676178862,59.712886044543396,78.04396576108981,77.7939657610883,0.15636062622070312,
287,2.7918931770300293,0.027767791553774533,5.553558310754907,0.005,0.00040002377535175714,4.03862910037363e-14,True,-3.397914195678988,-13.393766029736044,0.5273502885855795,0.42965054660663005,0.26364853701611446,0.096950877603578,-0.03374829869031068,-0.11307006470663467,-0.14280338119438096,-0.1339150115001219,-0.09768203295279337,-0.040927779012778026,0.032419246151101734,0.11587866348807722,0.1963788936674568,0.25577620154525227,0.27776779155527465,0.027767791553774512,0.017412424087524414,
288,0.3061503185935607,0.3650695579968253,73.01391159936506,0.005,4.950468135599882e-05,1.2601908225232985e-14,True,-4.3053537305422545,-13.899563687506166,0.8644834245229983,0.6807615251880892,0.32819218154483704,-0.002405866048600616,-0.1750762709280255,-0.16882036392865196,-0.07257883098201831,-0.007458469938771611,-0.032300700005417,-0.10223592742938654,-0.110113555207804,0.021704823692749564,0.269748880108384,0.513664444782995,0.6150695579983254,0.3650695579968253,0.018876314163208008,
289,0.24100910635690612,0.00024522560689133586,0.04904512137826717,0.005,4.343225471763469e-05,1.1797195951326259e-14,True,-4.362187624333155,-13.928221206895616,0.49984148225893443,0.4091608274424659,0.2583820163817084,0.10505801726747997,-0.022216463333888038,-0.10852104824853229,-0.14853344254179546,-0.14423339358640327,-0.1030169058374366,-0.035925262792151295,0.04404939106958918,0.12356289753040244,0.19039217645682135,0.23473348286552367,0.25024522560839146,0.00024522560689133055,0.013547658920288086,
290,2.7273452200846817,41.33443844932238,8266.887689864476,0.005,0.0003862442952237493,3.946467340896262e-14,True,-3.413137921990779,-13.403791486860193,41.813370106506994,31.181219387161757,8.167796492464687,-12.070481066046826,-17.341063541995414,-6.940366800565062,8.457040012159899,15.352214130005711,7.90905097560134,-7.548850201085289,-17.422441858632094,-11.41684417405995,9.181418901135132,31.837302863162964,41.584438449323876,41.33443844932238,0.023385047912597656,
291,32.85821757370014,0.01077945648816979,2.155891297633958,0.005,nan,nan,False,nan,nan,0.5103704466611823,0.4170032441991166,0.2603977711776428,0.10195501876177615,-0.026630260229275365,-0.11026217913526971,-0.14634026806402153,-0.14028404455303506,-0.10097498929529573,-0.03783997019832576,0.03959796630089139,0.12062176567140873,0.19268358567496874,0.24278755955916695,0.26077945648966994,0.010779456488169803,0.17096400260925293,
292,0.03460204958676166,0.9151526712792273,183.03053425584545,0.005,3.0459649001868622e-05,9.870771329887754e-15,True,-4.516275105511792,-14.005648909009661,1.4142915294812206,1.090281790480864,0.4334521370421257,-0.16444019942947746,-0.4055587014893159,-0.2597398348993163,0.04194573738010704,0.19877112918411838,0.07432538605843511,-0.20221932658624084,-0.3425608617937502,-0.13187705502272518,0.38940313211102534,0.9342373021833672,1.1651526712807274,0.9151526712792273,0.008633136749267578,
293,0.015827900696742385,0.0051953358306684825,1.0390671661336965,0.005,3.0221279512656785e-05,1.0282192532781537e-14,True,-4.519687152388692,-13.98791426828247,0.5047891177266532,0.4128460350104157,0.2593292339371652,0.10359989613831923,-0.024290537975289957,-0.1093392180703738,-0.14750285421244244,-0.1423775663079178,-0.10205739469084546,-0.03682499745846571,0.04195763482214765,0.12218083869300257,0.19146892599130963,0.23851815094747578,0.25519533583216863,0.005195335830668502,0.007752418518066406,
294,17.356384597258725,1.933527505587365,386.70550111747303,0.005,nan,nan,False,nan,nan,2.432157237895821,1.8484310996367173,0.6283210343969188,-0.4644161183853213,-0.8322533252039175,-0.428060037700379,0.2539663130237651,0.5805662229891287,0.27172341574936854,-0.38731967795378625,-0.7728930818055818,-0.4162048529737038,0.6109203467194606,1.7128483949942148,2.1835275055888657,1.9335275055873655,0.25686025619506836,
295,6.885591879468956,7.287166127086939e-05,0.014574332254173877,0.005,0.002211072686598691,1.812986614054888e-13,True,-2.6553969802300412,-12.741605402448098,0.4996692144798743,0.4090325151350519,0.25834903596800773,0.10510878642583048,-0.02214424778073936,-0.10849256104509494,-0.148569325776076,-0.14429801015843446,-0.10305031429189634,-0.03589393564735239,0.04412222226449694,0.12361101833639203,0.19035468597230193,0.23460170752168283,0.250072871662771,7.287166127084577e-05,0.052301883697509766,
296,0.702628988567787,136.59840383059677,27319.680766119352,0.005,8.737541472059876e-05,1.684642095346947e-14,True,-4.058610749896447,-13.773492351484633,137.02970926032296,102.10236463553973,26.39682500543465,-40.13175535906292,-57.256250457959915,-22.685895295977318,28.290523811823252,51.067270486136906,26.37466740021037,-24.86407920192693,-57.677908047076656,-38.01431358161635,29.903266646077654,104.6725475021379,136.84840383059827,136.59840383059677,0.019251585006713867,
297,0.40172950462581036,0.07617105310182222,15.234210620364443,0.005,5.857944634687597e-05,1.3722792206266242e-14,True,-4.232254737291377,-13.862557512798642,0.5757293514270649,0.4656853130474892,0.27291063765772333,0.08269304996077287,-0.054029054633023196,-0.12107030835516838,-0.13272606287237065,-0.11576832605520875,-0.08829972288550779,-0.0497255815684212,0.01196559559331297,0.10236458958723152,0.20690758635984005,0.29278351466796765,0.32617105310332234,0.0761710531018222,0.01874852180480957,
298,3.814787343098321,0.13305629249998682,26.611258499997366,0.005,0.0006663327851011194,5.792985366118559e-14,True,-3.1763088179216905,-13.237097568587425,0.6325861516421685,0.508034655841475,0.2837957886883994,0.06593674237282993,-0.07786372238225639,-0.13047248004020523,-0.1208828389468501,-0.09444169407210617,-0.0772732974501979,-0.060065072928084176,-0.012072264074289248,0.08648236792473069,0.21928128154485152,0.33627582901085135,0.383056292501487,0.13305629249998685,0.02725362777709961,
299,31.36316402528003,0.00034713592461871177,0.06942718492374235,0.005,nan,nan,False,nan,nan,0.4999433416276597,0.4092366965963157,0.25840151720849197,0.10502799822126883,-0.022259163313512787,-0.10853789230709451,-0.1485122253204928,-0.1441951867709895,-0.10299715191653552,-0.035943786065688516,0.04400632707017336,0.12353444441544738,0.19041434402122134,0.2348113996611683,0.25034713592611885,0.00034713592461871334,0.1357896327972412,
300,0.027714275046151208,28.421385429802964,5684.277085960593,0.005,3.0400717704887536e-05,1.1167496250497258e-14,True,-4.5171161633783194,-13.95204418467109,28.906772833374255,21.567841389174717,5.696847369780127,-8.266768704392176,-11.930550523069662,-4.806056692143117,5.76860659621084,10.511029801009682,5.406032305585368,-5.20176681821218,-11.965803903909347,-7.81155091054509,6.372567542471773,21.96446824045446,28.671385429804463,28.421385429802964,0.0055887699127197266,
301,0.060623152452115074,1.6137135400562407e-05,0.0032274270801124815,0.005,3.112456415583524e-05,9.978310339481408e-15,True,-4.506896721375437,-14.000942993017766,0.4996125083178394,0.40899027799392784,0.2583381796564358,0.10512549833873437,-0.02212047626130241,-0.10848318378381688,-0.1485811376221946,-0.14431928028697347,-0.10306131150357613,-0.03588362354976368,0.04414619643750925,0.123626858479201,0.19034234506037095,0.23455833043723437,0.2500161371369007,1.6137135400551283e-05,0.008455514907836914,
302,59.40787863465554,622.4003049971199,124480.06099942396,0.005,nan,nan,False,nan,nan,622.5887388252695,463.76720880484976,119.35638922865866,-183.23119853405933,-260.8051328877927,-102.98076489676036,129.43206351226732,233.19744120322258,120.54071989848438,-113.16369106540759,-262.9620564490613,-173.64903288702516,135.57504914942362,476.0984080143228,622.6503049971213,622.4003049971199,0.15002870559692383,
303,1.5101773626937678,0.0023467404681959993,0.4693480936391998,0.005,0.0001796994958028783,2.484021875227859e-14,True,-3.745453141423775,-13.604844583918599,0.5019419464897683,0.4107253417908211,0.2587841471787399,0.10443898797641593,-0.023096988915202343,-0.10886839324933895,-0.14809591759949833,-0.1434455225230442,-0.1026095559314763,-0.03630723525074596,0.04316135895686765,0.12297615964888167,0.19084929863114405,0.2363402220813747,0.25234674046969613,0.002346740468195996,0.014968633651733398,
304,0.13771664523507968,4.242373295874932,848.4746591749864,0.005,3.503381924890286e-05,1.0588935736683644e-14,True,-4.455512515028612,-13.975147687381861,4.739848744773764,3.567297063212042,1.0701251895646582,-1.14451750574863,-1.7996496634795975,-0.8096733480112204,0.7346565235804486,1.4461669481710515,0.719261585889449,-0.8069767164410457,-1.7485365297060116,-1.0608290298926495,1.113141209995585,3.4781050405287064,4.492373295876432,4.242373295874932,0.012275934219360352,
305,0.11903557665862326,0.001165506382012365,0.233101276402473,0.005,3.384673165422358e-05,1.0407215955291554e-14,True,-4.470483261781362,-13.982665433502238,0.5007613029492654,0.40984594868700397,0.2585581147041168,0.10478693626477444,-0.0226020569736983,-0.1086731551560125,-0.14834184466140646,-0.14388837456882023,-0.10283852199913726,-0.03609253351516305,0.04366051022174194,0.1233059573572249,0.19059235622078913,0.23543709493042372,0.2511655063835125,0.001165506382012349,0.012631416320800781,
306,1.2994723824853938,8.619327943472504,1723.8655886945007,0.005,0.00015275685385128553,2.269252211179796e-14,True,-3.815999294846353,-13.644117232701896,9.114615179474807,6.825807614032006,1.9076678086620156,-2.433807999197581,-3.633574612775252,-1.533110209483937,1.645916712546418,3.087114616909449,1.5676743651283616,-1.6025343204744738,-3.598095795053929,-2.282864212574868,2.0652177630871242,6.824559927804812,8.869327943474005,8.619327943472506,0.02200007438659668,
307,92.07407019018973,3.020430814084865e-05,0.00604086162816973,0.005,nan,nan,False,nan,nan,0.4996265684578431,0.40900075057920343,0.25834087144962276,0.1051213546649831,-0.02212637034546173,-0.10848550885047084,-0.14857820890679277,-0.14431400641594386,-0.10305858477458725,-0.035886180406560664,0.04414025210594225,0.12362293095849458,0.19034540495621466,0.2345690856683841,0.25003020430964096,3.020430814082431e-05,0.1408677101135254,
308,0.09353557296160694,329.5905428799277,65918.10857598553,0.005,3.2461505456051695e-05,1.0191167522676138e-14,True,-4.488631342917213,-13.991776059407673,329.92536389946514,245.77918378255367,63.32641523852027,-96.98016943236264,-138.11911683807452,-54.58424440027694,68.4705273207857,123.42123029507881,63.783553314067774,-59.94243301206867,-139.23013503072318,-91.89725340801621,71.88297749839441,252.22707774658366,329.84054287992916,329.5905428799277,0.01225590705871582,
309,0.01804339900757994,0.0005911915697597593,0.11823831395195185,0.005,3.0247389492715238e-05,1.043907583419874e-14,True,-4.519312101270378,-13.981337947490214,0.5001872752597224,0.4094183886536268,0.2584482179446646,0.1049561083689658,-0.022361421566722307,-0.10857823059345133,-0.14846141414897848,-0.14410368878342036,-0.10294984506854324,-0.035988145749517045,0.04390319705945258,0.12346630466785866,0.1904674310819968,0.2349979954274502,0.2505911915712599,0.0005911915697597858,0.007903337478637695,
310,20.510958088307436,17.147032320339864,3429.4064640679726,0.005,nan,nan,False,nan,nan,17.63805621934244,13.174425985380218,3.539468097616293,-4.945757303966567,-7.206645635007307,-2.9425960704704703,3.421342351506467,6.284204315929177,3.220653194798676,-3.152534402309852,-7.2016274539986345,-4.663778710230226,3.9201667042117236,13.344521930353173,17.397032320341363,17.147032320339864,0.2722458839416504,
311,4.373930319677283,0.04801237742241684,9.602475484483367,0.005,0.0008000113115878927,7.058472151433716e-14,True,-3.096903872351215,-13.15128929441697,0.5475847533843343,0.44472202939801786,0.26752239563154945,0.09098756424857718,-0.04223069206695663,-0.11641615367528876,-0.13858855910242196,-0.1263251896581348,-0.09375789693946203,-0.04460744570458307,0.02386453988129129,0.11022642393291271,0.20078250235989825,0.2712544504136028,0.29801237742391695,0.04801237742241682,0.04338240623474121,
312,0.4626901550329405,0.2054760859595854,41.09521719191708,0.005,6.435407906814416e-05,1.4395063599834692e-14,True,-4.191423920233697,-13.841786411994914,0.7049697395801724,0.5619490049896505,0.29765352046131915,0.044604524252579096,-0.10820730067847985,-0.14244225178953576,-0.1058053981264174,-0.06729106062579619,-0.0632357112315035,-0.07322813309388627,-0.042674523127008215,0.06626293622950286,0.2350340578205803,0.39164527906704993,0.4554760859610856,0.20547608595958544,0.01232147216796875,
313,0.8060716897666087,3.751810488093791e-05,0.007503620976187581,0.005,9.77130455656123e-05,1.7858415458516664e-14,True,-4.010047450212275,-13.748157077818753,0.4996338785981267,0.40900619547999933,0.258342270965261,0.10511920028839773,-0.02212943479446695,-0.10848671769785107,-0.14857668621068645,-0.14431126442780906,-0.10305716709514602,-0.03588750976614499,0.044137161532332374,0.1236208889640818,0.19034699585558443,0.23457467752226793,0.2500375181063811,3.751810488095142e-05,0.012987136840820312,
314,7.934873561010336,267.72737410100706,53545.47482020141,0.005,0.0031376392445780126,2.798565162456634e-13,True,-2.503396991627245,-12.553064576423546,268.0931229675617,199.72392289838766,51.48872337822232,-78.75754621074236,-112.19871834173131,-44.35930485543976,55.590923255786954,100.22834145757189,51.79222436916809,-48.698150561326976,-113.08876364099733,-74.6252058665723,58.42648154710939,204.92882584072115,267.97737410100854,267.72737410100706,0.07663941383361816,
315,11.293485994795628,0.009380445094170934,1.8760890188341868,0.005,nan,nan,False,nan,nan,0.5089721346883612,0.41596172246652,0.260130066400825,0.10236711626694439,-0.02604408054354075,-0.11003094612201593,-0.1466315352783073,-0.14080854267338477,-0.10124616851476079,-0.037585685143479215,0.0401891432022829,0.12101236627892892,0.19237927227604756,0.241717928070211,0.25938044509567104,0.009380445094170908,0.21140551567077637,
316,0.010345397715629624,1.0613843265374943,212.27686530749884,0.005,3.0171263607266105e-05,1.0053636652568271e-14,True,-4.520406500691068,-13.99767681461581,1.5604500777462285,1.1991468416150974,0.46143397679163634,-0.20751468800551776,-0.4668291286576976,-0.2839094638412261,0.07239044072575312,0.25359429120237664,0.10267039189907587,-0.22879846999933595,-0.40435362289045085,-0.17270458053650783,0.4212114878059098,1.04604052538608,1.3113843265389944,1.0613843265374943,0.006943941116333008,
317,0.053658351343087,0.01903018044824077,3.8060360896481544,0.005,3.091141121640588e-05,9.943960988909972e-15,True,-4.509881167388734,-14.002440588140987,0.5186170457577286,0.42314565901498663,0.26197657048248824,0.09952465774087095,-0.030087277662259472,-0.11162588479985266,-0.14462250837028398,-0.13719079654437366,-0.09937569933017373,-0.039339626172329986,0.036111477594741925,0.11831818343819092,0.19447828574862058,0.24909575275346943,0.2690301804497409,0.019030180448240785,0.009289741516113281,
318,50.725737904407275,0.5326042707384908,106.52085414769816,0.005,nan,nan,False,nan,nan,1.031934380029656,0.8054860592649846,0.3602504214391882,-0.051755454941208645,-0.24527258647327851,-0.19651102936428505,-0.03769893701850055,0.05535134154901458,0.00017361209058941451,-0.13268712589778853,-0.18090829839501718,-0.025070464098557232,0.30619108357462643,0.6417551844369856,0.782604270739991,0.5326042707384908,0.1903214454650879,
319,2.3560703568662573,0.0001491116921992062,0.029822338439841237,0.005,0.00031298866084684377,3.449549332464051e-14,True,-3.5044713960664864,-13.462237639769796,0.49974541639539305,0.40908927353562413,0.2583636247129971,0.10508632890570285,-0.022176192021909714,-0.10850516223773551,-0.14855345298081443,-0.1442694272940712,-0.10303553620490734,-0.035907793075911784,0.044090005696826695,0.12358973230360795,0.19037126972783472,0.23465999778161192,0.25014911169369936,0.00014911169219922193,0.02345585823059082,
320,0.207265239496694,66.17143267698334,13234.286535396668,0.005,4.0438883285660774e-05,1.1380729109014275e-14,True,-4.393200845899328,-13.94382991387431,66.63794733754457,49.671611510806365,12.920425402466979,-19.386549684931442,-27.747656035390495,-11.045503499282587,13.627978684249598,24.663758584486093,12.723362522602793,-12.063235478071316,-27.917751153732357,-18.351273068573704,14.583969705815083,50.82673442239222,66.42143267698485,66.17143267698334,0.009381771087646484,
321,0.22652781025159585,5.671779191274504e-05,0.011343558382549008,0.005,4.21282114125896e-05,1.161751971340629e-14,True,-4.375426978806496,-13.93488658190773,0.4996530686864749,0.4090204890671627,0.2583459448795364,0.10511354476396115,-0.022137479379778252,-0.10848989108264617,-0.14857268893133554,-0.14430406634507528,-0.10305344549847742,-0.035890999511468624,0.04412904836646693,0.12361552845776214,0.19035117217755287,0.2345893568807888,0.2500567177934129,5.671779191274151e-05,0.012792348861694336,
322,2.1414590501040247,175.540671212076,35108.1342424152,0.005,0.00027501266116731257,3.1852492754334607e-14,True,-3.560647311447843,-13.496856574409014,175.9525078607512,131.0937066420309,33.848537724042764,-51.60272071527161,-73.57289101813494,-29.122396005106648,36.39811020234891,65.66697005352914,33.92309318002059,-31.94224642731583,-74.13364890987144,-48.88690072612935,38.37400090842103,134.44634035418252,175.7906712120775,175.540671212076,0.026964187622070312,
323,55.932707328809315,0.004658378103548537,0.9316756207097074,0.005,nan,nan,False,nan,nan,0.5042524284459574,0.41244628619873336,0.25922648556133654,0.10375806421377318,-0.02406555502441043,-0.10925046800460277,-0.14761464614068429,-0.1425788751176886,-0.10216147660036438,-0.036727399736476686,0.04218453576567009,0.12233075599555307,0.19135212677743776,0.23810761326663243,0.25465837810504866,0.004658378103548522,0.1981189250946045,
324,0.049204730778717266,2.156253858085266,431.2507716170532,0.005,3.0789400805996465e-05,9.92424602852384e-15,True,-4.511598762840272,-14.003302477823262,2.6547722406731573,2.014244142721002,0.6709403502528604,-0.530023142454835,-0.9255746976188033,-0.46487295133355716,0.30033683189042504,0.6640677253633064,0.3148958721594911,-0.42780253821042424,-0.8670100243070875,-0.478389513491562,0.6593678530433482,1.8831365864085092,2.406253858086766,2.156253858085266,0.011626482009887695,
325,0.01076143831014187,0.012022850554068208,2.4045701108136415,0.005,3.0174327709810266e-05,1.0060084157378719e-14,True,-4.520362397292658,-13.997398386185427,0.5116132191051656,0.4179289135305959,0.260635698139736,0.1015887604205677,-0.02715123693176619,-0.1104676912259881,-0.14608139960348776,-0.1398178883421456,-0.1007339743659505,-0.03806597016487293,0.03907254824193953,0.12027461304662652,0.19295404914368317,0.24373821189250097,0.26202285055556834,0.01202285055406821,0.006770133972167969,
326,10.593499836824192,0.8206835745252965,164.1367149050593,0.005,nan,nan,False,nan,nan,1.3198696615684553,1.0199524009204588,0.4153752088833025,-0.13661306431479112,-0.36597656106902343,-0.24412568479626737,0.022277741275399332,0.16335407404710162,0.0560138440429874,-0.18504857332974758,-0.3026412813415777,-0.1055015110191154,0.36885418444017826,0.8620097841983974,1.0706835745267966,0.8206835745252965,0.3360304832458496,
327,8.478590424977087,0.0003150916309667748,0.06301832619335496,0.005,0.0037792765693325054,3.544594107461615e-13,True,-2.422591325034582,-12.450433488825636,0.4999113133542187,0.40921284058743157,0.2583953854425055,0.10503743729626529,-0.022245736893926032,-0.10853259592522764,-0.1485188967830597,-0.1442072003770691,-0.10300336326447602,-0.03593796167783596,0.044019867950762105,0.12354339110496092,0.19040737373637656,0.2347868997995671,0.2503150916324669,0.0003150916309667684,0.0747685432434082,
328,0.776676256158082,32.16707979648392,6433.4159592967835,0.005,9.474072117804745e-05,1.7571987163934198e-14,True,-4.023463313692352,-13.755179122652027,32.65059457916247,24.356397724954,6.41359655335463,-9.370113044726557,-13.499980161839813,-5.425156864486699,6.548441534245656,11.91531404283644,6.132083915363782,-5.882586217936558,-13.548613020942087,-8.857339745065262,7.187332160497097,24.828285261382963,32.41707979648542,32.16707979648392,0.014966249465942383,
329,0.42836654842059285,0.001826264547899932,0.3652529095799864,0.005,6.11042333244307e-05,1.402021761168023e-14,True,-4.213928700628926,-13.853245245512122,0.5014217307759886,0.41033786318656745,0.25868455264314166,0.10459230111537549,-0.02287891176965493,-0.10878236734855476,-0.14820427809753126,-0.14364065220036748,-0.10271044306822277,-0.03621263327072884,0.04338129522266891,0.12312147527071245,0.19073608454508204,0.23594228577007653,0.25182626454940005,0.001826264547899914,0.012801170349121094,
330,4.8694949292010135,5.451035266747517,1090.2070533495032,0.005,nan,nan,False,nan,nan,5.947906457680445,4.467109398856165,1.30140606729631,-1.5005450441410204,-2.3060737693050344,-1.0094448085789982,0.9862939346689718,1.8993018794376453,0.9535441737684981,-1.0266637589287937,-2.2592779302658923,-1.3982845374993005,1.3760497424641167,4.402202520430951,5.701035266749017,5.451035266747517,0.20809245109558105,
331,18.465710227173894,1.4471303906785323e-05,0.0028942607813570646,0.005,nan,nan,False,nan,nan,0.49961084331916067,0.408989037832689,0.2583378608948802,0.10512598903166623,-0.022119778285156044,-0.10848290844993645,-0.14858148444002664,-0.1443199048176178,-0.10306163440222169,-0.035883320767345635,0.04414690036394256,0.12362732357533694,0.1903419827081799,0.2345570568051334,0.25001447130540694,1.4471303906804511e-05,0.1343092918395996,
332,0.019533660711293595,694.191741918539,138838.3483837078,0.005,3.0266853353606953e-05,1.0611034633415107e-14,True,-4.5190327274477635,-13.974242267967092,694.3442843654019,517.2137654867591,133.09388320541976,-204.37832583743,-290.8854325290608,-114.84667989671473,144.37868362656508,260.11249985393175,134.45650779852303,-126.21254081272451,-293.29879238109413,-193.69302895206084,151.19114511312065,530.9874402966483,694.4417419185405,694.191741918539,0.007988691329956055,
333,0.08936335899181494,0.0003871222443039074,0.07742444886078148,0.005,3.2262888259081154e-05,1.015982163693816e-14,True,-4.491296756016091,-13.993113916340828,0.4999833079566008,0.40926646520373183,0.2584091687035641,0.10501621971635186,-0.022275917407444615,-0.10854450137205954,-0.1485039003676052,-0.14418019564968446,-0.10298940111549987,-0.03595105400041577,0.04398943014662367,0.12352328033141738,0.19042304185806952,0.23484197169714044,0.25038712224580406,0.00038712224430392794,0.01258540153503418,
334,97.55487652291374,25.483872011935937,5096.774402387187,0.005,nan,nan,False,nan,nan,25.97072799475061,19.380951362669926,5.134745890619408,-7.401484864607939,-10.699745184733793,-4.320535214619436,5.157030912253309,9.409737650865418,4.836635516365243,-4.667842817464981,-10.724505879018473,-6.991404248023708,5.733598698899665,19.718555973793002,25.733872011937436,25.483872011935937,0.14017796516418457,
335,1.2291799194157536,0.09788612160070351,19.5772243201407,0.005,0.00014425617733498708,2.1991204419495057e-14,True,-3.840865580424876,-13.657750984444737,0.5974335637035807,0.48185152574841844,0.27706587727264925,0.0762965862926909,-0.06312757383235304,-0.12465944332829826,-0.1282050936102009,-0.10762721107945905,-0.08409055393133288,-0.05367252396497402,0.0027895109926156653,0.09630179482773985,0.21163105489701334,0.3093860392441597,0.34788612160220367,0.09788612160070354,0.021702051162719727,
336,0.1248693067757332,0.10356073494420791,20.71214698884158,0.005,3.4202678361899845e-05,1.0462027543808251e-14,True,-4.465939883644207,-13.980384140922215,0.6031053400832367,0.4860761040089636,0.2781517305438711,0.07462505308596815,-0.06550521212795907,-0.1255973613095936,-0.12702366733461706,-0.1054997630506963,-0.08299060776659223,-0.05470394470355818,0.0003916031932953562,0.09471745646643501,0.21286539857822476,0.3137246351597458,0.35356073494570806,0.10356073494420792,0.012199640274047852,
337,0.14391814688624563,0.04971707829800537,9.943415659601074,0.005,3.5457048647788525e-05,1.0652993203505767e-14,True,-4.450297416770158,-13.972528350053807,0.5492886020124721,0.4459911277178156,0.26784859495301183,0.0904854218207874,-0.042944954315148734,-0.11669791200967371,-0.13823364885840747,-0.1256860866395032,-0.09342746399599461,-0.04491729304214259,0.023144188506204033,0.10975047555929596,0.20115330943110546,0.27255780058187296,0.2997170782995055,0.04971707829800537,0.012557506561279297,
338,1.4103405969067957,0.19844412790936106,39.68882558187221,0.005,0.00016665391929155467,2.38133085313364e-14,True,-3.7781844683420047,-13.623180261164594,0.6979412970841478,0.5567139245868511,0.29630793545143097,0.04667588148481872,-0.10526094085778002,-0.1412799875964045,-0.10726941681922368,-0.0699273856732845,-0.0645987600984039,-0.07195000065969012,-0.03970304541876439,0.0682262419597179,0.23350446409138398,0.38626890844433615,0.4484441279108612,0.19844412790936106,0.020471811294555664,
339,63.75463054188321,0.0007084255402094226,0.14168510804188453,0.005,nan,nan,False,nan,nan,0.5003044506202694,0.409505665804153,0.2584706509956242,0.1049215755360307,-0.022410542090150767,-0.1085976073936397,-0.1484370066193908,-0.14405973703477432,-0.10292712086719813,-0.03600945425832087,0.043853657780726515,0.12343357322601618,0.19049293185216176,0.23508762811157713,0.2507084255417096,0.0007084255402094453,0.14469552040100098,
340,0.058138964386456916,14.30639508406462,2861.279016812924,0.005,3.104566189887558e-05,9.965608874581116e-15,True,-4.507999076485903,-14.001496161811206,14.798839130072416,11.059657350403494,2.9959041490884464,-4.109009638308893,-6.016430995163408,-2.4730865936196063,2.829935806745315,5.219231652080383,2.6700345280595434,-2.6362186678391546,-6.001266165647392,-3.870679643994552,3.302270398162297,11.172677548202794,14.556395084066121,14.306395084064622,0.012924909591674805,
341,0.030159834785028074,2.520410150309077e-05,0.005040820300618154,0.005,3.038143683501819e-05,9.858046370107165e-15,True,-4.517391690816752,-14.006209143349654,0.4996215707510066,0.40899702807636823,0.25833991464597716,0.10512282754268058,-0.022124275280640884,-0.10848468240055578,-0.14857924992494637,-0.14431588102468124,-0.10305955399623834,-0.03588527156634351,0.04414236503131163,0.12362432700412995,0.19034431730969242,0.2345652626984684,0.2500252041030032,2.5204101503084608e-05,0.007499217987060547,
342,28.63931599561012,395.00425085320006,79000.85017064001,0.005,nan,nan,False,nan,nan,395.3063689706238,294.4777138703988,75.84351278963966,-116.24865142988051,-165.5271758052768,-65.39602825539446,82.08933598753923,147.94523847990035,76.46310570842223,-71.83206335464554,-166.87184928269426,-110.16060293047828,86.11178785317234,302.2399383692455,395.25425085320154,395.00425085320006,0.23575639724731445,
343,4.187125637179807,0.0011254613203955978,0.22509226407911956,0.005,0.0007892380427398249,6.605891289027747e-14,True,-3.102791989114491,-13.18006857762672,0.5007212779077601,0.40981613634799374,0.2585504519686104,0.1047987320729125,-0.022585278267152783,-0.10866653638199586,-0.14835018184407203,-0.14390338771284278,-0.10284628418649273,-0.03608525490347109,0.043677431967729274,0.12331713784186053,0.19058364560637747,0.23540647798258027,0.2511254613218957,0.0011254613203955932,0.028532981872558594,
344,0.3700007175938212,8.924105838068414,1784.8211676136827,0.005,5.556742668029374e-05,1.3360254219412555e-14,True,-4.255179714865253,-13.87418527801035,9.419240703536126,7.052705552246325,1.965987918563759,-2.5235844016859126,-3.761275224249495,-1.5834848606432195,1.7093699543967902,3.201377755526767,1.6267513904630033,-1.6579309126507626,-3.7268850616122435,-2.3679574657810543,2.13151314668326,7.057581641992329,9.174105838069913,8.924105838068414,0.01779317855834961,
345,0.6682179244713616,0.0001543845992805425,0.030876919856108503,0.005,8.400644442982456e-05,1.6506343188028133e-14,True,-4.075687396402917,-13.782349129593968,0.4997506866663394,0.40909319905570407,0.2583646336986419,0.10508477570044482,-0.022178401347029655,-0.1085060337604395,-0.14855235518778476,-0.1442674504482322,-0.10303451412400595,-0.03590875148230656,0.044087777537082574,0.12358826012066634,0.19037241669224328,0.23466402924802937,0.25015438460078065,0.0001543845992805215,0.01785731315612793,
346,7.327451233757319,63.898019028216055,12779.60380564321,0.005,0.002592179547490328,2.1694916844233773e-13,True,-2.586334920323164,-12.663642010165312,64.36567025825673,47.97912370653989,12.485401287532326,-18.71688530843588,-26.795105610214843,-10.669746525013691,13.15466526933665,23.81144159073557,12.28269238836482,-11.650018604466531,-26.957080181198084,-17.716541460123416,14.089456053118758,49.08856785950738,64.14801902821755,63.89801902821605,0.05155444145202637,
347,16.347026408148484,0.02280714388986699,4.561428777973398,0.005,nan,nan,False,nan,nan,0.5223921209458137,0.42595749423273455,0.2626993030917628,0.09841210267657167,-0.03166980890735195,-0.1122501532234716,-0.14383616336636146,-0.13577478933080828,-0.09864358663799568,-0.04002612905574261,0.034515455179436695,0.1172636643533507,0.19529985202567351,0.2519834769329353,0.2728071438913671,0.022807143889866988,0.22644329071044922,
348,0.01668109987281555,0.4444346500203294,88.88693000406587,0.005,3.0230933868183508e-05,1.0260203381500156e-14,True,-4.519548436760835,-13.988844030394981,0.9438088387952159,0.7398464393686217,0.3433789157904737,-0.02578391469111263,-0.2083298990973142,-0.1819380765180414,-0.056055413542832305,0.02229599937167931,-0.01691686267569467,-0.11666136875507348,-0.14365067247673266,-0.00045371861309045913,0.28701239991455907,0.5743440088783076,0.6944346500218295,0.44443465002032934,0.008145570755004883,
349,0.03217450490567143,0.007826465266531447,1.5652930533062894,0.005,3.0415584120557776e-05,9.863604051735637e-15,True,-4.516903838648729,-14.005964369664321,0.5074189317567541,0.41480483141513474,0.2598327079770679,0.10282486179553622,-0.02539296975851709,-0.10977409943754858,-0.14695506614974582,-0.14139113942860387,-0.10154738624503187,-0.03730323294373533,0.04084580474433291,0.12144623369941869,0.19204125009464687,0.24052981354592937,0.2578264652680316,0.007826465266531468,0.009399652481079102,
350,36.40991509147435,1.2718608124617432,254.37216249234865,0.005,nan,nan,False,nan,nan,1.7708213381431424,1.3558402289820695,0.5017092461221426,-0.2695133501451,-0.5550178602883584,-0.3186976809122943,0.11621059829615404,0.33250324199336084,0.14346837925895087,-0.26705478799412696,-0.49329416854877484,-0.23146910784727825,0.4669943992956528,1.2069629295888533,1.5218608124632433,1.2718608124617432,0.1889660358428955,
351,2.4667626760103523,3.623421272482384e-05,0.007246842544964768,0.005,0.0003337937170400193,3.592118704291004e-14,True,-3.476521842253926,-13.444649320176572,0.4996325953478391,0.4090052396610627,0.2583420252888751,0.10511957847599271,-0.022128896849240902,-0.10848650549210834,-0.14857695351064795,-0.14431174576700723,-0.10305741596007613,-0.03588727640522403,0.04413770406357252,0.12362124742367571,0.19034671658295838,0.2345736959066181,0.25003623421422494,3.623421272480609e-05,0.016496896743774414,
352,0.25976704812668205,277.2337532035093,55446.75064070186,0.005,4.5153759291607764e-05,1.2030480234430428e-14,True,-4.345306086510249,-13.919717036084895,277.5947494548266,206.80113504693037,53.30779583674375,-81.55777723682925,-116.18184981491459,-45.930549160120606,57.57010410521229,103.79234243138977,53.63490590558281,-50.42603508166837,-117.1058515399075,-77.27936398757298,60.494312122703676,212.19704572628234,277.4837532035108,277.2337532035093,0.013035297393798828,
353,0.29304396443956376,0.004107448652713745,0.8214897305427489,0.005,4.82664886868222e-05,1.2441794508560243e-14,True,-4.3163542942909965,-13.905116975838176,0.5037017744265644,0.41203613586069227,0.2591210636567611,0.10392034784719217,-0.02383471798209786,-0.10915940864829356,-0.14772934691231557,-0.14278542201405245,-0.10226826673738439,-0.0366272625065563,0.042417340707092965,0.12248457416967225,0.19123228842982423,0.23768639333137395,0.25410744865421386,0.00410744865271373,0.01773834228515625,
354,2.9903273239664045,2.445764999467866,489.15299989357317,0.005,0.0004444481983304942,4.3338912089776557e-14,True,-3.35217884996986,-13.363121994708331,2.9441386439754553,2.2297764442249557,0.726339123860108,-0.6153025187300767,-1.046878605935979,-0.5127242653969029,0.3606116116505643,0.7726072627300754,0.3710136462414913,-0.4804242372051223,-0.9893480554446838,-0.5592203260160219,0.7223424076735714,2.1044859153380333,2.695764999469366,2.445764999467866,0.02234053611755371,
355,37.189176552301824,9.217780863203303e-05,0.018435561726406605,0.005,nan,nan,False,nan,nan,0.49968851097532807,0.40904688797871536,0.2583527302537675,0.10510309954208094,-0.02215233697246536,-0.10849575202598888,-0.14856530633221401,-0.14429077216305747,-0.10304657205934932,-0.035897444742962095,0.044114064111944545,0.12360562810660514,0.19035888545155474,0.23461646827576713,0.25009217781013215,9.21778086320213e-05,0.12539148330688477,
356,0.040780387495057975,107.99808695442137,21599.617390884272,0.005,3.058616710590645e-05,9.891321444586273e-15,True,-4.51447494305618,-14.004745684362877,108.44369081473963,80.81029245266608,20.924073690400075,-31.707149753811777,-45.272842152422896,-17.95874476692577,22.336080081094785,40.34483283673166,20.83088724216188,-19.665670399337277,-45.59234049401751,-30.029174078804708,23.68211671395745,82.80582100076653,108.24808695442287,107.99808695442137,0.006224155426025391,
357,0.013984660666265756,0.00019388123576576978,0.038776247153153955,0.005,3.020213956538559e-05,1.0204738493480087e-14,True,-4.519962289873087,-13.99119812003108,0.49979016355689254,0.4091226031087663,0.2583721914914523,0.10507314143825945,-0.022194950265831744,-0.10851256188902163,-0.148544132184504,-0.14425264291222106,-0.10302685824135946,-0.03591593041195501,0.04407108753779245,0.1235772327550049,0.19038100801304764,0.2346942268906459,0.2501938812372659,0.00019388123576574712,0.005498409271240234,
358,14.726806945678378,52.2853750579937,10457.07501159874,0.005,nan,nan,False,nan,nan,52.75883190845869,39.333860973316234,10.263289104852156,-15.296225813407105,-21.929458323700718,-8.750372123492559,10.736970549902516,19.457788746449253,10.03174022222892,-9.539298261838766,-22.049952970707018,-14.474319267265317,11.56347008031069,40.20997708185832,52.535375057995196,52.2853750579937,0.11474227905273438,
359,5.662924894149093,0.01363517631339423,2.7270352626788457,0.005,0.0013939046348828556,1.1289992731998277e-13,True,-2.855766937831182,-12.947306337654666,0.5132247387990182,0.4191292413660708,0.2609442212221137,0.1011138283179509,-0.02782679440825113,-0.1107341815099664,-0.145745721399254,-0.13921341733227002,-0.10042144707502708,-0.03835902735218348,0.038391231598972404,0.11982445558270977,0.19330476275051536,0.2449709355215062,0.26363517631489436,0.013635176313394226,0.08313107490539551,
360,0.6408385438062715,0.723523340232936,144.7046680465872,0.005,8.13473188227313e-05,1.6233951182642775e-14,True,-4.089656756675272,-13.789575764340377,1.2227580015234485,0.9476195407352221,0.39678332396486904,-0.10799321866864753,-0.32526684573167736,-0.22806673499769003,0.0020494637194892473,0.12692809461785703,0.03718066183198804,-0.16738867748335504,-0.2615845133310967,-0.0783746079043933,0.34771985968462915,0.7877247236769167,0.9735233402344361,0.723523340232936,0.018280506134033203,
361,0.35504654812108355,1.3225783346450948e-05,0.0026451566692901893,0.005,5.414641476074003e-05,1.318609645172348e-14,True,-4.266430294369683,-13.879883751867148,0.4996095984212854,0.4089881105802466,0.2583376225610074,0.10512635591639478,-0.02211925641746164,-0.10848270258637203,-0.14858174375121275,-0.14432037177106474,-0.10306187582934288,-0.03588309438086632,0.04414742668058918,0.12362767132167385,0.19034171178215545,0.23455610452696238,0.2500132257848466,1.322578334644886e-05,0.01873016357421875,
362,3.2377314439426703,759.4741257116642,151894.82514233285,0.005,0.0005044309603466237,4.7295334629808925e-14,True,-3.2971982656852865,-13.32518169741144,759.5940309105697,565.8145286884836,145.58585150420575,-223.6081245424178,-318.23846723629043,-125.636758077369,157.97015125214915,284.5872737823783,147.1106047971445,-138.07830160249097,-320.8850132881002,-211.9197130801111,165.3913897908837,580.8998953908424,759.7241257116657,759.4741257116642,0.024935245513916016,
363,25.78673837433741,0.002863544633940362,0.5727089267880724,0.005,nan,nan,False,nan,nan,0.5024584922846518,0.4111100868846982,0.2588830391137467,0.10428675640183593,-0.023313527611571686,-0.10895381227095649,-0.1479883215425017,-0.14325176940946377,-0.102509380514118,-0.03640116985070343,0.04294297425561251,0.1228318691720674,0.19096171403599987,0.23673535110725324,0.2528635446354405,0.0028635446339403403,0.17787575721740723,
364,0.025269979688908022,3.4769053983776965,695.3810796755392,0.005,3.0355956861589027e-05,1.1105358345178929e-14,True,-4.517756073014769,-13.954467423173776,3.97476353498066,2.997429330705884,0.9236507480127731,-0.9190387053627864,-1.4789219456642908,-0.6831544009557665,0.5752899143551093,1.1591882465339172,0.5708861059903693,-0.667844864382295,-1.4250745895829862,-0.8471122388199231,0.9466363919135856,2.8928570786749987,3.726905398379196,3.476905398377696,0.007176399230957031,
365,0.07373250794108101,0.062427145485943615,12.485429097188723,0.005,3.159299383364926e-05,1.0053392692828904e-14,True,-4.500409217278572,-13.997687353255486,0.5619923149346763,0.45545338889437587,0.2702807021642054,0.08674150164891614,-0.04827041715401503,-0.11879867197998693,-0.13558747608304914,-0.120921002968142,-0.09096379135247046,-0.0472274816123372,0.01777332578923509,0.10620185545046282,0.20391800724777032,0.28227543987293335,0.31242714548744377,0.062427145485943636,0.01418757438659668,
366,65.15467909068958,0.16235840984554167,32.47168196910833,0.005,nan,nan,False,nan,nan,0.6618736196992948,0.5298491972793816,0.28940283150301127,0.05730541205911839,-0.09014118203030133,-0.13531562636309638,-0.11478228384878221,-0.08345614703801041,-0.07159348287218478,-0.06539104135714505,-0.0244543897745247,0.07830128742324426,0.22565508733604295,0.3586791257533461,0.4123584098470418,0.16235840984554167,0.1923518180847168,
367,1.7087531417795845,0.0004235866551957692,0.08471733103915384,0.005,0.00020721665114174998,2.694102072919295e-14,True,-3.6835753492722496,-13.56958595394866,0.5000197541374901,0.4092936118564133,0.2584161462714535,0.10500547863674348,-0.022291195836919013,-0.1085505283248372,-0.14849630865861224,-0.14416652491401033,-0.1029823329883021,-0.03595768179112809,0.04397402146765608,0.12351309955582947,0.19043097360820804,0.23486985101412344,0.2504235866566959,0.00042358665519576233,0.023267507553100586,
368,0.16226056335030525,23.29381823274187,4658.763646548374,0.005,3.678541305696975e-05,1.0851657593646679e-14,True,-4.4343243629773195,-13.964503918148173,23.781769110137265,17.750522463827213,4.715672921883701,-6.756375251876016,-9.782122182135911,-3.9585562223659414,4.701072607597484,8.58867279351014,4.412123552434207,-4.269777478077398,-9.799060087355558,-6.379946514137823,5.257217511279944,18.044123231657053,23.54381823274337,23.29381823274187,0.013637542724609375,
369,0.10470130081657034,0.0008634919066020608,0.17269838132041215,0.005,3.3032787927468705e-05,1.0280806047636377e-14,True,-4.481054770831143,-13.98797283394801,0.500459439462847,0.4096211080309179,0.2585003233822718,0.10487589866520602,-0.022475514222836716,-0.10862323725148725,-0.14840472257312617,-0.1440016016843038,-0.1028970633734679,-0.03603763920352728,0.043788131756859035,0.12339027907045838,0.19052666193700435,0.23520618602260132,0.2508634919081022,0.0008634919066020652,0.012236356735229492,
370,1.1075661432322337,11.738720999891704,2347.744199978341,0.005,0.00013009445224880498,2.0791789525966794e-14,True,-3.8857412231086874,-13.682108129821678,12.232448727819337,9.148101538661919,2.5045724697376035,-3.352666917504956,-4.940586728143365,-2.048693327000209,2.2953588326771195,4.256594580934076,2.1723260340662183,-2.169516861032783,-4.916250264150122,-3.153791231581387,2.7437491229044797,9.20953052482,11.988720999893204,11.738720999891704,0.01862788200378418,
371,75.38482043709257,0.03286921386295002,6.5738427725900035,0.005,nan,nan,False,nan,nan,0.5324491604917952,0.433448401452524,0.26462470856595993,0.09544818547723886,-0.03588577243700017,-0.11391324386692651,-0.1417412904413945,-0.13200245637458813,-0.09669319202848209,-0.04185501624418913,0.03026355031734047,0.11445435868131981,0.19748855665440365,0.25967655715619514,0.28286921386445013,0.03286921386295,0.15161466598510742,
372,0.08569437258836651,0.30012508115443204,60.02501623088641,0.005,3.209503071298887e-05,1.0133256232169717e-14,True,-4.493562204386146,-13.994250975525773,0.7995714159955014,0.6324123235063728,0.31576487269430065,0.01672439764761388,-0.1478648177626169,-0.1580861360739867,-0.08609994806103094,-0.03180656043828241,-0.044889298364395945,-0.09043158478665483,-0.08267012283343553,0.03983716501501042,0.255622137056939,0.4640103406331822,0.5501250811559322,0.30012508115443204,0.01223301887512207,
373,0.022037938698317893,0.0017023785513400715,0.3404757102680143,0.005,3.0302991184182124e-05,1.0746947783539616e-14,True,-4.518514500518546,-13.968714861235192,0.5012979067149427,0.4102456338034938,0.25866084670822065,0.10462879339151177,-0.022827004076235217,-0.10876189108052195,-0.14823007054587142,-0.14368709783520078,-0.1027344566738259,-0.03619011568612226,0.04343364543217129,0.12315606394220369,0.1907091368241031,0.23584756719699734,0.2517023785528402,0.001702378551340089,0.007792234420776367,
374,22.387791025518887,5.900774710099831,1180.154942019966,0.005,nan,nan,False,nan,nan,6.397421058481429,4.801926832271379,1.3874649784854935,-1.6330218083591344,-2.4945126388507486,-1.0837791614738512,1.079927450008142,2.0679120092030425,1.040720012174165,-1.1084086392850663,-2.4493232520517276,-1.5238507055467825,1.4738772077889408,4.746056382164078,6.150774710101331,5.900774710099831,0.1972348690032959,
375,4.972758319258416,2.067765015709392e-05,0.0041355300314187835,0.005,0.0010557922206298703,8.753395872762728e-14,True,-2.9764215423255576,-13.057823430098868,0.4996170465626128,0.40899365827004025,0.2583390484967431,0.10512416086942471,-0.022122378717225555,-0.10848393425440875,-0.14858019230960443,-0.14431757801959708,-0.10306043138690736,-0.03588444883614009,0.04414427776303955,0.12362559077843033,0.19034333271457043,0.23456180194402873,0.25002067765165725,2.067765015711931e-05,0.12287759780883789,
376,0.5428587241982574,481.3980245146089,96279.60490292178,0.005,7.195476159824109e-05,1.524050898887121e-14,True,-4.142940461388016,-13.817000528576022,481.6569509645546,358.79526926370664,92.37520509442442,-141.69709219359117,-201.72579099276203,-79.67546350215882,100.07608998678172,180.33480449037188,93.20935681733997,-87.5350415920833,-203.37905975414287,-134.28153620011472,104.90418870230432,368.2933680656524,481.6480245146104,481.39802451460895,0.016966819763183594,
377,0.984798453587734,0.026813863197269458,5.362772639453891,0.005,0.00011646425052612039,1.9594046224097696e-14,True,-3.933807363752697,-13.707875871746614,0.5263968371356225,0.4289403757539107,0.2634660001340892,0.09723186995111088,-0.03334860686033124,-0.11291239642083722,-0.1430019843338688,-0.1342726452063815,-0.09786693891442619,-0.04075439248748303,0.032822345377003126,0.11614499798483681,0.19617139487099197,0.25504686380525765,0.2768138631987696,0.026813863197269472,0.015879392623901367,
378,8.663400793463857,0.3779769127345646,75.59538254691292,0.005,0.004022162682634918,3.8481604311620896e-13,True,-2.395540367667221,-12.414746830367067,0.8773843263631476,0.6903706609873794,0.3306620402852283,-0.006207899905194186,-0.1804843963916837,-0.1709537322070988,-0.06989158391999563,-0.002619421931249255,-0.02979878586936842,-0.10458197508953344,-0.11556778525321271,0.018101121375766444,0.27255649197500037,0.5235329227137915,0.6279769127360647,0.3779769127345646,0.035141706466674805,
379,12.836081563048548,0.00010582030035392924,0.021164060070785848,0.005,0.014892740944079597,3.2498968573687954e-12,True,-1.827025364884465,-11.488130422093862,0.4997021466466283,0.4090570444017982,0.25835534078304356,0.1050990809637999,-0.02215805311712614,-0.10849800690002541,-0.14856246603328807,-0.1442856575075974,-0.10304392764896599,-0.03589992440951136,0.04410829923682058,0.12360181915581495,0.19036185297064961,0.2346268988117843,0.2501058203018541,0.00010582030035394263,0.09122300148010254,
380,0.01213446645435976,93.23416800286827,18646.833600573653,0.005,3.0185293502982548e-05,1.0138875243137662e-14,True,-4.520204596981088,-13.994010220820467,93.68715293072187,69.81900066455206,18.098956150374377,-27.358240093361864,-39.08682436274951,-15.518517702838727,19.26230558332724,34.80974729539726,17.969103532106658,-16.982172640527228,-39.353586545612096,-25.90712351038733,20.47066441498679,71.51788390553259,93.48416800286977,93.23416800286826,0.0065462589263916016,
381,0.047210186983469626,5.286228501836942e-05,0.010572457003673884,0.005,3.073966923431144e-05,9.916198247392389e-15,True,-4.512300809916501,-14.003654799281392,0.49964921510710103,0.4090176187587164,0.2583452071174159,0.10511468045504925,-0.022135863939168273,-0.10848925383231309,-0.1485734916286957,-0.14430551179872048,-0.1030541928357434,-0.035890298732485476,0.04413067757880136,0.12361660490598958,0.19035033352647923,0.23458640910523973,0.2500528622865185,5.2862285018384636e-05,0.0056264400482177734,
382,43.246609312142006,189.99824639011862,37999.649278023724,0.005,nan,nan,False,nan,nan,190.40285512463794,141.85693474236834,36.615035518819106,-55.8613927226695,-79.6305520998834,-31.51198960463134,39.40810545006392,71.0872053984489,36.72549634053568,-34.570062978965474,-80.24295190200776,-52.92342085172367,41.51881721332102,145.50005852311037,190.24824639012013,189.99824639011862,0.11295318603515625,
383,1.9284649474998445,0.006657091886942575,1.331418377388515,0.005,0.00024023900377706956,2.937149182534987e-14,True,-3.6193564817373907,-13.532073994401156,0.5062501429932091,0.41393426824918333,0.2596089450821106,0.10316931635423807,-0.0249030074014597,-0.1095808217191962,-0.14719852387152982,-0.14182954482130639,-0.10177405327698057,-0.037090687016489585,0.04133994405876627,0.12177271992708248,0.19178688762892496,0.23963575464510808,0.2566570918884427,0.006657091886942579,0.016607999801635742,
384,0.18983702661109636,1.49550777835457,299.101555670914,0.005,3.8967683580575494e-05,1.1170589502647543e-14,True,-4.4092954099136,-13.951923907368599,1.994356494064325,1.522338640936292,0.5445047239482308,-0.3353915531949285,-0.6487249657093054,-0.3556627564294026,0.16277278429299213,0.4163498880863665,0.1868192839811716,-0.30770497943092934,-0.5878001324524839,-0.2939108014049614,0.5156421577350728,1.3779549873766395,1.7455077783560702,1.49550777835457,0.013865947723388672,
385,0.18343882106166304,0.00032511686980817657,0.06502337396163531,0.005,3.844401078505193e-05,1.1094865024326092e-14,True,-4.415171309584383,-13.954877976852156,0.4999213335810463,0.40922030407498616,0.2583973038002388,0.10503448422816807,-0.02224993742537179,-0.10853425292830556,-0.1485168095781932,-0.14420344185233447,-0.10300142000907751,-0.03593978387057833,0.044015631609543304,0.12354059208245202,0.19040955442948593,0.23479456472009247,0.2503251168713083,0.0003251168698081841,0.014901161193847656,
386,2.002541496723557,30.89486690235214,6178.973380470427,0.005,0.00025201512702200665,3.021945929684163e-14,True,-3.598573390230305,-13.519713310562805,31.379017714618897,23.409273646185444,6.1701550271817664,-8.995365732472,-12.96692849573573,-5.214881506993336,6.283573137003342,11.438353473023286,5.885482850423261,-5.651348125846331,-13.011017058615161,-8.502140972936257,6.910600011191318,23.855599135983017,31.144866902353638,30.89486690235214,0.022371530532836914,
387,44.90070636900352,0.08128895948530576,16.257791897061153,0.005,nan,nan,False,nan,nan,0.5808446991665475,0.46949543978888547,0.27388996348168876,0.08118550223002158,-0.056173435135110805,-0.12191621205522403,-0.13166054021709633,-0.11384959094713348,-0.08730768674890328,-0.050655814953943334,0.00980293412366514,0.10093568246667826,0.20802083496782064,0.2966964733820888,0.3312889594868059,0.08128895948530579,0.1870133876800537,
388,0.045613420672404446,0.12248189937761446,24.49637987552289,0.005,3.069947620993929e-05,9.909690439638464e-15,True,-4.512869034329772,-14.003939911857474,0.6220170450775209,0.5001623395092323,0.28177234873433493,0.06905157120345301,-0.07343309768263256,-0.1287247110116578,-0.12308437500347397,-0.09840610018081568,-0.0793229988933328,-0.05814306561161367,-0.007603868043352509,0.08943471298458748,0.21698113622337575,0.328191045778344,0.3724818993791146,0.12248189937761444,0.008626461029052734,
389,0.011726775400458767,0.002199140728797636,0.43982814575952717,0.005,3.0181900762740053e-05,1.0028507443929242e-14,True,-4.52025341317622,-13.998763698794134,0.5017944205413227,0.4106154582423608,0.2587559035522308,0.10448246545246113,-0.02303514526673302,-0.1088439974991378,-0.1481266471311578,-0.14350085858836195,-0.10263816612171134,-0.036280407443632125,0.04322372982600997,0.12301736914018828,0.19081719268935626,0.23622737287249804,0.25219914073029776,0.0021991407287976217,0.007681608200073242,
390,13.330492699782347,4.608949502128462,921.7899004256924,0.005,nan,nan,False,nan,nan,5.106241685070328,3.8402019781424075,1.1402705807335785,-1.252497426926628,-1.9532434985986105,-0.8702622189258846,0.81097586656573,1.5835986602855159,0.7903173685033084,-0.8736058026032233,-1.9034397611352998,-1.1631762226884141,1.1928789818015595,3.7583754193066974,4.8589495021299625,4.608949502128462,0.16763710975646973,
391,8.995669173733651,1.7231221395712484e-05,0.0034462442791424967,0.005,nan,nan,False,nan,nan,0.4996136018568576,0.40899109250790977,0.25833838901287737,0.10512517606108104,-0.022120934678573033,-0.108483364617799,-0.14858090983893182,-0.14431887010729202,-0.10306109942997368,-0.035883822411415904,0.04414573411220494,0.12362655301302952,0.1903425830463011,0.23455916693423293,0.2500172312228958,1.7231221395686003e-05,0.1873641014099121,
392,0.9515943923237812,572.6091405379025,114521.8281075805,0.005,0.00011288675735609554,1.9271483747102213e-14,True,-3.947357001781806,-13.715084846923569,572.8224669402218,426.6991905613833,109.8287094497581,-168.56454553817832,-239.94285166530804,-94.75112428003173,119.06579070684855,214.53042227763947,110.88938383915989,-104.11362253866342,-241.92192307492297,-159.7474598402773,124.74445937880188,438.0299565307843,572.859140537904,572.6091405379025,0.013737916946411133,
393,0.5239567350034529,0.010097238434647117,2.019447686929423,0.005,7.015882598774617e-05,1.504439542915788e-14,True,-4.153917686906974,-13.822625260037972,0.5096885696754712,0.4164953534612988,0.26026722682858117,0.10215597520790903,-0.026344413833790808,-0.11014941998485188,-0.14648230246977217,-0.14053981236756194,-0.10110722793184496,-0.0377159698821729,0.03988624955339735,0.12081223930679888,0.19253518938916048,0.24226596129662795,0.26009723843614724,0.010097238434647104,0.012140750885009766,
394,5.157767598680925,0.9949306504158396,198.98613008316792,0.005,nan,nan,False,nan,nan,1.4940296244479339,1.1496740866478876,0.4487178784015998,-0.18793986948976915,-0.4389853275621555,-0.2729257907722895,0.058555115862759466,0.22868039245526955,0.08978925590650588,-0.21671981449314398,-0.3762724517833435,-0.15415087441487707,0.40675646325204706,0.9952325442348846,1.2449306504173396,0.9949306504158395,0.19849109649658203,
395,23.22357457156107,0.0002616683258440864,0.05233366516881728,0.005,nan,nan,False,nan,nan,0.49985791675752106,0.40917306855015506,0.2583851627423645,0.10505317384484048,-0.022223352761572248,-0.10852376595295259,-0.14853001924948692,-0.14422722910824307,-0.10301371864131324,-0.035928251429490965,0.04404244290913628,0.12355830676292208,0.1903957530822252,0.23474605434995288,0.2502616683273442,0.00026166832584406663,0.304546594619751,
396,0.021273955219150202,38.043865726818446,7608.773145363689,0.005,3.0291511621089575e-05,1.0764675087090338e-14,True,-4.518679053761319,-13.967999074062815,38.5244424715692,28.731487370768864,7.538136119390231,-11.101198889121509,-15.962327891493759,-6.396490568234759,7.771959136907728,14.118557838691212,7.271218470226932,-6.95075395340087,-16.031952407125253,-10.498124205078463,8.465652486452685,29.321454732270208,38.293865726819945,38.043865726818446,0.008150339126586914,
397,0.08270148628663224,6.829749952803638e-05,0.013659499905607275,0.005,3.196288079112683e-05,1.0112293883603748e-14,True,-4.495354084949182,-13.995150317406944,0.4996646426049359,0.40902910980977436,0.25834816068925465,0.10511013380630968,-0.022142331226875388,-0.10849180501322313,-0.1485702780938014,-0.14429972504027644,-0.1030512009305731,-0.035893104245281866,0.04412415515709323,0.12361229543132014,0.19035369099919938,0.23459821028966837,0.25006829750102816,6.8297499528025e-05,0.01253056526184082,
398,78.18156564031496,148.42412506999597,29684.825013999194,0.005,nan,nan,False,nan,nan,148.84951835353598,110.9062569607181,28.659710124657455,-43.61517961170018,-62.211176192969205,-24.640487780223864,30.752580158966058,55.500807331119645,28.666921679959486,-27.01352858229635,-62.67507480998972,-41.31602643419761,32.47560125356746,113.71404914503792,148.67412506999747,148.42412506999597,0.18073081970214844,
399,1.1487976428259614,0.005546759671054279,1.1093519342108558,0.005,0.0001348200973020028,2.1196692842057756e-14,True,-3.8702453637592535,-13.673731893433757,0.5051403658763497,0.41310765944655997,0.25939647988038095,0.10349637954903279,-0.024437783035051897,-0.1093973025104936,-0.14742968951667093,-0.14224581531252273,-0.10198927598706219,-0.03688887244255105,0.04180913448975182,0.12208272200421749,0.19154536781572112,0.23878683639725762,0.2555467596725544,0.00554675967105428,0.021120786666870117,
400,0.10106057227011603,1.7786175256600845,355.7235051320169,0.005,3.284014952472512e-05,1.0250665416201478e-14,True,-4.483594874158712,-13.98924794171022,2.277324703599845,1.7331052978723753,0.5986785727406556,-0.4187853132842824,-0.767346717766378,-0.4024560279008017,0.22171482564343997,0.5224895027824186,0.24169623539599505,-0.3591631576344684,-0.707433141793038,-0.37295436013991595,0.577224279110079,1.594410051179062,2.0286175256615846,1.7786175256600845,0.013065338134765625,
401,0.15665207255211178,0.008789779224451313,1.7579558448902626,0.005,3.636770931480769e-05,1.0789570691212803e-14,True,-4.439284052898238,-13.966995835219457,0.5083817641158922,0.41552198956466163,0.2600170408204005,0.10254110479365948,-0.025796594114644168,-0.10993331900513376,-0.14675450897472245,-0.14102998700168087,-0.10136066101296509,-0.03747832540093393,0.040438739467271466,0.12117727876537726,0.19225079045008664,0.24126632716373247,0.2587897792259514,0.008789779224451288,0.013538599014282227,
402,1.7727308637818124,1.1530285207469242,230.60570414938482,0.005,0.00021654524222792322,2.7636410083304433e-14,True,-3.6644513538268115,-13.55851837165485,1.652048455395103,1.2673731765433631,0.4789703518795899,-0.23450971031831713,-0.5052276472055239,-0.29905670514688054,0.09147030617027105,0.28795227270988794,0.12043436520252551,-0.24545576746730177,-0.44307949102537225,-0.19829141856188148,0.4411459617858165,1.11610822914238,1.4030285207484243,1.1530285207469242,0.021646499633789062,
403,67.56684089949292,4.0058720579807135e-05,0.008011744115961427,0.005,nan,nan,False,nan,nan,0.4996364179436712,0.40900808689166035,0.25834275711924204,0.10511845191608597,-0.022130499301388284,-0.10848713761882246,-0.14857615726713364,-0.14431031193509578,-0.10305667463154985,-0.035887971549805296,0.04413608795042809,0.12362017963030532,0.19034754849111118,0.2345766199814677,0.25004005872207996,4.005872057982751e-05,0.1592845916748047,
404,0.07115270857225063,246.29498468535647,49258.99693707129,0.005,3.149396472021239e-05,1.003756570104318e-14,True,-4.501772663348047,-13.99837159902264,246.67144845181272,183.76815623799692,47.387575203303214,-72.44434944489029,-103.21864044808538,-40.816891972265445,51.1288063728492,92.19320463786342,47.63784888806884,-44.80258806524647,-104.03213006495169,-68.64133442544443,53.764501453125945,188.54242705877905,246.54498468535797,246.29498468535647,0.012867212295532227,
405,0.02439555727790803,0.00013964518112050735,0.02792903622410147,0.005,3.034092621546026e-05,1.0884411182421528e-14,True,-4.517971165667824,-13.963195060159125,0.499735954616998,0.4090822260040153,0.2583618132693974,0.10508911739306966,-0.022172225594965,-0.10850359758294348,-0.1485554238613396,-0.14427297634827357,-0.10303737115857275,-0.03590607243782464,0.044094005937790066,0.12359237533067284,0.1903692105693642,0.23465276004331775,0.25013964518262066,0.00013964518112052904,0.00741887092590332,
406,26.751410859367578,71.92472064707275,14384.944129414549,0.005,nan,nan,False,nan,nan,72.38835901122536,53.954760654865204,14.021333285425019,-21.081257554473087,-30.158258657151904,-11.996425070863124,14.825784625802351,26.82070222274855,13.838558687393883,-13.108956158615936,-30.34890430199133,-19.957577195899,15.83542671657307,55.22548199817078,72.17472064707425,71.92472064707275,0.1878361701965332,
407,3.35749693131101,0.020307610327022798,4.061522065404559,0.005,0.0005354072610944079,4.933096884619123e-14,True,-3.2713157432875795,-13.306880355034052,0.5198938369987453,0.424096666981274,0.26222101029339095,0.09914837369605789,-0.03062251522222824,-0.11183702243701434,-0.14435655382278403,-0.13671188009439061,-0.09912808702413003,-0.03957181250632419,0.03557167710367894,0.11796152809652821,0.19475615269807012,0.2500724275890995,0.2703076103285229,0.020307610327022774,0.019517898559570312,
408,0.3426102961461673,0.49023882289139575,98.04776457827914,0.005,5.296448098466183e-05,1.303962775084865e-14,True,-4.2760152791463835,-13.884734806461452,0.9895901123470383,0.7739462627821163,0.352143673481778,-0.03927614602491733,-0.22752164819533294,-0.18950873459702922,-0.0465192125568733,0.03946827021815058,-0.008038350391449053,-0.12498675957081784,-0.163006032343616,-0.013242133222966468,0.29697573801956545,0.6093641565616181,0.7402388228928958,0.49023882289139564,0.018029212951660156,
409,0.6190983565671283,2.8306574033618673e-05,0.0056613148067237344,0.005,7.92480485570375e-05,1.6016292579563747e-14,True,-4.101011423259673,-13.795438006265265,0.4996246716724883,0.4089993377734723,0.2583405083128479,0.10512191366792933,-0.022125575203129542,-0.10848519518699544,-0.14857860400559558,-0.14431471788832817,-0.10305895262438186,-0.03588583547340028,0.04414105402690872,0.12362346080128098,0.19034499216049414,0.23456763473226774,0.25002830657553377,2.8306574033631904e-05,0.019381999969482422,
410,5.878902464395979,358.0951082231026,71619.02164462052,0.005,0.001482198766201571,1.2245379418046238e-13,True,-2.8290935525805683,-12.912027753894842,358.41567868202986,266.99997184081104,68.78084422760251,-105.37657014376175,-150.062405667985,-59.29556881412003,74.4050360585611,134.10777009597845,69.30877334737887,-65.12343796510778,-151.2752410873102,-99.85565931371677,78.08329952690764,274.02059622745395,358.3451082231041,358.0951082231026,0.044838905334472656,
411,15.295186672384334,0.0012442643642509525,0.24885287285019048,0.005,nan,nan,False,nan,nan,0.5008400215572708,0.4099045816262844,0.2585731852661925,0.10476373704843366,-0.022635056225509785,-0.10868617252358287,-0.14832544764120503,-0.1438588477087647,-0.10282325584173374,-0.03610684860789142,0.043627229649403944,0.12328396831850698,0.1906094876818837,0.23549731032121354,0.2512442643657511,0.0012442643642509577,0.19676637649536133,
412,0.013515696629938498,7.928123217559675,1585.6246435119351,0.005,3.0197645124196657e-05,1.0219773390643336e-14,True,-4.520026922918427,-13.990558733974716,8.42375601416682,6.311226570017804,1.775403834487356,-2.2302044085970842,-3.343962840668275,-1.418865713525097,1.5020113262991064,2.8279776427052092,1.4336937850790226,-1.4769005819696395,-3.306015065872501,-2.0898815199245515,1.9148666934709757,6.296090793584074,8.178123217561176,7.928123217559675,0.007435321807861328,
413,0.03939850018883278,0.04497008754183572,8.994017508367143,0.005,3.055608063641735e-05,9.886438362524503e-15,True,-4.51490235255505,-14.004960136925542,0.544543984464898,0.4424571364592784,0.26694024488067664,0.09188371139588704,-0.040955985846719736,-0.11591331441372459,-0.13922194872481372,-0.12746576315937183,-0.09434760321257843,-0.04405447747826189,0.02515011304563548,0.1110758239311578,0.20012074250716622,0.26892843000464806,0.29497008754333587,0.044970087541835735,0.007723569869995117,
414,38.60870348922231,0.22337410567159174,44.67482113431835,0.005,nan,nan,False,nan,nan,0.7228588113636053,0.5752735401438741,0.3010783570230774,0.039332423323016674,-0.11570649304750522,-0.14540049290682439,-0.10207911943768763,-0.06058098111021995,-0.05976642496529308,-0.07648128667336014,-0.05023764654385486,0.06126585228657996,0.2389272407037807,0.4053294317165828,0.4733741056730919,0.22337410567159177,0.15035080909729004,
415,3.105833140335946,0.0006307806232972394,0.12615612465944787,0.005,0.0004717974948886934,4.514604690691333e-14,True,-3.326244369425212,-13.345380271522693,0.5002268445211249,0.4094478615083934,0.2584557934217387,0.10494444688410245,-0.022378009207867103,-0.10858477399701516,-0.14845317190492704,-0.14408884659967838,-0.10294217127211548,-0.03599534147693806,0.04388646800770954,0.1234552514995791,0.19047604250538744,0.2350282637286687,0.2506307806247974,0.0006307806232972446,0.02403116226196289,
416,0.2832282692835812,15.780975609683425,3156.195121936685,0.005,4.734276957291414e-05,1.2321081278966735e-14,True,-4.324746339244902,-13.90935117748956,16.272682454513024,12.157438019298445,3.2780692924203776,-4.543367041246297,-6.634273818177841,-2.716809911161401,3.136936138393365,5.77206111244716,2.9558617898609665,-2.9042392082300745,-6.624376134391721,-4.282378970829774,3.6230216183874466,12.300086352712052,16.030975609684926,15.780975609683427,0.01407933235168457,
417,0.26916782019995733,0.07429097888580673,14.858195777161345,0.005,4.602697513434728e-05,1.2147188914701326e-14,True,-4.336987565745343,-13.915524214253725,0.5738502171345755,0.4642856545720299,0.27255088015284645,0.08324685095001039,-0.053241311718398576,-0.12075956376225455,-0.13311748497364753,-0.11647317763586636,-0.08866414955181118,-0.04938385827925729,0.012760054061755587,0.10288950177458664,0.20649863202440438,0.2913460806401602,0.32429097888730685,0.07429097888580671,0.010063409805297852,
418,2.3785200716644344,0.13399850517106282,26.799701034212564,0.005,0.00031713955615131974,3.478104680766944e-14,True,-3.4987495859551014,-13.45865735114432,0.6335278932638313,0.5087361047202068,0.2839760837409681,0.06565920103703102,-0.07825850539102647,-0.13062821192058402,-0.12068667495480095,-0.09408845264957816,-0.07709066241390834,-0.060236330004166186,-0.01247041263099713,0.08621930441909079,0.21948623194173295,0.33699620937844466,0.38399850517256295,0.13399850517106282,0.013935327529907227,
419,35.103119494743495,0.00050978794719141,0.101957589438282,0.005,nan,nan,False,nan,nan,0.5001059123340474,0.40935778611501933,0.25843264113184855,0.10498008689402712,-0.0223273138031262,-0.1085647759461075,-0.14847836197833852,-0.14413420751058004,-0.10296562404713083,-0.03597334978379561,0.043937595593702146,0.12348903236297674,0.19044972414038464,0.2349357572795783,0.25050978794869155,0.0005097879471914202,0.11968469619750977,
420,0.033333605129964014,19.706345694534516,3941.269138906903,0.005,3.0436226283527253e-05,9.86696219639614e-15,True,-4.516609195720063,-14.005816535720658,20.196090091467145,15.079757501036964,4.029199931527442,-5.699637265897875,-8.27898680093139,-3.365607452589493,3.9541786673389496,7.2437069046208045,3.7167410795419227,-3.617716562025071,-8.283110390260894,-5.378332832579123,4.476869355202581,15.301276669369205,19.956345694536015,19.706345694534516,0.006237506866455078,
421,0.017282874951297076,1.0989408918430771e-05,0.0021978817836861542,0.005,3.0238045231194957e-05,1.0488718781951418e-14,True,-4.519446287666376,-13.979277558509159,0.49960736316490945,0.4089864456670236,0.2583371946244518,0.10512701467037375,-0.022118319386308764,-0.10848233295135692,-0.14858220935324612,-0.144321210201823,-0.1030623093199309,-0.03588268789626118,0.04414837169998672,0.12362829571202119,0.19034122532528572,0.23455439467919448,0.25001098941041855,1.0989408918415933e-05,0.006357431411743164,
422,15.760661322148444,897.7343049820767,179546.86099641531,0.005,nan,nan,False,nan,nan,897.7850884441319,668.7450566888551,172.04232683610599,-264.33450832017354,-376.16888065678876,-148.48883633980716,186.755232943041,336.4218796030406,173.91044907180827,-163.20854530149185,-379.3092868269214,-250.52162172111858,195.46578751895797,686.60842789508,897.984304982078,897.7343049820765,0.1289513111114502,
423,7.063748099463419,0.0024062545971674522,0.48125091943349046,0.005,0.002358509291279956,1.9479679881578968e-13,True,-2.6273624085242084,-12.710418184357103,0.5020014308652708,0.4107696482625097,0.25879553537520644,0.10442145729426666,-0.023121925076242136,-0.10887822993217962,-0.14808352705383837,-0.1434232103039203,-0.10259801993176189,-0.03631805257047228,0.04313621021361561,0.12295954344758982,0.1908622441632168,0.23638572434580135,0.2524062545986676,0.0024062545971674787,0.03863048553466797,
424,0.6922146104609506,4.21277207692428,842.5544153848559,0.005,8.635246456187847e-05,1.674373434814105e-14,True,-4.06372526284059,-13.776147675021237,4.7102623246442725,3.545259849662028,1.0644609128141527,-1.1357980710593707,-1.7872468815606755,-0.8047807652321913,0.728493697015773,1.4350692660747681,0.7135237945571656,-0.8015963831452059,-1.7360280133553057,-1.0525644409442965,1.1067023435290764,3.4554730619494647,4.46277207692578,4.21277207692428,0.020380258560180664,
425,0.38286401999831526,0.0002307249382625042,0.046144987652500837,0.005,5.678913308707388e-05,1.3508358133207136e-14,True,-4.24573476097623,-13.869397433881025,0.49982698883976384,0.4091500321325929,0.25837924163786025,0.10506228863323928,-0.022210387616837943,-0.10851865153231137,-0.1485364615088853,-0.14423882997775236,-0.10301971659367301,-0.03592262714291111,0.04405551858247783,0.12356694608211558,0.19038902226681548,0.2347223961997232,0.2502307249397626,0.0002307249382624832,0.01802515983581543,
426,4.0318312660000215,43.152819530645786,8630.563906129157,0.005,0.0007360754316745988,6.253182691847526e-14,True,-3.133077677671453,-13.203898882865431,43.63084210714455,32.534949186979524,8.51574884198346,-12.606109517875657,-18.102957301666102,-7.240914557703925,8.835617909623016,16.033936568668278,8.261519271741403,-7.879360113284491,-18.190830806582714,-11.924531786980642,9.576953726487616,33.22756864073166,43.402819530647285,43.152819530645786,0.028778076171875,
427,27.581486069273968,0.01640983699253918,3.281967398507836,0.005,nan,nan,False,nan,nan,0.5159980123154506,0.4211948924467604,0.26147516037031643,0.10029651492903294,-0.028989365157780497,-0.11119278617347923,-0.14516805084555479,-0.1381731796922748,-0.0998836170612913,-0.03886335115254955,0.03721874986669631,0.1190497770121239,0.19390830781508414,0.24709233670973965,0.2664098369940393,0.016409836992539173,0.25856542587280273,
428,0.031212197950949937,0.6120991902107168,122.41983804214335,0.005,3.0398999345489542e-05,9.860905162389748e-15,True,-4.517140711979558,-14.006083218021436,1.1113895568447145,0.8646676260602932,0.3754619985333777,-0.0751717459940042,-0.27858061177858623,-0.20965020024364964,-0.021148490150183913,0.08515448398186928,0.015582614695134056,-0.14713616472958613,-0.21450027653868942,-0.04726525391500447,0.32348284348832546,0.7025340097162167,0.8620991902122169,0.6120991902107168,0.008770942687988281,
429,0.06016681931140687,0.003412941604954113,0.6825883209908226,0.005,3.110983218323997e-05,9.975940032387075e-15,True,-4.507102331613554,-14.001046170163201,0.503007614590371,0.4115190963377935,0.25898816777398526,0.1041249241808312,-0.023543722551508432,-0.10904461833417009,-0.1478739398255474,-0.14304579704936818,-0.10240288742734611,-0.0365010285362767,0.04271081689052528,0.1226784788626187,0.1910812190381202,0.23715539936608382,0.2534129416064542,0.0034129416049540895,0.012573003768920898,
430,61.396253276607254,2.890984210259661,578.1968420519321,0.005,nan,nan,False,nan,nan,3.389135272059117,2.561228701010182,0.8115330757973734,-0.7464477880304501,-1.233423517710414,-0.5863115000051855,0.45330403705188693,0.9395227290411889,0.4573132994046216,-0.561347517687726,-1.1774832733599145,-0.6835244560330455,0.819186630588572,2.4448837772809697,3.1409842102611605,2.8909842102596603,0.18957209587097168,
431,1.3583847820542574,7.745827902374294e-05,0.015491655804748589,0.005,0.000160065583006289,2.328569115130846e-14,True,-3.7957020392067884,-13.63291086708299,0.49967379880459534,0.40903592973345276,0.2583499136302535,0.10510743537626703,-0.022146169553617336,-0.10849331913573537,-0.1485683708650713,-0.14429629060675642,-0.10304942523879246,-0.03589476931343392,0.04412028410839425,0.12360973776377596,0.19035568365483968,0.23460521427709408,0.25007745828052386,7.745827902372326e-05,0.02693653106689453,
432,0.14895624847686725,130.8541095820081,26170.82191640162,0.005,3.581084911285727e-05,1.070625607215103e-14,True,-4.445985381287553,-13.970362373376258,131.28828681182551,97.82591104552722,25.29763809645684,-38.43969671039863,-54.84941616636758,-21.73646023503701,27.09459031835693,48.91369865030745,25.26121454529304,-23.81999322498437,-55.250555354218974,-36.4105204796459,28.65376595245231,100.28067618752588,131.1041095820096,130.8541095820081,0.010523080825805664,
433,0.12924909423831935,4.7095118102959706e-05,0.009419023620591941,0.005,3.447887536057564e-05,1.0504366320903235e-14,True,-4.462446908527772,-13.978630141414689,0.49964345082342065,0.4090133252771167,0.2583441035537576,0.10511637925114764,-0.02213344752132882,-0.10848830061678567,-0.14857469232416465,-0.14430767394566213,-0.10305531072215186,-0.03588925048916045,0.04413311459674238,0.12361821508508497,0.19034907905051593,0.23458199974634442,0.2500470951196031,4.709511810296885e-05,0.008700370788574219,
434,1.183986231655335,209.46281009279758,41892.56201855952,0.005,0.00013891412625623145,2.1543606163325282e-14,True,-3.8572535883647086,-13.666681598821295,209.85768772138852,156.3477145879168,40.339634692373984,-61.59494012297668,-87.78611958356541,-34.729154050858995,43.46053080648817,78.38459205253555,40.49843572813636,-38.10795242713666,-88.46804606925137,-58.357880099157015,45.7527552386211,160.3819317833873,209.7128100927991,209.46281009279758,0.015731334686279297,
435,93.92678214778299,0.0060249344317633395,1.2049868863526678,0.005,nan,nan,False,nan,nan,0.5056183015785666,0.41346364611499886,0.25948797996976164,0.10335552678202324,-0.02463813617882257,-0.1094763367422768,-0.14733013590968036,-0.14206654460445958,-0.10189658835139803,-0.036975785741309525,0.04160707332386553,0.12194921676413513,0.19164938054023065,0.2391524308330659,0.25602493443326346,0.006024934431763329,0.10991048812866211,
436,0.09246041027629728,1.6824150108356142,336.48300216712283,0.005,3.240954146671123e-05,1.0182975659320574e-14,True,-4.489327113364142,-13.99212529433861,2.1811702842208542,1.6614854309077924,0.5802699501441055,-0.3904475767082019,-0.7270382827181833,-0.38655537299486215,0.20168594051755317,0.4864225783707997,0.22304869400170602,-0.341677337387792,-0.6667810750093364,-0.34609484999111,0.556298277794737,1.5208572269387408,1.9324150108371143,1.6824150108356142,0.009344816207885742,
437,0.020219595574109968,0.02962725342497805,5.925450684995609,0.005,3.027632460442282e-05,1.0598261404701352e-14,True,-4.518896847167331,-13.97476537287422,0.529208820838184,0.431034859813871,0.2640043502906647,0.09640314825600768,-0.03452740512216183,-0.11337740242622242,-0.14241625048077897,-0.1332178876164339,-0.09732160170754332,-0.041265755791189046,0.031633497791946734,0.1153595062176874,0.19678336439915886,0.2571978761495363,0.2796272534264782,0.029627253424978073,0.005449533462524414,
438,17.787327931718927,0.3359855206221411,67.19710412442822,0.005,nan,nan,False,nan,nan,0.8354139274099321,0.6591093377024665,0.3226268689478494,0.006161225894852837,-0.16289018583871417,-0.16401326255079204,-0.07863398291476567,-0.018362257428021472,-0.03793824276453332,-0.0969495973317872,-0.0978235830396898,0.02982501679226382,0.2634225111411219,0.4914278837832929,0.5859855206236413,0.33598552062214115,0.11100363731384277,
439,4.688542734824195,0.0001187787657057803,0.02375575314115606,0.005,nan,nan,False,nan,nan,0.49971509863353036,0.40906669158790615,0.25835782042194416,0.10509526387462877,-0.022163482657714683,-0.10850014871602727,-0.1485597681452504,-0.14428079929790102,-0.10304141582773661,-0.035902279747063906,0.04410282340908511,0.12359820118353775,0.19036467170011312,0.23463680636696815,0.2501187787672059,0.00011877876570576262,0.14231538772583008,
440,0.443229744572648,84.57023031318346,16914.04606263669,0.005,6.251182442390234e-05,1.418363790143317e-14,True,-4.204037825914489,-13.848212364506463,85.02754668646286,63.36896070606622,16.441087232701715,-24.806161445419768,-35.45667217532004,-14.086514770466323,17.458516846191245,31.56158287546513,16.289717738494918,-15.407410719317053,-35.69248710124178,-23.48817300031689,18.586081960763153,64.89376303633068,84.82023031318496,84.57023031318346,0.019472837448120117,
441,0.8045147835843176,0.001516639115879732,0.30332782317594637,0.005,9.755488594353205e-05,1.784326109707692e-14,True,-4.010750974499332,-13.748525769520672,0.5011122601379789,0.4101073564031367,0.258625304943279,0.10468350542480391,-0.022749180061095883,-0.10873119148112928,-0.14826874057256428,-0.14375673271107933,-0.10277045972237009,-0.03615635558757281,0.043512132901531914,0.12320792194467776,0.19066873472361906,0.23570555781111135,0.25151663911737987,0.0015166391158797365,0.019060611724853516,
442,8.172849994258884,6.505342274273216,1301.0684548546433,0.005,0.0034815190752248634,3.1009466881731497e-13,True,-2.45823122098468,-12.508505700138437,7.001686375396788,5.252009125818513,1.5031506873600449,-1.8111052649844315,-2.7478238172247433,-1.1837039942371657,1.2057954100688488,2.2945681696843248,1.157907163665345,-1.2182951612059867,-2.7047939228432236,-1.6926445115630002,1.6053829347045894,5.208286001318828,6.7553422742747165,6.505342274273216,0.07131695747375488,
443,10.215621932991716,1.8713937374899125e-05,0.003742787474979825,0.005,nan,nan,False,nan,nan,0.4996150838315684,0.40899219634517814,0.2583386727347627,0.10512473930727152,-0.022121555930115687,-0.10848360968576996,-0.1485806011448392,-0.14431831422779923,-0.1030608120257655,-0.035884091910660665,0.04414510756445702,0.12362613904230367,0.19034290556714775,0.23456030056309923,0.25001871393887504,1.8713937374903455e-05,0.18572568893432617,
444,0.011152058933564718,541.5675156969982,108313.50313939963,0.005,3.0177314123600303e-05,1.0052690661764703e-14,True,-4.520319416422831,-13.997717681212658,541.7963610364039,403.5896383264291,103.88880696880395,-159.42082004160414,-226.9365459468659,-89.6204666749219,112.6030787996417,202.89272300549996,104.87238953061281,-98.47148030232812,-228.80473784946906,-151.08071304087224,117.99227536951348,414.2966977877784,541.8175156969996,541.5675156969982,0.007761240005493164,
445,0.0509663864957834,0.0009541003590598795,0.1908200718119759,0.005,3.083577160852559e-05,9.931743728109482e-15,True,-4.510945179680286,-14.00297449520928,0.5005500026165525,0.40968856328739156,0.2585176615652538,0.1048492087344698,-0.022513478770098055,-0.10863821330213126,-0.1483858583439631,-0.14396763200885598,-0.10287950016453347,-0.03605410824402376,0.04374984355964087,0.12336498140903239,0.1905463711161123,0.2352754618371731,0.25095410036056004,0.0009541003590599062,0.012562036514282227,
446,53.91408167817827,10.434513961260382,2086.9027922520763,0.005,nan,nan,False,nan,nan,10.928893713915583,8.177158785538706,2.2550087737600713,-2.9684953023570775,-4.394129654729134,-1.8331298764499626,2.023829413672,3.7676392062721615,1.9195233419123272,-1.9324634962265999,-4.365134612641933,-2.7896597714612636,2.4600575972133507,8.212382879974454,10.684513961261882,10.434513961260382,0.18700599670410156,
447,2.0650074424802103,0.03689461474067958,7.378922948135916,0.005,0.00026220673369820296,3.094665505260626e-14,True,-3.5813561594406664,-13.509386285923394,0.5364725489122747,0.4364451908386241,0.2653949803794686,0.09426244984554197,-0.03757239788664627,-0.11457857481312506,-0.140903221998872,-0.13049330841262022,-0.09591292313807907,-0.042586675248085445,0.02856254628837917,0.11333047646342079,0.19836416312078184,0.26275422725449454,0.2868946147421797,0.036894614740679565,0.022642850875854492,
448,0.23474115932082268,0.2722330941381643,54.44661882763286,0.005,4.2864745329732694e-05,1.1719325108775282e-14,True,-4.367899752182677,-13.93109739770139,0.7716933732876885,0.6116475815125924,0.3104276622961402,0.024940355225153282,-0.1361781965858039,-0.1534760605370236,-0.09190692103778576,-0.042263440793656445,-0.050295778469451644,-0.08536192239603058,-0.07088387253650422,0.04762454052905725,0.2495550632589736,0.44268517649933337,0.5222330941396645,0.2722330941381643,0.009135007858276367,
449,0.21516248317424783,0.003098543402733172,0.6197086805466344,0.005,4.1124357962569865e-05,1.1477375507849746e-14,True,-4.385900869236247,-13.94015740921732,0.5026933735682573,0.41128503637108627,0.25892800679108086,0.10421753437351469,-0.023411991073005872,-0.10899265360824079,-0.14793939596759895,-0.14316366690147486,-0.10246382921770265,-0.03644388335187124,0.042843671387486,0.12276625808251465,0.19101283104218036,0.23691502232654774,0.2530985434042333,0.0030985434027331893,0.00952291488647461,
450,2.2760622819297094,3.2708395528082064,654.1679105616413,0.005,0.00029847386054256006,3.349216269673264e-14,True,-3.525093697094775,-13.475056807762275,3.76880070988479,2.844019531881403,0.8842194671564562,-0.8583392562919381,-1.3925812531476296,-0.649095188426037,0.5323880301703705,1.0819328723939403,0.5309430609232271,-0.6303902267235822,-1.3379978376787829,-0.7895791516600421,0.9018128843025623,2.7353068841841317,3.5208395528097065,3.2708395528082064,0.017077207565307617,
451,49.02298323213396,1.222859864936207e-05,0.002445719729872414,0.005,nan,nan,False,nan,nan,0.4996086017351204,0.4089873682063546,0.25833743174690255,0.1051266496504756,-0.0221188386014132,-0.1084825377685419,-0.1485819513601072,-0.1443207456218436,-0.10306206911995437,-0.035882913132045564,0.04414784805854355,0.12362794973323658,0.19034149487422616,0.23455534211705145,0.2500122286001495,1.2228598649355327e-05,0.11602282524108887,
452,0.05572731706635016,806.8164777338584,161363.29554677167,0.005,3.097210966387832e-05,9.953754319200113e-15,True,-4.5090292116862765,-14.002013082813662,806.9127146168712,601.0594800268818,154.6449441152433,-237.5534471043574,-338.0747067046373,-133.46165125520244,167.8265934872812,302.3362176116347,156.28727206668154,-146.68327267861505,-340.8903578429206,-225.1375835996978,175.68931310916093,617.0960769955059,807.0664777338599,806.8164777338584,0.013518095016479492,
453,0.010740666327386872,0.0004580949572324801,0.09161899144649602,0.005,3.0174171871809597e-05,1.0050203172483295e-14,True,-4.52036464025095,-13.99782515856225,0.5000542451874606,0.4093193022451266,0.2584227495323953,0.10499531375514357,-0.022305654665295882,-0.10855623196577711,-0.1484891242017543,-0.14415358753577856,-0.10297564402604524,-0.035963954038454815,0.043959439376932696,0.12350346492111682,0.1904384798649325,0.2348962347638536,0.2504580949587326,0.00045809495723247995,0.007634639739990234,
454,10.911174429880708,21.925395409181988,4385.079081836398,0.005,nan,nan,False,nan,nan,22.414030415317914,16.73177299814559,4.453821354308967,-6.3532880189747765,-9.208758974296977,-3.7323789844575774,4.416173781545683,8.075642519504097,4.146873508879919,-4.0210522180581965,-9.220808925073595,-5.997886161720557,4.959557747831907,16.997878613089743,22.175395409183487,21.925395409181988,0.28828930854797363,
455,7.669357242694978,0.05768838470457847,11.537676940915693,0.005,0.0028604766138210745,2.5010931582572306e-13,True,-2.5435615985118343,-12.601870131794657,0.5572559232474166,0.45192552460353486,0.26937392692076556,0.08813736697493597,-0.04628489700921313,-0.11801543466021655,-0.13657406250963264,-0.12269759401899016,-0.0918823353010291,-0.04636616193305294,0.01977577260788147,0.10752490603320565,0.20288723051054186,0.2786523616248789,0.3076883847060786,0.05768838470457849,0.14058780670166016,
456,0.8372370465031856,0.17257463016956207,34.51492603391241,0.005,0.00010089676770747168,1.8161472236007857e-14,True,-3.99612274644192,-13.740848948873404,0.6720847325303511,0.5374548647800933,0.2913577340817145,0.054296087813556666,-0.09442173388614614,-0.13700419546247686,-0.11265531758741262,-0.07962602215124223,-0.06961320832600536,-0.06724794699534178,-0.02877143358202658,0.07544894334496174,0.22787732279764542,0.3664900635366683,0.4225746301710622,0.1725746301695621,0.020728588104248047,
457,0.48003081435677125,9.97575581254179e-05,0.01995151162508358,0.005,6.599566919364536e-05,1.4581211604365123e-14,True,-4.180484563049247,-13.836206387456468,0.4996960869354046,0.4090525308733043,0.2583541806602153,0.10510086682555739,-0.022155512854516814,-0.10849700483087851,-0.14856372826606717,-0.14428793046757232,-0.10304510282860527,-0.03589882244226027,0.04411086115531528,0.12360351185882498,0.19036053420105112,0.23462226346712245,0.25009975755962555,9.975755812541287e-05,0.01780867576599121,
458,4.222893854915118,101.61097140482659,20322.194280965316,0.005,0.0008018842175287015,6.690083208140601e-14,True,-3.0958883341078467,-13.174568480645991,102.05976843705146,76.05527781729981,19.701881112091936,-29.82573949904195,-42.5966685331999,-16.903062175012543,21.006314389813088,37.950263275261996,19.592832272200948,-18.504744880927046,-42.893352340214065,-28.245906819742373,22.292789328535868,77.92247269870666,101.86097140482809,101.61097140482659,0.022681713104248047,
459,19.793997794534633,0.003797267248089418,0.7594534496178835,0.005,nan,nan,False,nan,nan,0.5033917480939033,0.41180521517244817,0.25906170956997226,0.10401171592578223,-0.02370475332343722,-0.10910814088796349,-0.14779392513807965,-0.14290171096237037,-0.102328391159215,-0.03657088376952412,0.04254841332197063,0.12257117606984792,0.19116481767302534,0.23744924029666817,0.25379726724958956,0.003797267248089431,0.1925511360168457,
460,0.01871206575431007,2.597841236085578,519.5682472171156,0.005,3.0255933968190202e-05,1.0669716778086322e-14,True,-4.5191894363203575,-13.971847108536801,3.0961388516623205,2.3429926096745572,0.7554393407401663,-0.6600986068637129,-1.1105978872589628,-0.5378599051695668,0.39227312776738177,0.8296215948491702,0.4004915442215049,-0.5080656948337533,-1.0536105473190096,-0.6016796445512861,0.7554220785460115,2.2207576856080853,2.847841236087078,2.597841236085578,0.008845090866088867,
461,0.09703126880303646,0.014747967563083043,2.9495935126166084,0.005,3.2634168220549455e-05,1.0218340778228166e-14,True,-4.486327452121646,-13.990619617837336,0.5143369737203098,0.4199576808450957,0.2611571569668979,0.100786040781883,-0.028293049099119894,-0.11091810715552708,-0.14551404379550553,-0.13879622493390426,-0.10020574771488419,-0.03856128888141311,0.037921002059950394,0.11951376694926755,0.19354681745352573,0.2458217338541056,0.2647479675645832,0.014747967563083053,0.012656211853027344,
462,88.88491321704893,0.6811223029487543,136.22446058975086,0.005,nan,nan,False,nan,nan,1.1803781621963128,0.9160532489912462,0.38866976586827545,-0.09550342640797704,-0.307500995634474,-0.22105855789608525,-0.006778221362681858,0.11103168058447022,0.02896180082445385,-0.15968184240137615,-0.24366720833631783,-0.0665363405437911,0.3384967727040073,0.7553064854566263,0.9311223029502544,0.6811223029487543,0.18397140502929688,
463,1.253911917284489,0.00017913761370969385,0.03582752274193877,0.005,0.00014722019487902797,2.223721034423764e-14,True,-3.832032611717608,-13.65291969587119,0.49977542730575675,0.4091116269274039,0.2583693702577805,0.10507748436919805,-0.022188772752352946,-0.1085101250166924,-0.14854720173328906,-0.14425817038832936,-0.10302971609079399,-0.035913250603370715,0.04407731771493024,0.12358134913872905,0.19037780097573576,0.2346829544717935,0.2501791376152098,0.00017913761370969006,0.022556066513061523,
464,0.12343439807817695,55.56817364789881,11113.634729579762,0.005,3.4113847624308074e-05,1.0448374937813634e-14,True,-4.46706929473017,-13.980951251220048,56.03998929739429,41.77780538276862,10.891461875723195,-16.263218015667054,-23.304936646475678,-9.292963422680808,11.420432889412046,20.6885304668368,10.668065818353547,-10.135981479048413,-23.437157325580273,-15.39086871717236,12.277545463222447,42.71988140338492,55.81817364790031,55.56817364789881,0.012402772903442383,
465,0.14283527449904712,0.00011444845850020575,0.02288969170004115,0.005,3.538215583471074e-05,1.064168521042538e-14,True,-4.451215709057872,-13.972989592000022,0.49971077049121676,0.40906346780496716,0.2583569918054447,0.10509653942449469,-0.02216166827784059,-0.10849943298920206,-0.14856066969367393,-0.14428242275715203,-0.10304225519854737,-0.03590149266812374,0.04410465325665236,0.12359941019486712,0.19036372977032628,0.23463349557696045,0.25011444846000036,0.000114448458500227,0.009625911712646484,
466,1.4575431539004817,87.76413525391297,17552.827050782595,0.005,0.00017275789875894623,2.4296601194579895e-14,True,-3.762562086882842,-13.614454474783473,88.21985486767707,65.74672647830138,17.05224995303624,-25.746968835170176,-36.794904445946266,-14.614413447102553,18.123471970052538,32.758997810878924,16.908812516841902,-15.987936579586583,-37.04212787922178,-24.379903557739127,19.28082116911681,67.3357026173739,88.01413525391447,87.76413525391297,0.01518392562866211,
467,57.34640204373808,0.024780040232274904,4.956008046454981,0.005,nan,nan,False,nan,nan,0.52436403095924,0.4274262559780587,0.2630768223723738,0.09783095968935272,-0.03249644388898283,-0.11257623975003543,-0.14342541616001794,-0.13503513815450152,-0.09826116767234994,-0.04038472374395439,0.03368177308687162,0.11671283645214527,0.1957289970592684,0.25349187926713906,0.27478004023377506,0.024780040232274925,0.1313328742980957,
468,0.06288411612185253,0.4017932736286495,80.3586547257299,0.005,3.119913065442747e-05,9.990299284507931e-15,True,-4.50585750717531,-14.000421501197101,0.9011887805156159,0.7081012224173702,0.3352193681276697,-0.0132233273339767,-0.1904633479599997,-0.17489017541113688,-0.06493313603186457,0.006309480703927034,-0.025182310131243432,-0.10891084950912412,-0.12563180795966292,0.011451650846752925,0.27773703429560004,0.5417420164166217,0.6517932736301497,0.4017932736286496,0.009196043014526367,
469,0.028743480784355076,0.007203995036272907,1.4407990072545813,0.005,3.042077024731168e-05,1.1367844840513122e-14,True,-4.5168297939016195,-13.944321862716832,0.5067967727240051,0.4143414211273489,0.259713596542535,0.10300821872174239,-0.025132157440963945,-0.10967121559570077,-0.14708466135584702,-0.1416245074105551,-0.10166804358342514,-0.03719009242370768,0.041108840501948046,0.12162002588663401,0.19190585017416747,0.24005389622168294,0.257203995037773,0.007203995036272892,0.005488872528076172,
470,30.268856896836283,1.4069632665791467,281.39265331582936,0.005,nan,nan,False,nan,nan,1.9058562491955033,1.456419925969532,0.527561481838151,-0.30930958377315443,-0.611625200611835,-0.34102784040745904,0.1443382573150489,0.3831539969072768,0.16965614171215754,-0.2916110818903117,-0.5503840897160505,-0.2691893872403484,0.49638192765419015,1.3102571842168602,1.656963266580647,1.406963266579147,0.12410283088684082,
471,3.6822659189792435,4.8880590700248216e-05,0.009776118140049642,0.005,0.0006262338927213073,5.529328820908591e-14,True,-3.2032634314116706,-13.257327582450511,0.4996452354033895,0.409014654507544,0.2583444452089758,0.10511585331632964,-0.022134195626576893,-0.10848859572532484,-0.14857432059764988,-0.1443070045608199,-0.10305496463271514,-0.035889575017609095,0.04413236011385388,0.12361771658544143,0.19034946742707748,0.23458336485153292,0.2500488805922004,4.888059070023987e-05,0.019620180130004883,
472,0.41669949249445115,201.85480199226996,40370.96039845399,0.005,5.999877824344954e-05,1.3890688039855469e-14,True,-4.221857593075196,-13.857276242058497,202.25348316528456,150.6837823194159,38.88382088033751,-59.35389964898484,-84.59839729869793,-33.47167848955162,41.876581358177866,75.53230223885059,39.023727439672896,-36.72511682950377,-85.25314826790076,-56.233742584028974,44.09785892110531,154.56513495995637,202.1048019922715,201.85480199226998,0.013531208038330078,
473,0.7296443377596974,0.03555446687879426,7.1108933757588515,0.005,9.004331970458959e-05,1.7111969307052585e-14,True,-4.045548501867789,-13.766700007409742,0.5351330710433573,0.43544749122800347,0.2651385393055733,0.09465720831056126,-0.03701088176469931,-0.11435707095001241,-0.14118223411852793,-0.13099573822667657,-0.0961726924671301,-0.04234308926013439,0.029128849367678084,0.11370464251472295,0.19807265373590002,0.2617296006080794,0.2855544668802944,0.035554466878794266,0.013707399368286133,
474,6.653754071856624,0.282553398767903,56.5106797535806,0.005,0.0019858771349878647,1.652828015119907e-13,True,-2.7020476245452794,-12.781772334553356,0.7820085183885982,0.6193307366355585,0.3124024817003619,0.02190037155616037,-0.14050235931278066,-0.15518183301855443,-0.08975828494162608,-0.038394294049781674,-0.0482953286045405,-0.08723774645297769,-0.0752448990003318,0.04474313636361514,0.2517999391715283,0.4505756932277448,0.5325533987694031,0.282553398767903,0.030300140380859375,
475,16.769932959319803,0.0007978894359375873,0.15957788718751748,0.005,nan,nan,False,nan,nan,0.5003938697894545,0.4095722689727071,0.25848777016444724,0.10489522274977722,-0.022448027073123374,-0.10861239426833949,-0.1484183806812464,-0.14402619646080195,-0.10290977951492757,-0.03602571526357758,0.04381585323611032,0.12340859512206903,0.19051239206692955,0.23515602884112516,0.2507978894374377,0.0007978894359375599,0.11828899383544922,
476,0.01643386841385478,12.476488357858923,2495.2976715717846,0.005,3.022808463036428e-05,1.0500117663663975e-14,True,-4.519589370546867,-13.978805834225904,12.9698472466787,9.697347056046084,2.6457463349078907,-3.569986153729206,-5.249708040445438,-2.1706338415627204,2.4489583273401823,4.533188177075651,2.3153321433363425,-2.3036138482978057,-5.228006853482958,-3.359774098816556,2.904228510906003,9.773599696086674,12.726488357860422,12.476488357858923,0.0058994293212890625,
477,0.035933554529793126,2.2379289967789174e-05,0.004475857993557835,0.005,3.048517238508599e-05,9.874920438220318e-15,True,-4.5159113448218235,-14.005466394778068,0.4996187473517064,0.40899492508948965,0.2583393741103212,0.1051236596286745,-0.022123091696900878,-0.10848421550680068,-0.1485798380366589,-0.14431694006419082,-0.10306010154730945,-0.035884758127096864,0.04414355870517134,0.12362511568469864,0.19034370285579783,0.23456310295382193,0.2500223792914679,2.2379289967788818e-05,0.0065495967864990234,
478,31.75314768687008,452.9625350725831,90592.50701451661,0.005,nan,nan,False,nan,nan,453.2356775493615,337.625906127758,86.93399397388843,-133.32103871213806,-189.81144466482195,-74.97555617100313,94.15596250807847,169.67416167678022,87.69752620246949,-82.36659191156565,-191.36314293602612,-126.34241611944,98.71889208555858,346.5526624205559,453.21253507258456,452.9625350725831,0.1290271282196045,
479,2.6352965278975837,0.0015739134580458696,0.31478269160917394,0.005,0.00036714352074403123,3.8181401418805896e-14,True,-3.4351641317076806,-13.41814813520677,0.501169505846434,0.4101499954211905,0.258636264550222,0.10466663450179495,-0.02277317776121156,-0.10874065796494636,-0.14825681633937765,-0.14373526020203525,-0.10275935787468635,-0.03616676580245848,0.04348793061963753,0.12319193108646076,0.19068119305656067,0.23574934761879476,0.251573913459546,0.0015739134580458614,0.017563581466674805,
480,0.25024369451425593,6.2681640233635365,1253.6328046727074,0.005,4.427582952139528e-05,1.1912051925728808e-14,True,-4.353833293419879,-13.924013422122204,6.764626699283789,5.075437080814936,1.4577659599745656,-1.7412412410748983,-2.6484471622684698,-1.1445024252782856,1.1564160778289767,2.2056485602203995,1.1119334044581866,-1.1751855162097538,-2.6045700761671355,-1.6264249158589994,1.553791846887787,5.026948431977564,6.5181640233650375,6.268164023363537,0.014852523803710938,
481,0.29512073705802366,1.3378475415459153e-05,0.0026756950830918304,0.005,4.8462363034214104e-05,1.2467251173431725e-14,True,-4.314595413399108,-13.904229290852445,0.4996097510370176,0.40898822425488063,0.25833765177906554,0.105126310938905,-0.02211932039477405,-0.10848272782379852,-0.1485817119614834,-0.14432031452585323,-0.10306184623207422,-0.035883122134257976,0.044147362157866486,0.1236276286904164,0.19034174499578238,0.23455622126957495,0.25001337847691557,1.3378475415437574e-05,0.017846345901489258,
482,2.89206584066825,737.3562794486184,147471.25588972366,0.005,0.0004220543722600466,4.185367829264793e-14,True,-3.3746315963098867,-13.378266368208317,737.4872422344382,549.3484601060487,141.35353922788096,-217.09301730040823,-308.9711859066222,-121.98105072571605,153.36532566268454,276.2951549040663,142.82336288361233,-134.0581501053612,-311.538727850162,-205.74446374015412,160.58030890762905,563.9894220863914,737.6062794486198,737.3562794486184,0.0245819091796875,
483,41.371118541257275,0.001976437382158049,0.3952874764316098,0.005,nan,nan,False,nan,nan,0.5015718285329022,0.4104496623264432,0.25871328863861076,0.10454806569984758,-0.02294183353367265,-0.1088071883879854,-0.1481730128603192,-0.14358435146569598,-0.10268133411875056,-0.03623992876493253,0.04331783704698091,0.12307954737752597,0.1907687501872739,0.23605710227049767,0.25197643738365816,0.001976437382158025,0.12604141235351562,
484,0.03772704769919283,5.1286562591406035,1025.7312518281208,0.005,3.05210660064633e-05,9.880752441337206e-15,True,-4.5154003018888575,-14.005209981659554,5.6256886201012835,4.227107963559918,1.2397179347676117,-1.4055839985603364,-2.17099836807738,-0.9561609899778976,0.9191762286283617,1.7784399734836684,0.8910554134697851,-0.9680679790928749,-2.1230510034458243,-1.3082770959851278,1.3059257592238682,4.1557236572895375,5.3786562591421045,5.128656259140604,0.006567955017089844,
485,0.014664502801845452,0.09044242252834757,18.088484505669513,0.005,3.020892541225266e-05,1.0204594919684911e-14,True,-4.519864723115643,-13.99120423030482,0.5899935860310608,0.47630991658924793,0.2756415044566651,0.07848922734629445,-0.06000869631523384,-0.12342912528111256,-0.12975483473603233,-0.11041790041097338,-0.08553341316252505,-0.05231955326366694,0.005934977120599053,0.09838005765842986,0.21001189913104049,0.30369486692329256,0.3404424225298477,0.09044242252834755,0.005316019058227539,
486,13.92518668136235,0.1100629020314195,22.0125804062839,0.005,0.020206411296510643,6.251827764938992e-12,True,-1.6945108112999239,-11.203992995106935,0.6096042564797236,0.4909167710395216,0.27939593855845973,0.07270975286302434,-0.06822959184075128,-0.12667205998231698,-0.12566994848540922,-0.10306205994829752,-0.08173025163003392,-0.0558857820506201,-0.002356002013807583,0.09290206709551423,0.21427975201033433,0.3186959475398794,0.36006290203291963,0.1100629020314195,0.1627037525177002,
487,6.442519446867467,0.00041871604402361344,0.08374320880472269,0.005,0.0018361220112116472,1.5211008605375949e-13,True,-2.7360984630937395,-12.817841987970246,0.5000148859613293,0.40928998583348836,0.25841521426626585,0.10500691334036441,-0.02228915507203427,-0.10854972329486921,-0.14849732269563445,-0.14416835093659722,-0.10298327708964512,-0.03595679650625167,0.04397607963017927,0.12351445941872337,0.19042991415133229,0.23486612712802607,0.25041871604552374,0.00041871604402360374,0.027056217193603516,
488,0.569301479106954,23.990423315146504,4798.084663029301,0.005,7.447408689283969e-05,1.551210779054602e-14,True,-4.127994812850511,-13.80932918609305,24.47802593208507,18.269123910158445,4.848970269507338,-6.961569589661875,-10.07399668011117,-4.073693306269098,4.846102321207866,8.849834395134371,4.547150917709573,-4.396392788249626,-10.093422832273907,-6.574436973297814,5.40874326814057,18.57672127532056,24.240423315148004,23.990423315146504,0.012457609176635742,
489,0.32495039677182025,0.004307149669312429,0.8614299338624858,0.005,5.128695472631914e-05,1.2829115555591489e-14,True,-4.289993087341328,-13.891803283030075,0.5039013756047195,0.41218480723656625,0.2591592770096388,0.10386152324356644,-0.023918391838974824,-0.10919241586182737,-0.14768777015386725,-0.1427105528540962,-0.1022295574273388,-0.03666356026951701,0.04233295352575623,0.12242881812741237,0.19127572745783347,0.2378390772170426,0.2543071496708126,0.004307149669312449,0.013643503189086914,
490,3.563295892757291,2.2906657682578797,458.1331536515759,0.005,0.0005917660223580106,5.3030172756988674e-14,True,-3.227849974501594,-13.275476958073128,2.7891169530109825,2.114309750596041,0.696660448437026,-0.5696159671342005,-0.9818927030345878,-0.48708897554874997,0.32832072309441596,0.7144595910339933,0.3409497821160293,-0.4522333184720324,-0.9238081439698816,-0.5159169946804779,0.6886051740655873,1.985902877110687,2.54066576825938,2.2906657682578797,0.02425098419189453,
491,25.148784850315526,6.137236826906289e-05,0.012274473653812578,0.005,nan,nan,False,nan,nan,0.4996577209358242,0.4090239542586915,0.25834683554585264,0.10511217369628273,-0.022139429627015324,-0.1084906604056988,-0.14857171987168757,-0.14430232131529183,-0.10305254327252795,-0.03589184552974205,0.04412708149325959,0.12361422891126786,0.19035218464246745,0.23459291559479203,0.2500613723697692,6.137236826908588e-05,0.16848373413085938,
492,0.0256627340834876,165.13692020382808,33027.38404076562,0.005,3.03628767250989e-05,1.1273777792138094e-14,True,-4.517657083677413,-13.947930529441262,165.5539580994801,123.34842821035075,31.857750619893196,-48.53815680015168,-69.21376462171267,-27.402831243090752,34.23210098520187,61.766538740518,31.906468376228744,-30.051255112241304,-69.73736070929814,-45.98219853303651,36.1109737133387,126.4920236635436,165.3869202038296,165.13692020382808,0.006154298782348633,
493,0.06598672771352881,0.00029117348835392407,0.05823469767078481,0.005,3.130570257722724e-05,1.0007409663926756e-14,True,-4.504376545129496,-13.999678321546135,0.49988740716923213,0.4091950342525858,0.2583908086384441,0.10504448270485973,-0.0222357152962605,-0.10852864265922028,-0.14852387642139547,-0.14421616743830715,-0.1030079994692079,-0.03593361430351705,0.04402997498312621,0.12355006899270037,0.19040217105446444,0.23476861288739057,0.2502911734898541,0.0002911734883539463,0.009126424789428711,
494,74.67313515025735,34.19115241962527,6838.230483925054,0.005,nan,nan,False,nan,nan,34.67365528827362,25.86325866575723,6.80090855965096,-9.966330689453306,-14.348057782384195,-5.759701968051332,6.969843387714031,12.67415152682181,6.524422702909437,-6.250482734145569,-14.403920552155132,-9.42245594044103,7.627609074790715,26.37581505487328,34.44115241962677,34.19115241962527,0.12704157829284668,
495,1.6004841544277284,0.013002316996325676,2.600463399265135,0.005,0.00019194903868531815,2.5785360570729965e-14,True,-3.716814058564587,-13.58862679123871,0.5125921958733749,0.418658096716906,0.2608231218065123,0.1013002454885366,-0.027561629108536805,-0.11062958052710149,-0.14587747956155922,-0.1394506802478346,-0.10054411819576992,-0.038243998506213225,0.03865865744817291,0.12000114837790939,0.1931671029926019,0.24448707509226353,0.26300231699782584,0.013002316996325702,0.016223430633544922,
496,0.1685419713912823,0.7724714440520317,154.49428881040635,0.005,3.726445181428573e-05,1.0922439716159578e-14,True,-4.428705263157248,-13.96168034359816,1.2716816342477624,0.9840599257926045,0.40614968171202936,-0.12241153688470477,-0.34577588821486255,-0.23615703189426943,0.012240215492573675,0.14527904483736576,0.046668582119768015,-0.17628551085988395,-0.2822683965852931,-0.09204080045344082,0.3583670666393621,0.825148602706191,1.0224714440535319,0.7724714440520317,0.01366877555847168,
497,0.11016202587912705,0.021074403288527128,4.214880657705425,0.005,3.333243095686777e-05,1.0327518096793145e-14,True,-4.47713301179239,-13.9860040353414,0.5206602466100935,0.42466752118391643,0.2623677382896785,0.09892250458035806,-0.03094379813609598,-0.11196376039482583,-0.14419691134182258,-0.13642440461797092,-0.0989794546987008,-0.03971118520272142,0.03524765523442509,0.11774744135078007,0.19492294574449215,0.2506586886450516,0.27107440329002724,0.02107440328852711,0.013568878173828125,
498,1.0414062054219166,0.4723670064122787,94.47340128245574,0.005,0.0001226686844381965,2.014508929001355e-14,True,-3.9112662922974986,-13.695830803327764,0.9717272306964614,0.7606412351434394,0.34872385098255176,-0.03401176360783262,-0.22003343486685448,-0.18655482443267207,-0.05024003586283657,0.032768014458446876,-0.011502557519438836,-0.12173836870488655,-0.15545398156427065,-0.008252365159477748,0.2930882548718336,0.595700037918335,0.7223670064137788,0.4723670064122787,0.019933223724365234,
499,86.05243192651895,0.00016699703836112163,0.033399407672224324,0.005,nan,nan,False,nan,nan,0.4997632927999624,0.40910258863570304,0.2583670471244393,0.10508106053793687,-0.022183685904116405,-0.1085081183841285,-0.1485497293406958,-0.1442627219659488,-0.10303206937523543,-0.03591104392594005,0.044082447928841625,0.12358473875808965,0.1903751601539633,0.23467367224454175,0.2501669970398612,0.00016699703836109414,0.15311050415039062,
500,0.07570144461105591,60.15693476670247,12031.386953340494,0.005,3.167080244567426e-05,1.0065811074400438e-14,True,-4.499340932734392,-13.997151225152408,60.6264563128618,45.19399945483224,11.769534260586592,-17.61489893619682,-25.227607585447128,-10.051408325384442,12.37579013226945,22.408885706165425,11.557534384404274,-10.97003713990863,-25.376219145288648,-16.672039755848807,13.275694226620999,46.228275551583764,60.40693476670397,60.15693476670247,0.009986400604248047,
501,0.022069676832373285,3.349990683999624e-05,0.006699981367999248,0.005,3.0303476704761888e-05,1.0970062456585917e-14,True,-4.518507542221322,-13.959790899820602,0.499629862408942,0.4090032040529077,0.2583415020717307,0.10512038390233758,-0.022127751186974572,-0.10848605355741243,-0.14857752277953418,-0.14431277087538247,-0.10305794596786506,-0.03588677941633254,0.044138859492675805,0.12362201083528504,0.19034612181588137,0.2345716053591877,0.2500334999083401,3.3499906839984384e-05,0.0057451725006103516,
502,21.72526675195212,294.4946188881473,58898.923777629454,0.005,nan,nan,False,nan,nan,294.84698574941206,219.6513282698715,56.610711177969506,-86.64219593148444,-123.41407741930013,-48.7834794512879,61.163730494312034,110.26354891765297,56.98068858021283,-53.56337920634433,-124.39973430208579,-82.09855606253714,64.24890106125397,225.39405437262005,294.74461888814875,294.4946188881473,0.09709978103637695,
503,5.500931410015977,0.008470535013910747,1.6941070027821494,0.005,0.0012879151442360794,1.0627598938846401e-13,True,-2.890112750022816,-12.973564843227926,0.5080626795081703,0.4152843218911102,0.2599559525401336,0.10263514244286484,-0.025662832179745007,-0.1098805533156735,-0.14682097403160466,-0.1411496736526112,-0.10142254213573829,-0.03742029940347961,0.04057364173038678,0.12126641097911,0.1921813483488913,0.24102224504851466,0.2584705350154109,0.008470535013910763,0.12827658653259277,
504,0.5039095650059254,1.1967336579446883,239.34673158893767,0.005,6.825742404613453e-05,1.483438128262028e-14,True,-4.165850105504476,-13.828730562670188,1.6957317426646497,1.2999103312890987,0.48733345317348076,-0.24738364263902057,-0.5235399094912122,-0.30628042799306987,0.10056949836854487,0.30433760195608595,0.12890600813748843,-0.253399636442981,-0.4615478664040835,-0.21049378747354852,0.45065271699025516,1.1495235331037332,1.4467336579461885,1.1967336579446883,0.018291950225830078,
505,0.8783763551781335,0.0006546915992486356,0.13093831984972712,0.005,0.0001051528959164909,1.8560923371447343e-14,True,-3.9781787623192333,-13.731400422236268,0.5002507435430328,0.4094656625078762,0.2584603688544393,0.10493740358654392,-0.022388027802732677,-0.10858872607849412,-0.14844819375865453,-0.14407988222526655,-0.10293753645654288,-0.035999687548640774,0.043876364003744436,0.12344857561275425,0.1904812436284051,0.23504654516148546,0.25065469160074877,0.0006546915992486357,0.02116107940673828,
506,9.985021527101972,15.207844473823965,3041.5688947647927,0.005,nan,nan,False,nan,nan,15.699837849596618,11.730759197248839,3.1683990327850737,-4.374543604757462,-6.39413436645934,-2.622080990365742,3.0176130863594044,5.557190665528962,2.8447681599304455,-2.8000665882346683,-6.382189479985767,-4.122362139790569,3.4983539532568475,11.861891844185505,15.457844473825464,15.207844473823965,0.13375592231750488,
507,11.982297390127181,0.05377079985958387,10.754159971916774,0.005,nan,nan,False,nan,nan,0.5533402969581693,0.44900900099775476,0.268624286009267,0.08929134395313099,-0.0446434460080789,-0.11736792388777308,-0.1373896841903598,-0.12416632107605649,-0.09264170552847033,-0.045654099628593785,0.021431217073549724,0.10861868627476098,0.20203507622155162,0.27565712360977934,0.303770799861084,0.053770799859583884,0.14620518684387207,
508,0.012675284561550537,0.1868014703787483,37.360294075749664,0.005,3.0189972133342516e-05,1.0131155350229606e-14,True,-4.520137287849415,-13.994341025161143,0.6863044601789263,0.5480463176643283,0.29408008008930264,0.05010538187521915,-0.1003827180200782,-0.13935565245901138,-0.10969336021265948,-0.07429229078905143,-0.0668555299826191,-0.06983382503636718,-0.03478323544978586,0.07147684386625996,0.2309719495594696,0.377367370427353,0.43680147038024847,0.18680147037874834,0.0056934356689453125,
509,0.04345195498465123,0.0010406894382711137,0.20813788765422273,0.005,3.064724875391551e-05,9.90122780291605e-15,True,-4.513608506614505,-14.00431094732483,0.5006365484064553,0.4097530262418685,0.2585342306298265,0.10482370276384595,-0.02254975921746097,-0.10865252501809496,-0.14836783092831973,-0.1439351692215735,-0.1028627160561156,-0.03606984672110178,0.043713253819369975,0.12334080594692422,0.19056520599988613,0.2353416645901466,0.25104068943977126,0.0010406894382711251,0.005983114242553711,
510,47.43499070569981,9.480999977092214,1896.1999954184428,0.005,nan,nan,False,nan,nan,9.975856429134355,7.467296420510148,2.0725511830503973,-2.687625013734502,-3.994611444955561,-1.6755300794185752,1.825312544443825,3.4101608507929626,1.734697700688168,-1.759152287467888,-3.962210487068679,-2.5234409664588933,2.2526489351497183,7.48336195348231,9.730999977093713,9.480999977092214,0.11178851127624512,
511,1.8913603636856458,2.7274709456495017e-05,0.005454941891299003,0.005,0.00023446451395737984,2.895239366712528e-14,True,-3.6299228781458597,-13.53831552473621,0.4996236403237811,0.408998569581457,0.2583403108626502,0.10512221761743235,-0.022125142856362294,-0.10848502463716543,-0.14857881883466859,-0.1443151047408109,-0.10305915263721366,-0.03588564792114609,0.04414149005945712,0.12362374889538259,0.19034476770898642,0.23456684580742498,0.25002727471095665,2.727470945651511e-05,0.014600038528442383,
512,0.19213855819315814,371.61718772862235,74323.43754572448,0.005,3.9158348089772684e-05,1.1198037371264164e-14,True,-4.407175637365027,-13.950858087465546,371.93099796471336,277.06675166498565,71.36833228643172,-109.35967939706339,-155.72809813412547,-61.53054073996055,77.2202657599189,139.17728226313264,71.92984346988162,-67.58121832590395,-156.9892339087649,-103.63099130346934,81.0246265185664,284.3590695932267,371.86718772862383,371.61718772862235,0.014424324035644531,
